customer_id,age,monthly_income,credit_utilization,payment_delay_days,loan_count,debt_to_income,account_tenure_months,monthly_transactions,savings_balance,high_credit_risk
CUST-000001,25,8364.8,0.2235,6,2,0.5673,91,28,32178.3,1
CUST-000002,62,3701.77,0.7711,2,0,0.2103,54,38,27041.44,0
CUST-000003,56,1800.0,0.2142,3,4,0.802,133,41,76532.03,1
CUST-000004,44,2347.91,0.7036,4,4,0.67,121,34,4799.37,1
CUST-000005,44,9859.06,0.4496,2,1,0.3415,6,33,5077.3,1
CUST-000006,67,4340.95,0.7927,3,3,0.8786,67,30,2574.97,1
CUST-000007,25,3709.26,0.31,0,0,0.136,145,36,7276.81,0
CUST-000008,58,10890.12,0.3691,0,0,0.2893,90,34,2952.68,0
CUST-000009,31,9188.76,0.7133,3,4,0.5783,22,29,29643.35,1
CUST-000010,26,5257.53,0.4106,5,1,0.4058,67,34,11005.52,1
CUST-000011,49,4556.83,0.5658,6,5,0.5462,69,28,6714.47,1
CUST-000012,73,4899.89,0.7552,3,1,0.5169,51,38,3388.76,1
CUST-000013,60,5759.68,0.8244,3,3,0.95,45,37,2857.94,1
CUST-000014,62,10683.28,0.5603,2,2,0.6714,174,45,5647.68,1
CUST-000015,59,6288.79,0.1583,5,0,0.3415,135,22,38896.2,0
CUST-000016,63,7209.3,0.3141,4,0,0.1735,4,37,25350.86,0
CUST-000017,48,8800.69,0.0623,1,0,0.3689,159,34,17877.83,0
CUST-000018,27,3071.93,0.3981,3,4,0.3376,60,32,1275.65,1
CUST-000019,66,7303.45,0.8785,0,5,0.8987,47,30,8276.83,1
CUST-000020,45,4554.44,0.6821,2,1,0.5295,120,26,7231.55,1
CUST-000021,48,1800.0,0.6783,2,1,0.622,169,38,4820.16,1
CUST-000022,41,1995.67,0.2384,4,5,0.4262,84,20,9486.77,1
CUST-000023,30,3288.74,0.5534,3,2,0.2506,167,34,4007.35,0
CUST-000024,71,6604.22,0.4275,1,1,0.42,90,29,5558.75,1
CUST-000025,63,5473.23,0.2431,1,3,0.766,91,33,4133.67,1
CUST-000026,55,5649.82,0.7468,1,2,0.3699,106,38,5080.13,1
CUST-000027,42,12510.69,0.1716,0,1,0.5272,170,45,463.15,0
CUST-000028,65,2937.53,0.1858,3,5,0.3001,137,30,9647.48,0
CUST-000029,50,5136.2,0.4752,6,4,0.6517,118,28,15845.18,1
CUST-000030,44,5963.48,0.2777,5,1,0.4393,21,32,4375.99,1
CUST-000031,45,3733.46,0.2488,2,3,0.4274,39,33,24690.63,1
CUST-000032,33,5266.71,0.2683,2,5,0.4082,13,41,4122.0,1
CUST-000033,25,2531.17,0.5721,1,2,0.2884,74,37,3003.12,1
CUST-000034,50,9807.2,0.7964,1,0,0.1279,62,35,23202.4,0
CUST-000035,68,3826.43,0.4607,1,2,0.279,7,34,5603.07,1
CUST-000036,24,12971.94,0.4574,3,2,0.749,83,37,11120.11,1
CUST-000037,67,5124.56,0.4152,3,1,0.3415,42,27,2415.29,0
CUST-000038,65,8258.83,0.401,2,5,0.7705,147,29,7810.26,0
CUST-000039,35,5076.76,0.5848,2,0,0.2959,79,39,6739.93,1
CUST-000040,55,5128.55,0.1139,2,0,0.1423,5,30,6400.3,0
CUST-000041,29,3998.2,0.3318,2,0,0.1519,130,30,6508.45,0
CUST-000042,61,5486.36,0.1778,1,0,0.4186,114,30,10642.66,0
CUST-000043,58,5999.99,0.375,1,1,0.393,133,42,9998.93,1
CUST-000044,40,3653.71,0.4563,2,1,0.4774,62,52,14334.3,1
CUST-000045,24,4915.48,0.4197,3,4,0.3283,170,41,1508.93,1
CUST-000046,73,3951.57,0.7483,1,1,0.6617,82,28,34719.89,1
CUST-000047,45,14636.34,0.596,1,1,0.413,111,30,7388.48,0
CUST-000048,69,4994.21,0.0653,3,2,0.4166,103,34,5634.48,0
CUST-000049,57,10422.98,0.469,1,0,0.2517,104,34,12262.35,0
CUST-000050,63,4761.81,0.6731,4,4,0.2963,41,36,7641.96,1
CUST-000051,62,5843.55,0.5278,4,4,0.4807,85,35,9996.3,1
CUST-000052,31,2869.23,0.7016,0,0,0.3331,39,34,6420.49,1
CUST-000053,40,4252.37,0.4986,5,3,0.3055,44,36,15057.67,1
CUST-000054,46,5716.74,0.6444,1,3,0.4486,139,26,2115.75,1
CUST-000055,47,10615.98,0.4639,2,5,0.4232,141,27,11160.23,1
CUST-000056,23,5746.27,0.4376,1,4,0.4907,150,33,5689.59,1
CUST-000057,50,9692.31,0.4816,0,5,0.7607,108,22,1752.62,1
CUST-000058,29,6937.81,0.2857,3,4,0.95,49,33,24320.76,1
CUST-000059,61,10815.6,0.2284,2,3,0.464,22,34,6412.38,1
CUST-000060,57,5063.66,0.446,4,5,0.6304,114,37,22408.91,1
CUST-000061,70,15245.11,0.2902,3,3,0.6936,158,40,17313.48,1
CUST-000062,61,4179.66,0.625,4,4,0.5501,94,28,4625.71,1
CUST-000063,40,3683.09,0.7543,3,2,0.4802,52,22,25696.67,1
CUST-000064,73,3016.61,0.1976,3,0,0.4475,108,39,7289.51,0
CUST-000065,43,14844.36,0.0836,1,3,0.7008,32,28,4917.72,1
CUST-000066,38,7518.83,0.1833,4,1,0.3116,155,27,3685.52,0
CUST-000067,69,4474.1,0.3327,5,3,0.9358,71,36,4377.03,1
CUST-000068,41,9122.27,0.6982,1,4,0.3877,108,28,12560.72,1
CUST-000069,25,7085.99,0.6421,1,5,0.4683,122,29,4637.74,0
CUST-000070,46,12596.46,0.1688,3,1,0.5602,155,34,13233.28,0
CUST-000071,63,2591.23,0.5326,4,5,0.7747,63,29,5674.42,1
CUST-000072,31,4614.7,0.3095,0,1,0.5466,86,34,21175.65,0
CUST-000073,45,4222.91,0.3322,2,4,0.4271,68,39,6366.05,1
CUST-000074,28,2139.35,0.3021,2,5,0.3138,14,23,7602.64,1
CUST-000075,58,8379.65,0.4144,3,3,0.4584,57,34,7949.79,1
CUST-000076,46,4604.25,0.4885,1,2,0.6305,31,35,10615.81,1
CUST-000077,38,7253.56,0.3924,7,3,0.7468,135,27,9302.98,1
CUST-000078,33,15037.63,0.3289,4,2,0.614,117,28,3803.45,1
CUST-000079,51,4435.76,0.8415,2,0,0.3321,22,38,49938.89,1
CUST-000080,57,4302.26,0.7075,3,2,0.4313,70,21,16211.17,1
CUST-000081,71,5485.22,0.6387,2,0,0.1866,6,42,20709.23,0
CUST-000082,44,8108.56,0.6406,3,1,0.5723,86,31,25959.38,0
CUST-000083,29,4029.48,0.3895,3,5,0.7482,45,28,7432.39,1
CUST-000084,65,3914.65,0.3055,2,0,0.5283,134,41,18930.15,0
CUST-000085,55,8367.82,0.7147,2,0,0.3078,168,32,30337.91,1
CUST-000086,58,6165.98,0.5912,1,5,0.5458,113,30,32478.68,1
CUST-000087,26,2072.03,0.0973,1,4,0.4465,27,42,20901.67,1
CUST-000088,37,2995.86,0.2141,1,1,0.5149,132,41,7382.82,1
CUST-000089,62,10218.65,0.7067,2,0,0.1627,94,43,30305.04,0
CUST-000090,65,6230.93,0.3215,3,3,0.1994,9,30,2849.03,1
CUST-000091,44,3690.16,0.6412,1,5,0.572,17,28,5059.02,1
CUST-000092,64,4816.15,0.377,1,0,0.1908,167,30,1127.36,0
CUST-000093,66,5231.07,0.5859,3,5,0.6324,135,30,7209.45,1
CUST-000094,41,7240.85,0.2815,0,0,0.7557,67,36,6190.73,1
CUST-000095,69,2821.98,0.5155,1,5,0.4104,3,33,5883.52,1
CUST-000096,36,3561.68,0.1254,3,0,0.3564,128,34,7394.09,1
CUST-000097,33,5879.6,0.5979,2,1,0.8045,83,31,3352.56,0
CUST-000098,57,4971.56,0.5522,4,0,0.3269,76,21,15800.21,1
CUST-000099,55,6726.1,0.6557,0,2,0.4348,7,44,7367.3,1
CUST-000100,28,2990.32,0.2095,2,3,0.2698,40,36,6713.06,1
CUST-000101,65,6106.58,0.5267,2,0,0.2829,46,33,2692.94,0
CUST-000102,31,8498.34,0.3662,1,0,0.6114,100,42,3590.92,0
CUST-000103,64,6473.57,0.2406,4,0,0.5379,113,32,3870.88,0
CUST-000104,21,5535.93,0.4864,3,2,0.3792,18,29,13782.89,0
CUST-000105,64,4980.4,0.231,1,3,0.5162,171,37,108036.6,0
CUST-000106,63,3571.46,0.3875,4,3,0.4821,11,33,11173.57,1
CUST-000107,63,5034.22,0.0682,4,5,0.6617,122,42,18202.16,1
CUST-000108,56,9166.23,0.6224,2,2,0.5343,52,38,19445.45,0
CUST-000109,46,4928.8,0.3716,1,3,0.552,178,39,2080.51,1
CUST-000110,59,3484.23,0.3309,2,0,0.2232,78,37,25341.43,1
CUST-000111,35,4166.8,0.4697,0,2,0.2879,108,42,11292.58,1
CUST-000112,63,5691.88,0.6216,4,1,0.4616,46,32,23581.74,1
CUST-000113,51,4395.48,0.1482,4,1,0.7597,62,25,3572.68,0
CUST-000114,45,6469.15,0.5312,0,0,0.3007,178,40,11510.62,1
CUST-000115,48,6579.37,0.2277,2,0,0.3827,152,35,16800.59,0
CUST-000116,51,7757.82,0.4486,1,1,0.2777,7,40,8308.25,1
CUST-000117,23,9867.64,0.2564,2,0,0.737,122,35,3186.88,1
CUST-000118,28,8140.04,0.1125,2,2,0.5923,156,22,1871.56,0
CUST-000119,34,3415.25,0.239,1,0,0.4966,117,47,16991.11,0
CUST-000120,27,3462.77,0.2395,1,2,0.6325,77,32,15123.61,0
CUST-000121,44,5025.68,0.5226,2,4,0.443,77,26,4820.97,1
CUST-000122,57,4244.52,0.2831,2,1,0.3937,136,37,18686.96,0
CUST-000123,56,3115.57,0.6106,0,0,0.4376,164,27,5433.85,1
CUST-000124,46,4262.68,0.355,0,1,0.6638,163,29,3692.04,1
CUST-000125,67,4200.18,0.305,2,2,0.7098,104,43,13135.26,1
CUST-000126,51,3843.28,0.6723,1,3,0.3849,107,30,1874.89,1
CUST-000127,25,4511.16,0.136,4,3,0.8968,131,35,10793.8,1
CUST-000128,62,8837.12,0.4259,1,0,0.3523,91,33,1952.14,0
CUST-000129,52,5687.76,0.2129,3,5,0.7227,11,39,3132.29,1
CUST-000130,55,15815.22,0.4237,2,2,0.3454,114,31,6335.05,0
CUST-000131,51,5614.7,0.6046,1,1,0.4647,145,37,16854.27,0
CUST-000132,50,4563.68,0.427,1,5,0.5484,175,27,1421.06,1
CUST-000133,25,5209.68,0.3751,6,1,0.5826,53,42,17293.01,1
CUST-000134,51,5836.2,0.129,2,4,0.6956,17,40,26023.77,0
CUST-000135,63,6325.08,0.4029,5,5,0.5591,107,34,11150.44,1
CUST-000136,37,13239.15,0.6171,3,1,0.3379,103,43,7643.22,1
CUST-000137,53,3554.68,0.3468,3,2,0.4474,127,27,8759.04,0
CUST-000138,22,7654.01,0.3909,2,3,0.3238,88,31,2460.72,0
CUST-000139,39,5709.59,0.3767,3,4,0.3343,122,41,8555.08,0
CUST-000140,44,2564.25,0.6776,0,5,0.4547,148,34,11839.2,1
CUST-000141,74,7355.68,0.1234,3,3,0.2875,43,45,244170.12,0
CUST-000142,32,9198.95,0.5731,5,4,0.363,21,41,28493.1,1
CUST-000143,35,3535.76,0.7287,3,5,0.7965,141,43,7724.83,1
CUST-000144,43,5179.14,0.8571,5,3,0.5109,116,43,3641.96,1
CUST-000145,74,2392.29,0.473,2,4,0.5243,30,31,12175.81,1
CUST-000146,67,2951.15,0.2558,2,3,0.2128,56,35,8513.6,0
CUST-000147,22,8333.4,0.6247,2,3,0.2647,100,37,12449.98,1
CUST-000148,33,4215.51,0.3653,2,5,0.4098,137,36,3516.28,0
CUST-000149,65,3157.24,0.0359,2,2,0.9299,97,30,2003.73,1
CUST-000150,24,5765.64,0.445,2,1,0.1266,14,42,12708.98,0
CUST-000151,67,4110.62,0.3709,3,4,0.6783,140,33,5775.15,1
CUST-000152,36,4207.16,0.8011,3,3,0.2763,151,34,8823.14,0
CUST-000153,70,7252.57,0.1981,3,3,0.5987,10,36,3380.8,1
CUST-000154,36,3082.92,0.2461,3,2,0.3273,3,33,23991.7,0
CUST-000155,44,3459.92,0.8381,5,4,0.7245,26,44,2819.4,1
CUST-000156,56,5573.34,0.3615,1,2,0.867,159,48,19106.37,0
CUST-000157,27,8043.73,0.5481,3,3,0.3764,168,29,8453.15,1
CUST-000158,51,9077.79,0.7013,5,0,0.5345,88,34,7234.06,1
CUST-000159,48,3855.04,0.2365,2,5,0.6228,78,28,10407.78,1
CUST-000160,63,7928.61,0.4573,2,4,0.4098,166,32,7374.68,0
CUST-000161,74,3653.9,0.4272,1,2,0.4219,46,29,6767.38,1
CUST-000162,56,11827.8,0.4206,0,1,0.7945,4,30,8685.22,1
CUST-000163,43,3121.96,0.5918,1,5,0.525,153,22,5711.63,1
CUST-000164,42,9454.34,0.401,0,3,0.2554,166,35,11805.57,0
CUST-000165,43,3869.94,0.6123,6,2,0.353,146,34,28603.7,1
CUST-000166,64,12866.4,0.4884,3,5,0.8616,99,37,87345.87,1
CUST-000167,38,6785.26,0.3851,5,5,0.3333,179,35,22115.39,1
CUST-000168,30,3291.85,0.2841,3,1,0.549,14,27,16490.22,1
CUST-000169,39,4110.94,0.3944,3,4,0.5115,159,30,1383.01,0
CUST-000170,22,7390.46,0.3911,5,1,0.4998,177,38,7823.15,1
CUST-000171,26,8350.73,0.3671,2,0,0.3152,98,27,4872.54,1
CUST-000172,25,5037.13,0.5193,1,2,0.3347,52,41,2263.55,1
CUST-000173,62,5305.56,0.4599,2,1,0.7264,39,28,22714.46,1
CUST-000174,60,7314.93,0.3953,1,3,0.2229,35,36,2022.29,0
CUST-000175,58,5517.74,0.2444,0,2,0.4357,21,28,4290.79,0
CUST-000176,45,2905.43,0.4122,3,1,0.4023,14,29,1864.12,1
CUST-000177,59,3606.8,0.6626,2,2,0.2656,97,35,7927.74,1
CUST-000178,29,5780.34,0.473,2,4,0.5431,94,35,25035.79,1
CUST-000179,69,8985.62,0.6052,2,3,0.3653,22,34,2991.59,1
CUST-000180,48,10760.16,0.8694,1,3,0.7538,122,33,5573.13,1
CUST-000181,71,7384.97,0.3729,0,0,0.3641,97,36,18506.81,0
CUST-000182,29,5917.65,0.4979,2,0,0.3406,56,31,27920.11,0
CUST-000183,47,7283.6,0.3202,3,3,0.7092,161,37,9132.79,1
CUST-000184,58,3852.11,0.8185,4,3,0.8043,125,32,2948.05,1
CUST-000185,47,4853.52,0.8209,6,3,0.6064,70,38,6745.08,1
CUST-000186,45,3588.74,0.3419,2,2,0.1938,152,28,6130.6,0
CUST-000187,29,2964.55,0.2487,1,0,0.2706,176,29,5212.61,0
CUST-000188,41,6042.12,0.3774,2,2,0.3245,83,30,2740.05,1
CUST-000189,33,5652.74,0.4437,1,3,0.4113,112,35,17151.78,1
CUST-000190,37,7085.87,0.3388,3,5,0.4311,173,38,6583.74,1
CUST-000191,57,6648.62,0.472,3,3,0.5909,83,33,1743.83,1
CUST-000192,55,5799.95,0.3536,3,2,0.4103,21,32,15090.55,0
CUST-000193,53,6680.12,0.4062,4,2,0.3302,75,24,40526.65,0
CUST-000194,40,5101.07,0.5653,5,0,0.6304,132,34,11540.45,0
CUST-000195,72,6261.75,0.546,3,1,0.1743,176,42,3574.42,0
CUST-000196,25,3750.52,0.5345,3,2,0.671,133,25,60205.25,1
CUST-000197,39,6141.24,0.8001,1,3,0.3294,173,44,8770.42,1
CUST-000198,27,7024.8,0.3151,0,3,0.4576,101,31,17988.46,1
CUST-000199,39,3847.03,0.4036,1,1,0.3464,133,36,6324.15,1
CUST-000200,72,5322.71,0.186,2,3,0.3537,27,33,4995.66,1
CUST-000201,40,3927.64,0.4029,2,1,0.188,153,39,17339.81,0
CUST-000202,70,4103.05,0.3172,2,0,0.209,99,30,3759.43,0
CUST-000203,47,3134.41,0.2083,1,1,0.1923,7,39,6079.34,0
CUST-000204,58,9191.3,0.5395,5,1,0.5146,32,31,8074.49,0
CUST-000205,45,8399.88,0.4326,2,3,0.2112,132,38,28164.9,1
CUST-000206,35,6622.7,0.9385,1,4,0.3206,18,33,2532.59,1
CUST-000207,62,12630.91,0.752,6,1,0.3117,115,37,23373.3,0
CUST-000208,73,4775.5,0.1265,5,0,0.5548,98,32,18031.32,0
CUST-000209,35,20347.37,0.5096,1,0,0.7485,84,43,15243.16,0
CUST-000210,63,4693.93,0.3535,3,1,0.4749,110,34,16865.4,1
CUST-000211,35,5832.79,0.1115,3,0,0.3655,121,28,3252.76,0
CUST-000212,59,4347.75,0.2612,3,5,0.3802,145,33,2541.91,1
CUST-000213,63,6148.48,0.352,5,1,0.5084,98,33,1752.78,1
CUST-000214,45,7573.73,0.7969,0,3,0.4771,39,34,6319.01,1
CUST-000215,60,4940.15,0.3568,2,4,0.2091,158,33,11805.72,0
CUST-000216,35,11567.3,0.3552,2,1,0.1823,167,32,3684.43,0
CUST-000217,25,5790.83,0.2238,5,0,0.7381,36,39,15002.59,1
CUST-000218,26,5873.07,0.7922,1,1,0.5638,104,31,7695.35,1
CUST-000219,45,3454.26,0.134,1,5,0.2277,87,39,8930.57,0
CUST-000220,69,6277.57,0.4711,1,2,0.6007,117,27,15482.9,1
CUST-000221,27,4895.65,0.3928,1,0,0.3699,13,39,8989.73,1
CUST-000222,45,3954.88,0.4281,1,3,0.5254,32,39,3064.13,1
CUST-000223,59,3666.53,0.2335,6,2,0.4704,31,34,36269.13,1
CUST-000224,31,17304.25,0.5977,3,1,0.3852,144,30,14537.69,1
CUST-000225,59,4618.61,0.262,1,0,0.3393,112,41,3264.52,0
CUST-000226,37,2699.36,0.2845,1,4,0.3974,119,29,7343.26,0
CUST-000227,64,3797.94,0.5465,1,1,0.5927,58,28,10387.48,1
CUST-000228,52,5080.72,0.4381,4,0,0.2204,35,29,3039.34,1
CUST-000229,50,6650.28,0.5422,4,4,0.632,20,41,17983.42,0
CUST-000230,30,6674.65,0.4412,2,1,0.1633,91,32,3254.31,1
CUST-000231,46,7050.76,0.071,1,5,0.5008,136,32,41162.8,1
CUST-000232,67,3890.24,0.2656,2,3,0.2804,71,38,20701.28,0
CUST-000233,22,6060.89,0.1673,2,3,0.5589,175,34,4834.6,0
CUST-000234,61,3505.85,0.6217,0,4,0.625,179,34,3417.13,0
CUST-000235,47,3934.64,0.0352,0,1,0.1252,15,33,10134.8,0
CUST-000236,59,3440.75,0.468,0,4,0.8373,177,35,2534.32,1
CUST-000237,56,3046.17,0.0681,2,1,0.5578,138,38,7632.49,0
CUST-000238,44,8394.3,0.232,3,1,0.4894,107,29,8754.62,0
CUST-000239,37,7088.93,0.2054,1,3,0.3703,37,39,12507.33,0
CUST-000240,54,8070.04,0.471,3,2,0.4045,71,35,21570.19,1
CUST-000241,28,5292.81,0.3876,2,5,0.4912,149,36,19110.28,1
CUST-000242,52,7375.93,0.7601,3,0,0.3885,87,33,21261.54,0
CUST-000243,26,2353.91,0.22,2,0,0.5408,163,38,12528.62,0
CUST-000244,56,7667.94,0.378,6,0,0.2745,49,26,10299.64,0
CUST-000245,54,5631.43,0.1605,2,5,0.6475,57,36,4924.37,1
CUST-000246,25,6895.42,0.7892,2,2,0.6038,139,39,1512.88,0
CUST-000247,61,6169.82,0.5905,3,5,0.5502,24,36,10143.89,1
CUST-000248,43,3335.04,0.6577,0,3,0.6429,92,29,2988.33,1
CUST-000249,63,2649.95,0.3183,3,5,0.2437,62,38,9910.25,1
CUST-000250,23,3774.37,0.4151,8,4,0.5366,101,38,1171.31,1
CUST-000251,30,6705.12,0.7042,1,0,0.1668,32,34,2991.9,1
CUST-000252,47,7093.65,0.803,1,5,0.2537,11,37,4507.12,1
CUST-000253,31,2809.72,0.6043,5,3,0.4633,139,31,154075.02,1
CUST-000254,38,3343.99,0.9221,3,3,0.6729,18,21,4568.34,1
CUST-000255,56,3755.43,0.6238,1,1,0.3434,71,34,6025.56,0
CUST-000256,28,4427.66,0.3128,2,4,0.8084,40,33,9417.47,1
CUST-000257,57,2817.18,0.3127,3,0,0.1805,126,35,18167.81,1
CUST-000258,26,2742.13,0.2053,1,0,0.4893,80,26,4645.12,0
CUST-000259,30,3592.44,0.3856,3,1,0.1826,179,39,1537.23,0
CUST-000260,52,5405.8,0.3744,4,4,0.4099,80,30,2199.37,1
CUST-000261,63,3056.87,0.2855,1,4,0.4179,49,33,6596.48,1
CUST-000262,30,4935.96,0.441,4,1,0.4512,153,38,35164.24,1
CUST-000263,37,8372.96,0.4546,2,3,0.2707,148,39,3601.95,0
CUST-000264,70,2894.63,0.3899,1,2,0.3268,140,38,17937.65,0
CUST-000265,74,4738.68,0.2543,2,3,0.6642,83,39,5659.2,1
CUST-000266,52,8246.58,0.5906,1,0,0.4999,115,36,7490.56,1
CUST-000267,45,4307.85,0.0982,1,2,0.2795,51,34,3158.06,0
CUST-000268,39,4016.89,0.8459,1,2,0.5831,8,30,12579.78,1
CUST-000269,54,8777.85,0.4796,2,0,0.3961,18,36,14980.94,1
CUST-000270,52,4530.66,0.2309,2,3,0.6613,100,29,1963.03,1
CUST-000271,36,8547.86,0.2166,1,2,0.3621,45,23,4221.05,0
CUST-000272,22,6307.21,0.2507,2,1,0.5976,177,36,8019.41,0
CUST-000273,29,4456.57,0.451,3,4,0.3614,14,27,14269.79,1
CUST-000274,72,6452.83,0.3747,4,4,0.6679,91,40,75904.62,1
CUST-000275,43,6006.61,0.4162,2,1,0.2498,102,23,4936.0,0
CUST-000276,47,8232.22,0.1296,4,5,0.3588,100,42,799.11,0
CUST-000277,46,4062.92,0.5343,0,0,0.142,92,33,5285.38,0
CUST-000278,63,5297.32,0.677,4,3,0.503,11,25,12243.52,1
CUST-000279,24,5058.03,0.5717,4,4,0.2167,120,34,13787.3,1
CUST-000280,25,7138.66,0.6821,3,1,0.2257,49,24,7436.01,1
CUST-000281,35,3278.31,0.2166,1,2,0.4282,49,27,3392.93,1
CUST-000282,47,8217.77,0.1416,1,4,0.6877,110,30,12484.56,1
CUST-000283,57,6414.15,0.6651,2,2,0.9013,141,36,9767.77,1
CUST-000284,47,2874.97,0.7016,3,1,0.2765,156,31,11123.06,0
CUST-000285,44,8956.48,0.4862,3,3,0.6067,154,32,4628.94,0
CUST-000286,71,14210.78,0.6088,1,0,0.5358,137,34,19227.49,0
CUST-000287,29,8161.96,0.3384,3,3,0.3812,78,35,10651.76,1
CUST-000288,51,9882.86,0.1122,1,1,0.3114,151,32,8168.2,0
CUST-000289,50,5403.66,0.2466,3,1,0.1426,163,35,22884.61,0
CUST-000290,46,2462.02,0.2956,1,2,0.3474,143,45,6526.89,0
CUST-000291,64,2267.79,0.4136,1,4,0.423,3,33,19941.64,0
CUST-000292,35,5832.5,0.4866,2,1,0.4079,113,43,5344.42,1
CUST-000293,72,3983.93,0.2015,2,4,0.7709,164,35,3213.84,1
CUST-000294,38,3445.6,0.6681,4,2,0.1959,97,25,8834.85,1
CUST-000295,50,5055.23,0.3643,5,5,0.5332,17,35,1412.41,1
CUST-000296,49,6859.76,0.2601,2,2,0.4351,66,28,12253.96,0
CUST-000297,66,2704.5,0.2407,3,2,0.5706,126,32,22717.65,1
CUST-000298,44,4248.92,0.1196,5,4,0.5534,146,37,79024.33,0
CUST-000299,36,10258.44,0.6204,1,0,0.6333,112,27,22569.05,0
CUST-000300,22,3205.21,0.1599,4,5,0.8224,79,36,45628.18,1
CUST-000301,40,7691.0,0.3497,2,1,0.4229,94,38,11773.33,0
CUST-000302,65,4180.91,0.5984,2,4,0.645,98,34,31629.49,1
CUST-000303,21,6647.67,0.1045,2,2,0.295,178,26,10668.31,0
CUST-000304,69,8520.34,0.3395,1,1,0.2271,179,29,32250.37,1
CUST-000305,50,7258.95,0.3846,4,0,0.0853,82,43,1287.1,0
CUST-000306,28,7828.57,0.3284,3,4,0.5634,53,39,3300.54,1
CUST-000307,37,3097.02,0.5628,5,0,0.3668,43,27,6437.02,1
CUST-000308,50,8583.19,0.2491,3,3,0.7138,78,28,19906.38,0
CUST-000309,38,3542.9,0.3416,3,3,0.5711,31,43,17260.53,1
CUST-000310,26,5844.22,0.6338,2,1,0.5573,17,45,3859.57,1
CUST-000311,56,5840.81,0.5544,1,4,0.6074,59,36,2512.85,1
CUST-000312,57,6468.63,0.3329,3,2,0.1803,62,44,7990.96,1
CUST-000313,27,6051.4,0.5001,3,4,0.3635,135,38,5890.36,1
CUST-000314,36,3557.09,0.1528,5,2,0.3167,161,26,6245.87,0
CUST-000315,34,2832.67,0.3981,6,4,0.7059,61,33,7012.82,1
CUST-000316,56,7699.96,0.4227,7,2,0.5513,50,33,7298.54,0
CUST-000317,60,5653.55,0.8986,1,2,0.3431,71,31,21494.19,1
CUST-000318,60,8722.26,0.1276,4,5,0.7038,151,34,20175.06,0
CUST-000319,71,5096.37,0.6489,3,0,0.6144,59,31,6058.6,1
CUST-000320,62,2763.05,0.531,2,2,0.2931,98,31,6347.22,0
CUST-000321,38,8031.87,0.0906,7,0,0.5403,84,42,18416.48,0
CUST-000322,26,4401.7,0.4029,0,0,0.5457,98,26,11502.97,1
CUST-000323,54,6065.16,0.6745,2,0,0.5224,91,35,20774.47,1
CUST-000324,70,3885.7,0.4283,1,4,0.6683,176,28,14135.3,1
CUST-000325,73,10898.16,0.6809,2,4,0.3362,27,35,8753.5,1
CUST-000326,33,3505.05,0.4833,1,4,0.5299,85,37,10810.47,1
CUST-000327,33,4467.44,0.3658,3,5,0.8623,118,36,1635.97,1
CUST-000328,23,5457.61,0.0506,3,3,0.3537,56,33,5116.45,1
CUST-000329,28,3180.94,0.5609,1,1,0.3165,90,48,33888.4,0
CUST-000330,50,6033.89,0.5037,1,2,0.7404,117,40,22985.01,1
CUST-000331,50,10740.46,0.7759,2,3,0.5685,144,35,7161.67,1
CUST-000332,41,4170.14,0.7212,2,4,0.7868,91,31,3312.4,1
CUST-000333,37,6211.94,0.2926,1,2,0.5843,129,27,16270.94,1
CUST-000334,65,1800.0,0.5668,6,0,0.5313,87,33,1577.16,1
CUST-000335,45,5109.7,0.3976,2,5,0.7509,79,30,13852.02,1
CUST-000336,64,4516.74,0.293,2,3,0.436,160,34,9412.74,1
CUST-000337,73,3597.84,0.4205,2,0,0.6228,69,31,7037.35,0
CUST-000338,38,8459.68,0.4304,2,5,0.8706,133,34,23300.14,1
CUST-000339,31,4489.98,0.2731,1,2,0.7137,41,32,20303.65,1
CUST-000340,72,4800.85,0.5305,0,4,0.4746,76,37,18022.4,1
CUST-000341,55,4388.21,0.4488,2,4,0.554,32,34,36565.43,1
CUST-000342,36,2194.8,0.7215,3,1,0.5397,35,29,5464.46,1
CUST-000343,54,3124.47,0.4076,4,5,0.2474,58,27,5560.81,0
CUST-000344,48,8013.68,0.1681,2,5,0.6136,15,32,9555.49,1
CUST-000345,69,2012.1,0.509,4,5,0.6665,113,30,45675.17,1
CUST-000346,34,3683.33,0.4998,3,1,0.4307,46,32,2049.06,1
CUST-000347,74,4343.95,0.287,3,0,0.3354,116,34,5589.29,0
CUST-000348,71,11396.3,0.3987,2,3,0.4887,175,28,5159.94,0
CUST-000349,30,7348.75,0.1833,0,1,0.3968,167,38,14061.68,0
CUST-000350,29,4046.82,0.331,3,3,0.5633,23,23,3213.53,0
CUST-000351,49,9352.93,0.2791,2,4,0.2616,111,31,9558.97,0
CUST-000352,23,3726.34,0.3355,1,0,0.0758,179,32,42024.2,0
CUST-000353,37,8188.69,0.5189,0,4,0.447,126,37,2959.01,1
CUST-000354,44,2821.2,0.7607,4,0,0.7864,115,41,4141.02,0
CUST-000355,73,8428.55,0.1593,1,3,0.4477,144,34,10087.0,0
CUST-000356,74,4331.43,0.0321,2,3,0.7601,89,31,20532.8,1
CUST-000357,29,3273.41,0.424,1,0,0.3553,127,30,10673.66,1
CUST-000358,69,4715.92,0.2287,2,1,0.5235,153,27,21323.92,1
CUST-000359,25,5891.22,0.6887,0,3,0.4266,106,22,21053.99,1
CUST-000360,61,4162.11,0.6673,3,2,0.5291,56,43,3244.42,1
CUST-000361,66,6672.12,0.7824,0,2,0.534,138,31,7922.44,1
CUST-000362,69,4000.07,0.7349,4,4,0.3042,12,36,1480.84,1
CUST-000363,33,6874.55,0.1134,1,4,0.512,122,33,14470.35,0
CUST-000364,69,6344.95,0.4654,4,3,0.3607,34,32,61218.74,1
CUST-000365,27,5059.38,0.4208,3,4,0.4666,5,40,5292.44,1
CUST-000366,49,4263.27,0.6749,5,5,0.3193,144,37,6775.07,0
CUST-000367,46,5566.98,0.4054,1,1,0.3891,144,21,4779.85,0
CUST-000368,38,6661.02,0.4624,3,5,0.6616,105,45,34418.01,1
CUST-000369,22,13150.61,0.2224,2,2,0.5749,6,25,16058.72,0
CUST-000370,62,7935.91,0.6706,1,5,0.6307,86,32,6890.41,1
CUST-000371,39,8067.58,0.0357,4,3,0.5439,81,38,2616.67,1
CUST-000372,56,20873.68,0.3467,4,2,0.5638,137,34,6994.38,0
CUST-000373,43,6559.01,0.1985,3,0,0.3325,155,39,3458.26,0
CUST-000374,41,6467.23,0.4263,4,0,0.4392,88,35,8193.99,0
CUST-000375,68,7138.23,0.1581,2,3,0.3987,126,38,10248.84,0
CUST-000376,26,3302.32,0.1716,5,4,0.95,86,33,4148.56,1
CUST-000377,60,4258.44,0.2791,1,0,0.3381,165,32,6335.23,0
CUST-000378,61,4140.77,0.5164,3,5,0.6567,165,38,21807.02,1
CUST-000379,41,6959.34,0.4771,3,1,0.395,132,39,5095.35,0
CUST-000380,35,4807.99,0.4073,2,4,0.6333,104,28,37432.0,0
CUST-000381,21,5533.71,0.3386,1,4,0.3775,91,32,14392.17,0
CUST-000382,71,8482.57,0.6593,3,4,0.298,117,37,12324.8,1
CUST-000383,72,7668.16,0.3382,1,5,0.8518,66,32,13822.6,1
CUST-000384,34,4835.01,0.6461,1,4,0.554,115,27,1214.02,1
CUST-000385,22,3846.49,0.2664,0,0,0.1732,6,35,20966.4,0
CUST-000386,27,8667.08,0.5296,1,2,0.3857,51,32,25866.88,1
CUST-000387,24,7366.26,0.2554,7,3,0.4877,130,27,14742.5,1
CUST-000388,65,2524.0,0.6551,3,3,0.236,179,33,2583.16,0
CUST-000389,69,4516.51,0.5427,4,3,0.2967,36,45,13590.33,1
CUST-000390,29,5602.09,0.6307,1,1,0.1288,10,27,3553.81,1
CUST-000391,61,7382.65,0.2126,4,5,0.5158,65,37,17104.93,1
CUST-000392,30,7831.89,0.2759,3,4,0.7598,59,41,15624.48,1
CUST-000393,40,5908.64,0.2425,2,4,0.3413,179,35,6479.42,0
CUST-000394,53,6766.74,0.1281,5,2,0.1702,63,35,11300.48,1
CUST-000395,59,5352.27,0.1768,0,3,0.2062,166,28,11863.64,0
CUST-000396,68,3839.82,0.3945,0,1,0.5184,176,37,28520.14,0
CUST-000397,23,4623.21,0.2854,0,3,0.2889,4,37,13984.16,1
CUST-000398,31,5244.63,0.3588,1,1,0.3567,109,30,3772.52,0
CUST-000399,36,5119.48,0.2798,3,5,0.8253,51,27,1851.19,0
CUST-000400,37,2225.88,0.2858,1,3,0.4746,69,31,31253.53,1
CUST-000401,74,4348.33,0.4529,1,2,0.5177,78,27,2767.5,1
CUST-000402,62,5333.2,0.2415,5,3,0.3048,59,31,3190.31,0
CUST-000403,38,4581.57,0.335,4,1,0.4585,33,34,5980.18,0
CUST-000404,73,4653.35,0.1468,3,4,0.2947,18,30,6074.9,0
CUST-000405,47,6476.98,0.2357,1,1,0.5339,29,33,2191.19,1
CUST-000406,48,3199.93,0.5154,3,5,0.6097,8,33,9556.0,1
CUST-000407,44,2499.37,0.6979,2,5,0.9005,74,26,2942.33,1
CUST-000408,28,4445.9,0.5567,3,1,0.7361,30,33,12857.35,1
CUST-000409,71,7333.92,0.6197,4,3,0.3425,36,39,14028.09,0
CUST-000410,21,11112.35,0.0797,3,1,0.3348,84,37,24315.99,0
CUST-000411,30,7393.61,0.2951,1,0,0.6383,107,17,13606.19,0
CUST-000412,33,2685.7,0.1739,2,1,0.4534,54,34,16155.02,0
CUST-000413,36,4683.72,0.2849,3,5,0.5897,87,41,2383.98,1
CUST-000414,28,5836.57,0.0573,3,1,0.4654,177,40,4293.16,1
CUST-000415,21,5632.62,0.242,3,5,0.3743,159,37,7845.96,0
CUST-000416,57,6628.28,0.3307,0,4,0.597,52,36,19505.68,1
CUST-000417,73,3441.77,0.4472,1,2,0.5376,127,32,8615.24,0
CUST-000418,27,5354.21,0.4922,3,3,0.7263,150,34,7039.52,1
CUST-000419,37,6282.73,0.2104,2,5,0.9243,101,36,15243.58,1
CUST-000420,48,7539.91,0.6822,1,0,0.8202,153,38,1603.4,1
CUST-000421,71,3618.59,0.7101,3,4,0.6241,60,28,3585.55,1
CUST-000422,58,4451.93,0.7855,3,3,0.4875,41,31,10562.89,1
CUST-000423,62,1800.0,0.7326,2,5,0.5002,78,38,9282.15,1
CUST-000424,52,3931.42,0.3638,3,5,0.8389,43,42,13764.89,1
CUST-000425,43,4106.91,0.3512,2,5,0.5247,109,28,11425.22,1
CUST-000426,31,3286.57,0.1494,3,0,0.236,129,39,12868.64,0
CUST-000427,67,5602.34,0.5734,0,2,0.6723,161,33,5332.33,1
CUST-000428,64,5070.72,0.3993,4,5,0.9422,173,34,29903.72,1
CUST-000429,22,1881.39,0.8099,0,1,0.3885,90,29,3476.21,1
CUST-000430,59,5729.55,0.2366,4,1,0.4957,96,36,7258.36,0
CUST-000431,25,3424.35,0.4147,0,4,0.8812,4,29,9264.25,1
CUST-000432,60,6470.28,0.3153,4,1,0.3502,69,41,15971.42,0
CUST-000433,65,2920.71,0.4049,1,3,0.465,54,32,3889.91,1
CUST-000434,28,5270.69,0.7537,5,2,0.5886,8,18,8346.47,1
CUST-000435,44,4577.88,0.1982,1,2,0.396,11,32,22977.38,0
CUST-000436,27,5959.9,0.2938,1,0,0.3472,142,37,8959.75,0
CUST-000437,51,5500.13,0.382,2,5,0.5044,23,25,10440.68,1
CUST-000438,71,4635.92,0.4782,3,0,0.3479,48,35,6375.86,0
CUST-000439,25,2604.75,0.2829,2,1,0.6336,113,40,9018.21,1
CUST-000440,42,2674.91,0.4933,2,1,0.2985,38,34,8766.33,0
CUST-000441,73,3998.46,0.3213,2,1,0.2564,105,34,13024.95,1
CUST-000442,37,5180.66,0.6172,7,0,0.1876,40,43,2967.43,1
CUST-000443,28,3954.87,0.1315,1,5,0.2681,67,39,7951.6,1
CUST-000444,47,6889.54,0.05,0,3,0.8015,121,35,10207.04,1
CUST-000445,48,4586.0,0.3003,4,2,0.6129,147,37,18490.28,0
CUST-000446,56,3368.28,0.4201,0,0,0.1437,75,32,16430.96,0
CUST-000447,37,4588.33,0.1633,1,3,0.2665,108,45,31609.51,0
CUST-000448,72,5756.3,0.5946,2,0,0.7062,146,23,9188.42,1
CUST-000449,49,6018.61,0.6122,0,1,0.6057,146,35,2787.26,1
CUST-000450,36,12108.76,0.1566,4,3,0.4535,19,33,8417.91,1
CUST-000451,72,3848.37,0.4436,2,5,0.7121,11,29,2094.31,0
CUST-000452,70,5030.87,0.2049,4,3,0.4269,124,40,2080.55,0
CUST-000453,47,6299.15,0.4999,0,2,0.3522,89,30,5076.12,0
CUST-000454,22,5145.48,0.1211,1,3,0.5973,156,28,11108.56,1
CUST-000455,53,4151.13,0.196,5,4,0.6272,108,35,3428.18,1
CUST-000456,50,2589.57,0.1872,1,3,0.4188,153,33,29801.67,0
CUST-000457,29,4132.09,0.3914,2,2,0.3522,139,33,10982.95,1
CUST-000458,55,3207.5,0.2136,2,5,0.7441,32,38,27467.03,1
CUST-000459,66,2390.94,0.4948,0,1,0.5293,159,31,43059.73,1
CUST-000460,26,3634.98,0.5142,2,0,0.3757,108,26,21869.57,0
CUST-000461,60,3246.14,0.7504,0,1,0.1541,19,26,5836.86,1
CUST-000462,28,6762.3,0.2962,3,4,0.7875,171,31,3495.3,1
CUST-000463,61,6815.16,0.5317,0,0,0.1902,44,34,3837.9,0
CUST-000464,43,3462.23,0.6527,2,2,0.1418,144,33,10183.84,0
CUST-000465,21,4625.37,0.1096,3,0,0.4037,69,34,6046.43,0
CUST-000466,73,2253.42,0.2891,2,5,0.5436,155,32,3538.96,0
CUST-000467,29,4162.87,0.6564,0,1,0.2805,20,38,15334.64,1
CUST-000468,53,6222.68,0.4966,2,1,0.5843,167,35,14233.56,0
CUST-000469,30,7537.43,0.3112,2,4,0.3763,91,29,3923.86,1
CUST-000470,71,3772.69,0.1268,2,5,0.5199,22,37,5441.64,1
CUST-000471,60,8347.76,0.35,1,0,0.5185,82,37,2386.83,0
CUST-000472,64,2628.98,0.1505,3,5,0.496,35,33,9695.32,1
CUST-000473,44,2966.04,0.6028,2,2,0.4365,95,26,5962.39,1
CUST-000474,46,7156.4,0.4577,4,1,0.6695,143,47,21727.83,0
CUST-000475,55,11030.49,0.3503,2,0,0.5275,23,36,8836.32,0
CUST-000476,63,6492.86,0.4443,5,2,0.1736,143,40,4497.62,0
CUST-000477,66,5106.45,0.1744,1,1,0.2122,146,38,9052.53,0
CUST-000478,21,1936.39,0.5067,1,1,0.1655,20,35,6814.64,1
CUST-000479,56,2092.91,0.3008,1,1,0.3791,151,39,4471.04,0
CUST-000480,26,5511.81,0.5995,3,0,0.3402,154,22,7735.08,1
CUST-000481,36,4426.15,0.3812,2,4,0.4221,114,37,2675.3,1
CUST-000482,65,3161.46,0.4346,3,2,0.76,57,30,10016.34,1
CUST-000483,34,5355.63,0.7456,4,4,0.4488,33,31,10728.33,0
CUST-000484,64,5476.51,0.0639,2,3,0.6777,166,39,22913.03,1
CUST-000485,46,7953.77,0.1145,2,0,0.2641,143,27,10165.5,0
CUST-000486,33,5529.68,0.1799,1,2,0.6434,13,38,3593.13,1
CUST-000487,39,9037.98,0.0957,4,0,0.4423,48,35,553.16,0
CUST-000488,49,5218.74,0.2597,1,1,0.3019,110,36,3252.99,0
CUST-000489,62,4937.0,0.0587,2,4,0.3369,109,23,11744.44,0
CUST-000490,53,8394.69,0.169,5,1,0.3482,177,40,26414.93,0
CUST-000491,71,3347.99,0.6078,2,1,0.5526,124,40,9610.85,0
CUST-000492,67,18451.76,0.1765,3,0,0.4465,107,45,4207.53,0
CUST-000493,61,6156.6,0.5256,2,0,0.3955,62,34,10962.12,0
CUST-000494,53,6172.05,0.7564,2,1,0.2223,23,39,1004.19,1
CUST-000495,36,6586.04,0.3807,3,5,0.725,52,41,9169.02,0
CUST-000496,43,12101.99,0.1068,4,3,0.4232,18,40,15200.57,0
CUST-000497,27,7428.23,0.5118,3,4,0.5228,171,30,4369.13,0
CUST-000498,41,2525.36,0.1671,3,0,0.3514,104,35,21511.93,0
CUST-000499,71,9778.83,0.3009,0,3,0.549,77,27,31831.1,0
CUST-000500,43,4460.47,0.7479,1,4,0.2248,131,50,14882.55,1
CUST-000501,27,5456.89,0.1444,5,4,0.4542,116,35,12558.35,1
CUST-000502,56,2924.12,0.4121,1,4,0.5843,144,33,392.74,0
CUST-000503,72,6589.32,0.3269,1,4,0.6607,11,37,11785.47,1
CUST-000504,67,3878.86,0.3734,5,5,0.6407,106,43,21424.87,0
CUST-000505,35,5439.76,0.2295,0,2,0.1602,3,21,8043.09,0
CUST-000506,45,4575.95,0.629,3,1,0.3447,56,39,18733.66,0
CUST-000507,49,12365.55,0.4336,2,0,0.5285,62,37,10198.17,0
CUST-000508,34,12688.24,0.5271,5,1,0.3585,20,39,9359.19,1
CUST-000509,35,5309.99,0.0956,2,2,0.1909,169,26,13889.71,0
CUST-000510,33,5351.88,0.0225,1,0,0.1439,119,31,7597.61,0
CUST-000511,74,4395.62,0.5541,4,4,0.5017,147,33,4519.52,1
CUST-000512,61,8553.68,0.4188,1,2,0.3078,101,44,7159.11,1
CUST-000513,66,4484.58,0.1034,3,1,0.5339,89,42,6548.03,0
CUST-000514,65,4301.9,0.553,1,5,0.3142,48,31,12674.82,1
CUST-000515,72,8077.04,0.594,2,0,0.8005,42,38,4024.03,0
CUST-000516,26,4081.33,0.2541,3,3,0.4005,171,27,25593.98,0
CUST-000517,68,5112.4,0.6049,0,3,0.831,165,32,12034.29,0
CUST-000518,24,2552.49,0.6451,5,5,0.7339,103,41,26453.87,1
CUST-000519,46,7138.8,0.2764,1,2,0.3629,155,42,7171.02,0
CUST-000520,53,12454.09,0.6401,2,5,0.6131,141,32,2731.41,1
CUST-000521,40,7193.73,0.3902,5,4,0.4143,135,36,2970.62,0
CUST-000522,28,10038.91,0.5768,2,2,0.4246,110,36,5019.5,0
CUST-000523,31,3553.43,0.7328,3,3,0.6291,68,30,3467.54,1
CUST-000524,65,5783.47,0.1658,1,2,0.5001,30,37,2194.66,1
CUST-000525,38,3401.57,0.2181,1,3,0.5407,84,28,10648.04,0
CUST-000526,37,4693.43,0.7877,2,1,0.5733,167,26,12196.75,1
CUST-000527,70,7360.69,0.3529,3,1,0.4494,22,25,7350.79,0
CUST-000528,28,5443.8,0.4575,2,4,0.3596,104,40,31805.46,1
CUST-000529,70,2753.77,0.394,0,5,0.8978,88,37,8777.13,1
CUST-000530,70,2877.42,0.1867,2,3,0.5509,117,38,6690.16,1
CUST-000531,53,2793.05,0.5573,5,1,0.2127,128,38,6890.9,0
CUST-000532,29,6487.08,0.4769,2,0,0.1525,94,31,17670.04,0
CUST-000533,29,13163.02,0.3902,2,5,0.3229,108,39,2638.28,0
CUST-000534,36,9600.02,0.1416,2,5,0.8154,139,31,1727.82,1
CUST-000535,52,2215.47,0.1786,1,1,0.0918,38,43,10896.09,0
CUST-000536,29,9856.61,0.2933,5,4,0.6341,170,27,10883.86,0
CUST-000537,45,7925.13,0.712,2,4,0.7354,93,32,15320.99,1
CUST-000538,27,2594.19,0.7178,3,5,0.4195,61,47,8792.91,1
CUST-000539,50,4536.78,0.3647,1,3,0.7612,160,29,43847.06,1
CUST-000540,22,8513.42,0.1176,0,1,0.3406,153,20,18896.99,0
CUST-000541,59,6661.56,0.3859,3,2,0.4146,33,37,1134.9,0
CUST-000542,23,2885.12,0.3658,0,4,0.6997,23,36,2618.11,1
CUST-000543,31,6844.82,0.5478,1,1,0.2165,153,37,1674.98,0
CUST-000544,30,1987.31,0.5974,3,3,0.6846,78,34,9655.56,1
CUST-000545,65,4703.88,0.2173,3,4,0.3146,177,24,10685.8,0
CUST-000546,23,8677.55,0.1371,6,0,0.5943,161,30,41907.7,1
CUST-000547,44,5243.22,0.5827,1,3,0.6926,22,30,4626.9,1
CUST-000548,52,4154.27,0.498,4,1,0.2012,106,30,4011.32,0
CUST-000549,48,7759.09,0.5087,3,2,0.3324,100,26,11301.83,1
CUST-000550,57,8063.09,0.0799,3,1,0.3827,9,47,3559.62,0
CUST-000551,64,9376.22,0.2942,3,1,0.6549,61,25,7158.41,0
CUST-000552,42,7706.87,0.1962,6,0,0.6978,67,49,20659.73,0
CUST-000553,65,8459.39,0.2493,2,2,0.205,108,39,18105.02,0
CUST-000554,38,7231.65,0.2035,1,3,0.5369,130,39,23461.33,0
CUST-000555,74,5859.98,0.4526,7,1,0.6087,29,41,2779.07,1
CUST-000556,48,5413.73,0.072,1,5,0.3617,60,40,14868.86,0
CUST-000557,60,4673.42,0.5179,1,3,0.634,74,44,9076.98,0
CUST-000558,68,3013.47,0.2872,2,5,0.7707,45,28,75851.16,1
CUST-000559,63,3383.02,0.2744,5,4,0.3652,155,30,17198.34,0
CUST-000560,66,4580.24,0.6979,5,1,0.6496,144,39,9063.87,1
CUST-000561,49,5796.84,0.2442,1,3,0.2349,22,29,22714.92,1
CUST-000562,23,9944.55,0.2976,0,4,0.5677,46,39,15205.73,0
CUST-000563,47,5103.11,0.2797,5,2,0.4842,53,39,17856.94,1
CUST-000564,30,8167.99,0.8404,3,0,0.3355,39,28,14270.84,0
CUST-000565,69,8451.56,0.2413,2,1,0.4326,30,43,6421.95,1
CUST-000566,33,4685.66,0.446,3,1,0.148,125,39,6372.08,1
CUST-000567,33,6795.56,0.2069,4,2,0.6908,154,23,16960.38,1
CUST-000568,34,4660.26,0.2119,1,5,0.5407,125,33,5154.27,1
CUST-000569,55,9427.39,0.1058,4,0,0.3642,126,39,10596.46,0
CUST-000570,51,6922.58,0.2158,2,5,0.565,3,32,14260.46,1
CUST-000571,72,3043.3,0.0995,4,3,0.2844,19,35,5423.79,0
CUST-000572,43,5592.04,0.2693,4,5,0.806,102,30,13577.28,1
CUST-000573,36,10916.87,0.0675,0,4,0.3243,116,26,9317.91,0
CUST-000574,23,4792.75,0.4069,0,2,0.4599,14,38,6445.54,1
CUST-000575,21,6360.65,0.6592,5,0,0.328,131,38,18193.82,1
CUST-000576,41,6647.92,0.4101,5,4,0.2422,164,37,2924.22,1
CUST-000577,70,3261.47,0.1181,4,3,0.256,117,35,2909.15,1
CUST-000578,49,6543.53,0.3365,0,2,0.4019,133,26,9466.13,0
CUST-000579,69,2777.17,0.1375,6,4,0.7264,135,34,3309.61,1
CUST-000580,26,3924.06,0.1543,4,4,0.95,133,33,28992.83,1
CUST-000581,26,8437.9,0.519,2,1,0.7858,96,30,6734.91,1
CUST-000582,66,6105.55,0.2111,1,0,0.3886,134,42,2588.89,0
CUST-000583,26,4534.18,0.2979,3,3,0.3585,3,40,7873.53,1
CUST-000584,23,6357.06,0.7515,1,0,0.3421,35,44,45113.66,0
CUST-000585,42,5061.27,0.0682,1,3,0.6555,86,36,4103.47,1
CUST-000586,70,5229.52,0.6265,2,5,0.728,21,47,5198.69,1
CUST-000587,58,6988.23,0.5102,2,4,0.6295,83,35,14970.14,0
CUST-000588,26,3748.45,0.6587,3,1,0.156,82,52,32143.73,1
CUST-000589,66,5295.25,0.377,3,5,0.813,88,36,3697.02,1
CUST-000590,66,4518.31,0.7512,5,5,0.3548,126,30,4582.6,1
CUST-000591,64,2547.56,0.184,0,2,0.3495,65,39,2247.82,1
CUST-000592,69,3436.5,0.5599,1,0,0.1789,178,37,8907.76,0
CUST-000593,33,10531.3,0.4001,2,5,0.4537,9,28,11299.94,0
CUST-000594,73,6182.88,0.022,2,4,0.3034,52,31,20549.53,0
CUST-000595,38,2866.36,0.2007,1,5,0.9389,157,25,13291.23,1
CUST-000596,64,2599.97,0.4538,1,5,0.9376,163,39,9941.28,1
CUST-000597,52,4944.05,0.6415,3,2,0.395,161,43,11431.62,1
CUST-000598,63,10498.08,0.8563,0,0,0.1352,16,39,15485.4,1
CUST-000599,54,4780.85,0.5644,3,2,0.3987,86,37,3121.74,1
CUST-000600,55,9363.4,0.3985,2,2,0.307,56,29,11373.98,1
CUST-000601,54,6092.31,0.1252,2,1,0.7716,16,41,2028.13,1
CUST-000602,63,6428.37,0.0691,2,4,0.95,75,26,25280.59,1
CUST-000603,60,2850.76,0.4465,2,4,0.5342,8,29,45863.31,1
CUST-000604,28,7929.13,0.3681,4,0,0.3894,65,33,5350.75,0
CUST-000605,65,4472.46,0.3629,2,5,0.3121,105,23,12020.6,1
CUST-000606,49,7667.96,0.5341,4,1,0.3549,150,30,18747.14,0
CUST-000607,38,3604.86,0.5826,7,1,0.7711,19,34,36751.0,1
CUST-000608,48,5631.25,0.0635,4,1,0.5082,80,24,8044.33,1
CUST-000609,73,6092.51,0.4459,1,0,0.4719,76,29,4803.35,1
CUST-000610,67,4851.77,0.578,1,0,0.3811,139,28,13817.05,1
CUST-000611,66,6238.28,0.1437,1,1,0.4047,48,37,29704.87,0
CUST-000612,45,4612.55,0.0378,3,0,0.9174,159,35,9712.07,0
CUST-000613,63,3882.9,0.5552,2,1,0.6175,50,32,30536.34,1
CUST-000614,41,10709.45,0.6223,5,1,0.7473,92,35,22472.94,1
CUST-000615,58,8336.87,0.306,6,4,0.536,146,48,17550.56,1
CUST-000616,55,3692.37,0.2498,2,1,0.5215,70,44,8807.24,0
CUST-000617,34,6715.77,0.4858,2,5,0.4223,136,31,7261.6,1
CUST-000618,35,3722.71,0.2941,3,5,0.6814,3,37,42463.48,1
CUST-000619,24,3051.25,0.3624,2,2,0.337,173,43,4123.35,0
CUST-000620,28,8280.25,0.0723,1,0,0.6862,132,35,14377.83,0
CUST-000621,44,2415.28,0.1593,0,1,0.638,28,38,13491.3,1
CUST-000622,46,7891.17,0.5141,2,0,0.2997,173,34,12337.95,1
CUST-000623,29,4641.02,0.3424,1,0,0.2535,154,32,3404.56,0
CUST-000624,43,4727.81,0.5913,2,4,0.5078,45,40,9670.71,1
CUST-000625,53,6252.91,0.3026,2,0,0.4583,67,29,5590.59,1
CUST-000626,33,6754.43,0.1232,5,4,0.2363,168,42,20884.57,0
CUST-000627,39,3585.16,0.3214,2,4,0.3246,68,32,11343.4,1
CUST-000628,40,7182.41,0.4581,3,2,0.5251,176,26,34313.22,0
CUST-000629,48,5472.17,0.4015,3,1,0.3604,51,40,32885.73,0
CUST-000630,40,2954.81,0.8242,4,2,0.796,120,36,6313.76,1
CUST-000631,60,4817.31,0.7878,1,1,0.663,38,31,32889.38,1
CUST-000632,38,9681.67,0.6779,3,2,0.4314,115,49,5184.69,1
CUST-000633,44,11057.69,0.6888,0,1,0.4003,148,43,30008.88,0
CUST-000634,41,7181.19,0.7069,3,5,0.5396,151,37,3137.54,1
CUST-000635,30,3043.49,0.654,6,5,0.2759,76,28,34440.32,1
CUST-000636,58,6484.61,0.2536,2,5,0.3705,175,41,4783.6,0
CUST-000637,33,7625.87,0.2854,3,5,0.396,77,43,6657.01,1
CUST-000638,37,7208.26,0.445,2,1,0.5784,113,33,7726.73,1
CUST-000639,63,7403.02,0.4905,3,5,0.4403,159,32,5278.34,1
CUST-000640,72,6123.46,0.65,3,2,0.3048,6,42,30753.38,1
CUST-000641,57,5033.29,0.4399,2,0,0.2483,126,31,1943.19,0
CUST-000642,70,3954.65,0.3207,4,4,0.2774,137,29,14310.3,1
CUST-000643,67,2213.53,0.2153,3,5,0.4917,77,39,15513.88,1
CUST-000644,46,6058.71,0.4217,1,4,0.7352,55,36,3513.86,1
CUST-000645,62,5654.11,0.2511,1,0,0.1566,132,29,6008.58,0
CUST-000646,38,6683.01,0.2542,5,0,0.2928,93,35,3676.66,0
CUST-000647,45,2848.42,0.3142,0,0,0.2288,24,40,6750.51,1
CUST-000648,49,6951.21,0.1984,3,5,0.6816,113,36,20400.62,0
CUST-000649,72,13107.75,0.2953,2,3,0.6274,171,35,6403.47,1
CUST-000650,66,5386.85,0.4042,6,4,0.6905,68,38,11658.52,1
CUST-000651,47,5057.69,0.2641,2,0,0.6042,142,41,8214.08,0
CUST-000652,56,5975.75,0.7301,1,3,0.6664,24,30,54847.9,1
CUST-000653,31,12977.41,0.5441,2,2,0.4992,12,31,10123.95,1
CUST-000654,64,3280.57,0.4958,2,3,0.5852,98,36,4161.43,1
CUST-000655,50,5697.92,0.4134,2,4,0.5285,48,24,11176.91,1
CUST-000656,49,3628.48,0.1437,1,3,0.8014,87,32,16873.64,1
CUST-000657,62,4065.38,0.4361,6,0,0.5764,70,33,5537.44,1
CUST-000658,55,5085.24,0.6371,4,4,0.3257,175,38,28741.52,1
CUST-000659,24,9534.86,0.2013,6,5,0.4922,66,32,2097.0,1
CUST-000660,36,11694.33,0.146,0,3,0.1996,16,27,6133.51,0
CUST-000661,30,6361.87,0.3169,1,1,0.454,46,41,9169.9,1
CUST-000662,60,4389.39,0.2078,4,4,0.707,156,34,21723.7,1
CUST-000663,22,15964.88,0.4924,4,3,0.2811,89,33,32092.85,1
CUST-000664,31,4289.88,0.3361,1,5,0.5534,90,32,31410.92,1
CUST-000665,53,4021.47,0.5704,1,3,0.7132,149,35,10405.74,1
CUST-000666,58,2339.49,0.0539,1,4,0.8872,40,34,24955.74,1
CUST-000667,48,9746.42,0.689,2,4,0.5047,150,37,16386.56,1
CUST-000668,67,8039.52,0.3771,5,0,0.1288,55,35,10122.81,1
CUST-000669,70,15435.52,0.3865,0,1,0.164,139,37,5744.57,0
CUST-000670,28,2782.56,0.5016,3,2,0.4634,4,36,11121.4,1
CUST-000671,72,10022.53,0.1525,5,4,0.4861,72,29,28131.66,1
CUST-000672,54,5366.73,0.4973,2,1,0.4392,98,29,9741.27,1
CUST-000673,55,7473.8,0.3723,1,2,0.5163,91,31,6398.27,0
CUST-000674,26,2477.27,0.4542,0,0,0.4482,166,40,25502.8,0
CUST-000675,54,10067.33,0.2398,2,3,0.5181,63,35,6062.76,1
CUST-000676,60,7408.23,0.2359,1,3,0.5304,136,36,14879.48,1
CUST-000677,52,5109.74,0.1157,1,3,0.5026,161,30,12786.28,0
CUST-000678,25,6951.51,0.3181,3,3,0.5805,54,35,20328.29,0
CUST-000679,49,3684.69,0.0909,1,5,0.5079,134,30,18604.09,1
CUST-000680,71,4006.47,0.6124,4,0,0.8798,65,31,16381.56,1
CUST-000681,60,4221.15,0.2197,4,4,0.4687,82,33,6728.32,0
CUST-000682,28,2259.02,0.5806,2,3,0.6298,55,23,5663.9,1
CUST-000683,72,7663.36,0.4111,3,2,0.516,62,31,12061.23,0
CUST-000684,72,8889.54,0.602,2,1,0.6005,25,26,11160.49,1
CUST-000685,30,3792.61,0.1149,1,5,0.8627,139,35,83564.24,0
CUST-000686,64,6082.1,0.3618,2,5,0.8423,31,34,12424.32,1
CUST-000687,42,4614.32,0.2479,2,2,0.4598,133,27,9797.43,1
CUST-000688,53,6027.8,0.3561,0,4,0.5782,129,36,5428.73,1
CUST-000689,45,3920.62,0.3034,3,0,0.3414,158,42,3610.43,0
CUST-000690,63,3494.24,0.3779,4,0,0.5793,106,30,2326.33,1
CUST-000691,74,8348.59,0.2586,4,5,0.6147,28,37,3440.76,1
CUST-000692,63,5052.67,0.4023,1,5,0.7616,54,44,6963.95,1
CUST-000693,71,12917.82,0.7693,2,0,0.5459,141,41,21564.78,1
CUST-000694,72,5309.5,0.4302,3,0,0.4758,49,25,13193.49,1
CUST-000695,25,3427.82,0.5474,2,0,0.2472,146,26,3740.08,0
CUST-000696,34,9032.07,0.1871,1,0,0.549,131,35,5235.09,0
CUST-000697,59,6906.88,0.5755,4,2,0.2444,115,35,8178.03,1
CUST-000698,52,7212.04,0.4901,1,2,0.1411,19,31,6625.47,1
CUST-000699,23,8885.57,0.6364,3,3,0.8323,101,30,4186.71,1
CUST-000700,26,3876.37,0.4766,4,0,0.1869,41,28,984.62,0
CUST-000701,49,4910.59,0.2179,2,5,0.312,178,32,3466.66,0
CUST-000702,54,4813.89,0.3637,2,4,0.249,65,38,3641.68,0
CUST-000703,30,2909.04,0.5334,2,4,0.4514,80,24,25188.85,1
CUST-000704,30,4618.38,0.4753,2,5,0.5545,157,37,31729.39,1
CUST-000705,27,9488.01,0.718,2,1,0.5604,8,32,1666.73,1
CUST-000706,51,5786.11,0.1883,3,4,0.5828,147,52,17764.56,1
CUST-000707,21,2837.52,0.2454,2,2,0.5144,53,40,26994.32,0
CUST-000708,51,2581.91,0.1139,3,2,0.5064,17,43,4510.36,0
CUST-000709,46,10999.04,0.3945,2,4,0.4322,36,35,2084.88,1
CUST-000710,46,4992.89,0.1157,2,1,0.2463,101,29,39450.64,0
CUST-000711,57,3885.78,0.2569,4,0,0.496,43,33,7605.83,1
CUST-000712,49,4596.81,0.4695,3,2,0.4814,151,25,28389.55,0
CUST-000713,60,2674.79,0.2313,5,4,0.4014,15,27,9720.22,1
CUST-000714,62,9865.58,0.1091,2,0,0.4417,99,43,33924.74,0
CUST-000715,70,4357.0,0.2774,3,5,0.2816,8,33,13657.85,0
CUST-000716,64,9621.4,0.5212,4,5,0.4616,84,47,6513.83,1
CUST-000717,48,5322.28,0.2259,2,2,0.4934,133,33,5835.89,1
CUST-000718,47,9894.19,0.3328,1,1,0.4938,160,28,5344.36,0
CUST-000719,33,5836.73,0.2372,3,4,0.2846,153,32,7510.68,1
CUST-000720,53,7634.01,0.6567,4,1,0.4619,132,37,8475.8,1
CUST-000721,28,7186.83,0.4531,2,1,0.868,154,40,12540.72,1
CUST-000722,71,6883.59,0.766,1,4,0.5433,93,41,6316.23,1
CUST-000723,66,6081.36,0.5694,1,1,0.5847,160,36,43855.57,0
CUST-000724,27,4682.7,0.2184,6,3,0.6511,34,43,38578.72,1
CUST-000725,63,12312.37,0.2368,3,1,0.1828,84,34,11666.9,1
CUST-000726,27,3457.47,0.8618,0,5,0.95,34,36,47760.08,1
CUST-000727,59,5210.09,0.3921,0,1,0.3003,28,42,33613.64,0
CUST-000728,25,5234.95,0.4706,3,5,0.8381,44,35,6933.85,1
CUST-000729,47,6232.37,0.6528,2,4,0.2011,133,40,13905.14,1
CUST-000730,56,4286.18,0.7177,1,2,0.3159,106,33,8618.09,0
CUST-000731,60,5991.22,0.2948,3,4,0.7321,102,37,33344.26,1
CUST-000732,43,4819.54,0.3234,4,5,0.244,99,40,4175.83,1
CUST-000733,70,2551.75,0.5367,3,3,0.4802,78,40,2539.91,0
CUST-000734,62,5222.4,0.1071,2,5,0.53,115,34,8940.16,1
CUST-000735,32,3168.96,0.3611,4,5,0.3535,32,37,4222.57,1
CUST-000736,57,2382.58,0.3742,1,5,0.6264,37,33,4327.79,1
CUST-000737,60,5530.35,0.5271,3,5,0.4511,56,27,7733.95,1
CUST-000738,39,6476.67,0.3648,2,5,0.5358,94,34,6107.61,1
CUST-000739,60,6590.79,0.5457,1,0,0.395,116,34,6995.72,1
CUST-000740,69,6711.92,0.4599,3,3,0.2342,111,35,7531.21,0
CUST-000741,65,2179.28,0.6977,1,4,0.6126,26,37,11668.84,1
CUST-000742,62,2818.49,0.1961,3,0,0.1152,154,26,5052.96,0
CUST-000743,55,12638.44,0.2988,1,3,0.95,131,37,5498.22,0
CUST-000744,35,3245.97,0.4268,3,5,0.2432,51,27,20004.6,1
CUST-000745,63,6845.13,0.6267,2,4,0.33,31,43,26325.53,1
CUST-000746,40,3817.27,0.0645,5,1,0.1504,52,27,45566.73,0
CUST-000747,49,5389.82,0.4395,2,2,0.6871,175,34,9416.08,1
CUST-000748,37,3910.61,0.368,3,5,0.4999,178,35,25128.85,1
CUST-000749,37,6694.94,0.3849,4,1,0.2294,77,31,6895.73,0
CUST-000750,29,5530.11,0.2432,4,3,0.2576,14,36,13810.56,0
CUST-000751,72,4250.04,0.4428,0,5,0.5866,64,31,9961.64,1
CUST-000752,28,3241.65,0.2885,2,2,0.8147,89,33,43592.4,1
CUST-000753,25,5865.91,0.2952,3,0,0.4101,173,30,5190.88,1
CUST-000754,71,3013.0,0.2352,2,4,0.7553,167,33,4339.03,1
CUST-000755,50,6303.0,0.3965,1,2,0.1884,126,35,9456.72,0
CUST-000756,44,16955.24,0.3876,2,2,0.4022,100,42,1595.18,0
CUST-000757,60,9547.08,0.1607,5,5,0.814,92,28,9647.96,1
CUST-000758,41,7184.42,0.1698,4,0,0.618,105,31,997.86,1
CUST-000759,27,5003.49,0.1925,2,4,0.6156,20,37,4113.09,0
CUST-000760,60,2173.24,0.3662,0,4,0.6606,50,28,8981.19,1
CUST-000761,30,2868.04,0.4585,2,5,0.4457,105,39,2046.61,0
CUST-000762,50,9261.96,0.6822,3,1,0.3531,133,36,11352.15,0
CUST-000763,72,3644.68,0.7382,3,0,0.7445,78,33,1265.06,1
CUST-000764,71,3796.18,0.2866,3,5,0.5866,173,37,8441.56,1
CUST-000765,40,4826.47,0.2164,2,0,0.4742,135,28,17484.08,0
CUST-000766,63,3224.37,0.589,2,5,0.56,85,36,25767.2,1
CUST-000767,54,2994.01,0.5211,0,4,0.2414,176,47,35689.78,1
CUST-000768,46,5083.22,0.5438,3,2,0.533,156,34,4077.5,1
CUST-000769,28,3481.52,0.6708,4,2,0.292,93,29,6245.68,1
CUST-000770,41,3725.5,0.2793,4,4,0.6716,9,36,4826.8,1
CUST-000771,56,3658.75,0.3112,2,5,0.6958,106,30,19448.18,1
CUST-000772,74,6577.93,0.6858,1,0,0.0854,151,39,10850.39,0
CUST-000773,21,4684.23,0.2014,2,0,0.4068,161,29,8913.97,0
CUST-000774,59,4798.49,0.4491,4,4,0.4621,172,32,8506.14,1
CUST-000775,66,6802.46,0.8134,0,2,0.6827,15,45,15010.72,1
CUST-000776,72,4878.03,0.4261,2,2,0.5992,153,27,4168.4,1
CUST-000777,43,4588.0,0.474,3,0,0.5077,74,27,18369.35,0
CUST-000778,27,6426.06,0.3619,4,1,0.1947,18,34,12110.3,0
CUST-000779,35,7024.1,0.4654,0,3,0.5381,79,35,23075.21,0
CUST-000780,66,4866.99,0.4565,6,5,0.6035,115,31,6516.2,1
CUST-000781,68,5392.08,0.2327,0,0,0.4782,112,35,9427.61,1
CUST-000782,55,3657.77,0.4328,2,2,0.3067,16,31,24139.79,0
CUST-000783,27,3530.19,0.4005,7,4,0.2604,22,32,3191.57,1
CUST-000784,27,7350.55,0.2007,6,4,0.6965,14,34,26890.09,1
CUST-000785,46,6352.72,0.656,1,2,0.4616,16,33,7131.92,1
CUST-000786,52,6382.39,0.9234,5,2,0.5564,16,29,18210.6,1
CUST-000787,22,5900.54,0.4448,0,5,0.9469,37,36,18717.58,1
CUST-000788,58,5309.25,0.7288,4,5,0.7826,28,37,7671.37,1
CUST-000789,50,7113.85,0.2007,2,4,0.4764,137,35,9276.45,1
CUST-000790,21,7920.53,0.6013,2,4,0.4594,97,37,2665.14,1
CUST-000791,26,7835.86,0.4783,1,4,0.5816,103,35,1795.36,1
CUST-000792,45,4969.45,0.5976,1,4,0.5632,135,30,9909.47,1
CUST-000793,60,9706.59,0.2619,0,3,0.6435,108,31,25924.7,1
CUST-000794,65,5763.04,0.3499,1,0,0.0997,31,36,7666.24,0
CUST-000795,44,6911.78,0.1899,2,5,0.4756,160,27,1386.56,0
CUST-000796,36,5903.81,0.2415,2,4,0.7165,4,33,5879.08,1
CUST-000797,73,5811.34,0.3006,1,2,0.6076,56,45,5755.36,1
CUST-000798,45,3734.34,0.4133,4,3,0.7407,78,27,6545.75,1
CUST-000799,38,7129.68,0.4718,2,0,0.2605,40,35,3588.04,0
CUST-000800,44,18709.68,0.4044,4,4,0.6204,78,40,4686.91,1
CUST-000801,21,4392.95,0.3891,3,2,0.4218,32,38,2341.1,1
CUST-000802,37,5368.81,0.1981,2,5,0.5457,80,37,57339.2,0
CUST-000803,48,4254.03,0.0745,2,1,0.7334,23,32,40588.27,0
CUST-000804,70,4174.73,0.3841,4,4,0.3001,101,29,3796.98,1
CUST-000805,60,10419.31,0.0693,1,2,0.6244,102,33,9408.7,0
CUST-000806,63,3841.34,0.3267,1,2,0.6539,174,41,5260.85,1
CUST-000807,50,4201.0,0.7003,3,1,0.2633,33,32,7811.5,1
CUST-000808,26,2545.4,0.5025,2,5,0.3739,53,38,12878.92,1
CUST-000809,42,3697.78,0.3894,5,1,0.1459,113,43,10686.87,0
CUST-000810,74,2410.61,0.4484,3,4,0.4518,103,22,21789.79,1
CUST-000811,23,6910.01,0.2029,1,0,0.2972,108,32,5685.27,0
CUST-000812,68,18329.69,0.6406,3,4,0.3248,152,27,9106.25,1
CUST-000813,57,4409.02,0.7698,1,2,0.6421,90,25,972.89,1
CUST-000814,36,2456.21,0.2712,2,5,0.8056,79,35,10394.62,0
CUST-000815,63,7796.37,0.3961,2,2,0.2124,63,36,1375.9,0
CUST-000816,66,3749.2,0.3598,1,0,0.1785,5,49,2882.72,0
CUST-000817,23,9331.21,0.4192,2,4,0.8371,73,45,28262.81,1
CUST-000818,26,4580.21,0.1382,1,2,0.428,65,37,28575.35,1
CUST-000819,56,3913.15,0.0554,0,0,0.27,131,35,3638.5,0
CUST-000820,74,4799.82,0.5129,0,0,0.3354,127,30,42168.24,0
CUST-000821,22,7313.03,0.2694,3,2,0.4189,50,43,17278.57,1
CUST-000822,56,4694.16,0.3157,5,4,0.8056,36,36,13867.27,0
CUST-000823,28,4158.41,0.13,2,5,0.248,122,28,3165.85,1
CUST-000824,56,4754.94,0.6545,2,2,0.6543,120,43,46310.51,1
CUST-000825,54,2933.87,0.4362,4,5,0.8511,53,38,17360.68,1
CUST-000826,25,6217.22,0.6957,1,4,0.4685,12,42,4406.19,1
CUST-000827,57,2327.12,0.2895,3,3,0.6792,89,38,1114.46,1
CUST-000828,69,4258.02,0.3157,3,0,0.5308,121,30,3157.13,0
CUST-000829,67,7318.33,0.1439,2,5,0.4849,39,30,10369.97,1
CUST-000830,22,5959.76,0.6651,4,3,0.8539,91,28,7425.68,1
CUST-000831,34,6782.21,0.206,6,4,0.5902,164,32,34604.07,1
CUST-000832,34,5050.0,0.336,2,0,0.2221,127,41,3440.42,0
CUST-000833,45,8802.58,0.3257,0,5,0.3318,153,31,11865.76,0
CUST-000834,28,7883.51,0.3221,3,2,0.7587,7,33,23099.39,1
CUST-000835,67,6356.15,0.2253,2,2,0.5959,169,39,2752.1,1
CUST-000836,62,7893.62,0.4375,2,3,0.6592,171,33,15601.81,1
CUST-000837,64,7288.88,0.5802,4,0,0.3951,119,25,8873.83,1
CUST-000838,31,4266.95,0.6224,2,4,0.6124,105,32,5483.63,1
CUST-000839,21,2840.28,0.6018,4,1,0.3935,33,48,1247.58,0
CUST-000840,70,6282.84,0.0194,2,3,0.371,121,38,13552.06,0
CUST-000841,36,6648.55,0.5269,1,3,0.4808,114,36,4905.13,1
CUST-000842,56,8494.09,0.0725,2,4,0.3818,147,39,6389.84,0
CUST-000843,70,3412.05,0.2231,2,4,0.3198,37,36,31763.22,1
CUST-000844,22,3458.26,0.4253,0,1,0.5042,11,30,8749.59,1
CUST-000845,21,6395.62,0.4066,3,4,0.8603,85,29,11201.6,1
CUST-000846,21,5036.11,0.5648,4,3,0.7378,31,32,52111.0,1
CUST-000847,29,2225.69,0.4242,2,5,0.7832,157,28,10480.73,1
CUST-000848,23,6156.19,0.4009,1,2,0.4678,30,32,4393.71,1
CUST-000849,65,2259.33,0.6325,1,3,0.5972,36,36,28166.08,1
CUST-000850,53,3398.36,0.5592,2,0,0.1908,30,46,9587.05,1
CUST-000851,73,9553.57,0.373,2,2,0.4859,158,34,5666.2,1
CUST-000852,64,11820.72,0.1796,2,5,0.95,18,33,4013.57,1
CUST-000853,73,3009.02,0.7955,3,4,0.6808,88,30,6955.55,1
CUST-000854,33,4483.63,0.0998,2,5,0.5242,165,30,21142.2,0
CUST-000855,36,5300.7,0.7012,4,5,0.4496,58,40,5443.61,1
CUST-000856,66,11590.79,0.3076,1,1,0.3358,64,30,10465.66,0
CUST-000857,34,4165.63,0.3736,1,1,0.5087,122,38,4224.8,1
CUST-000858,24,4195.7,0.304,1,0,0.5112,23,34,32426.84,0
CUST-000859,57,10439.38,0.4242,4,3,0.5221,102,33,2604.93,1
CUST-000860,64,4392.96,0.2535,4,4,0.6708,129,35,3723.21,0
CUST-000861,73,7196.89,0.3094,4,4,0.3965,75,24,4970.07,1
CUST-000862,71,2674.99,0.4432,2,5,0.6318,67,32,2643.86,1
CUST-000863,27,4814.36,0.4517,0,2,0.4781,29,32,14452.06,0
CUST-000864,62,2464.13,0.2355,6,2,0.1357,39,27,16618.71,0
CUST-000865,66,3233.98,0.5739,1,3,0.4715,55,34,16092.97,1
CUST-000866,58,7585.96,0.5546,6,4,0.6906,167,34,16720.24,1
CUST-000867,65,5084.52,0.2883,3,5,0.8963,30,37,2359.43,1
CUST-000868,66,4504.43,0.3232,3,0,0.4658,153,31,11346.29,1
CUST-000869,45,3712.56,0.5111,3,2,0.2753,61,42,31097.77,0
CUST-000870,23,4708.47,0.4568,3,1,0.25,107,32,6627.29,1
CUST-000871,45,5954.57,0.2774,1,1,0.3786,143,38,23738.07,0
CUST-000872,31,8092.77,0.0564,4,0,0.3689,91,32,7801.88,0
CUST-000873,27,1800.0,0.366,3,3,0.3554,173,33,8047.36,0
CUST-000874,27,3576.43,0.2575,4,3,0.4661,21,36,3033.67,1
CUST-000875,58,5585.94,0.4856,2,2,0.517,117,39,5858.51,1
CUST-000876,48,4973.73,0.5664,5,3,0.5628,88,20,28571.42,1
CUST-000877,50,6235.0,0.7499,5,4,0.4206,95,35,5070.9,1
CUST-000878,61,5865.29,0.1597,4,3,0.2937,76,36,49562.52,0
CUST-000879,50,4533.38,0.3839,4,5,0.4849,151,31,7765.91,0
CUST-000880,55,4102.41,0.1617,4,1,0.391,92,35,30309.8,0
CUST-000881,25,4656.12,0.2648,2,5,0.2927,151,31,9084.2,1
CUST-000882,66,8719.77,0.8016,2,0,0.3299,74,38,1121.8,1
CUST-000883,45,3740.63,0.6424,1,0,0.3549,10,34,4680.86,0
CUST-000884,29,5055.09,0.0874,5,3,0.2478,97,40,4699.35,1
CUST-000885,64,5647.22,0.6044,1,2,0.8566,179,29,4837.74,0
CUST-000886,60,10494.14,0.3517,5,3,0.5142,103,22,2908.11,0
CUST-000887,23,4542.69,0.5491,1,5,0.589,170,37,3701.93,1
CUST-000888,31,8005.44,0.4449,3,2,0.95,17,34,15581.58,1
CUST-000889,21,9052.58,0.1782,3,5,0.8463,121,41,95731.11,1
CUST-000890,35,5052.93,0.5639,4,4,0.7678,40,40,10815.95,1
CUST-000891,26,4729.57,0.4865,3,0,0.6319,11,34,6571.37,1
CUST-000892,59,4484.31,0.4163,1,2,0.2128,83,36,973.1,0
CUST-000893,49,4634.55,0.3344,3,0,0.3529,118,39,53455.47,0
CUST-000894,73,7637.47,0.2932,3,5,0.3363,162,48,23481.65,0
CUST-000895,61,5769.66,0.4574,0,2,0.4642,100,31,5966.03,0
CUST-000896,54,5780.78,0.1818,3,4,0.336,169,44,11900.23,1
CUST-000897,48,3133.99,0.2659,1,0,0.7689,105,35,5884.12,0
CUST-000898,23,3364.53,0.3808,3,2,0.8947,103,41,3121.98,0
CUST-000899,24,13642.77,0.2371,3,4,0.5837,38,49,6295.93,1
CUST-000900,54,4800.1,0.4249,2,5,0.4897,104,39,19484.72,0
CUST-000901,21,3669.34,0.3068,0,0,0.3767,176,35,12500.65,1
CUST-000902,23,9901.17,0.4379,3,2,0.4398,97,33,7400.0,0
CUST-000903,32,5903.07,0.4413,1,5,0.6295,113,27,16179.31,1
CUST-000904,68,6745.18,0.284,2,2,0.3331,54,33,6733.45,1
CUST-000905,45,4886.8,0.5238,5,1,0.4642,164,41,27560.59,0
CUST-000906,59,4505.31,0.3919,6,4,0.3909,83,32,3500.66,1
CUST-000907,43,4817.93,0.5446,4,4,0.6542,72,35,6509.71,1
CUST-000908,30,2791.07,0.516,3,5,0.5795,103,26,18390.23,1
CUST-000909,41,4998.27,0.5249,4,5,0.4931,123,47,17192.46,0
CUST-000910,25,5940.98,0.3323,2,0,0.3553,156,29,4906.46,0
CUST-000911,62,11957.6,0.2951,1,4,0.5014,100,27,4096.49,1
CUST-000912,30,5405.18,0.1541,4,1,0.7287,64,31,14276.82,0
CUST-000913,41,1818.99,0.2472,2,5,0.8769,57,35,32691.74,1
CUST-000914,73,4984.66,0.3991,2,4,0.5604,39,28,20262.5,1
CUST-000915,52,17839.86,0.5302,2,1,0.5292,50,47,3105.79,0
CUST-000916,45,7679.26,0.7018,3,2,0.6331,29,44,4910.7,1
CUST-000917,50,3610.18,0.04,3,4,0.3384,140,36,3386.4,0
CUST-000918,63,6784.61,0.0788,1,5,0.6097,59,50,32204.45,1
CUST-000919,34,3723.83,0.1029,1,5,0.8527,174,29,8516.42,1
CUST-000920,55,2827.65,0.6509,0,2,0.1684,92,29,6828.96,1
CUST-000921,68,4445.5,0.5362,2,0,0.4194,21,32,11517.79,1
CUST-000922,51,5418.64,0.3894,1,5,0.4293,177,35,13776.35,0
CUST-000923,45,2239.36,0.3164,4,5,0.5239,121,22,6317.54,1
CUST-000924,28,3100.42,0.5375,1,1,0.4856,37,44,11600.36,0
CUST-000925,34,5224.24,0.2566,3,3,0.3297,136,28,9854.48,0
CUST-000926,72,4327.46,0.1238,1,5,0.5692,11,35,39418.11,0
CUST-000927,50,6211.01,0.7481,2,1,0.2799,18,36,9289.87,1
CUST-000928,37,3010.35,0.4155,3,4,0.4906,50,43,12940.51,1
CUST-000929,43,7170.75,0.2299,2,2,0.2912,126,32,5102.04,0
CUST-000930,52,3052.52,0.3274,2,5,0.5956,110,36,5163.18,1
CUST-000931,50,10890.48,0.6044,2,2,0.5816,59,36,13625.9,1
CUST-000932,58,2402.64,0.5266,1,0,0.3275,171,34,3961.59,1
CUST-000933,34,3180.41,0.2504,0,5,0.2925,131,33,12149.33,0
CUST-000934,56,6274.39,0.2482,0,2,0.4609,122,47,7252.18,0
CUST-000935,44,10996.35,0.6775,1,1,0.465,9,31,15638.8,0
CUST-000936,71,5992.02,0.4916,0,1,0.6024,142,40,1547.61,1
CUST-000937,29,6698.91,0.5204,4,2,0.8543,27,33,33008.37,1
CUST-000938,29,5241.2,0.2442,2,4,0.4096,112,39,2039.33,1
CUST-000939,45,3276.51,0.1074,2,2,0.2593,51,25,45164.76,0
CUST-000940,48,4170.75,0.3056,4,1,0.442,173,31,9642.9,1
CUST-000941,58,3014.09,0.3928,3,2,0.416,174,26,14295.31,1
CUST-000942,42,2924.84,0.5618,0,3,0.2146,106,32,8647.5,0
CUST-000943,70,6230.43,0.4006,2,4,0.4599,91,41,9678.92,1
CUST-000944,46,3136.88,0.0558,1,1,0.3264,123,31,3817.13,1
CUST-000945,27,6004.19,0.5102,4,1,0.393,159,33,15770.51,1
CUST-000946,27,2894.58,0.3917,3,4,0.6128,177,38,13433.32,1
CUST-000947,73,5941.91,0.1996,1,2,0.7609,166,32,13192.67,1
CUST-000948,28,4173.49,0.4855,4,4,0.4429,101,33,34618.16,0
CUST-000949,72,9792.68,0.833,2,2,0.619,23,39,2551.33,1
CUST-000950,36,6015.46,0.6421,7,0,0.3888,44,29,9689.25,1
CUST-000951,26,9068.08,0.6798,4,5,0.6824,70,42,2358.38,1
CUST-000952,37,3701.05,0.227,1,4,0.2162,171,38,25756.24,1
CUST-000953,54,5333.05,0.464,3,0,0.0984,63,27,17393.4,0
CUST-000954,44,3344.01,0.0688,0,0,0.4536,100,25,7278.88,1
CUST-000955,63,4316.89,0.352,1,2,0.4815,134,30,20028.4,1
CUST-000956,53,4621.46,0.4174,3,5,0.5441,145,37,14115.64,1
CUST-000957,42,3751.0,0.5053,1,1,0.4839,44,29,2364.94,1
CUST-000958,55,3009.22,0.5148,2,5,0.4631,74,31,16256.15,1
CUST-000959,73,2752.68,0.4901,4,2,0.6811,160,44,4168.71,0
CUST-000960,43,1814.43,0.2506,2,1,0.2274,173,43,10376.39,0
CUST-000961,29,3232.65,0.2993,3,0,0.2302,106,38,20983.62,0
CUST-000962,43,6896.62,0.3892,4,2,0.3169,142,33,9404.28,1
CUST-000963,66,2532.82,0.3875,0,1,0.7227,92,34,8487.05,1
CUST-000964,32,2809.49,0.8941,1,3,0.7394,115,32,32350.68,1
CUST-000965,72,11641.34,0.5987,1,5,0.7852,177,27,10554.15,0
CUST-000966,52,3904.91,0.26,1,4,0.6751,138,37,7136.82,0
CUST-000967,53,6008.22,0.534,4,1,0.3524,139,31,2166.85,0
CUST-000968,38,6942.77,0.0681,5,5,0.5374,148,22,9202.92,1
CUST-000969,70,7006.2,0.3909,3,5,0.3624,5,30,16885.81,1
CUST-000970,22,2621.16,0.2053,2,2,0.1844,154,42,34549.9,0
CUST-000971,37,4686.48,0.4229,2,2,0.4508,110,39,2203.75,0
CUST-000972,43,2510.44,0.4268,1,2,0.5077,101,21,13481.52,1
CUST-000973,46,15634.84,0.5597,3,2,0.7775,169,36,16734.34,1
CUST-000974,46,2536.96,0.4897,1,0,0.0935,127,26,6151.11,0
CUST-000975,28,3245.05,0.045,3,5,0.5597,107,38,40082.33,1
CUST-000976,33,3255.64,0.1444,2,2,0.2541,174,36,4231.53,0
CUST-000977,26,2651.6,0.3438,0,0,0.272,103,36,46809.62,0
CUST-000978,51,9557.5,0.4785,1,5,0.5793,104,34,10198.99,1
CUST-000979,39,15467.8,0.3017,3,0,0.4437,22,39,18007.12,0
CUST-000980,51,4197.85,0.3774,3,5,0.3954,4,29,6241.74,1
CUST-000981,52,2870.45,0.3266,4,0,0.4531,71,35,2262.46,0
CUST-000982,58,1900.36,0.3669,1,2,0.4723,5,44,8202.83,1
CUST-000983,50,4659.04,0.3886,3,3,0.4895,103,43,16116.06,1
CUST-000984,55,4509.99,0.0262,2,1,0.2471,139,33,5527.97,0
CUST-000985,52,3878.99,0.6781,2,3,0.3435,61,32,6992.55,1
CUST-000986,56,5744.7,0.2265,0,3,0.4846,11,39,9697.65,0
CUST-000987,54,6212.02,0.2964,0,5,0.5105,158,29,2294.34,1
CUST-000988,38,6013.74,0.6816,2,2,0.4064,123,27,6969.34,1
CUST-000989,34,4510.47,0.1811,2,5,0.5483,17,36,10872.88,0
CUST-000990,63,3167.46,0.158,0,4,0.4266,160,33,5587.65,0
CUST-000991,39,7016.63,0.5077,6,4,0.5829,83,37,27487.91,1
CUST-000992,50,5229.36,0.2505,7,3,0.4591,102,36,11034.08,0
CUST-000993,31,7755.63,0.4068,1,1,0.4069,145,42,1320.49,1
CUST-000994,44,7420.1,0.3258,5,3,0.3765,44,41,5679.76,0
CUST-000995,49,2742.49,0.6077,5,4,0.3847,37,42,4819.67,1
CUST-000996,54,2727.15,0.1563,2,2,0.6484,167,37,4163.39,1
CUST-000997,49,3701.23,0.5555,1,3,0.7367,22,38,35889.61,1
CUST-000998,40,3232.77,0.4647,2,3,0.3365,92,37,15785.48,1
CUST-000999,72,7304.73,0.2862,1,3,0.3948,48,42,6388.41,0
CUST-001000,48,6090.61,0.027,2,4,0.7734,34,48,5894.27,1
CUST-001001,64,8527.46,0.1746,5,4,0.54,162,43,6759.89,1
CUST-001002,60,6215.7,0.0593,1,3,0.6973,76,34,5318.65,0
CUST-001003,51,5711.9,0.5294,4,1,0.3375,176,38,4803.7,1
CUST-001004,68,8922.15,0.4811,1,4,0.7229,138,38,14186.44,1
CUST-001005,27,6423.97,0.7952,4,0,0.2844,117,38,1404.49,1
CUST-001006,70,5361.82,0.4296,4,5,0.6422,104,41,14357.55,1
CUST-001007,66,10123.53,0.1566,2,4,0.5732,29,32,2281.22,0
CUST-001008,48,5476.63,0.471,4,1,0.6817,102,45,14260.62,1
CUST-001009,60,4534.46,0.4156,2,0,0.6589,172,38,23491.14,0
CUST-001010,49,3566.69,0.4761,1,0,0.1855,10,31,3524.76,1
CUST-001011,35,7135.06,0.3814,1,4,0.5219,152,45,4662.2,1
CUST-001012,64,9073.26,0.6037,0,0,0.2916,77,38,21643.8,0
CUST-001013,34,5082.96,0.2529,0,0,0.5301,81,31,6788.36,0
CUST-001014,37,9367.26,0.4588,0,4,0.3403,124,40,4453.97,1
CUST-001015,49,2142.88,0.2886,5,2,0.5553,139,38,4690.52,1
CUST-001016,66,5071.84,0.3383,5,2,0.5673,33,31,79208.25,0
CUST-001017,41,5107.02,0.3122,4,1,0.3905,129,34,5757.62,1
CUST-001018,47,3749.08,0.407,2,3,0.5402,176,39,14199.13,1
CUST-001019,23,15201.53,0.4457,2,1,0.2323,44,32,16165.89,1
CUST-001020,27,5047.39,0.4844,3,0,0.1929,7,23,36786.53,1
CUST-001021,24,4328.32,0.3189,2,2,0.3117,48,27,51211.63,0
CUST-001022,24,5261.11,0.3897,4,5,0.6379,49,31,1655.7,1
CUST-001023,67,2111.49,0.3521,2,3,0.4342,86,35,33232.69,1
CUST-001024,66,3694.03,0.1711,2,3,0.1999,9,40,10212.0,0
CUST-001025,65,8093.95,0.2688,1,1,0.3416,104,36,3570.11,0
CUST-001026,24,3918.2,0.4441,4,0,0.6031,48,40,21717.15,1
CUST-001027,25,3581.08,0.733,3,4,0.5133,101,36,3995.76,1
CUST-001028,36,9374.05,0.1778,2,2,0.645,57,21,28853.84,1
CUST-001029,51,9504.57,0.368,4,0,0.2162,163,29,6386.87,0
CUST-001030,39,6562.06,0.6386,2,1,0.3634,87,33,23720.46,1
CUST-001031,47,4237.0,0.2208,2,0,0.7328,177,33,17550.0,1
CUST-001032,30,4668.77,0.2645,5,5,0.2803,155,25,3034.82,1
CUST-001033,60,3621.15,0.4921,4,5,0.6961,134,28,2531.15,1
CUST-001034,37,3323.47,0.4817,2,5,0.9415,56,28,10474.58,1
CUST-001035,24,3250.05,0.8123,3,4,0.5536,151,28,5811.38,1
CUST-001036,61,3937.45,0.3977,5,4,0.8412,38,35,16336.32,1
CUST-001037,69,3264.26,0.4497,3,2,0.4554,145,33,7293.03,1
CUST-001038,21,2572.79,0.3416,1,2,0.7205,39,32,4119.81,0
CUST-001039,44,5739.6,0.4174,2,0,0.3414,96,29,12292.2,0
CUST-001040,65,5778.98,0.0739,2,5,0.835,18,35,1391.78,1
CUST-001041,59,11178.76,0.5168,2,0,0.4317,103,29,2723.51,0
CUST-001042,67,3849.36,0.348,0,1,0.3818,29,30,3540.14,0
CUST-001043,43,5941.16,0.6715,1,2,0.6221,153,27,1041.33,1
CUST-001044,41,5985.74,0.273,1,3,0.2537,55,28,12477.12,0
CUST-001045,59,4638.69,0.2888,3,5,0.5703,177,43,4170.77,1
CUST-001046,29,7268.93,0.5663,3,3,0.6834,43,35,11123.95,1
CUST-001047,33,7370.69,0.5351,1,4,0.3002,136,35,17616.89,1
CUST-001048,53,6025.46,0.6876,1,2,0.4958,16,28,28161.23,0
CUST-001049,57,4634.93,0.3758,2,5,0.3224,102,33,18457.26,0
CUST-001050,27,4427.21,0.5933,2,1,0.4681,172,20,2128.24,1
CUST-001051,48,2809.96,0.3151,1,2,0.8113,42,25,3994.11,1
CUST-001052,40,3618.27,0.7833,0,1,0.348,16,34,1883.23,1
CUST-001053,48,3930.46,0.6274,2,1,0.4888,109,28,3941.04,1
CUST-001054,72,3135.76,0.3825,4,4,0.362,133,42,33660.77,1
CUST-001055,25,6338.39,0.384,5,4,0.4456,50,41,11769.29,1
CUST-001056,74,8909.71,0.3091,9,4,0.3687,50,35,22033.53,1
CUST-001057,45,3455.72,0.188,2,0,0.1698,107,34,2704.41,0
CUST-001058,62,5907.41,0.5585,3,5,0.95,100,26,7475.75,1
CUST-001059,43,3265.16,0.2967,1,5,0.6816,50,33,15407.33,1
CUST-001060,37,4533.27,0.4478,4,4,0.4042,3,29,3633.77,1
CUST-001061,62,3811.45,0.2594,3,2,0.5641,71,37,7357.84,1
CUST-001062,58,6817.63,0.1159,5,0,0.4787,4,37,21073.87,0
CUST-001063,28,3831.3,0.4608,0,2,0.451,146,25,22157.63,0
CUST-001064,59,8198.13,0.3508,3,0,0.4335,62,32,14482.48,1
CUST-001065,61,4655.66,0.378,1,3,0.446,16,30,8686.85,1
CUST-001066,41,3881.95,0.5428,3,4,0.3253,127,39,9934.73,1
CUST-001067,70,2958.47,0.5011,0,0,0.2609,132,31,3294.05,1
CUST-001068,55,5827.57,0.0892,0,1,0.3707,175,38,48825.52,0
CUST-001069,39,7779.62,0.1658,1,3,0.5182,137,32,2826.17,1
CUST-001070,21,5880.57,0.2342,1,1,0.3794,83,32,28883.85,0
CUST-001071,57,14241.11,0.0886,5,5,0.8239,67,33,1590.72,1
CUST-001072,32,9895.33,0.3387,3,2,0.5634,123,34,7038.91,1
CUST-001073,61,4527.96,0.5793,2,4,0.8975,35,20,12636.64,1
CUST-001074,49,4506.61,0.3513,5,4,0.7136,103,39,4664.83,1
CUST-001075,46,6423.88,0.2068,1,3,0.3299,60,31,2325.03,0
CUST-001076,29,3566.38,0.3219,1,3,0.2944,169,25,4281.86,1
CUST-001077,59,8788.89,0.4452,4,3,0.4105,34,31,7181.42,1
CUST-001078,29,6118.88,0.6795,3,1,0.515,102,32,10449.12,1
CUST-001079,43,5836.11,0.3345,2,1,0.351,53,40,8061.32,0
CUST-001080,66,7083.64,0.4533,4,5,0.3977,51,34,10061.58,1
CUST-001081,70,11290.17,0.6464,4,2,0.5106,126,27,12136.92,1
CUST-001082,74,5615.83,0.3558,4,5,0.3632,127,38,16443.28,0
CUST-001083,72,4942.1,0.7606,0,3,0.6672,151,29,5935.33,1
CUST-001084,51,10253.12,0.324,4,4,0.441,155,35,12212.15,0
CUST-001085,31,8037.0,0.137,2,1,0.3307,159,29,3121.24,0
CUST-001086,66,4500.63,0.4149,2,1,0.7314,153,35,2112.1,1
CUST-001087,64,5212.15,0.2225,0,2,0.2361,24,38,5915.3,1
CUST-001088,74,5677.89,0.196,2,4,0.509,144,25,147204.21,0
CUST-001089,56,6119.46,0.4795,2,4,0.5079,161,30,8891.01,0
CUST-001090,28,2824.1,0.3669,3,3,0.4435,19,37,19170.5,0
CUST-001091,48,2597.48,0.8053,2,1,0.6551,146,35,26178.66,1
CUST-001092,45,3488.02,0.1607,5,0,0.1638,85,28,6799.2,1
CUST-001093,66,3368.7,0.2002,4,0,0.4235,67,21,34274.1,0
CUST-001094,42,3892.06,0.5401,0,4,0.6374,78,34,14051.71,1
CUST-001095,38,6919.05,0.1519,3,5,0.95,83,37,24038.26,0
CUST-001096,25,4819.36,0.4492,2,5,0.5163,177,25,10744.13,0
CUST-001097,66,5680.48,0.1759,1,4,0.4134,157,32,11297.66,1
CUST-001098,61,2997.33,0.6403,1,2,0.5412,29,31,32460.12,1
CUST-001099,23,4224.58,0.3114,1,4,0.8539,164,38,5803.83,1
CUST-001100,44,6772.87,0.2912,2,0,0.2492,84,33,12137.73,1
CUST-001101,46,6796.36,0.3256,1,2,0.4864,155,24,9814.57,1
CUST-001102,46,3753.17,0.3335,6,1,0.6135,132,28,10205.84,0
CUST-001103,70,5592.39,0.1402,4,5,0.4984,128,36,16920.94,0
CUST-001104,29,13987.17,0.2634,2,3,0.6289,14,34,12214.06,1
CUST-001105,37,5158.98,0.1029,0,5,0.6809,73,31,8542.1,1
CUST-001106,30,3806.55,0.1696,2,4,0.528,161,47,41501.62,0
CUST-001107,34,4808.89,0.3977,2,4,0.6784,62,26,12947.44,1
CUST-001108,69,5420.23,0.3281,2,1,0.8298,128,34,5150.16,0
CUST-001109,71,4858.03,0.6849,1,0,0.3166,66,34,9227.09,1
CUST-001110,23,5127.15,0.1517,2,1,0.4271,27,36,9192.29,0
CUST-001111,55,2715.86,0.7287,4,4,0.4053,78,39,5564.37,1
CUST-001112,33,3371.9,0.3826,2,5,0.2397,124,38,6111.18,1
CUST-001113,31,4862.04,0.6271,2,4,0.6387,166,46,8239.16,0
CUST-001114,36,4827.3,0.3762,5,5,0.5581,115,28,14342.56,1
CUST-001115,31,4030.43,0.6676,3,0,0.1371,85,36,3292.83,1
CUST-001116,47,4801.86,0.5699,2,5,0.927,24,38,15210.04,1
CUST-001117,74,5344.75,0.3252,2,0,0.564,156,32,7565.34,0
CUST-001118,52,7759.32,0.2143,3,1,0.2202,173,44,3423.51,0
CUST-001119,60,4972.95,0.0856,3,4,0.6799,94,40,14505.53,1
CUST-001120,47,6223.02,0.4478,2,5,0.6444,92,22,12039.69,1
CUST-001121,21,4075.28,0.2711,1,0,0.4672,147,45,15251.61,0
CUST-001122,25,6726.81,0.549,5,2,0.3657,97,41,24682.2,0
CUST-001123,35,6157.91,0.725,2,4,0.4704,26,27,47415.17,1
CUST-001124,34,7677.36,0.481,2,3,0.326,124,33,9820.44,1
CUST-001125,66,7168.64,0.1639,1,2,0.1993,36,34,7147.15,1
CUST-001126,66,6777.37,0.246,2,2,0.3108,38,34,8193.97,0
CUST-001127,67,4974.73,0.3904,1,1,0.5922,46,29,6649.78,1
CUST-001128,55,5805.94,0.6203,4,5,0.5125,108,29,5588.85,1
CUST-001129,51,8391.65,0.3943,0,3,0.7079,34,35,9290.84,1
CUST-001130,56,3877.63,0.5569,3,1,0.4504,60,38,2314.16,1
CUST-001131,42,3919.15,0.1928,6,5,0.4222,149,39,19452.07,1
CUST-001132,57,5642.36,0.2449,1,5,0.6279,158,33,12615.28,0
CUST-001133,63,6268.48,0.6396,4,0,0.3488,58,42,35871.24,0
CUST-001134,62,3588.77,0.3145,2,5,0.4484,161,35,4223.07,1
CUST-001135,54,5027.97,0.4526,1,5,0.5733,61,28,33397.0,1
CUST-001136,24,4984.63,0.6429,5,5,0.5733,136,36,21514.89,1
CUST-001137,60,1918.96,0.271,1,0,0.1755,8,26,3899.67,0
CUST-001138,40,4710.72,0.2923,1,2,0.5955,33,40,3427.18,1
CUST-001139,61,4844.6,0.2041,2,5,0.8563,59,40,12400.12,1
CUST-001140,50,4838.12,0.3814,4,2,0.2811,86,40,15488.77,0
CUST-001141,68,9833.75,0.2723,0,2,0.6429,100,26,18639.85,1
CUST-001142,39,3008.82,0.5757,2,1,0.2828,173,36,5208.78,1
CUST-001143,71,3587.94,0.4502,5,2,0.3999,12,39,79451.66,1
CUST-001144,66,1800.0,0.4588,1,2,0.4313,67,37,3342.16,1
CUST-001145,38,4188.1,0.362,2,2,0.2947,75,39,26245.16,1
CUST-001146,47,4351.93,0.1443,4,1,0.5046,60,28,1920.94,1
CUST-001147,49,4133.68,0.5591,1,0,0.7658,90,33,4534.48,1
CUST-001148,62,8560.11,0.459,0,3,0.362,41,55,20345.66,0
CUST-001149,58,7659.42,0.3125,0,0,0.278,79,39,44248.09,0
CUST-001150,67,5385.41,0.4635,1,5,0.588,15,23,25160.23,1
CUST-001151,40,4401.22,0.2222,2,0,0.3086,30,27,7929.29,0
CUST-001152,48,8251.9,0.5098,1,5,0.4766,16,39,3251.08,0
CUST-001153,44,5153.97,0.6987,1,3,0.4633,110,33,28866.04,0
CUST-001154,70,3598.21,0.3937,1,2,0.6094,33,33,7830.19,1
CUST-001155,37,2402.11,0.3522,1,5,0.4682,155,41,33845.17,1
CUST-001156,52,4263.4,0.302,5,2,0.3634,75,31,25771.84,0
CUST-001157,27,7302.73,0.7436,1,0,0.5044,48,29,14793.42,1
CUST-001158,66,14484.82,0.2512,4,3,0.1995,102,29,4433.81,0
CUST-001159,41,5346.19,0.3332,5,2,0.2724,12,36,4681.9,0
CUST-001160,39,3684.92,0.3958,1,5,0.3442,96,29,15842.32,1
CUST-001161,52,3050.86,0.1171,4,3,0.3575,100,33,10644.83,0
CUST-001162,47,6666.12,0.3752,0,0,0.5769,78,32,50640.93,1
CUST-001163,66,2350.39,0.674,5,2,0.5753,135,29,16155.74,1
CUST-001164,49,6661.3,0.1262,4,1,0.4837,156,39,14981.33,0
CUST-001165,48,7512.95,0.2531,2,1,0.5309,131,29,37742.91,0
CUST-001166,26,6328.0,0.2878,2,1,0.1392,149,40,5275.93,0
CUST-001167,22,4710.58,0.1992,3,0,0.6507,77,27,15002.61,0
CUST-001168,42,6705.19,0.2051,0,4,0.7812,72,32,4353.7,0
CUST-001169,74,5615.78,0.2681,0,2,0.3332,11,30,21081.1,0
CUST-001170,70,3663.81,0.6469,3,2,0.6789,93,35,39105.58,1
CUST-001171,54,11957.33,0.2325,3,2,0.2274,170,20,11197.35,1
CUST-001172,55,4438.88,0.2145,4,5,0.7175,159,29,2066.56,1
CUST-001173,42,7372.43,0.2642,3,4,0.4991,23,35,23482.92,1
CUST-001174,30,1800.0,0.7951,1,5,0.8003,36,33,36825.61,1
CUST-001175,21,9235.65,0.5068,2,3,0.5491,161,36,4842.58,1
CUST-001176,39,10070.42,0.4662,1,5,0.9173,65,30,5182.5,1
CUST-001177,38,5270.28,0.6704,4,5,0.5003,104,29,22847.22,1
CUST-001178,31,6686.6,0.2953,3,3,0.6985,109,22,4120.97,0
CUST-001179,34,6685.83,0.3544,2,2,0.2009,76,31,3469.69,0
CUST-001180,22,3893.88,0.0736,2,5,0.5405,82,27,4211.07,0
CUST-001181,53,6651.64,0.4508,3,4,0.5041,152,26,6326.39,0
CUST-001182,71,3613.85,0.3692,1,2,0.3869,101,38,18551.79,1
CUST-001183,58,3953.96,0.5354,0,1,0.3769,176,29,10926.48,1
CUST-001184,45,8634.65,0.1741,2,2,0.5739,10,44,22376.2,1
CUST-001185,43,8062.75,0.7471,4,1,0.5444,24,30,15876.53,1
CUST-001186,37,3784.03,0.759,3,2,0.6797,89,41,31976.67,1
CUST-001187,28,3737.99,0.2704,1,4,0.4485,122,18,24384.37,1
CUST-001188,53,3888.95,0.128,6,4,0.3762,172,30,3497.78,1
CUST-001189,51,7230.78,0.3143,7,0,0.0709,169,27,6944.45,0
CUST-001190,21,3315.69,0.6757,3,0,0.6287,169,37,29973.72,1
CUST-001191,43,6105.43,0.6682,6,3,0.6155,82,34,13666.11,1
CUST-001192,36,7277.15,0.6819,3,3,0.3187,126,31,5910.13,1
CUST-001193,30,4997.55,0.6737,4,0,0.2017,51,28,6767.91,1
CUST-001194,58,8192.24,0.1691,2,5,0.778,168,36,20719.19,1
CUST-001195,49,4534.52,0.1442,3,5,0.5437,154,40,6800.42,0
CUST-001196,55,4722.9,0.2169,4,0,0.3842,137,34,26280.23,1
CUST-001197,59,3349.79,0.5899,2,0,0.4095,122,33,7837.55,0
CUST-001198,74,8218.51,0.5962,3,0,0.5279,36,33,35952.57,1
CUST-001199,64,3682.99,0.5294,2,3,0.4501,127,47,26892.65,1
CUST-001200,54,6086.39,0.3982,5,5,0.3734,124,36,5611.78,1
CUST-001201,68,5035.77,0.1102,1,2,0.3625,57,25,18756.82,0
CUST-001202,46,3237.84,0.2626,5,4,0.5734,178,34,2708.12,1
CUST-001203,74,3953.35,0.5085,3,1,0.2764,64,28,9779.99,1
CUST-001204,62,9688.61,0.2347,2,0,0.359,118,50,9090.25,0
CUST-001205,56,5693.95,0.28,2,2,0.4754,175,27,1991.65,1
CUST-001206,69,3302.04,0.5098,1,2,0.5381,145,35,1868.58,0
CUST-001207,48,5965.88,0.4744,3,5,0.9017,140,41,26779.4,0
CUST-001208,59,4869.09,0.4796,2,1,0.3697,125,35,8783.13,1
CUST-001209,36,24605.73,0.4538,1,2,0.238,14,27,10423.72,0
CUST-001210,73,5911.88,0.4266,3,1,0.7587,9,38,6947.55,1
CUST-001211,54,4381.44,0.663,4,2,0.234,131,35,28154.57,1
CUST-001212,63,9851.97,0.2436,1,0,0.5391,6,37,2340.07,1
CUST-001213,45,2270.94,0.3907,3,2,0.4075,122,40,19285.13,1
CUST-001214,67,5425.46,0.2212,0,1,0.5288,135,36,53445.53,0
CUST-001215,25,12757.91,0.0925,3,2,0.8435,43,42,4372.63,1
CUST-001216,27,4935.08,0.3571,2,3,0.3914,57,30,3771.87,0
CUST-001217,48,2383.75,0.9508,1,4,0.427,152,32,12766.44,1
CUST-001218,60,4351.39,0.3846,1,1,0.3752,88,26,16184.68,1
CUST-001219,64,10006.07,0.2963,6,5,0.95,124,35,2841.08,1
CUST-001220,44,6158.85,0.2446,4,1,0.441,61,34,6531.48,0
CUST-001221,56,3565.03,0.7415,4,0,0.1657,30,23,35331.83,0
CUST-001222,50,3820.19,0.2993,1,1,0.3909,38,39,50440.52,1
CUST-001223,72,4042.22,0.7253,3,1,0.3511,43,46,7778.44,0
CUST-001224,56,6117.77,0.3766,2,0,0.177,57,34,10142.99,1
CUST-001225,43,9495.77,0.1179,3,3,0.8339,128,25,12009.6,0
CUST-001226,73,8349.9,0.5111,1,3,0.6574,80,37,735.68,1
CUST-001227,26,6384.44,0.1916,2,1,0.1199,89,39,4573.62,0
CUST-001228,74,2855.99,0.1303,2,4,0.5097,54,35,8608.78,1
CUST-001229,29,2860.76,0.6111,2,1,0.297,109,37,74279.37,1
CUST-001230,36,6610.25,0.1668,0,5,0.3822,173,40,13192.97,1
CUST-001231,65,2838.28,0.3938,2,2,0.3327,148,32,33484.24,0
CUST-001232,60,4698.08,0.4517,1,1,0.1252,170,34,7592.12,1
CUST-001233,73,5962.72,0.3661,2,4,0.4397,80,42,13493.66,1
CUST-001234,61,3116.6,0.4889,2,0,0.1761,22,31,3792.4,0
CUST-001235,55,3279.66,0.4194,1,5,0.4775,48,31,2374.78,1
CUST-001236,39,4984.36,0.2518,3,4,0.4143,44,45,3245.11,1
CUST-001237,21,6522.78,0.3252,2,1,0.4919,95,40,6014.36,0
CUST-001238,27,8384.14,0.3146,1,1,0.652,24,33,8196.91,1
CUST-001239,37,6833.47,0.342,2,5,0.5519,78,22,5019.07,1
CUST-001240,23,5375.24,0.2674,4,3,0.4225,107,40,1067.2,0
CUST-001241,48,3716.83,0.6024,2,3,0.7793,76,25,16106.42,1
CUST-001242,62,3211.54,0.1428,2,4,0.6216,99,42,3970.19,1
CUST-001243,73,4132.01,0.726,1,1,0.5093,92,33,8607.83,1
CUST-001244,47,6253.43,0.1963,2,2,0.7144,25,33,4280.18,1
CUST-001245,68,6050.49,0.4779,3,2,0.5147,36,39,20423.33,1
CUST-001246,74,2021.22,0.3555,0,2,0.2276,117,30,1701.42,0
CUST-001247,67,3651.38,0.6607,3,1,0.7773,83,25,18535.28,1
CUST-001248,46,8941.35,0.4652,3,2,0.5706,65,32,5423.41,1
CUST-001249,38,5388.71,0.4674,0,4,0.5718,99,28,5995.54,1
CUST-001250,73,2748.36,0.3494,3,2,0.8254,86,42,8330.65,0
CUST-001251,34,15010.92,0.267,1,0,0.4003,113,29,7521.43,0
CUST-001252,43,5132.72,0.5692,6,0,0.2513,131,29,28110.29,0
CUST-001253,24,6181.8,0.6991,3,0,0.1475,21,34,14340.08,0
CUST-001254,63,6224.2,0.6195,1,1,0.3371,7,39,26518.47,1
CUST-001255,56,4407.2,0.3238,1,4,0.4156,121,35,12492.68,1
CUST-001256,25,3748.11,0.7707,1,3,0.5991,159,27,7055.33,1
CUST-001257,32,13509.76,0.5338,1,2,0.6277,127,32,7161.88,1
CUST-001258,50,8167.0,0.2995,1,0,0.1306,23,36,1889.25,0
CUST-001259,50,7527.25,0.5534,2,1,0.2369,157,25,43971.05,1
CUST-001260,64,6739.52,0.7732,1,1,0.2237,98,27,7066.72,1
CUST-001261,35,3310.72,0.6882,3,2,0.6351,3,38,1602.22,1
CUST-001262,70,9240.05,0.0455,1,2,0.3405,169,27,3147.47,0
CUST-001263,45,3558.18,0.0572,2,1,0.5216,8,43,1928.46,1
CUST-001264,65,5907.0,0.2989,1,2,0.4536,171,33,4139.67,1
CUST-001265,33,2486.64,0.2641,5,0,0.0409,136,41,13073.23,0
CUST-001266,22,2075.65,0.7422,4,0,0.5178,135,30,1236.48,0
CUST-001267,23,6000.78,0.441,5,5,0.7939,162,36,25965.78,1
CUST-001268,41,3613.09,0.2826,5,5,0.376,115,36,4493.96,0
CUST-001269,72,2124.49,0.3899,2,5,0.4517,22,30,6517.58,1
CUST-001270,23,6632.18,0.5851,4,0,0.2063,92,43,7403.6,1
CUST-001271,40,13500.07,0.3507,3,4,0.6726,31,40,2944.45,1
CUST-001272,26,9717.81,0.5665,2,5,0.8093,31,32,15080.51,1
CUST-001273,71,4631.43,0.3317,4,2,0.3334,18,35,2227.13,1
CUST-001274,57,5220.74,0.4828,7,5,0.2566,89,37,31663.81,1
CUST-001275,62,7753.36,0.4939,2,5,0.4077,120,34,3045.58,1
CUST-001276,59,8615.96,0.4976,1,1,0.5506,62,37,7649.25,1
CUST-001277,56,4455.18,0.0827,2,5,0.3757,128,32,4269.03,0
CUST-001278,62,5280.59,0.5096,3,0,0.2793,163,48,21165.35,0
CUST-001279,21,5953.24,0.2168,1,0,0.3984,58,34,2845.79,0
CUST-001280,67,6671.89,0.2307,5,0,0.5066,5,35,27993.47,0
CUST-001281,60,4897.74,0.3013,2,5,0.5619,129,37,54759.5,0
CUST-001282,60,4926.46,0.3212,3,5,0.2692,109,47,2268.71,0
CUST-001283,42,9675.37,0.5103,4,1,0.435,14,43,1444.49,1
CUST-001284,64,8961.55,0.1416,6,5,0.4989,151,31,6201.2,1
CUST-001285,41,6446.22,0.7436,4,0,0.4789,111,35,9048.64,0
CUST-001286,23,11271.28,0.3987,4,3,0.2168,11,40,6486.85,0
CUST-001287,70,4369.98,0.5736,3,5,0.6788,120,34,6175.66,1
CUST-001288,33,10794.07,0.1477,0,5,0.5008,105,25,14782.71,0
CUST-001289,26,6637.87,0.1452,2,1,0.4547,6,22,10971.94,1
CUST-001290,54,22660.43,0.4015,2,4,0.4987,98,22,1892.16,0
CUST-001291,33,3040.56,0.9133,2,4,0.8816,91,37,4145.83,1
CUST-001292,67,3813.14,0.6944,2,3,0.2998,12,25,26439.32,1
CUST-001293,44,6278.42,0.8086,3,4,0.7323,68,32,9257.18,1
CUST-001294,21,6217.79,0.4267,3,5,0.6109,127,30,7743.92,1
CUST-001295,72,12506.16,0.0896,3,0,0.1686,105,23,2570.47,0
CUST-001296,48,3849.3,0.2373,0,2,0.1611,76,40,15785.07,1
CUST-001297,35,7813.65,0.2463,5,1,0.856,108,30,8041.26,1
CUST-001298,57,8773.77,0.3259,5,2,0.3287,81,38,8034.0,1
CUST-001299,49,7140.27,0.5213,0,2,0.1937,18,35,19698.67,1
CUST-001300,22,3374.38,0.2662,2,4,0.3022,12,37,3166.6,1
CUST-001301,62,9797.72,0.3284,2,3,0.178,114,36,23501.99,1
CUST-001302,42,9041.77,0.6251,4,4,0.9316,72,42,10734.44,1
CUST-001303,58,6810.54,0.618,2,4,0.8427,137,38,23177.81,1
CUST-001304,69,5700.85,0.4841,1,2,0.4381,20,36,6333.05,0
CUST-001305,53,5756.95,0.6532,5,3,0.5494,147,33,25956.09,1
CUST-001306,57,5018.98,0.5455,4,2,0.3842,130,39,644.39,1
CUST-001307,34,6937.99,0.6914,3,3,0.3114,149,34,2368.53,1
CUST-001308,33,5273.37,0.2857,5,1,0.5885,141,33,3562.09,0
CUST-001309,43,3549.56,0.4967,2,1,0.1747,12,34,4136.44,0
CUST-001310,67,3243.95,0.5017,0,0,0.1176,32,27,22013.74,1
CUST-001311,49,3707.07,0.4041,2,0,0.4361,34,31,1419.84,1
CUST-001312,39,5746.66,0.4194,3,2,0.456,23,37,18284.33,1
CUST-001313,63,5137.3,0.654,2,1,0.1667,131,34,8047.77,0
CUST-001314,67,5729.13,0.2679,2,2,0.3835,174,27,2965.58,1
CUST-001315,69,6514.46,0.3126,1,4,0.9087,148,43,39656.86,1
CUST-001316,37,3921.07,0.5872,2,0,0.2438,82,36,2422.24,1
CUST-001317,59,10056.36,0.4728,0,1,0.5147,163,38,18384.91,0
CUST-001318,52,4609.82,0.5837,2,0,0.7875,133,31,26760.28,1
CUST-001319,45,4278.56,0.2024,0,4,0.4629,127,18,1518.26,1
CUST-001320,42,6460.67,0.1817,5,0,0.042,43,35,3199.34,0
CUST-001321,27,2275.57,0.5174,3,5,0.5541,144,45,27606.41,1
CUST-001322,35,3643.4,0.2073,2,5,0.4013,31,39,9578.85,1
CUST-001323,50,8086.06,0.3601,1,2,0.8196,104,33,14950.12,1
CUST-001324,68,2379.33,0.5723,2,4,0.7775,57,36,8775.73,1
CUST-001325,67,8598.32,0.4436,1,1,0.8558,128,31,16576.22,0
CUST-001326,31,10264.28,0.2577,2,0,0.577,135,26,2775.14,1
CUST-001327,57,4403.52,0.4318,2,3,0.4327,105,25,16096.76,1
CUST-001328,25,5929.7,0.6782,5,3,0.5265,96,34,7102.44,1
CUST-001329,57,8604.18,0.412,4,1,0.3582,3,33,6827.36,1
CUST-001330,39,4214.81,0.0518,1,2,0.7517,150,29,2426.41,1
CUST-001331,45,7684.13,0.4012,5,3,0.2911,123,26,2039.7,0
CUST-001332,59,3844.49,0.4349,3,3,0.6456,4,32,7266.53,1
CUST-001333,43,4194.35,0.5554,2,1,0.6704,96,26,24935.48,1
CUST-001334,64,3629.0,0.5372,1,4,0.7419,100,31,9889.57,1
CUST-001335,49,6066.91,0.5023,2,3,0.5793,7,36,3437.06,0
CUST-001336,74,8756.05,0.4436,3,2,0.3284,78,32,7054.18,0
CUST-001337,55,4786.54,0.1913,2,3,0.6503,15,27,6436.69,1
CUST-001338,37,2934.67,0.2135,2,1,0.2137,31,36,3934.97,1
CUST-001339,62,3194.53,0.3693,3,2,0.5737,152,42,12035.28,1
CUST-001340,43,6210.42,0.1004,1,4,0.4061,66,29,3459.38,1
CUST-001341,49,11923.5,0.5271,2,0,0.1253,25,26,4468.06,0
CUST-001342,28,6207.98,0.235,7,0,0.1729,89,37,3090.65,1
CUST-001343,27,4369.09,0.1812,0,1,0.1725,97,28,4184.93,0
CUST-001344,52,7340.75,0.5387,3,5,0.4165,71,33,32971.13,1
CUST-001345,31,4668.72,0.1979,1,4,0.842,22,26,4391.85,1
CUST-001346,74,4386.06,0.4678,3,5,0.6255,163,22,5387.24,1
CUST-001347,67,3378.23,0.6666,4,1,0.5486,14,39,17048.08,1
CUST-001348,58,9800.77,0.2155,1,2,0.1033,68,38,21177.72,0
CUST-001349,60,1800.0,0.2844,4,1,0.2241,120,37,5273.19,0
CUST-001350,53,7446.14,0.2019,1,4,0.4668,157,28,25750.14,0
CUST-001351,24,4220.58,0.592,1,4,0.5972,126,21,3436.43,1
CUST-001352,42,4323.24,0.386,4,5,0.4796,106,41,15360.77,1
CUST-001353,47,11136.19,0.2608,3,1,0.3058,81,36,7798.41,0
CUST-001354,70,3770.85,0.5847,2,5,0.4889,147,42,12309.96,0
CUST-001355,32,3829.09,0.3492,0,5,0.3554,84,31,14370.47,0
CUST-001356,47,4903.66,0.1928,0,0,0.3181,107,18,7859.2,0
CUST-001357,39,6264.44,0.3014,3,2,0.6825,78,35,13382.34,1
CUST-001358,28,4262.36,0.34,0,1,0.7198,140,34,16919.1,1
CUST-001359,26,2561.06,0.119,2,5,0.5321,11,30,1944.86,1
CUST-001360,40,3522.23,0.0825,1,2,0.2385,41,22,3803.99,1
CUST-001361,25,9255.88,0.5636,0,0,0.2378,152,28,19047.84,0
CUST-001362,24,5377.95,0.1731,3,3,0.3173,19,25,1485.72,1
CUST-001363,39,6370.31,0.5122,6,1,0.2949,110,38,3023.57,1
CUST-001364,31,4622.89,0.4604,2,2,0.5475,111,34,33639.04,0
CUST-001365,50,3864.7,0.6537,3,3,0.7051,27,32,6004.29,1
CUST-001366,21,11062.54,0.3931,4,0,0.3668,48,33,10052.11,0
CUST-001367,37,4777.76,0.3327,4,5,0.4684,56,33,12146.02,1
CUST-001368,45,4259.46,0.2842,1,2,0.206,85,40,12654.8,0
CUST-001369,73,8515.8,0.2478,2,3,0.5928,97,31,5321.21,0
CUST-001370,55,3756.91,0.2817,2,1,0.1875,45,37,6135.62,1
CUST-001371,68,3979.0,0.4375,3,4,0.3,59,26,58426.37,1
CUST-001372,39,5224.03,0.5147,1,2,0.2602,116,31,2562.92,1
CUST-001373,45,5200.63,0.1039,3,3,0.5875,160,36,4525.4,0
CUST-001374,43,5844.4,0.4632,3,1,0.2688,131,38,2964.96,0
CUST-001375,68,13328.57,0.2622,4,1,0.3317,163,35,7058.29,0
CUST-001376,72,6049.47,0.6964,1,2,0.3356,92,40,3666.09,1
CUST-001377,72,1800.0,0.3961,1,1,0.4397,8,36,26411.48,1
CUST-001378,61,6022.44,0.1208,3,3,0.3594,67,44,35170.16,1
CUST-001379,48,5289.4,0.4726,1,3,0.1953,179,27,8148.16,1
CUST-001380,50,5302.67,0.1321,3,2,0.3705,111,29,3363.49,0
CUST-001381,73,5808.57,0.1996,3,0,0.4243,51,38,43443.29,0
CUST-001382,36,5133.32,0.3462,1,1,0.3883,152,45,4246.28,0
CUST-001383,39,5078.33,0.2193,3,1,0.7348,70,34,10253.86,0
CUST-001384,69,6851.92,0.4986,4,2,0.4567,56,42,11698.91,0
CUST-001385,41,4074.39,0.3367,1,4,0.4543,3,27,3469.33,1
CUST-001386,33,3394.65,0.2166,1,1,0.4202,26,19,5748.7,0
CUST-001387,51,20274.43,0.4232,2,4,0.5769,79,28,44467.07,0
CUST-001388,38,3767.92,0.1814,1,0,0.1446,104,40,10734.55,0
CUST-001389,69,5439.69,0.4237,3,3,0.5891,34,37,13065.74,1
CUST-001390,70,2652.79,0.0444,4,3,0.2136,80,28,17469.52,0
CUST-001391,37,5479.8,0.0831,4,4,0.9169,74,45,12336.43,0
CUST-001392,49,3416.81,0.4093,0,3,0.2073,99,29,20810.72,0
CUST-001393,74,4261.18,0.6131,3,1,0.1754,162,23,13686.62,1
CUST-001394,61,8322.29,0.4294,2,1,0.4645,83,36,7452.4,1
CUST-001395,32,6430.57,0.1864,4,4,0.3558,128,28,144475.55,0
CUST-001396,52,6715.67,0.2481,2,5,0.2696,110,40,4955.72,1
CUST-001397,54,2343.43,0.2064,2,3,0.6967,150,25,5969.22,1
CUST-001398,56,11884.81,0.2608,1,4,0.576,171,25,29455.47,1
CUST-001399,22,3041.38,0.3014,2,5,0.7374,143,26,17236.1,1
CUST-001400,37,10345.08,0.793,5,5,0.2852,41,23,5874.52,1
CUST-001401,67,8234.67,0.5854,0,0,0.2936,48,31,5489.27,1
CUST-001402,34,6742.69,0.4171,5,2,0.2879,45,28,8515.43,1
CUST-001403,37,3539.25,0.3699,2,3,0.8005,136,40,11327.39,1
CUST-001404,38,5567.1,0.4788,1,3,0.3979,179,33,8569.39,1
CUST-001405,30,4206.98,0.1908,4,3,0.2824,13,37,5369.72,0
CUST-001406,29,5268.4,0.3344,1,4,0.5711,176,39,15782.39,0
CUST-001407,39,4646.97,0.5709,0,1,0.1133,115,29,9097.56,0
CUST-001408,68,2077.75,0.3034,1,3,0.3975,84,29,19012.33,0
CUST-001409,21,8614.63,0.1309,3,4,0.4183,136,30,9853.35,0
CUST-001410,36,5013.63,0.3317,2,4,0.2816,88,31,2211.05,0
CUST-001411,24,4180.78,0.474,3,3,0.5148,65,42,13449.6,1
CUST-001412,51,4041.08,0.2961,3,2,0.1553,103,29,20896.62,0
CUST-001413,34,6110.24,0.5355,2,2,0.3755,85,27,12418.85,1
CUST-001414,63,3478.04,0.1757,2,0,0.4709,101,39,2094.35,0
CUST-001415,52,1884.81,0.3845,4,4,0.6025,148,34,11328.23,1
CUST-001416,63,6245.54,0.5883,2,4,0.4662,131,28,5740.1,0
CUST-001417,55,6568.3,0.2717,0,5,0.95,140,35,9257.75,0
CUST-001418,44,4753.23,0.4851,5,2,0.4204,95,30,13720.92,1
CUST-001419,67,3102.17,0.4936,2,1,0.1992,178,32,7062.28,1
CUST-001420,46,5412.33,0.1552,2,3,0.4587,133,40,15545.73,0
CUST-001421,72,2690.21,0.2602,1,3,0.5729,58,26,13574.75,1
CUST-001422,74,3275.28,0.4019,1,2,0.5951,138,35,12120.76,1
CUST-001423,52,3709.31,0.3827,5,2,0.4936,67,31,6385.29,1
CUST-001424,57,7602.15,0.8755,6,2,0.405,63,29,21648.38,1
CUST-001425,34,4417.1,0.4146,3,2,0.6878,82,33,33216.77,1
CUST-001426,64,4250.85,0.3652,4,3,0.3832,125,37,8754.41,1
CUST-001427,57,12531.81,0.3483,3,4,0.4736,52,27,5762.23,1
CUST-001428,69,6093.77,0.2508,3,3,0.4879,99,21,6191.21,1
CUST-001429,35,6056.95,0.5186,2,4,0.4459,150,36,18215.88,1
CUST-001430,63,4403.03,0.5671,2,0,0.4241,172,27,9779.99,1
CUST-001431,46,3976.06,0.2725,3,1,0.3111,59,29,7219.87,1
CUST-001432,30,1944.05,0.2054,2,1,0.2594,98,35,4602.91,0
CUST-001433,30,8041.31,0.5231,0,4,0.6984,161,40,12742.04,1
CUST-001434,51,6362.35,0.3592,3,1,0.2065,141,35,15560.54,1
CUST-001435,38,4797.21,0.5829,3,5,0.6739,119,40,8385.13,1
CUST-001436,26,4888.6,0.8484,5,3,0.6228,23,36,11464.39,1
CUST-001437,44,7242.19,0.5855,3,1,0.3549,146,39,14014.58,1
CUST-001438,56,2583.23,0.5016,2,2,0.317,117,27,20527.7,1
CUST-001439,38,3987.69,0.4815,2,0,0.6018,90,26,4068.34,1
CUST-001440,72,3118.41,0.6425,3,1,0.574,22,30,4709.95,1
CUST-001441,63,11540.21,0.7713,1,3,0.7409,127,33,6233.45,1
CUST-001442,48,7711.43,0.3059,3,0,0.0775,121,30,9189.71,0
CUST-001443,71,1929.86,0.4902,5,3,0.3578,48,37,5894.69,0
CUST-001444,44,2631.27,0.1191,0,4,0.2352,60,40,6948.25,0
CUST-001445,28,4899.35,0.4187,3,1,0.4598,173,32,17097.29,0
CUST-001446,22,4204.1,0.8029,2,0,0.4544,115,27,2431.88,1
CUST-001447,71,2865.34,0.8276,2,3,0.4766,96,36,4389.12,1
CUST-001448,72,12475.94,0.3735,1,2,0.562,79,23,4833.85,1
CUST-001449,60,5985.27,0.4918,1,2,0.5146,97,37,27524.6,1
CUST-001450,26,6438.7,0.422,0,2,0.2033,148,35,9583.8,0
CUST-001451,36,3808.56,0.2674,2,3,0.5031,13,36,10950.46,1
CUST-001452,23,7197.13,0.2632,2,2,0.5658,24,37,4208.0,0
CUST-001453,23,4381.82,0.1241,1,1,0.234,39,28,5736.84,1
CUST-001454,34,4577.51,0.1496,2,0,0.462,46,32,881.81,0
CUST-001455,51,6845.62,0.5062,2,5,0.667,26,32,9364.62,1
CUST-001456,24,2498.3,0.3522,2,4,0.365,78,26,4854.94,1
CUST-001457,74,10668.77,0.1682,4,3,0.4377,4,36,2071.72,1
CUST-001458,45,5644.79,0.6924,3,1,0.3282,64,33,11643.52,0
CUST-001459,35,9254.26,0.6475,2,0,0.3259,7,34,3826.88,1
CUST-001460,48,3205.02,0.246,5,3,0.9411,19,29,9659.87,0
CUST-001461,63,3432.31,0.4678,3,5,0.6525,119,29,11430.04,1
CUST-001462,37,3082.69,0.2737,3,2,0.5065,79,24,107402.98,0
CUST-001463,23,5819.96,0.6426,1,0,0.3338,175,27,6214.51,1
CUST-001464,23,5356.72,0.3275,4,3,0.3748,104,31,10492.76,1
CUST-001465,67,4219.32,0.6676,2,5,0.5755,71,32,8459.84,1
CUST-001466,27,3294.74,0.5714,1,2,0.1939,132,32,4441.6,1
CUST-001467,55,2940.83,0.4808,1,2,0.1888,150,28,10602.22,0
CUST-001468,41,5087.78,0.5832,0,5,0.8257,38,36,17664.88,1
CUST-001469,62,4217.09,0.1178,3,1,0.3434,99,31,14417.19,0
CUST-001470,24,3819.56,0.2913,1,2,0.5167,53,30,16458.42,1
CUST-001471,69,10431.7,0.5405,0,1,0.6516,178,35,4320.35,1
CUST-001472,58,5010.88,0.6306,5,0,0.0919,82,38,9445.05,0
CUST-001473,45,9208.97,0.6743,1,5,0.4578,17,38,2107.91,1
CUST-001474,32,4090.61,0.087,3,2,0.2807,151,32,1868.19,0
CUST-001475,73,5805.51,0.3615,5,4,0.6726,161,41,40763.35,1
CUST-001476,37,5071.79,0.1876,4,2,0.4482,69,37,9776.91,1
CUST-001477,47,2422.33,0.1027,0,4,0.8573,83,29,15579.53,1
CUST-001478,42,9888.88,0.4648,4,0,0.1314,131,35,15629.23,1
CUST-001479,33,4893.17,0.1777,1,3,0.4818,8,37,8603.77,1
CUST-001480,43,7275.75,0.4454,1,5,0.6578,159,17,29336.58,1
CUST-001481,29,3707.08,0.2948,2,5,0.7662,3,27,7801.35,1
CUST-001482,21,4828.22,0.4783,2,1,0.5979,35,41,1269.65,1
CUST-001483,36,3520.4,0.5491,2,4,0.5995,58,33,10347.02,1
CUST-001484,27,9068.96,0.3572,2,5,0.698,116,35,20533.83,1
CUST-001485,43,5982.23,0.2105,3,4,0.5647,141,25,2483.12,0
CUST-001486,67,6133.91,0.6242,3,2,0.3182,34,30,6855.91,1
CUST-001487,29,9581.57,0.1261,3,0,0.3006,61,42,24001.48,0
CUST-001488,21,8749.64,0.1907,4,3,0.3876,144,45,19648.51,0
CUST-001489,26,7337.97,0.2854,1,0,0.1168,61,40,7853.16,0
CUST-001490,48,2742.53,0.1387,1,4,0.3949,66,32,4415.04,0
CUST-001491,35,3802.29,0.0809,4,2,0.4902,77,42,8774.19,0
CUST-001492,47,3309.87,0.5593,2,0,0.4852,112,32,10982.21,0
CUST-001493,22,7214.18,0.6134,3,4,0.3567,145,35,17194.53,0
CUST-001494,38,5615.06,0.3992,7,2,0.6999,166,25,7750.59,0
CUST-001495,43,2781.33,0.1102,1,3,0.4197,151,31,35720.17,0
CUST-001496,44,4776.57,0.2415,3,1,0.2361,47,43,10869.49,0
CUST-001497,50,2654.64,0.5039,2,2,0.3865,69,33,6419.32,1
CUST-001498,63,5077.09,0.5279,4,1,0.5474,115,36,5351.47,0
CUST-001499,46,2468.82,0.6008,2,1,0.2191,72,40,4077.02,1
CUST-001500,66,6597.11,0.6128,2,4,0.3932,99,33,22107.14,1
CUST-001501,49,6164.1,0.7649,4,4,0.4032,63,30,7355.77,1
CUST-001502,35,12270.96,0.2893,2,0,0.3438,120,31,673.74,0
CUST-001503,33,7615.62,0.4942,4,0,0.2549,111,41,6202.33,1
CUST-001504,38,4298.85,0.2269,3,3,0.7334,21,33,26643.17,1
CUST-001505,53,7514.17,0.3239,3,3,0.3553,178,30,5814.95,0
CUST-001506,34,2772.39,0.4375,5,2,0.3174,21,41,2615.59,1
CUST-001507,70,3372.13,0.3177,3,5,0.4554,74,34,5732.9,1
CUST-001508,46,6041.02,0.2576,2,5,0.2761,152,37,14940.12,0
CUST-001509,67,1968.84,0.5182,3,3,0.33,8,29,7049.77,1
CUST-001510,57,5113.77,0.2532,0,5,0.5881,53,28,3782.96,1
CUST-001511,39,3285.57,0.6072,6,2,0.4021,127,27,14821.32,1
CUST-001512,33,5442.55,0.5337,0,0,0.371,123,25,24714.14,0
CUST-001513,61,3201.69,0.5009,0,0,0.1302,160,32,32633.57,0
CUST-001514,38,6293.83,0.3159,3,4,0.744,125,34,10517.32,1
CUST-001515,34,5245.42,0.1362,2,0,0.0569,107,40,7471.89,0
CUST-001516,71,9765.18,0.3853,3,1,0.528,36,38,12943.62,1
CUST-001517,47,5215.78,0.464,2,4,0.9425,159,41,27139.63,1
CUST-001518,23,3679.47,0.2548,1,2,0.3436,74,36,22318.62,0
CUST-001519,47,4653.22,0.4885,0,1,0.5715,34,32,8209.7,0
CUST-001520,45,2839.85,0.6295,4,4,0.3691,23,34,3730.43,1
CUST-001521,67,6242.75,0.6005,0,4,0.6295,174,36,10940.74,1
CUST-001522,59,6780.77,0.8764,3,1,0.5047,22,33,8690.44,1
CUST-001523,31,15796.63,0.3427,2,1,0.3995,36,45,13239.53,0
CUST-001524,29,3930.76,0.4462,0,4,0.7234,159,33,3289.13,1
CUST-001525,53,4609.65,0.3653,3,1,0.611,123,25,4870.18,0
CUST-001526,23,4013.11,0.1868,3,1,0.2735,117,36,19416.04,0
CUST-001527,38,5720.81,0.3377,6,5,0.5841,20,36,10416.21,1
CUST-001528,28,6174.45,0.0579,3,5,0.2593,60,35,3053.74,0
CUST-001529,22,5076.59,0.6479,3,5,0.4431,140,32,28597.05,1
CUST-001530,70,8478.26,0.2702,3,2,0.6328,101,43,6759.37,1
CUST-001531,25,3939.36,0.4472,2,4,0.7187,12,28,12405.74,1
CUST-001532,21,8104.64,0.2238,2,1,0.4178,112,39,5688.55,0
CUST-001533,71,6625.88,0.4127,3,5,0.8817,11,33,11264.3,1
CUST-001534,31,5171.93,0.3981,2,0,0.3067,6,48,28644.17,0
CUST-001535,65,4512.89,0.443,4,5,0.669,44,41,28782.83,1
CUST-001536,22,15497.2,0.1797,2,3,0.4656,63,34,35461.48,0
CUST-001537,29,3600.26,0.1523,2,5,0.6089,100,37,5740.48,0
CUST-001538,26,5946.06,0.5827,3,4,0.5874,104,33,15775.93,1
CUST-001539,59,3710.1,0.2202,4,1,0.2956,159,36,1960.03,0
CUST-001540,54,11613.73,0.4154,1,4,0.7145,65,46,11829.92,0
CUST-001541,46,7750.29,0.6165,1,4,0.6459,57,38,46655.92,1
CUST-001542,34,3832.05,0.6512,3,2,0.7029,54,33,2971.11,1
CUST-001543,25,6549.09,0.4402,4,3,0.3155,82,37,4173.31,1
CUST-001544,51,5839.36,0.2527,2,2,0.6913,85,23,7762.84,1
CUST-001545,33,4121.34,0.6473,1,1,0.7697,42,30,7100.55,1
CUST-001546,52,7314.31,0.3042,1,3,0.3691,132,29,18582.45,1
CUST-001547,58,6195.64,0.0289,3,3,0.4107,96,37,17498.7,1
CUST-001548,66,5730.04,0.4605,5,0,0.5967,133,32,1420.7,1
CUST-001549,47,5102.83,0.489,3,4,0.4059,7,29,3462.18,1
CUST-001550,21,6313.14,0.7011,2,1,0.4994,107,41,7723.77,1
CUST-001551,36,5765.45,0.1993,1,0,0.0534,157,45,5304.31,0
CUST-001552,67,5340.13,0.3601,1,1,0.2803,139,23,12321.74,0
CUST-001553,49,3896.98,0.734,4,5,0.4039,56,37,12854.4,1
CUST-001554,54,11143.47,0.1381,2,4,0.3293,28,35,1178.66,1
CUST-001555,45,3241.28,0.3219,6,2,0.4858,166,43,6727.84,1
CUST-001556,29,6303.44,0.4959,3,2,0.2812,31,46,4143.73,0
CUST-001557,69,4502.13,0.6299,1,2,0.5002,81,33,9918.96,1
CUST-001558,62,11478.26,0.4054,3,0,0.5767,137,31,16316.03,0
CUST-001559,74,3462.85,0.3961,3,2,0.4416,102,34,7403.49,1
CUST-001560,67,3735.16,0.4587,0,5,0.7063,51,24,2828.56,1
CUST-001561,36,3361.01,0.765,0,3,0.5378,151,41,29416.49,1
CUST-001562,34,6014.77,0.4061,1,2,0.5353,38,40,4421.86,0
CUST-001563,34,2803.27,0.7333,3,5,0.5301,169,35,5598.43,0
CUST-001564,70,4192.6,0.3687,5,0,0.6343,23,27,1620.16,0
CUST-001565,51,1974.06,0.4251,3,5,0.3981,6,35,14520.02,1
CUST-001566,45,5794.15,0.1695,0,2,0.3213,80,28,9126.75,0
CUST-001567,73,4151.88,0.4232,2,3,0.2683,76,36,14005.17,0
CUST-001568,53,2661.88,0.6678,4,5,0.8337,99,34,4349.01,1
CUST-001569,70,8475.53,0.3664,0,5,0.5056,93,38,16150.25,1
CUST-001570,74,2886.97,0.752,1,4,0.6765,53,25,32178.52,1
CUST-001571,25,7443.07,0.5032,5,3,0.6515,62,30,1147.06,1
CUST-001572,40,3793.13,0.3223,3,3,0.4207,66,35,13424.9,0
CUST-001573,60,10690.61,0.578,2,5,0.452,177,36,2411.12,1
CUST-001574,64,7286.01,0.4795,0,4,0.2926,174,34,13510.46,1
CUST-001575,29,3303.68,0.1173,0,1,0.5985,100,18,23596.18,0
CUST-001576,38,3441.72,0.1723,0,3,0.4758,48,29,3546.49,1
CUST-001577,50,6828.77,0.2316,3,4,0.3635,94,30,4339.37,0
CUST-001578,64,4620.9,0.1105,1,4,0.3542,75,37,10173.59,0
CUST-001579,27,4818.46,0.3804,3,1,0.2275,5,37,8875.6,0
CUST-001580,53,9218.07,0.3118,0,5,0.507,67,38,2627.91,0
CUST-001581,37,3712.66,0.2707,2,3,0.6463,65,35,5396.79,1
CUST-001582,32,5418.08,0.404,3,2,0.5055,103,33,4494.67,1
CUST-001583,48,7990.4,0.6348,2,2,0.435,143,27,7327.12,0
CUST-001584,43,7483.96,0.5971,1,2,0.1513,149,29,43651.19,0
CUST-001585,55,4839.6,0.477,1,0,0.7888,179,28,10368.59,1
CUST-001586,38,4566.06,0.7765,5,1,0.3761,164,32,3420.44,1
CUST-001587,65,2377.84,0.5852,1,0,0.6029,30,33,11494.49,1
CUST-001588,25,3232.8,0.5966,2,4,0.6643,74,34,7139.0,1
CUST-001589,67,6000.96,0.4074,3,2,0.2674,29,23,32840.6,0
CUST-001590,22,4887.16,0.8324,5,0,0.6036,76,34,6024.65,1
CUST-001591,60,5378.32,0.376,2,3,0.4553,142,29,6850.92,1
CUST-001592,39,8300.56,0.4479,4,2,0.2444,104,34,24487.73,0
CUST-001593,41,3047.63,0.0657,3,4,0.4272,131,36,4197.02,1
CUST-001594,22,4675.69,0.4764,2,5,0.6612,159,37,3079.41,0
CUST-001595,58,5660.88,0.2368,2,5,0.613,169,31,11491.16,1
CUST-001596,29,3787.8,0.7156,4,2,0.5876,17,39,10482.64,1
CUST-001597,56,9902.86,0.38,0,0,0.1942,56,28,2721.1,1
CUST-001598,60,7826.56,0.1911,1,0,0.5629,175,31,1501.25,0
CUST-001599,66,5925.22,0.3365,0,0,0.4079,74,37,12015.95,0
CUST-001600,59,11658.82,0.755,4,0,0.3044,138,33,11948.54,0
CUST-001601,37,2648.93,0.5109,6,3,0.2543,90,37,14648.18,1
CUST-001602,60,5181.95,0.9019,1,5,0.4308,84,33,22288.32,1
CUST-001603,65,6131.93,0.0124,2,4,0.2849,55,36,9847.29,1
CUST-001604,38,3445.64,0.2441,4,4,0.8347,111,39,7831.6,1
CUST-001605,27,5953.51,0.4025,4,1,0.3692,12,36,17169.07,1
CUST-001606,69,3160.39,0.5242,6,4,0.4309,173,38,9866.05,1
CUST-001607,28,7095.14,0.1299,1,3,0.8911,140,32,2341.45,0
CUST-001608,53,8370.25,0.0418,3,2,0.3348,38,33,11104.17,0
CUST-001609,33,5877.95,0.4924,3,0,0.4581,110,26,16175.13,1
CUST-001610,27,2258.95,0.3269,3,3,0.8716,169,31,3965.72,1
CUST-001611,62,3365.58,0.1731,3,2,0.3378,16,32,42010.89,1
CUST-001612,28,6704.49,0.2451,2,3,0.2127,36,34,6768.1,0
CUST-001613,57,5249.84,0.2656,5,2,0.2682,94,48,23656.1,1
CUST-001614,58,1800.0,0.4225,1,4,0.2571,173,42,3716.29,1
CUST-001615,24,9096.89,0.4149,4,5,0.7528,16,33,18932.91,1
CUST-001616,30,5529.81,0.3751,2,3,0.3022,5,34,31017.42,1
CUST-001617,63,3596.91,0.5836,1,2,0.5002,76,33,4379.21,1
CUST-001618,48,8136.73,0.711,2,1,0.1464,128,34,11695.62,1
CUST-001619,27,3833.45,0.4236,3,5,0.5902,119,36,7268.79,0
CUST-001620,74,3814.67,0.2351,5,3,0.6645,8,29,3575.6,1
CUST-001621,35,6109.94,0.2107,0,5,0.3169,80,31,9958.54,1
CUST-001622,21,11589.81,0.1733,4,4,0.2166,84,28,6725.98,1
CUST-001623,70,10797.05,0.1232,3,3,0.4347,90,32,7101.94,1
CUST-001624,21,6113.68,0.1857,3,0,0.1777,4,34,3144.53,0
CUST-001625,50,6402.78,0.1368,1,4,0.1943,82,33,19448.62,0
CUST-001626,74,7424.85,0.5764,0,2,0.3677,10,39,6169.74,1
CUST-001627,52,2953.57,0.3551,2,0,0.5986,84,45,6895.71,0
CUST-001628,52,6948.5,0.3683,4,2,0.4768,143,43,3513.29,1
CUST-001629,41,3737.16,0.2231,2,2,0.5965,9,24,23764.05,1
CUST-001630,27,6001.29,0.148,7,5,0.429,165,32,2767.87,0
CUST-001631,51,4694.06,0.0817,3,3,0.586,105,42,2122.89,1
CUST-001632,69,6515.62,0.2817,2,2,0.4702,129,30,10208.89,1
CUST-001633,25,5483.84,0.5117,5,5,0.7898,88,32,5757.18,1
CUST-001634,68,1800.0,0.5552,3,3,0.3601,151,32,15826.55,1
CUST-001635,43,5635.92,0.202,1,5,0.95,53,23,36343.88,1
CUST-001636,49,6942.26,0.3009,3,2,0.4884,30,28,28581.06,1
CUST-001637,29,6355.54,0.3883,0,5,0.5208,86,31,21294.63,1
CUST-001638,54,4965.41,0.5641,3,4,0.5294,108,35,3960.46,0
CUST-001639,30,10887.67,0.5166,3,4,0.494,152,36,23066.38,0
CUST-001640,35,5982.13,0.8287,4,5,0.9215,91,36,5979.91,1
CUST-001641,59,6331.97,0.3454,2,3,0.6661,19,37,3224.07,1
CUST-001642,23,8320.15,0.158,7,0,0.5602,154,38,14671.92,0
CUST-001643,45,6121.61,0.3667,1,2,0.7185,148,37,6100.99,1
CUST-001644,53,3471.37,0.4292,1,0,0.4482,101,30,7810.15,1
CUST-001645,28,1800.0,0.7561,1,1,0.1311,12,42,16515.6,0
CUST-001646,36,4195.26,0.2861,2,4,0.3895,165,40,18142.2,0
CUST-001647,39,7323.47,0.8176,1,0,0.2419,120,29,6834.14,0
CUST-001648,56,4436.05,0.328,3,3,0.8842,163,36,10175.17,1
CUST-001649,73,7457.27,0.4788,2,3,0.4409,25,32,20647.26,0
CUST-001650,66,5559.93,0.537,1,3,0.3173,63,30,4691.73,1
CUST-001651,31,9283.96,0.3126,2,4,0.376,43,22,2158.8,1
CUST-001652,21,4553.11,0.0776,5,2,0.5351,134,48,5785.65,1
CUST-001653,23,6417.86,0.1609,3,3,0.7882,58,26,6714.41,1
CUST-001654,53,6529.35,0.0859,4,4,0.4594,159,26,7993.72,0
CUST-001655,29,10220.34,0.1382,3,3,0.4325,77,33,68964.18,1
CUST-001656,33,2412.52,0.1353,0,4,0.7054,67,30,4678.84,1
CUST-001657,66,4230.73,0.462,4,4,0.7282,111,46,7754.24,1
CUST-001658,68,7617.82,0.656,1,2,0.2679,140,29,4140.87,0
CUST-001659,66,10426.1,0.1464,5,5,0.5809,72,29,11125.73,1
CUST-001660,34,5793.23,0.5824,2,1,0.1712,3,43,14401.97,1
CUST-001661,54,4558.26,0.2165,4,0,0.2806,164,32,17628.67,1
CUST-001662,53,7310.87,0.1526,1,5,0.3665,78,31,11291.52,0
CUST-001663,31,7687.34,0.4919,2,5,0.2944,22,26,9797.84,1
CUST-001664,50,4422.97,0.7142,2,2,0.3448,115,33,1014.94,1
CUST-001665,49,6033.32,0.1867,1,1,0.5811,130,36,17144.34,1
CUST-001666,42,8845.39,0.3849,2,1,0.3484,67,44,31038.28,1
CUST-001667,61,12174.76,0.1176,3,3,0.2521,31,34,4449.96,0
CUST-001668,57,7263.28,0.5318,2,5,0.537,159,38,4126.64,1
CUST-001669,49,5304.32,0.1786,2,1,0.4788,155,34,3360.12,0
CUST-001670,60,5074.99,0.5091,1,4,0.3643,118,29,15710.93,1
CUST-001671,62,6682.47,0.4262,0,2,0.5259,49,28,3258.12,1
CUST-001672,51,4936.25,0.1158,6,3,0.3741,97,33,8040.85,0
CUST-001673,35,5663.24,0.4751,4,3,0.2276,110,24,2361.68,0
CUST-001674,61,3230.43,0.6897,1,4,0.2206,156,22,13080.92,0
CUST-001675,59,9321.6,0.2013,0,4,0.422,161,28,6089.21,1
CUST-001676,74,3112.96,0.296,2,1,0.18,135,40,10905.25,1
CUST-001677,29,4281.09,0.0829,1,0,0.2723,120,36,4167.57,0
CUST-001678,43,5433.46,0.3105,2,3,0.6939,46,28,4738.55,1
CUST-001679,70,12738.17,0.5203,5,2,0.5831,24,38,5373.68,1
CUST-001680,48,4299.3,0.3001,4,1,0.2903,144,30,4186.65,0
CUST-001681,71,3853.38,0.4886,2,1,0.6286,21,30,4004.0,1
CUST-001682,21,4058.41,0.4151,2,5,0.761,93,38,2844.91,1
CUST-001683,22,10969.98,0.3048,2,0,0.2262,96,39,13759.61,0
CUST-001684,63,1800.0,0.4562,1,0,0.2052,39,33,11795.62,0
CUST-001685,40,3311.58,0.3645,1,2,0.2104,50,36,6154.73,0
CUST-001686,49,17774.03,0.4633,4,1,0.2902,175,46,17748.74,1
CUST-001687,44,6783.92,0.3073,1,0,0.4048,134,35,34026.98,1
CUST-001688,43,3161.24,0.5453,4,1,0.786,73,40,4758.05,1
CUST-001689,71,5102.83,0.6612,4,2,0.8886,134,25,10871.08,1
CUST-001690,26,5360.26,0.2837,0,2,0.6717,9,37,10879.63,1
CUST-001691,62,7609.63,0.1099,0,3,0.4094,34,30,5053.62,1
CUST-001692,69,11898.76,0.2607,1,0,0.2668,166,25,2790.18,0
CUST-001693,56,6193.54,0.3184,0,5,0.3251,144,26,81611.17,0
CUST-001694,42,4078.6,0.4447,0,3,0.8016,25,28,12257.98,1
CUST-001695,29,7410.12,0.2723,4,2,0.3326,39,32,9251.29,0
CUST-001696,57,3797.89,0.6827,1,4,0.5307,83,25,12072.28,1
CUST-001697,46,3266.3,0.6567,1,5,0.7962,72,36,79839.15,1
CUST-001698,29,2355.37,0.4843,3,0,0.1682,94,30,7399.89,1
CUST-001699,40,2571.14,0.6197,6,3,0.6161,150,29,9402.35,1
CUST-001700,72,3473.83,0.5846,3,5,0.4598,137,35,9496.95,1
CUST-001701,35,3060.73,0.2809,4,1,0.2513,134,28,24023.23,1
CUST-001702,30,5987.15,0.2495,3,5,0.2725,16,28,11477.39,0
CUST-001703,57,3031.11,0.4262,1,3,0.4766,82,31,2226.59,1
CUST-001704,31,1800.0,0.2251,0,0,0.42,135,33,1837.69,0
CUST-001705,70,3250.79,0.3903,3,5,0.4708,126,38,22840.91,0
CUST-001706,67,4205.2,0.3757,2,0,0.5404,127,37,11246.09,0
CUST-001707,74,3959.85,0.2859,2,4,0.95,144,26,6670.82,1
CUST-001708,70,10303.1,0.1394,4,3,0.4994,57,45,4412.79,1
CUST-001709,34,3945.46,0.326,1,4,0.4381,148,36,43357.7,1
CUST-001710,32,7729.73,0.2532,2,1,0.7363,143,33,11077.04,1
CUST-001711,39,5155.77,0.2636,5,0,0.1331,40,25,14387.64,0
CUST-001712,46,5101.94,0.4665,4,2,0.8179,35,37,18769.48,1
CUST-001713,68,3570.61,0.3259,7,4,0.3532,60,31,13240.2,1
CUST-001714,60,5064.25,0.4741,0,3,0.2799,174,36,6028.24,1
CUST-001715,55,3685.35,0.1391,2,0,0.2597,103,45,7510.09,0
CUST-001716,68,5613.47,0.4907,3,3,0.4662,168,35,16103.88,0
CUST-001717,55,4675.55,0.252,1,2,0.257,70,41,20005.9,1
CUST-001718,41,3399.32,0.1842,3,4,0.318,119,30,23313.11,0
CUST-001719,43,8125.53,0.2547,4,5,0.6229,178,26,4391.25,0
CUST-001720,48,6301.18,0.2208,2,5,0.95,63,32,10608.24,1
CUST-001721,25,4250.47,0.2739,2,5,0.3894,132,34,4357.34,0
CUST-001722,61,5551.85,0.7289,2,3,0.4411,77,35,8075.91,1
CUST-001723,56,5007.51,0.1765,3,4,0.4232,162,30,7151.57,0
CUST-001724,60,3519.23,0.3959,3,0,0.4453,137,33,8932.82,0
CUST-001725,49,5367.61,0.5552,2,1,0.3114,132,32,20656.58,1
CUST-001726,63,3932.22,0.5041,2,0,0.2961,39,36,4186.38,0
CUST-001727,72,3398.85,0.121,2,4,0.52,172,33,52605.11,1
CUST-001728,51,2505.31,0.3436,5,3,0.3185,58,38,27699.32,0
CUST-001729,44,4425.07,0.1287,2,5,0.4631,74,26,2106.95,1
CUST-001730,26,6711.32,0.848,3,4,0.556,81,31,11872.6,1
CUST-001731,63,3804.03,0.53,4,5,0.6815,127,44,3153.69,1
CUST-001732,69,16167.09,0.284,3,4,0.3534,141,36,12287.83,1
CUST-001733,58,7746.31,0.353,4,3,0.5091,167,41,2470.53,1
CUST-001734,67,9352.16,0.1088,3,3,0.694,28,30,25280.38,0
CUST-001735,67,7437.38,0.7178,4,0,0.644,152,36,26350.4,1
CUST-001736,64,11970.53,0.2953,5,3,0.4968,23,30,5830.79,1
CUST-001737,48,3649.2,0.3341,4,3,0.5539,97,30,10402.18,1
CUST-001738,26,1800.0,0.0957,3,5,0.6879,162,39,2823.76,0
CUST-001739,21,4254.18,0.4926,2,5,0.6855,138,28,5387.9,1
CUST-001740,32,6684.94,0.1251,0,2,0.7948,174,37,7662.81,0
CUST-001741,44,5566.92,0.624,3,1,0.1926,9,46,2155.64,0
CUST-001742,61,5886.26,0.2475,2,1,0.2285,97,35,38409.31,1
CUST-001743,45,9422.2,0.324,6,2,0.3823,15,29,9983.15,1
CUST-001744,22,6175.47,0.2934,3,5,0.5393,128,33,27057.17,0
CUST-001745,32,7449.67,0.3223,6,5,0.5823,35,45,7492.28,1
CUST-001746,73,3407.08,0.4934,1,5,0.5038,37,30,4700.2,1
CUST-001747,74,3176.35,0.3504,1,1,0.2057,54,36,9636.55,0
CUST-001748,41,10751.12,0.6066,1,0,0.3467,156,26,20747.82,0
CUST-001749,64,5441.55,0.759,3,4,0.337,62,32,4793.63,1
CUST-001750,59,3928.3,0.1217,3,2,0.3343,156,40,11096.95,1
CUST-001751,71,3931.54,0.2235,5,2,0.5355,108,38,5178.33,1
CUST-001752,68,3882.79,0.3693,5,4,0.4812,30,30,1288.43,1
CUST-001753,54,3779.63,0.3173,3,5,0.5149,44,35,6360.83,1
CUST-001754,42,2919.0,0.798,2,1,0.3156,134,36,9881.09,0
CUST-001755,54,2647.11,0.5819,5,3,0.9307,152,43,8815.84,1
CUST-001756,38,4763.14,0.3932,2,0,0.3551,39,27,6803.63,0
CUST-001757,39,3982.23,0.4146,2,3,0.586,89,44,9558.78,1
CUST-001758,53,8558.12,0.3349,4,0,0.1751,82,55,4914.44,1
CUST-001759,51,5933.08,0.2296,4,4,0.3236,85,32,13732.15,1
CUST-001760,52,5859.43,0.3538,1,3,0.95,61,35,5873.33,1
CUST-001761,41,3721.98,0.4429,3,1,0.3204,158,34,18330.24,1
CUST-001762,43,4924.37,0.348,7,1,0.368,157,35,2515.72,1
CUST-001763,21,6117.23,0.3696,3,3,0.1909,68,37,9462.97,1
CUST-001764,53,7177.47,0.7489,5,1,0.6097,85,30,13602.39,1
CUST-001765,52,4984.87,0.0972,2,2,0.385,162,40,26885.38,1
CUST-001766,71,8450.83,0.0294,1,0,0.3242,148,30,5402.78,0
CUST-001767,48,5218.73,0.5543,4,2,0.5131,93,24,25029.31,1
CUST-001768,46,7429.36,0.6637,1,4,0.6839,110,28,12921.99,1
CUST-001769,24,4171.29,0.2112,2,0,0.671,150,41,41268.9,1
CUST-001770,31,2300.19,0.3495,2,5,0.4573,89,41,2318.88,0
CUST-001771,39,5867.45,0.3448,4,1,0.9427,155,36,10761.04,1
CUST-001772,41,7207.01,0.2879,3,4,0.6287,121,35,8412.06,1
CUST-001773,40,6736.66,0.1888,2,0,0.3087,71,36,10058.38,0
CUST-001774,42,6288.0,0.3066,3,0,0.528,3,44,19028.44,0
CUST-001775,62,4445.06,0.2959,2,5,0.393,145,39,30436.16,1
CUST-001776,28,3616.92,0.6818,4,5,0.4528,98,34,11671.19,1
CUST-001777,38,6665.44,0.4035,4,1,0.635,106,37,2045.44,1
CUST-001778,29,6300.07,0.3881,1,5,0.4354,36,22,6170.99,1
CUST-001779,37,4040.04,0.4258,6,4,0.6032,155,37,148540.77,1
CUST-001780,57,8566.84,0.1805,2,1,0.7575,141,33,3675.05,0
CUST-001781,23,3495.13,0.3559,1,4,0.7196,16,36,10197.94,1
CUST-001782,39,3999.12,0.2664,1,5,0.6342,156,26,16704.01,1
CUST-001783,22,10859.61,0.5148,5,1,0.4099,77,32,21274.94,0
CUST-001784,72,7686.92,0.4475,3,2,0.226,135,29,5036.18,1
CUST-001785,60,4426.26,0.1564,0,1,0.2527,174,31,31787.04,1
CUST-001786,34,5917.89,0.5973,1,0,0.3297,169,29,26022.66,1
CUST-001787,31,5575.13,0.2158,2,5,0.7673,156,39,12859.76,1
CUST-001788,26,1800.0,0.3356,1,3,0.3023,28,32,3801.27,1
CUST-001789,46,3458.19,0.6024,2,1,0.8521,102,38,5230.01,1
CUST-001790,61,5082.37,0.7485,2,3,0.3465,41,36,4761.6,0
CUST-001791,52,4429.04,0.5085,2,4,0.3075,146,34,6942.51,1
CUST-001792,68,5811.59,0.7049,4,5,0.6073,129,34,29795.7,0
CUST-001793,39,8644.52,0.6525,2,4,0.639,66,39,11226.77,1
CUST-001794,36,4499.51,0.534,4,2,0.8309,27,22,15081.33,1
CUST-001795,46,3230.75,0.4646,2,5,0.6123,160,36,9931.42,1
CUST-001796,31,6018.52,0.5691,1,4,0.5391,93,33,33985.99,1
CUST-001797,73,4489.22,0.909,1,2,0.1915,128,37,2110.2,1
CUST-001798,31,4847.34,0.3769,1,4,0.709,124,26,288.13,0
CUST-001799,46,4560.17,0.2046,4,5,0.5821,117,29,8232.3,0
CUST-001800,49,14260.39,0.2077,2,0,0.4522,40,40,8419.73,0
CUST-001801,24,1897.13,0.4597,1,3,0.4729,31,34,8198.92,0
CUST-001802,46,4366.27,0.5635,4,4,0.7008,74,31,4578.9,1
CUST-001803,45,5191.37,0.1078,1,5,0.4527,169,30,2631.65,0
CUST-001804,35,3658.83,0.5172,2,2,0.5487,146,26,7735.68,1
CUST-001805,27,7795.76,0.3369,2,2,0.263,164,34,6115.48,0
CUST-001806,23,7497.91,0.6748,4,1,0.048,67,29,10524.73,0
CUST-001807,21,5089.45,0.5852,4,2,0.677,67,25,15867.29,1
CUST-001808,47,4603.68,0.3187,2,2,0.5698,125,35,24486.82,0
CUST-001809,25,4944.51,0.2304,2,4,0.2935,11,32,17906.83,1
CUST-001810,72,4960.49,0.3432,5,5,0.4327,171,36,8362.64,0
CUST-001811,34,5019.8,0.3799,4,3,0.5431,146,35,12878.08,1
CUST-001812,56,4778.18,0.581,1,4,0.3253,138,31,2977.6,0
CUST-001813,57,5825.59,0.3674,4,4,0.6477,139,36,4026.4,1
CUST-001814,47,7298.03,0.1555,2,3,0.381,143,37,39863.32,0
CUST-001815,68,2989.31,0.4976,1,4,0.6764,97,32,21923.53,1
CUST-001816,26,3240.93,0.497,9,0,0.6675,58,37,2300.85,1
CUST-001817,33,2367.48,0.6503,3,2,0.3595,177,38,4585.48,1
CUST-001818,34,7679.37,0.3861,1,4,0.4719,32,36,45501.66,0
CUST-001819,28,5820.02,0.5907,1,3,0.401,166,36,4305.88,1
CUST-001820,36,6527.53,0.4406,2,4,0.6187,134,32,1633.27,0
CUST-001821,37,2732.96,0.2395,1,1,0.4391,148,42,5438.42,0
CUST-001822,62,11610.21,0.1422,1,5,0.3129,81,31,5567.42,0
CUST-001823,37,3953.79,0.2909,2,0,0.205,133,23,24286.57,0
CUST-001824,68,5608.88,0.1242,1,4,0.7228,125,40,18930.97,1
CUST-001825,62,7637.97,0.4004,3,4,0.2586,152,31,5733.11,1
CUST-001826,69,3335.15,0.4018,6,0,0.5228,57,50,8383.17,0
CUST-001827,26,4066.62,0.2947,1,1,0.4572,134,32,11601.31,1
CUST-001828,74,5636.63,0.7709,3,5,0.6348,39,46,17171.08,1
CUST-001829,54,18812.5,0.1614,2,4,0.8223,175,33,6410.5,1
CUST-001830,74,5954.6,0.3636,1,4,0.5765,91,34,11679.73,1
CUST-001831,40,10713.68,0.4867,5,5,0.2473,163,40,32544.33,1
CUST-001832,72,8946.05,0.1493,1,0,0.4058,23,34,7886.15,0
CUST-001833,52,6136.55,0.7276,3,5,0.4281,65,30,10197.75,0
CUST-001834,24,3331.83,0.8215,3,4,0.6508,102,39,15573.75,1
CUST-001835,43,8377.49,0.534,3,1,0.3819,175,33,5383.14,0
CUST-001836,28,2649.87,0.1321,3,1,0.4663,46,35,4060.07,0
CUST-001837,71,10687.26,0.5786,2,2,0.3731,84,31,12832.16,0
CUST-001838,37,5689.72,0.3541,5,3,0.4731,29,36,15194.47,1
CUST-001839,33,1800.0,0.4377,1,1,0.163,141,34,8362.76,0
CUST-001840,50,4461.26,0.8894,0,1,0.3704,87,31,5074.88,1
CUST-001841,43,6979.21,0.3658,4,3,0.4709,43,21,5919.19,1
CUST-001842,26,4673.92,0.6458,1,4,0.488,107,35,11376.77,1
CUST-001843,65,7173.63,0.1598,2,2,0.3761,126,29,3121.52,1
CUST-001844,66,3547.16,0.5304,3,1,0.4625,143,41,23088.39,0
CUST-001845,61,2889.16,0.0968,2,0,0.2394,62,37,36808.95,0
CUST-001846,54,5035.48,0.3322,2,5,0.3792,53,37,2331.53,1
CUST-001847,42,5274.39,0.5735,1,2,0.4044,124,43,14843.3,0
CUST-001848,50,4445.47,0.6125,3,0,0.4213,104,31,18376.0,0
CUST-001849,49,9033.5,0.2218,1,2,0.2003,40,29,19745.34,1
CUST-001850,29,3546.87,0.4262,3,0,0.1034,105,32,2034.54,0
CUST-001851,25,5986.96,0.5597,2,1,0.1038,108,31,6724.31,1
CUST-001852,34,5361.51,0.5875,1,0,0.5753,32,37,5395.75,1
CUST-001853,45,2580.9,0.4881,2,5,0.4433,178,35,7227.9,1
CUST-001854,29,2872.25,0.6299,1,2,0.1509,6,28,2962.17,1
CUST-001855,26,5227.95,0.6711,3,1,0.4686,119,43,42527.06,0
CUST-001856,67,12682.19,0.3565,2,3,0.8857,110,33,13328.44,1
CUST-001857,41,6748.57,0.322,4,5,0.6912,59,39,3604.99,1
CUST-001858,52,2391.98,0.2952,1,2,0.3886,98,28,5479.33,1
CUST-001859,49,1800.0,0.3019,5,1,0.1078,54,37,31775.8,0
CUST-001860,60,7232.12,0.393,2,2,0.5649,170,41,8222.71,0
CUST-001861,60,4979.66,0.2888,0,3,0.3218,81,26,28454.28,0
CUST-001862,36,8690.48,0.6146,3,5,0.3084,108,41,16533.64,0
CUST-001863,66,3498.5,0.7224,2,0,0.2938,64,35,2652.44,1
CUST-001864,41,6087.6,0.4752,1,3,0.5652,38,38,3694.09,1
CUST-001865,66,7609.8,0.5421,1,0,0.6926,31,38,3130.8,0
CUST-001866,42,4251.62,0.0723,2,3,0.488,134,37,13694.74,1
CUST-001867,26,4292.72,0.5098,1,0,0.508,172,33,50048.2,0
CUST-001868,62,5259.45,0.2324,2,2,0.3326,6,34,10517.51,1
CUST-001869,22,6638.35,0.3309,1,2,0.717,27,40,8170.92,0
CUST-001870,62,5166.57,0.5558,2,5,0.7835,127,31,14592.06,1
CUST-001871,23,8060.35,0.555,4,1,0.8336,41,38,8408.55,0
CUST-001872,32,4224.02,0.4387,3,1,0.2224,146,27,6644.25,0
CUST-001873,53,2860.17,0.5759,1,3,0.3357,139,34,10708.79,1
CUST-001874,71,12658.1,0.1961,2,0,0.373,33,39,17826.36,0
CUST-001875,43,3961.3,0.6487,4,0,0.5338,18,28,5690.41,1
CUST-001876,27,4026.35,0.6343,3,2,0.5928,51,37,3662.15,1
CUST-001877,33,5048.28,0.3246,3,1,0.9097,27,34,21115.71,1
CUST-001878,69,5359.6,0.3284,0,4,0.5186,20,31,1221.54,1
CUST-001879,60,4369.51,0.5053,4,0,0.3537,168,27,2735.07,0
CUST-001880,26,5159.36,0.3954,2,0,0.1057,37,37,9074.1,0
CUST-001881,41,5107.78,0.2002,4,1,0.4194,100,35,20010.86,1
CUST-001882,35,5625.6,0.5342,1,5,0.5617,47,29,10795.13,0
CUST-001883,30,1800.0,0.2118,1,3,0.2794,36,35,5372.8,1
CUST-001884,66,12122.38,0.3785,4,1,0.5045,52,38,18611.89,1
CUST-001885,54,4866.52,0.1274,0,3,0.7571,46,27,4438.51,0
CUST-001886,30,6752.68,0.5379,3,3,0.6907,83,43,16372.59,1
CUST-001887,56,2796.9,0.3864,1,2,0.2841,111,47,5991.49,1
CUST-001888,43,4206.83,0.4876,3,1,0.5856,170,26,3077.55,1
CUST-001889,24,3842.47,0.6958,2,2,0.3538,127,35,17068.59,1
CUST-001890,45,10074.77,0.6959,6,5,0.6708,15,39,37240.18,1
CUST-001891,31,3995.0,0.5479,1,4,0.3668,33,42,6276.88,1
CUST-001892,34,7314.03,0.0783,2,2,0.1818,63,32,22011.45,1
CUST-001893,68,3880.52,0.5824,1,5,0.7544,109,38,1510.66,1
CUST-001894,59,4241.77,0.705,2,1,0.3192,41,43,2623.25,1
CUST-001895,28,4656.02,0.2313,2,1,0.3734,101,35,3696.31,0
CUST-001896,66,9266.34,0.2504,5,0,0.2889,136,37,7669.17,0
CUST-001897,52,2221.59,0.356,0,0,0.0986,8,20,13647.69,0
CUST-001898,68,2876.6,0.2972,2,1,0.5507,168,29,2946.18,1
CUST-001899,61,2164.89,0.6429,4,0,0.4276,126,36,3806.37,1
CUST-001900,39,3187.65,0.1895,1,2,0.5426,79,29,18292.39,0
CUST-001901,49,3609.03,0.2791,1,0,0.4616,42,30,4091.12,1
CUST-001902,49,2514.67,0.0824,1,0,0.3139,162,36,30353.16,0
CUST-001903,59,3737.03,0.3189,2,3,0.3432,59,36,4532.39,1
CUST-001904,34,2100.21,0.2028,0,3,0.2627,154,31,24807.68,1
CUST-001905,38,3288.93,0.2527,3,4,0.4711,160,36,18136.66,1
CUST-001906,34,8924.92,0.3739,2,2,0.4109,66,29,9388.43,0
CUST-001907,36,6235.59,0.8439,2,5,0.6921,9,42,10623.66,1
CUST-001908,29,5657.71,0.4717,4,2,0.8649,21,33,9786.72,0
CUST-001909,22,3311.52,0.4215,3,1,0.1518,113,34,24156.07,0
CUST-001910,71,2604.97,0.4512,4,0,0.3575,174,33,1225.72,0
CUST-001911,25,3114.41,0.6776,6,2,0.4527,144,25,6434.56,1
CUST-001912,68,5099.87,0.5617,7,2,0.7445,146,29,10354.48,1
CUST-001913,21,7685.52,0.703,0,3,0.5359,161,30,25869.13,0
CUST-001914,62,7804.68,0.288,1,5,0.5787,130,42,5219.84,1
CUST-001915,38,6906.3,0.3084,3,0,0.1647,40,30,1333.99,0
CUST-001916,48,3731.3,0.2082,0,2,0.333,81,32,906.35,0
CUST-001917,36,5257.77,0.3875,4,0,0.2551,64,28,9319.82,0
CUST-001918,47,4499.9,0.3205,6,4,0.3188,40,42,2677.49,1
CUST-001919,45,4749.9,0.5238,5,3,0.5376,92,32,7076.27,1
CUST-001920,49,13005.42,0.2295,2,0,0.1717,62,32,2767.77,0
CUST-001921,42,2353.16,0.4327,3,4,0.2452,149,37,6320.97,1
CUST-001922,49,4678.86,0.4068,5,0,0.2058,84,34,50719.6,0
CUST-001923,65,8970.54,0.5092,1,4,0.7155,112,32,27404.3,1
CUST-001924,44,2688.56,0.3023,1,5,0.3801,114,30,8608.98,1
CUST-001925,40,3892.19,0.6911,3,3,0.6988,30,40,6812.95,1
CUST-001926,28,4098.38,0.3733,2,3,0.509,23,37,3913.55,1
CUST-001927,40,4702.89,0.3402,1,0,0.2417,88,40,14440.93,1
CUST-001928,27,2535.72,0.2884,3,3,0.6574,129,32,6326.28,1
CUST-001929,30,6797.38,0.1676,1,0,0.6162,116,25,29354.7,1
CUST-001930,72,7018.07,0.1422,3,2,0.8423,131,34,9688.47,1
CUST-001931,25,6536.67,0.6376,1,3,0.524,153,36,10057.71,1
CUST-001932,47,3514.83,0.1807,1,4,0.9495,178,36,1937.36,0
CUST-001933,66,5406.43,0.114,2,4,0.7898,142,30,5212.33,1
CUST-001934,72,3469.15,0.4324,1,5,0.5368,140,33,46787.97,1
CUST-001935,28,4477.17,0.5155,3,4,0.2897,113,33,2179.73,1
CUST-001936,29,13704.43,0.2364,2,0,0.1044,178,37,6948.07,0
CUST-001937,41,5428.82,0.3791,2,4,0.5513,147,38,7088.1,1
CUST-001938,50,3047.35,0.3759,2,1,0.8358,14,30,10935.77,1
CUST-001939,72,5639.58,0.664,2,5,0.6091,15,38,12302.63,1
CUST-001940,32,2830.21,0.5119,2,5,0.5368,167,40,5302.82,1
CUST-001941,29,3031.64,0.6968,7,1,0.8248,169,32,18856.93,1
CUST-001942,34,3254.87,0.2563,2,0,0.3783,144,34,4921.63,1
CUST-001943,68,4257.66,0.6172,2,5,0.6107,139,26,14457.97,1
CUST-001944,22,7927.16,0.381,1,2,0.2009,103,31,2127.78,1
CUST-001945,41,6745.92,0.4498,5,5,0.4922,120,31,4291.17,1
CUST-001946,27,6579.81,0.0842,2,0,0.1722,65,40,2187.53,0
CUST-001947,29,3171.3,0.4542,2,1,0.3165,112,35,10899.99,0
CUST-001948,70,4075.8,0.1828,2,2,0.5691,28,36,11312.61,0
CUST-001949,21,5877.07,0.1413,2,0,0.3299,99,28,5942.8,0
CUST-001950,38,3919.31,0.1486,0,2,0.7648,15,31,10852.32,1
CUST-001951,70,4587.77,0.1578,4,5,0.3346,41,38,2935.57,0
CUST-001952,53,6342.48,0.4371,5,1,0.437,66,35,25952.9,1
CUST-001953,24,4444.69,0.611,1,2,0.5594,114,35,19112.04,1
CUST-001954,46,5756.82,0.7518,2,0,0.0696,75,38,3662.39,0
CUST-001955,73,10648.15,0.2542,2,3,0.7685,76,35,2906.34,0
CUST-001956,42,4813.01,0.246,2,2,0.3541,137,19,5486.42,1
CUST-001957,49,8840.65,0.1534,2,3,0.6552,133,37,10500.77,1
CUST-001958,49,6688.4,0.5405,1,3,0.6622,48,45,9505.77,1
CUST-001959,56,2686.93,0.3699,1,3,0.6369,40,39,3291.35,1
CUST-001960,31,3166.72,0.6714,4,4,0.5087,52,39,5831.13,1
CUST-001961,66,3573.48,0.4433,1,5,0.4874,29,33,11513.36,1
CUST-001962,74,3539.49,0.1809,3,4,0.7907,35,42,5949.18,0
CUST-001963,28,4992.96,0.829,3,5,0.7936,167,28,9385.6,1
CUST-001964,65,6856.85,0.7062,3,0,0.4582,171,26,20903.89,1
CUST-001965,65,9147.49,0.6659,2,0,0.2907,96,33,4887.93,1
CUST-001966,61,5973.53,0.745,2,2,0.3963,29,39,19257.34,1
CUST-001967,41,4255.03,0.1628,2,0,0.6184,176,41,8290.51,1
CUST-001968,46,2037.35,0.6187,6,5,0.3592,95,38,7710.47,1
CUST-001969,66,5367.83,0.6856,1,5,0.5703,45,33,2560.28,1
CUST-001970,29,5260.65,0.3753,3,3,0.7467,66,39,17511.03,1
CUST-001971,65,5646.17,0.5579,2,2,0.3509,70,35,51065.17,1
CUST-001972,70,13416.25,0.2446,3,5,0.3051,103,34,3445.71,1
CUST-001973,57,9087.75,0.587,1,3,0.4553,65,32,3798.62,1
CUST-001974,39,7403.38,0.8039,2,5,0.3315,4,36,35714.41,1
CUST-001975,51,3372.73,0.3194,2,4,0.3307,52,28,15866.31,1
CUST-001976,23,4128.07,0.1948,2,2,0.3981,155,34,4836.3,1
CUST-001977,71,4982.73,0.1987,0,3,0.3886,158,50,40651.33,1
CUST-001978,39,3668.29,0.4841,1,0,0.3036,74,41,5948.47,0
CUST-001979,24,6513.44,0.2817,4,0,0.3891,143,25,9224.11,1
CUST-001980,63,6105.97,0.4439,3,0,0.2329,49,42,12192.37,0
CUST-001981,56,3186.49,0.2129,1,5,0.2977,54,29,17844.66,1
CUST-001982,54,8910.46,0.6501,4,0,0.4925,58,30,13385.61,1
CUST-001983,23,5445.0,0.3876,0,1,0.7122,151,44,57669.97,1
CUST-001984,61,2388.29,0.466,3,4,0.6805,174,33,30963.75,1
CUST-001985,55,5081.23,0.0803,3,1,0.1808,171,31,36986.35,0
CUST-001986,63,5901.47,0.3268,5,0,0.5962,68,35,4961.13,1
CUST-001987,65,8055.98,0.5444,1,4,0.7254,129,29,12043.73,0
CUST-001988,32,4467.34,0.3002,3,5,0.7335,86,36,40987.1,1
CUST-001989,32,7547.61,0.337,0,0,0.3142,152,27,6296.49,1
CUST-001990,70,5656.88,0.155,4,3,0.2253,155,29,6341.44,0
CUST-001991,49,2877.39,0.5141,3,3,0.5383,154,37,20641.35,1
CUST-001992,44,2750.64,0.3266,2,5,0.2732,179,41,13717.07,0
CUST-001993,36,8617.63,0.1323,3,5,0.95,45,34,8848.8,0
CUST-001994,55,8907.12,0.3831,1,3,0.8786,175,33,11507.94,1
CUST-001995,61,6013.26,0.5478,5,5,0.4356,41,37,1747.21,1
CUST-001996,21,10193.26,0.3652,5,1,0.3683,26,31,6658.2,0
CUST-001997,50,8365.64,0.347,3,3,0.558,138,32,4190.26,1
CUST-001998,74,7073.05,0.4628,4,1,0.2934,101,33,38122.43,1
CUST-001999,36,3450.67,0.2893,3,0,0.1294,138,43,7666.85,0
CUST-002000,36,11333.94,0.4406,3,4,0.3859,108,28,9711.57,0
CUST-002001,68,6619.33,0.6458,0,3,0.5627,77,41,24254.31,1
CUST-002002,24,4371.17,0.5175,3,0,0.2947,141,37,36385.32,1
CUST-002003,42,3849.48,0.3028,5,4,0.5871,114,31,11442.6,1
CUST-002004,45,5836.97,0.3915,1,5,0.7613,88,43,4182.31,1
CUST-002005,64,2451.46,0.3338,3,2,0.7307,95,32,5492.57,0
CUST-002006,27,7124.3,0.4323,2,0,0.3442,86,33,11727.15,0
CUST-002007,44,3385.67,0.1454,2,1,0.402,35,43,12037.15,1
CUST-002008,29,6143.73,0.2284,3,3,0.7442,66,42,4344.4,0
CUST-002009,63,4112.08,0.325,6,0,0.2428,23,38,1408.27,0
CUST-002010,55,4616.65,0.7121,0,2,0.4909,132,35,2091.37,1
CUST-002011,47,3698.95,0.2914,5,1,0.5646,126,35,3094.91,0
CUST-002012,42,4836.08,0.7102,3,3,0.39,118,42,7387.7,1
CUST-002013,29,12168.85,0.451,6,1,0.1372,55,28,6760.03,0
CUST-002014,70,9698.15,0.1721,3,4,0.7075,177,32,2014.45,0
CUST-002015,55,6099.3,0.4136,2,1,0.6843,135,28,7223.98,1
CUST-002016,38,5141.15,0.5036,1,0,0.7832,106,28,40331.28,1
CUST-002017,43,7603.05,0.4582,5,1,0.2752,113,43,12400.66,0
CUST-002018,60,8646.42,0.3114,6,5,0.4245,165,29,54535.46,0
CUST-002019,59,3579.56,0.2976,0,4,0.8642,4,29,9039.45,1
CUST-002020,45,5021.91,0.3796,3,3,0.6327,174,35,8793.31,1
CUST-002021,37,2290.52,0.0783,2,1,0.6768,86,37,11608.49,0
CUST-002022,56,8619.74,0.1963,2,2,0.445,9,33,46335.38,0
CUST-002023,56,13169.71,0.6654,4,2,0.4249,64,41,37066.9,1
CUST-002024,53,5390.81,0.3477,5,5,0.5572,9,35,17807.68,1
CUST-002025,24,1998.51,0.497,3,1,0.4901,110,24,13223.44,1
CUST-002026,46,6839.12,0.4115,3,4,0.5859,176,47,4158.36,1
CUST-002027,54,3461.9,0.0874,3,1,0.2878,115,34,2690.57,1
CUST-002028,72,3858.01,0.2966,2,0,0.4581,109,23,6019.37,0
CUST-002029,49,6893.77,0.609,1,4,0.733,13,37,35706.36,1
CUST-002030,39,5831.11,0.0938,3,0,0.527,53,23,44916.61,0
CUST-002031,51,4174.56,0.8975,2,4,0.5639,50,41,2114.91,1
CUST-002032,30,3881.94,0.5262,2,5,0.7193,81,27,30320.1,1
CUST-002033,25,5502.95,0.4637,4,0,0.3254,147,51,46598.94,0
CUST-002034,57,4324.94,0.5034,3,3,0.2782,81,27,27686.54,0
CUST-002035,74,3156.62,0.3898,3,0,0.2842,31,45,5985.56,0
CUST-002036,66,4477.23,0.6891,2,2,0.5063,21,33,18846.56,1
CUST-002037,52,6058.58,0.5504,3,2,0.457,22,31,2246.91,1
CUST-002038,23,4799.5,0.0844,1,0,0.2364,164,34,2548.39,0
CUST-002039,74,2752.69,0.345,2,1,0.2331,42,28,85488.86,0
CUST-002040,45,8115.19,0.369,3,3,0.323,59,26,5981.46,1
CUST-002041,36,1800.0,0.3213,4,5,0.422,92,43,3231.91,1
CUST-002042,69,4253.72,0.6364,3,1,0.4549,100,33,6545.17,0
CUST-002043,61,3933.66,0.2145,2,5,0.419,148,31,48344.77,0
CUST-002044,61,5558.56,0.218,4,1,0.2869,156,42,25718.97,0
CUST-002045,35,6695.3,0.6743,1,0,0.2858,41,29,4960.86,0
CUST-002046,74,8633.96,0.2491,3,2,0.4392,160,34,8509.38,0
CUST-002047,45,3773.78,0.3886,3,0,0.1851,75,29,14153.86,1
CUST-002048,49,6770.81,0.1561,3,0,0.2804,36,28,16661.2,0
CUST-002049,61,5679.01,0.5053,3,1,0.3189,95,30,14352.81,0
CUST-002050,56,2407.2,0.4886,1,3,0.472,32,27,3874.74,1
CUST-002051,30,12230.12,0.2331,2,5,0.7587,66,33,7400.48,1
CUST-002052,37,2721.57,0.292,5,3,0.2223,27,28,3365.0,1
CUST-002053,40,6280.39,0.2823,3,4,0.4018,136,32,21538.21,0
CUST-002054,72,6197.47,0.2877,1,4,0.6091,44,28,8374.56,0
CUST-002055,59,5886.7,0.5229,5,3,0.4334,169,35,12350.02,0
CUST-002056,40,4162.43,0.1769,3,0,0.3665,59,31,5014.66,0
CUST-002057,60,7545.28,0.4226,4,2,0.4935,30,30,16245.81,1
CUST-002058,60,2576.66,0.0484,2,1,0.2481,131,36,16754.07,0
CUST-002059,42,5048.22,0.5351,4,3,0.6145,90,33,2533.03,1
CUST-002060,42,4034.63,0.4029,1,4,0.3169,29,40,18665.55,0
CUST-002061,69,3833.87,0.1166,2,2,0.3483,71,33,3227.24,0
CUST-002062,51,6306.59,0.3487,0,3,0.3065,41,27,4950.27,1
CUST-002063,29,8444.57,0.2966,0,3,0.455,123,33,20916.96,0
CUST-002064,59,4455.74,0.4126,5,0,0.7634,69,36,5095.27,1
CUST-002065,52,7388.8,0.0422,4,4,0.437,20,45,10186.31,1
CUST-002066,48,5317.71,0.6262,3,4,0.4062,7,37,8430.59,1
CUST-002067,60,3479.64,0.2735,5,5,0.7084,173,34,2510.84,1
CUST-002068,69,4630.11,0.1136,1,2,0.6707,47,34,32720.92,0
CUST-002069,38,4544.37,0.2947,3,5,0.7416,147,32,33106.83,0
CUST-002070,43,3800.61,0.2958,2,1,0.4437,85,35,13926.58,0
CUST-002071,31,6305.84,0.233,3,2,0.4143,123,21,7008.61,1
CUST-002072,55,5779.11,0.2095,2,4,0.7097,101,40,10012.75,1
CUST-002073,42,2541.78,0.0917,1,2,0.265,76,36,30643.98,0
CUST-002074,39,2473.1,0.4417,2,2,0.8928,115,22,5763.23,0
CUST-002075,58,6295.07,0.1058,0,3,0.2995,21,30,6257.87,0
CUST-002076,43,3603.05,0.3219,2,2,0.6648,72,32,7536.65,0
CUST-002077,46,5957.06,0.6007,0,0,0.412,24,35,1291.86,0
CUST-002078,44,7389.63,0.2636,2,5,0.432,102,40,17282.73,0
CUST-002079,34,2935.07,0.4592,5,4,0.5581,99,25,10989.94,1
CUST-002080,27,2755.14,0.2704,1,0,0.5938,155,37,19500.37,0
CUST-002081,65,11046.93,0.4975,1,1,0.46,5,39,6050.14,0
CUST-002082,25,6091.32,0.4705,5,3,0.3661,131,33,2512.57,1
CUST-002083,38,4305.96,0.5221,2,2,0.1333,120,36,10467.54,1
CUST-002084,57,3415.71,0.626,2,0,0.5157,104,32,3249.69,1
CUST-002085,28,4132.82,0.1886,7,2,0.4425,161,36,15491.27,1
CUST-002086,56,3043.17,0.3657,1,5,0.2739,140,44,16726.9,1
CUST-002087,60,7738.39,0.5199,4,1,0.4176,62,33,63561.92,1
CUST-002088,56,3666.07,0.1116,1,1,0.2152,54,41,32842.38,0
CUST-002089,37,8505.81,0.3108,4,4,0.278,132,38,11862.5,0
CUST-002090,22,4342.18,0.2642,5,5,0.7344,172,36,7374.69,1
CUST-002091,68,3251.61,0.7889,2,1,0.2082,60,28,20544.22,1
CUST-002092,38,4292.3,0.8744,2,2,0.4676,125,35,12200.13,1
CUST-002093,64,1800.0,0.1793,6,5,0.5554,38,38,6080.25,0
CUST-002094,31,4924.94,0.541,2,5,0.434,121,36,1447.4,1
CUST-002095,29,4816.78,0.2863,2,2,0.1424,53,33,73495.08,0
CUST-002096,63,7536.76,0.7128,1,4,0.3256,142,34,24280.36,0
CUST-002097,71,2225.14,0.4586,0,1,0.3838,128,31,16576.15,1
CUST-002098,67,8771.42,0.4307,0,1,0.6251,3,42,9797.27,1
CUST-002099,61,7522.72,0.339,1,5,0.3904,134,34,51296.8,0
CUST-002100,34,9134.68,0.2557,5,3,0.4321,28,40,20654.48,1
CUST-002101,70,5078.08,0.3983,2,4,0.8493,44,42,2649.84,1
CUST-002102,57,8206.38,0.6096,2,1,0.2234,104,27,7368.76,1
CUST-002103,30,2682.1,0.3571,1,0,0.0944,107,19,18317.52,0
CUST-002104,27,7167.31,0.5441,0,0,0.2942,110,35,27490.9,0
CUST-002105,68,3675.3,0.675,2,4,0.6757,61,31,7123.21,1
CUST-002106,35,2473.24,0.7322,3,1,0.2828,161,36,36675.57,1
CUST-002107,62,3135.52,0.4113,2,3,0.3308,114,36,2800.77,0
CUST-002108,28,5212.96,0.1881,3,4,0.3063,97,23,7345.84,1
CUST-002109,36,3588.46,0.7893,5,4,0.4528,133,27,7627.47,1
CUST-002110,36,6158.86,0.4375,4,1,0.7001,50,29,21791.56,1
CUST-002111,36,2304.7,0.3009,2,3,0.4558,78,38,29954.76,1
CUST-002112,57,1996.64,0.2349,3,3,0.6253,89,41,29308.95,1
CUST-002113,70,9643.01,0.0785,4,3,0.2102,24,31,2650.02,1
CUST-002114,70,7809.72,0.5097,1,4,0.472,58,33,10536.95,0
CUST-002115,61,3242.92,0.2694,3,2,0.5221,146,28,2331.55,0
CUST-002116,31,5192.99,0.317,3,1,0.371,123,34,9584.53,1
CUST-002117,72,8227.13,0.3436,2,1,0.1923,165,39,41492.85,0
CUST-002118,50,6279.55,0.7202,0,0,0.4562,111,33,57302.96,0
CUST-002119,50,5558.67,0.5558,3,0,0.3482,12,33,14270.86,1
CUST-002120,58,8512.01,0.5083,4,3,0.622,36,27,12036.49,1
CUST-002121,62,3742.82,0.6035,4,5,0.3425,60,31,7930.75,1
CUST-002122,72,5273.47,0.3875,2,0,0.4029,68,44,9087.66,0
CUST-002123,52,5158.4,0.2275,6,1,0.4337,176,23,34311.95,0
CUST-002124,53,4599.35,0.2305,2,0,0.4561,122,38,4247.6,1
CUST-002125,61,4363.38,0.6078,2,1,0.1848,156,27,7261.04,1
CUST-002126,34,5373.34,0.4393,5,0,0.1125,170,34,9378.27,0
CUST-002127,37,5281.14,0.2905,0,5,0.3487,107,45,4869.26,0
CUST-002128,54,3244.19,0.7374,2,1,0.4584,73,31,14490.06,1
CUST-002129,24,7459.34,0.586,3,5,0.2416,94,29,37055.56,1
CUST-002130,38,3351.09,0.4932,5,4,0.4564,130,28,16175.03,1
CUST-002131,59,4713.61,0.4734,2,1,0.5723,133,31,4865.97,1
CUST-002132,73,4552.98,0.3249,3,1,0.3548,77,41,4647.19,0
CUST-002133,49,6109.26,0.4741,2,0,0.189,20,36,2899.11,0
CUST-002134,42,2003.83,0.3497,2,5,0.4684,70,36,8220.24,1
CUST-002135,44,7764.55,0.3134,3,4,0.3687,81,41,4284.3,0
CUST-002136,58,3834.4,0.0942,3,4,0.3459,115,39,11264.65,1
CUST-002137,50,9003.76,0.6952,1,0,0.4975,106,44,4812.71,0
CUST-002138,22,4193.28,0.5612,3,5,0.6104,172,30,2547.27,0
CUST-002139,50,5086.95,0.4326,0,1,0.518,123,27,1576.33,0
CUST-002140,42,12303.24,0.5272,3,3,0.351,59,32,15848.92,0
CUST-002141,58,4589.89,0.7577,4,3,0.1806,143,20,2577.28,1
CUST-002142,68,9080.61,0.3576,2,0,0.3476,81,36,14070.11,1
CUST-002143,72,5292.17,0.1636,3,2,0.5404,63,28,5009.97,0
CUST-002144,53,6268.88,0.5737,2,0,0.3928,12,38,11389.51,1
CUST-002145,40,5366.31,0.3969,1,1,0.1876,139,42,8617.22,0
CUST-002146,44,7615.55,0.3675,0,1,0.212,114,43,10281.19,0
CUST-002147,30,3819.69,0.0982,3,0,0.3506,15,30,21247.06,0
CUST-002148,71,3339.55,0.5494,4,4,0.5924,69,49,4756.57,1
CUST-002149,66,3901.26,0.3114,3,4,0.3188,77,36,34326.04,0
CUST-002150,67,5438.64,0.6339,1,3,0.3255,24,46,17890.42,1
CUST-002151,38,4708.13,0.3585,1,2,0.6322,139,28,6639.82,1
CUST-002152,38,7158.37,0.4125,1,1,0.4061,112,32,7296.61,0
CUST-002153,67,9353.85,0.1859,5,3,0.4261,42,27,9967.61,1
CUST-002154,50,3351.91,0.243,2,4,0.4396,123,31,6119.49,0
CUST-002155,59,3737.37,0.5899,2,1,0.7281,103,36,1877.41,1
CUST-002156,47,2724.68,0.3768,1,1,0.7596,24,36,3717.42,1
CUST-002157,44,12965.95,0.505,4,5,0.6949,105,31,3706.46,1
CUST-002158,55,5964.11,0.0982,1,4,0.8355,109,34,7521.23,1
CUST-002159,64,6453.16,0.3653,2,2,0.4471,36,38,3001.16,1
CUST-002160,39,2845.01,0.3297,1,1,0.344,152,31,18952.75,0
CUST-002161,64,5197.26,0.2051,2,1,0.519,135,35,10084.85,0
CUST-002162,34,6539.24,0.2793,4,1,0.4459,98,33,6179.46,1
CUST-002163,42,4640.94,0.207,1,5,0.6734,129,29,4296.62,1
CUST-002164,70,8437.84,0.3623,1,2,0.7992,143,31,9141.82,1
CUST-002165,72,14716.7,0.3491,1,3,0.321,92,36,20906.38,1
CUST-002166,70,3395.6,0.3475,4,5,0.95,90,32,1651.56,1
CUST-002167,38,3282.87,0.431,4,4,0.4919,76,27,2324.92,0
CUST-002168,66,3503.17,0.2395,5,3,0.2618,44,39,3547.88,0
CUST-002169,71,10712.9,0.4828,1,1,0.192,100,32,2754.09,1
CUST-002170,73,8312.15,0.312,3,2,0.3149,30,35,2435.15,0
CUST-002171,22,4892.34,0.2527,3,0,0.252,8,27,9043.74,1
CUST-002172,61,5286.26,0.4178,1,3,0.3658,43,38,8668.33,1
CUST-002173,74,3601.01,0.4282,2,1,0.4745,21,34,6381.62,1
CUST-002174,62,7761.46,0.5962,1,2,0.4424,116,31,10745.4,1
CUST-002175,33,4382.87,0.371,0,2,0.5194,32,35,8352.25,0
CUST-002176,62,4625.68,0.3112,3,0,0.493,54,26,4530.51,0
CUST-002177,26,6838.81,0.1412,4,3,0.7173,78,49,6079.5,0
CUST-002178,46,4778.19,0.3168,3,4,0.5198,99,35,10894.05,1
CUST-002179,54,4678.25,0.684,1,4,0.7765,31,38,3004.8,1
CUST-002180,45,5224.8,0.4166,1,1,0.3326,145,48,11716.5,0
CUST-002181,58,7437.75,0.4338,0,2,0.514,24,35,498.62,1
CUST-002182,33,10908.92,0.4907,0,3,0.769,20,33,8721.55,1
CUST-002183,53,6767.47,0.3681,0,4,0.5242,30,30,11959.05,1
CUST-002184,55,7464.44,0.3983,0,0,0.3236,23,37,3765.01,0
CUST-002185,55,4752.75,0.1125,3,2,0.6088,28,36,23424.15,1
CUST-002186,36,3781.61,0.2501,3,4,0.6155,133,38,25187.16,1
CUST-002187,37,6979.33,0.4143,0,0,0.4703,111,23,10859.23,0
CUST-002188,34,5616.55,0.6966,2,0,0.48,8,48,38634.01,1
CUST-002189,45,2741.42,0.3233,1,0,0.4226,107,37,4374.02,0
CUST-002190,52,4486.3,0.2685,0,1,0.3784,39,38,19865.98,0
CUST-002191,40,5009.59,0.3529,3,0,0.0988,17,34,32063.45,0
CUST-002192,43,4132.79,0.4831,2,2,0.3,79,32,3219.75,0
CUST-002193,36,10129.38,0.502,1,1,0.3214,147,25,9643.97,1
CUST-002194,32,6453.26,0.3487,2,4,0.4949,174,31,2378.65,1
CUST-002195,56,9646.42,0.3439,1,2,0.622,16,44,19083.01,0
CUST-002196,65,5854.44,0.1318,2,5,0.95,95,33,40331.54,1
CUST-002197,36,5393.98,0.3788,3,0,0.5254,90,28,5501.15,1
CUST-002198,67,3411.63,0.412,1,1,0.511,28,33,8728.77,1
CUST-002199,51,5227.99,0.276,3,4,0.5543,108,30,5679.4,1
CUST-002200,30,5230.64,0.3315,0,0,0.4571,106,40,84801.95,0
CUST-002201,40,2810.77,0.7258,1,2,0.2103,8,28,3972.89,1
CUST-002202,21,4079.08,0.2143,3,3,0.6515,69,33,3959.77,1
CUST-002203,23,4495.97,0.5209,2,5,0.79,165,28,14867.12,1
CUST-002204,39,6263.41,0.4172,2,1,0.2104,13,40,8309.62,0
CUST-002205,45,6399.8,0.6861,1,1,0.5354,18,27,86312.49,1
CUST-002206,64,4003.08,0.4546,1,0,0.1894,92,31,53764.84,0
CUST-002207,28,6421.49,0.1378,3,2,0.6238,175,31,15673.77,0
CUST-002208,66,4790.92,0.6616,6,1,0.5358,115,37,20813.1,1
CUST-002209,33,1800.0,0.4691,1,1,0.2094,121,28,17379.46,1
CUST-002210,28,4180.97,0.6666,6,1,0.5099,172,42,23058.21,1
CUST-002211,58,8450.31,0.2758,2,5,0.6643,13,34,14420.12,1
CUST-002212,62,2439.63,0.2502,4,3,0.2314,131,30,3629.67,1
CUST-002213,53,5470.5,0.8324,3,3,0.2837,164,28,4291.52,0
CUST-002214,27,10612.43,0.4574,3,2,0.5109,141,33,21564.05,0
CUST-002215,27,3692.79,0.9092,2,3,0.4568,40,34,5730.77,0
CUST-002216,42,5205.03,0.315,5,2,0.171,164,34,30115.5,1
CUST-002217,45,2891.72,0.6341,3,0,0.3666,84,25,17305.26,1
CUST-002218,74,10814.77,0.4721,2,1,0.6658,60,29,3093.29,1
CUST-002219,36,5008.61,0.3647,1,1,0.5498,39,41,3203.69,1
CUST-002220,31,5310.26,0.271,0,1,0.1203,103,38,2778.26,0
CUST-002221,72,9564.84,0.2147,4,0,0.0764,31,50,18240.82,0
CUST-002222,29,7002.9,0.591,4,5,0.846,174,27,25655.29,1
CUST-002223,22,3506.53,0.6733,1,2,0.1832,46,35,6338.96,0
CUST-002224,43,3886.01,0.4482,3,2,0.2093,100,26,8962.78,1
CUST-002225,42,6497.24,0.4736,5,5,0.8011,10,34,12004.57,1
CUST-002226,54,3926.72,0.5962,1,5,0.5466,26,43,19790.71,1
CUST-002227,68,2005.51,0.2474,2,1,0.5398,154,34,6573.31,1
CUST-002228,71,5076.9,0.7925,3,5,0.3462,172,37,13297.43,1
CUST-002229,36,2671.29,0.7657,2,2,0.0962,76,40,8426.42,0
CUST-002230,73,10761.61,0.6646,2,2,0.223,65,24,2211.16,1
CUST-002231,55,5630.58,0.1297,3,5,0.6342,118,24,30830.62,1
CUST-002232,24,3460.21,0.3881,3,5,0.4373,47,42,11961.9,1
CUST-002233,71,3797.24,0.3736,3,5,0.6032,53,36,7579.82,1
CUST-002234,28,2222.05,0.0775,0,1,0.5028,114,29,4552.44,0
CUST-002235,52,3170.54,0.1061,2,0,0.3163,89,46,4758.38,0
CUST-002236,63,8215.35,0.2089,6,1,0.6599,65,37,2449.13,0
CUST-002237,34,14196.03,0.3492,3,1,0.1874,52,27,3273.9,1
CUST-002238,35,7210.49,0.3115,3,3,0.5931,75,32,3869.98,0
CUST-002239,46,4989.02,0.6824,3,0,0.2222,153,44,5460.01,1
CUST-002240,68,4281.39,0.0456,7,1,0.2751,41,30,29580.63,0
CUST-002241,33,3381.22,0.6697,0,4,0.4801,45,42,15395.11,1
CUST-002242,56,13138.58,0.1559,0,3,0.3659,9,25,3934.62,1
CUST-002243,45,4776.57,0.2347,1,4,0.3097,36,27,2144.32,1
CUST-002244,27,13473.06,0.5785,7,5,0.5102,15,28,3941.42,1
CUST-002245,59,9735.14,0.241,2,5,0.6408,113,34,33054.26,0
CUST-002246,65,2375.72,0.2521,3,5,0.3279,52,40,16357.49,0
CUST-002247,52,3853.49,0.267,3,4,0.7812,123,39,7651.27,1
CUST-002248,30,3848.13,0.3125,2,3,0.5197,77,35,8863.23,1
CUST-002249,29,5016.48,0.4559,3,3,0.6119,134,44,25226.22,1
CUST-002250,43,5060.76,0.606,1,4,0.387,149,29,8821.42,1
CUST-002251,48,20024.69,0.2148,3,5,0.3999,7,33,69151.66,0
CUST-002252,50,3202.42,0.6395,2,3,0.2551,40,28,9689.65,0
CUST-002253,34,5764.37,0.4925,3,3,0.5859,151,33,3891.18,1
CUST-002254,48,6862.61,0.1191,5,2,0.6665,118,48,1460.57,0
CUST-002255,36,5196.32,0.3314,5,4,0.4414,8,30,13394.48,1
CUST-002256,58,5464.32,0.6622,5,2,0.4981,166,34,7452.36,1
CUST-002257,64,3249.48,0.4282,1,2,0.6495,152,34,3871.49,0
CUST-002258,56,5455.24,0.5181,3,3,0.5868,74,30,16773.22,1
CUST-002259,21,6545.57,0.4338,4,3,0.7765,91,33,11476.45,1
CUST-002260,74,6025.97,0.7361,2,2,0.7588,176,29,5951.65,1
CUST-002261,22,6721.08,0.2893,6,0,0.5536,178,37,11851.77,1
CUST-002262,74,9819.13,0.4189,4,4,0.3671,115,38,7953.68,1
CUST-002263,22,7927.15,0.5953,4,0,0.2973,104,37,20677.43,0
CUST-002264,48,5369.53,0.7435,0,0,0.5189,172,31,9763.81,0
CUST-002265,26,3069.05,0.2733,2,0,0.1303,43,35,6380.02,0
CUST-002266,26,3969.56,0.2207,2,4,0.4031,55,35,27616.23,1
CUST-002267,57,4710.64,0.4548,2,4,0.5092,109,32,3439.93,1
CUST-002268,60,5825.32,0.1622,2,3,0.4521,118,33,2534.94,0
CUST-002269,27,4192.97,0.0829,0,0,0.3512,59,28,5252.79,0
CUST-002270,73,3412.96,0.3021,2,0,0.5741,31,27,1805.8,1
CUST-002271,38,3046.43,0.5969,1,3,0.4857,105,36,2257.62,1
CUST-002272,38,2473.49,0.1303,1,5,0.7932,164,36,7259.92,1
CUST-002273,37,4678.28,0.3252,2,4,0.7425,9,21,9496.4,1
CUST-002274,45,2684.0,0.2681,1,3,0.4238,62,34,7096.68,1
CUST-002275,30,3314.88,0.9324,3,3,0.3346,147,45,14160.64,1
CUST-002276,43,4355.34,0.1082,4,4,0.4894,31,40,5908.05,1
CUST-002277,32,2850.5,0.8069,4,1,0.2172,151,40,1630.45,1
CUST-002278,23,6169.06,0.3491,1,0,0.3206,96,40,17625.27,0
CUST-002279,40,7255.49,0.2656,5,2,0.606,13,32,8352.69,0
CUST-002280,57,4060.95,0.4365,2,0,0.2303,32,32,16855.26,0
CUST-002281,62,4271.63,0.8152,1,1,0.4164,16,39,15802.93,1
CUST-002282,40,6622.69,0.3648,2,5,0.6005,52,34,23838.78,1
CUST-002283,38,3771.08,0.6,0,2,0.3236,46,28,4053.63,1
CUST-002284,63,3656.21,0.1137,0,2,0.2735,70,30,3089.54,0
CUST-002285,57,8909.19,0.0926,4,4,0.4248,101,33,8298.53,1
CUST-002286,65,7741.09,0.5914,1,1,0.63,29,29,7866.2,1
CUST-002287,69,6816.57,0.2658,2,4,0.3544,178,34,27669.85,1
CUST-002288,65,7886.86,0.3615,0,3,0.3348,10,37,14258.65,1
CUST-002289,71,2135.89,0.7696,3,3,0.528,129,32,10283.34,1
CUST-002290,43,9562.84,0.2936,3,2,0.2139,69,30,3016.86,1
CUST-002291,42,6203.33,0.5488,3,5,0.3621,40,28,4769.37,0
CUST-002292,38,8194.89,0.2694,1,5,0.545,39,32,2103.79,1
CUST-002293,33,6189.67,0.3937,6,0,0.2364,140,35,4311.75,0
CUST-002294,61,5315.75,0.0973,3,1,0.6938,121,31,10614.59,1
CUST-002295,59,4594.08,0.6281,4,4,0.423,130,28,13509.86,1
CUST-002296,64,6134.16,0.6225,0,3,0.3369,3,25,16038.44,1
CUST-002297,30,4519.37,0.6249,3,4,0.7696,157,37,17918.72,1
CUST-002298,47,7684.48,0.102,3,1,0.2095,117,35,15028.51,0
CUST-002299,32,2546.58,0.559,1,3,0.7484,21,25,5241.48,1
CUST-002300,69,4075.32,0.5613,1,0,0.3523,99,36,4527.17,1
CUST-002301,35,13050.53,0.1758,4,5,0.8982,140,29,29001.83,1
CUST-002302,28,3923.26,0.4854,4,4,0.3532,95,41,6337.14,1
CUST-002303,51,4670.43,0.5465,3,3,0.3521,122,24,6598.23,0
CUST-002304,68,3495.57,0.0349,3,0,0.4297,92,30,8101.25,0
CUST-002305,70,6048.37,0.3162,1,5,0.7875,13,24,2351.91,0
CUST-002306,26,3733.47,0.3868,1,1,0.1959,98,35,7633.69,0
CUST-002307,38,4783.31,0.1866,4,0,0.3195,134,29,2203.69,1
CUST-002308,29,7619.03,0.0891,1,2,0.1318,92,36,15854.37,1
CUST-002309,37,3797.01,0.4789,2,5,0.3834,177,27,6045.72,1
CUST-002310,49,7415.21,0.1252,4,2,0.2406,82,26,5328.42,1
CUST-002311,36,7528.24,0.3677,3,0,0.5055,123,35,1601.53,1
CUST-002312,24,8359.42,0.8079,2,5,0.3859,63,30,12013.77,1
CUST-002313,48,5539.49,0.0912,1,3,0.3247,3,34,77586.5,0
CUST-002314,23,22358.92,0.5307,4,3,0.476,67,40,5380.04,0
CUST-002315,33,8357.83,0.3177,2,3,0.2192,130,39,8617.44,0
CUST-002316,21,6018.59,0.2443,1,0,0.5188,20,31,37275.77,1
CUST-002317,25,3506.06,0.4901,0,4,0.7061,35,32,75957.4,0
CUST-002318,44,4977.77,0.2505,0,0,0.38,72,34,3031.84,0
CUST-002319,66,9879.93,0.4994,3,1,0.72,155,32,26767.99,1
CUST-002320,62,11222.82,0.6529,2,3,0.1533,89,45,740.41,0
CUST-002321,26,10113.86,0.7434,3,3,0.633,13,36,529.13,1
CUST-002322,22,7403.81,0.5381,4,1,0.3642,138,36,1799.8,1
CUST-002323,39,2955.33,0.4909,3,0,0.4477,101,37,6446.07,0
CUST-002324,56,6474.57,0.3414,1,1,0.2413,80,36,1491.61,0
CUST-002325,61,2974.36,0.2846,3,0,0.141,49,39,29261.53,0
CUST-002326,65,2662.58,0.2527,5,5,0.8331,139,35,9345.73,1
CUST-002327,39,5790.86,0.2486,4,0,0.5761,164,32,15713.99,0
CUST-002328,30,6580.42,0.4087,4,4,0.6222,140,37,6588.75,1
CUST-002329,22,7808.23,0.1596,3,2,0.435,16,26,5280.06,0
CUST-002330,28,6503.69,0.4073,1,1,0.7849,60,42,8345.43,1
CUST-002331,24,6605.3,0.392,1,0,0.637,152,33,51957.83,0
CUST-002332,67,3338.64,0.1924,1,0,0.2403,90,40,10770.87,0
CUST-002333,35,4960.07,0.2812,3,5,0.6542,111,29,10411.14,1
CUST-002334,65,2639.15,0.2501,6,4,0.7213,60,24,3490.51,1
CUST-002335,50,2110.96,0.4306,3,1,0.309,84,37,3647.99,0
CUST-002336,50,7256.86,0.5869,3,3,0.6705,15,36,4890.52,1
CUST-002337,45,3705.26,0.3573,1,5,0.5884,65,34,15658.58,1
CUST-002338,65,7700.48,0.386,3,1,0.5738,154,33,12065.16,1
CUST-002339,23,8562.7,0.4573,2,5,0.6154,155,27,1519.93,1
CUST-002340,26,3935.22,0.1134,1,3,0.3448,148,39,13466.51,1
CUST-002341,43,6782.18,0.5473,2,2,0.4154,130,36,17196.18,1
CUST-002342,42,3861.82,0.1621,2,5,0.5052,18,32,15299.14,1
CUST-002343,50,2265.99,0.1004,4,2,0.7786,41,33,15034.94,1
CUST-002344,60,5496.7,0.3731,3,0,0.1293,118,30,15381.77,1
CUST-002345,52,4207.07,0.7017,6,0,0.1669,34,27,12523.18,1
CUST-002346,34,4265.75,0.3347,0,4,0.5203,152,42,2706.78,1
CUST-002347,38,12648.81,0.3148,4,3,0.2541,109,39,21503.22,1
CUST-002348,61,2616.99,0.5883,3,5,0.7739,10,44,42395.7,1
CUST-002349,31,6177.73,0.2949,7,1,0.3431,99,38,28126.59,0
CUST-002350,48,3323.42,0.2387,1,3,0.4896,72,39,11519.12,1
CUST-002351,50,7825.41,0.1747,3,2,0.2662,161,23,8421.4,1
CUST-002352,61,5947.39,0.496,1,5,0.6182,46,39,5116.59,1
CUST-002353,59,6167.93,0.6741,3,4,0.6678,178,42,1666.16,0
CUST-002354,46,3398.92,0.8239,5,1,0.4431,87,39,21486.5,1
CUST-002355,37,3684.53,0.4999,2,4,0.4138,36,40,2370.12,1
CUST-002356,40,7892.57,0.1922,3,4,0.2272,30,31,6516.4,1
CUST-002357,43,11536.52,0.4256,3,2,0.4772,41,29,6391.09,1
CUST-002358,32,6454.63,0.2592,0,2,0.5295,9,27,27880.16,0
CUST-002359,54,3472.31,0.6915,5,1,0.2515,11,37,16365.37,1
CUST-002360,32,6056.8,0.3574,1,2,0.2008,6,44,5176.55,1
CUST-002361,56,15502.81,0.3452,2,0,0.1804,169,30,8126.94,0
CUST-002362,61,5445.28,0.5679,1,3,0.4862,170,41,7463.46,0
CUST-002363,72,10039.1,0.4059,3,3,0.5512,148,41,15779.38,0
CUST-002364,27,3726.65,0.7191,2,3,0.6903,14,34,3624.34,1
CUST-002365,62,5102.45,0.3851,2,5,0.7095,21,34,11730.5,0
CUST-002366,25,6872.05,0.7015,1,2,0.7884,41,29,7497.24,1
CUST-002367,39,6218.05,0.4538,2,0,0.4514,129,31,81658.16,0
CUST-002368,30,3683.21,0.4643,3,2,0.4668,113,29,4422.36,1
CUST-002369,29,3612.41,0.8477,3,2,0.2391,80,35,27085.14,1
CUST-002370,30,8112.34,0.1225,2,2,0.2663,116,38,6150.01,0
CUST-002371,23,8889.37,0.1989,2,5,0.8482,168,32,8297.5,0
CUST-002372,65,10268.93,0.321,2,5,0.7641,19,28,30514.85,1
CUST-002373,24,11709.81,0.4804,3,3,0.4882,49,44,14763.97,1
CUST-002374,42,5524.75,0.4551,0,4,0.5364,99,37,8157.82,1
CUST-002375,58,4520.48,0.0791,4,1,0.3963,69,26,6559.62,0
CUST-002376,74,9550.61,0.2701,5,2,0.5831,84,23,31535.59,0
CUST-002377,67,7167.38,0.4367,1,5,0.6576,8,41,6538.89,1
CUST-002378,28,3341.95,0.5559,3,2,0.3861,42,28,6528.07,1
CUST-002379,74,3265.86,0.5743,4,2,0.4891,37,35,4889.77,1
CUST-002380,56,6488.47,0.2406,2,5,0.6604,145,32,45894.64,0
CUST-002381,30,4801.29,0.1176,2,4,0.4695,134,30,2907.85,1
CUST-002382,45,5138.52,0.5002,2,4,0.5605,173,37,11666.38,1
CUST-002383,70,8425.8,0.2733,4,4,0.4762,165,45,12179.62,1
CUST-002384,42,7317.18,0.5035,2,3,0.3499,55,37,3064.33,1
CUST-002385,30,9460.28,0.1125,5,3,0.619,113,24,7059.23,1
CUST-002386,68,2180.31,0.788,3,4,0.6194,39,37,6443.03,1
CUST-002387,72,5828.08,0.1383,2,0,0.261,136,45,5229.65,0
CUST-002388,73,7108.34,0.2784,1,0,0.3692,67,35,9907.02,0
CUST-002389,72,2616.13,0.3356,2,5,0.407,94,34,11936.75,1
CUST-002390,68,3872.71,0.591,1,0,0.3314,159,38,6951.63,0
CUST-002391,45,3562.42,0.3814,6,3,0.95,105,31,54848.62,1
CUST-002392,31,5251.02,0.3047,3,1,0.5473,138,34,4982.18,0
CUST-002393,54,10817.8,0.4221,1,4,0.6382,28,38,11376.84,0
CUST-002394,32,12920.61,0.3219,4,2,0.7608,135,46,10048.1,1
CUST-002395,46,3604.67,0.3645,6,1,0.296,82,34,15586.1,0
CUST-002396,56,6590.37,0.2324,4,4,0.4992,162,42,10902.27,0
CUST-002397,72,6686.68,0.5992,3,5,0.6883,55,40,4241.7,1
CUST-002398,36,6190.96,0.1639,3,4,0.4425,44,38,16194.02,1
CUST-002399,34,6222.67,0.4527,7,1,0.1285,114,28,9178.64,0
CUST-002400,60,5961.62,0.1709,1,5,0.3666,155,35,21792.69,0
CUST-002401,21,11112.44,0.837,1,5,0.6779,23,41,18263.69,1
CUST-002402,51,8540.06,0.3624,0,1,0.3848,165,35,15504.44,0
CUST-002403,61,3227.12,0.5041,6,3,0.3435,104,36,20888.35,0
CUST-002404,50,7438.98,0.1226,2,4,0.6725,126,33,5424.41,0
CUST-002405,41,7769.66,0.1415,3,3,0.6627,153,37,9807.8,0
CUST-002406,65,5991.81,0.5339,5,5,0.5874,75,33,24538.11,1
CUST-002407,41,8652.08,0.2328,2,1,0.4442,159,38,11152.4,0
CUST-002408,59,5659.25,0.6075,1,1,0.3811,163,37,4514.01,1
CUST-002409,46,5690.9,0.3009,3,5,0.78,133,25,3545.13,1
CUST-002410,22,5491.58,0.1751,3,0,0.2363,9,29,18084.57,0
CUST-002411,49,2096.88,0.6095,2,0,0.5305,105,34,5483.51,1
CUST-002412,23,5015.23,0.5911,4,5,0.8748,53,47,8603.97,1
CUST-002413,71,3849.51,0.4962,2,5,0.6912,19,28,32041.39,1
CUST-002414,53,3048.83,0.5417,5,0,0.6071,19,32,4229.16,0
CUST-002415,41,9914.19,0.2563,1,4,0.34,162,43,26155.39,0
CUST-002416,47,6524.42,0.1917,3,4,0.7436,70,41,3659.01,1
CUST-002417,54,5130.66,0.2347,3,5,0.4914,20,23,26487.15,1
CUST-002418,35,4032.95,0.3111,3,2,0.4117,134,39,10504.53,1
CUST-002419,36,5941.34,0.6894,4,1,0.164,115,40,1935.57,1
CUST-002420,43,8123.86,0.369,2,2,0.234,74,35,3010.01,0
CUST-002421,34,3584.16,0.4937,2,3,0.4592,96,33,4154.12,1
CUST-002422,61,5188.71,0.5193,1,5,0.7527,101,38,10152.93,1
CUST-002423,26,7685.14,0.1314,0,5,0.3614,167,36,24793.16,0
CUST-002424,65,2175.93,0.4102,2,2,0.2638,76,31,12777.23,1
CUST-002425,39,5067.02,0.0801,3,0,0.24,8,27,4147.85,1
CUST-002426,51,4286.53,0.4251,3,2,0.1575,8,27,33065.61,1
CUST-002427,29,4896.08,0.4692,3,2,0.3287,126,39,8516.13,1
CUST-002428,41,4149.24,0.3127,3,0,0.2491,14,32,3951.57,0
CUST-002429,61,5532.22,0.0975,6,5,0.4202,170,29,8110.14,1
CUST-002430,35,12357.84,0.2963,3,1,0.2954,10,25,9082.06,1
CUST-002431,28,4494.68,0.5087,1,3,0.2548,118,40,4174.68,1
CUST-002432,49,5929.43,0.2437,4,2,0.5934,146,29,21193.43,1
CUST-002433,29,12759.74,0.0357,3,4,0.2532,28,25,6498.23,0
CUST-002434,37,4059.87,0.4544,2,3,0.7194,17,32,4266.98,1
CUST-002435,45,11766.57,0.5679,2,5,0.3343,178,29,15590.68,1
CUST-002436,51,5212.47,0.1786,2,0,0.5098,61,27,12855.11,1
CUST-002437,55,11594.28,0.6331,3,1,0.4669,48,36,18280.63,0
CUST-002438,57,7288.15,0.305,2,2,0.4517,101,28,17907.93,1
CUST-002439,66,5970.66,0.6874,5,5,0.7541,47,32,4966.57,1
CUST-002440,24,5048.67,0.5763,0,2,0.4476,97,39,8112.09,1
CUST-002441,40,3926.86,0.5595,2,3,0.4961,58,38,1189.87,1
CUST-002442,21,5380.41,0.3518,3,4,0.5534,111,34,10169.04,1
CUST-002443,21,7787.12,0.4071,0,5,0.476,18,33,11171.79,1
CUST-002444,32,5169.41,0.5269,3,1,0.6829,96,38,7502.44,1
CUST-002445,53,4509.46,0.3623,5,3,0.4671,102,34,3797.34,0
CUST-002446,69,4645.07,0.2393,0,5,0.7169,90,30,23292.7,1
CUST-002447,62,8127.66,0.5693,2,1,0.4962,51,27,3028.49,1
CUST-002448,55,9024.84,0.5868,2,5,0.4557,121,29,34797.0,1
CUST-002449,63,3851.42,0.0931,1,2,0.3976,62,44,2292.31,1
CUST-002450,30,3848.93,0.4392,5,1,0.7722,54,37,7088.13,1
CUST-002451,66,6167.97,0.5873,4,4,0.531,36,24,1156.47,1
CUST-002452,69,10340.29,0.4607,3,2,0.2681,83,29,4555.08,1
CUST-002453,26,8708.98,0.3772,2,2,0.5807,85,30,11181.29,1
CUST-002454,46,2960.4,0.4776,0,4,0.8034,79,31,11943.54,1
CUST-002455,65,4617.37,0.2271,4,1,0.5189,60,46,7243.72,1
CUST-002456,46,3420.84,0.8578,4,1,0.4484,65,35,5720.82,1
CUST-002457,66,4610.23,0.1616,1,4,0.6162,120,33,75295.96,0
CUST-002458,71,10704.27,0.3319,3,4,0.7476,179,38,8354.17,0
CUST-002459,46,2741.45,0.4489,2,1,0.4244,123,42,115356.84,0
CUST-002460,24,2509.72,0.4392,3,5,0.2273,162,33,35769.9,1
CUST-002461,39,3581.6,0.767,2,0,0.5527,96,37,4927.65,1
CUST-002462,32,5917.7,0.2835,2,3,0.5443,122,27,5811.15,1
CUST-002463,46,6875.73,0.2236,2,2,0.3981,67,30,38580.51,0
CUST-002464,52,6331.33,0.1791,3,0,0.4277,133,37,2573.27,0
CUST-002465,46,8826.13,0.7432,3,4,0.4645,98,39,31773.82,1
CUST-002466,31,2352.01,0.1947,2,0,0.2788,157,37,8129.71,1
CUST-002467,37,8876.52,0.6555,2,1,0.5137,77,33,963.83,1
CUST-002468,57,4518.66,0.5324,2,2,0.4484,66,24,3246.69,0
CUST-002469,22,7227.05,0.3005,2,4,0.4559,78,31,7255.41,1
CUST-002470,32,2866.57,0.3292,5,1,0.347,96,35,5657.3,1
CUST-002471,69,5211.61,0.3435,1,0,0.1851,19,26,4710.57,0
CUST-002472,26,5783.33,0.4976,2,4,0.6041,65,41,2372.25,1
CUST-002473,43,8747.31,0.6223,3,0,0.4325,91,43,8718.38,1
CUST-002474,32,2547.96,0.6535,6,2,0.4194,160,35,35557.43,0
CUST-002475,26,5272.46,0.2517,3,4,0.2971,107,32,34806.13,0
CUST-002476,43,3190.9,0.8002,4,3,0.6613,110,31,26676.2,1
CUST-002477,49,6528.2,0.3281,2,0,0.1695,60,44,7673.27,0
CUST-002478,30,7377.29,0.6464,3,3,0.6922,102,30,26882.16,1
CUST-002479,25,9280.22,0.2921,2,0,0.5304,161,33,2176.19,1
CUST-002480,28,4087.34,0.5287,3,0,0.6872,82,29,15650.09,1
CUST-002481,56,7892.48,0.7113,3,1,0.4603,137,25,37737.31,1
CUST-002482,67,9593.29,0.5025,3,4,0.7991,104,35,17556.15,1
CUST-002483,30,2482.33,0.7625,1,1,0.7397,146,39,2090.85,1
CUST-002484,38,6849.76,0.1314,2,4,0.5933,54,29,4021.98,1
CUST-002485,39,8004.38,0.309,2,0,0.2685,79,39,5008.5,1
CUST-002486,40,4628.49,0.3336,3,2,0.6653,94,40,3403.54,0
CUST-002487,34,3015.64,0.6903,3,2,0.5605,41,33,6690.37,1
CUST-002488,23,7948.54,0.5001,1,3,0.2077,39,40,8219.5,1
CUST-002489,49,3030.96,0.2926,3,2,0.5569,108,43,7312.34,0
CUST-002490,40,4798.97,0.3042,4,0,0.3638,45,29,3991.56,0
CUST-002491,39,5106.95,0.8441,3,4,0.9434,45,36,24362.7,1
CUST-002492,35,7175.34,0.3464,2,3,0.6322,34,40,7630.62,0
CUST-002493,71,3922.29,0.3508,2,3,0.457,134,31,2493.73,0
CUST-002494,53,3821.32,0.1181,4,5,0.6773,37,27,6015.63,1
CUST-002495,43,5436.69,0.4161,6,5,0.2743,94,27,5432.22,1
CUST-002496,32,8178.71,0.3233,2,4,0.4619,87,32,1743.78,0
CUST-002497,64,14556.11,0.5099,1,2,0.6503,25,36,6365.77,0
CUST-002498,68,2638.72,0.4859,5,0,0.3891,13,31,28548.04,1
CUST-002499,22,5992.82,0.2796,3,1,0.2293,133,29,7158.95,0
CUST-002500,71,3189.03,0.8118,2,1,0.95,61,31,7605.95,1
CUST-002501,58,8224.55,0.4372,1,1,0.3414,162,24,14745.31,0
CUST-002502,26,3408.64,0.5352,3,5,0.4785,87,34,5258.35,1
CUST-002503,61,3838.44,0.4327,0,0,0.1707,64,27,3366.83,0
CUST-002504,26,3988.79,0.1261,3,4,0.435,29,27,16906.37,1
CUST-002505,23,5024.72,0.1461,3,2,0.7152,24,29,8829.83,1
CUST-002506,27,6014.04,0.5764,1,1,0.1977,65,34,1922.82,1
CUST-002507,45,6464.49,0.2458,1,4,0.8514,43,35,12998.28,1
CUST-002508,54,5186.52,0.2863,3,3,0.6427,99,35,11960.43,1
CUST-002509,42,2858.24,0.5096,0,5,0.5508,4,38,1862.49,1
CUST-002510,27,7215.0,0.586,1,0,0.2844,163,28,1044.85,1
CUST-002511,31,5077.54,0.5019,2,1,0.267,83,32,4931.42,1
CUST-002512,67,8770.9,0.6618,2,5,0.95,60,33,88633.48,1
CUST-002513,72,3781.71,0.2613,1,5,0.3454,10,30,76274.6,0
CUST-002514,61,2528.52,0.3047,0,2,0.3854,3,38,35125.16,0
CUST-002515,26,5120.99,0.3359,2,2,0.5884,36,39,4558.95,1
CUST-002516,65,9316.97,0.3021,1,1,0.5087,122,35,4260.07,0
CUST-002517,58,5590.58,0.1201,1,0,0.5716,10,35,2794.88,0
CUST-002518,49,4753.15,0.065,0,0,0.4263,172,38,2957.16,0
CUST-002519,28,3514.87,0.6623,1,0,0.2738,20,38,15718.86,1
CUST-002520,74,11469.07,0.474,0,0,0.3673,177,33,42897.88,0
CUST-002521,44,3271.79,0.3493,3,2,0.3685,63,41,7171.92,1
CUST-002522,23,3751.78,0.7233,2,3,0.5893,84,39,5496.3,1
CUST-002523,32,6720.58,0.2277,4,3,0.3578,132,32,3916.55,0
CUST-002524,42,2255.68,0.4973,5,4,0.7909,34,36,7402.68,1
CUST-002525,24,9227.83,0.4766,4,3,0.4072,30,40,4142.67,1
CUST-002526,38,6886.38,0.2798,1,3,0.5633,122,34,2531.35,1
CUST-002527,46,7793.68,0.4765,1,2,0.2448,92,24,10586.17,0
CUST-002528,72,6684.63,0.7253,1,1,0.8542,145,48,4361.57,1
CUST-002529,25,4836.31,0.1516,1,2,0.1742,85,38,5607.89,1
CUST-002530,52,3222.77,0.1292,4,4,0.535,101,28,9117.3,1
CUST-002531,70,4882.34,0.1565,0,3,0.4665,60,34,1396.28,0
CUST-002532,64,3352.82,0.4473,3,5,0.9241,65,49,2266.51,1
CUST-002533,70,6471.63,0.2883,5,1,0.4549,176,35,10126.68,0
CUST-002534,30,7476.09,0.6372,6,3,0.3527,62,36,3157.78,1
CUST-002535,64,10106.94,0.5139,3,3,0.4895,160,30,9399.23,0
CUST-002536,73,6146.94,0.6048,5,3,0.4487,81,38,4648.52,1
CUST-002537,38,7883.07,0.3274,3,0,0.5809,112,32,11570.9,1
CUST-002538,47,4549.16,0.5176,2,1,0.3364,39,36,2130.69,1
CUST-002539,49,4193.07,0.3971,0,3,0.4904,61,34,4264.7,1
CUST-002540,47,6435.38,0.7201,2,5,0.2943,78,27,38120.77,1
CUST-002541,36,4369.92,0.6081,4,2,0.6497,137,30,12540.35,1
CUST-002542,73,5869.63,0.3523,5,0,0.0813,148,34,20730.49,0
CUST-002543,72,3225.61,0.7413,6,5,0.297,100,31,9070.5,1
CUST-002544,41,3497.07,0.1181,0,4,0.3497,101,28,2866.01,1
CUST-002545,64,6921.23,0.7914,1,4,0.2735,10,33,4624.44,1
CUST-002546,42,7749.82,0.4482,1,2,0.4757,48,47,4990.98,0
CUST-002547,63,3337.14,0.1417,0,3,0.4208,160,37,5006.13,0
CUST-002548,52,7031.75,0.319,2,0,0.2214,126,31,29229.67,0
CUST-002549,46,4091.57,0.5884,2,0,0.3858,153,24,7332.2,1
CUST-002550,27,5238.77,0.271,1,0,0.4473,64,33,2570.24,0
CUST-002551,56,9838.31,0.5188,5,2,0.4044,121,34,4872.4,1
CUST-002552,38,7478.47,0.2271,1,5,0.5458,36,30,12955.53,1
CUST-002553,32,7439.48,0.2827,4,0,0.4149,129,27,2298.72,1
CUST-002554,31,12275.61,0.594,3,3,0.3739,11,39,23957.45,1
CUST-002555,74,3788.28,0.4271,3,4,0.2436,178,33,33297.13,1
CUST-002556,26,3336.81,0.2291,2,2,0.3485,156,37,4206.54,0
CUST-002557,64,3757.31,0.3157,2,0,0.3471,118,48,14443.42,1
CUST-002558,67,4637.3,0.6407,1,5,0.4437,102,29,21063.49,1
CUST-002559,22,1802.39,0.6027,3,5,0.5504,142,26,3584.66,1
CUST-002560,52,4736.58,0.5018,0,2,0.2575,8,43,6155.5,0
CUST-002561,52,4069.83,0.9446,0,5,0.436,37,26,7016.23,1
CUST-002562,40,7399.04,0.3826,1,5,0.5301,90,34,12554.38,1
CUST-002563,57,6093.65,0.1883,1,3,0.8377,22,33,33380.02,1
CUST-002564,43,3968.33,0.6157,1,5,0.2701,53,35,7067.46,1
CUST-002565,44,6781.11,0.1207,4,4,0.4457,101,40,2264.05,1
CUST-002566,44,7200.33,0.266,2,4,0.4151,49,28,1814.78,1
CUST-002567,64,3679.63,0.1958,4,0,0.3619,72,31,4455.14,1
CUST-002568,55,4165.34,0.1872,1,0,0.2626,166,25,6868.79,1
CUST-002569,41,1910.27,0.6931,0,0,0.617,127,29,26032.79,1
CUST-002570,71,3183.12,0.4688,6,5,0.7952,172,37,1853.55,1
CUST-002571,64,3723.07,0.6713,6,2,0.7967,44,42,7506.68,1
CUST-002572,71,5376.48,0.1844,0,3,0.559,133,35,33519.78,0
CUST-002573,60,3398.17,0.4263,2,3,0.3714,165,32,12626.48,1
CUST-002574,42,4127.22,0.5819,5,2,0.4041,46,39,2895.13,1
CUST-002575,62,2995.95,0.1341,4,4,0.5651,22,32,10286.31,0
CUST-002576,38,5616.23,0.1898,7,4,0.7933,20,31,8376.05,1
CUST-002577,35,6297.99,0.3494,4,5,0.595,174,28,26826.51,1
CUST-002578,45,6232.16,0.515,5,0,0.1921,12,37,16750.48,0
CUST-002579,73,5229.01,0.0298,2,2,0.2546,80,27,11115.82,1
CUST-002580,51,2599.13,0.0603,6,1,0.4285,11,33,14287.17,0
CUST-002581,41,3934.09,0.7104,2,3,0.3979,53,19,8934.02,1
CUST-002582,45,4329.15,0.082,1,4,0.4073,175,42,4313.47,0
CUST-002583,36,4336.97,0.1781,3,1,0.5489,31,29,16443.64,1
CUST-002584,56,5378.45,0.4434,2,3,0.2697,33,34,4680.2,1
CUST-002585,39,9876.44,0.2721,0,0,0.4916,8,27,11859.4,0
CUST-002586,50,7493.99,0.1845,0,3,0.4307,132,41,16084.89,1
CUST-002587,40,3334.34,0.1556,3,5,0.6177,39,35,2773.26,1
CUST-002588,38,7056.43,0.4325,1,4,0.7672,58,34,6995.51,0
CUST-002589,73,6936.48,0.7765,4,4,0.3777,136,36,34709.43,1
CUST-002590,39,3618.02,0.0168,1,5,0.6956,138,30,28419.13,1
CUST-002591,24,7619.02,0.3084,3,3,0.4876,89,32,12591.82,0
CUST-002592,41,4837.94,0.8462,1,0,0.3497,147,33,7259.57,1
CUST-002593,49,2757.1,0.5897,1,3,0.3029,106,24,6679.23,1
CUST-002594,26,6382.12,0.3566,1,2,0.5467,49,30,4666.33,0
CUST-002595,37,5733.3,0.2776,3,5,0.6877,42,46,7997.3,0
CUST-002596,29,4693.62,0.4198,1,1,0.2566,62,33,27236.89,1
CUST-002597,48,5113.09,0.1043,5,3,0.6072,5,33,4831.68,0
CUST-002598,60,3762.45,0.5284,0,5,0.6198,90,25,2704.99,1
CUST-002599,73,6842.94,0.7215,3,4,0.4342,23,26,20517.78,1
CUST-002600,42,5099.31,0.7593,2,1,0.5656,12,32,6115.5,1
CUST-002601,67,5604.45,0.2293,2,5,0.4631,36,32,3498.4,1
CUST-002602,32,6106.61,0.688,3,2,0.6098,7,36,8742.54,1
CUST-002603,63,3092.86,0.6958,1,4,0.2914,29,37,6283.53,1
CUST-002604,51,3477.21,0.5664,5,5,0.5323,147,31,8892.51,1
CUST-002605,61,1923.57,0.3024,2,5,0.4617,164,28,13175.24,1
CUST-002606,61,6704.59,0.4206,4,4,0.4129,83,32,11651.32,1
CUST-002607,49,3013.69,0.1781,4,4,0.3908,95,32,12663.83,1
CUST-002608,34,5519.65,0.4089,4,0,0.1129,91,24,9482.2,1
CUST-002609,49,6144.78,0.1552,5,5,0.3786,110,30,1686.64,0
CUST-002610,65,6819.03,0.4298,1,5,0.3817,110,37,9005.25,1
CUST-002611,73,3024.82,0.3278,1,1,0.3898,57,27,2612.99,1
CUST-002612,71,5049.74,0.2691,3,0,0.084,61,30,4361.65,0
CUST-002613,30,11026.32,0.3906,2,5,0.95,126,40,4420.56,1
CUST-002614,53,11246.99,0.3537,0,3,0.2954,137,37,13947.81,0
CUST-002615,26,8108.83,0.4598,5,1,0.5695,41,39,1667.3,1
CUST-002616,57,6052.86,0.3179,2,1,0.0933,7,30,6967.28,1
CUST-002617,74,3308.06,0.079,3,3,0.2769,4,33,7646.81,0
CUST-002618,23,7185.31,0.4105,4,3,0.5364,25,41,16725.04,0
CUST-002619,56,4843.07,0.1884,5,3,0.7067,70,36,9101.35,1
CUST-002620,72,6691.89,0.5112,3,1,0.5406,167,31,13601.93,1
CUST-002621,66,3911.34,0.3307,2,4,0.7614,107,36,9230.55,1
CUST-002622,42,4810.68,0.6486,0,4,0.3563,158,35,38801.41,1
CUST-002623,26,5598.65,0.4236,2,0,0.4498,161,33,5636.34,0
CUST-002624,70,5809.44,0.6074,1,3,0.6888,16,26,67921.75,1
CUST-002625,70,6493.71,0.3513,4,4,0.6653,29,35,5059.45,1
CUST-002626,52,4006.91,0.1785,3,1,0.618,101,34,16847.03,0
CUST-002627,73,2841.07,0.4358,4,4,0.4168,164,28,33003.27,1
CUST-002628,21,10802.87,0.1689,2,5,0.3912,132,40,7078.24,0
CUST-002629,54,15939.86,0.3099,1,5,0.4428,80,31,7850.08,0
CUST-002630,23,6359.81,0.0684,4,4,0.5901,48,28,2500.52,1
CUST-002631,71,2865.84,0.5778,5,4,0.3899,51,30,177525.77,1
CUST-002632,57,3671.94,0.8061,6,2,0.2937,5,28,6981.72,1
CUST-002633,70,6538.85,0.3553,2,0,0.1971,112,31,30503.88,0
CUST-002634,51,9508.26,0.3599,7,2,0.3225,119,38,4504.66,0
CUST-002635,25,3012.76,0.3976,1,4,0.6851,94,32,2425.7,1
CUST-002636,22,4917.05,0.4139,2,2,0.3045,140,33,4848.38,0
CUST-002637,39,5679.3,0.7793,0,5,0.6696,131,36,10144.76,1
CUST-002638,61,7673.09,0.4536,0,3,0.3378,132,32,9620.55,1
CUST-002639,29,4455.05,0.625,1,0,0.5504,13,43,4794.86,1
CUST-002640,67,2572.66,0.6481,5,5,0.5191,33,36,5772.16,1
CUST-002641,33,6877.1,0.5915,1,2,0.4227,157,42,9883.91,0
CUST-002642,47,8626.31,0.5377,2,0,0.8146,103,23,4286.05,1
CUST-002643,31,5010.28,0.1493,3,4,0.8304,26,27,5706.09,1
CUST-002644,46,6240.23,0.3596,2,2,0.4043,43,39,3288.42,1
CUST-002645,45,4200.22,0.3758,2,4,0.2398,169,33,17780.71,1
CUST-002646,21,3553.95,0.1606,2,4,0.4287,111,35,2677.32,1
CUST-002647,51,8252.78,0.4732,2,5,0.6133,83,42,6659.29,1
CUST-002648,63,6190.6,0.3868,4,5,0.95,88,42,14225.94,1
CUST-002649,71,6483.92,0.2456,5,4,0.5552,107,39,15241.71,0
CUST-002650,38,10222.7,0.3372,3,0,0.4853,103,25,3170.35,0
CUST-002651,68,3234.84,0.0739,1,4,0.4376,106,30,17903.97,1
CUST-002652,68,4056.2,0.5807,1,0,0.5658,58,22,13540.89,1
CUST-002653,74,5583.01,0.5955,2,2,0.8401,14,42,16198.5,1
CUST-002654,41,4033.84,0.3009,2,4,0.6474,96,39,8051.62,1
CUST-002655,66,7396.97,0.2178,4,5,0.2773,104,30,13367.07,0
CUST-002656,51,4779.47,0.5274,2,5,0.4665,94,33,15357.29,1
CUST-002657,24,3326.83,0.0639,7,0,0.3584,175,37,83542.2,0
CUST-002658,35,5356.21,0.3637,1,4,0.4342,33,36,1907.9,1
CUST-002659,57,5614.27,0.1341,2,0,0.4391,134,30,13005.06,0
CUST-002660,29,7919.0,0.1103,3,3,0.2753,6,37,17287.25,0
CUST-002661,44,6206.34,0.3836,0,2,0.6695,60,31,11742.26,0
CUST-002662,62,6399.21,0.6473,1,1,0.4642,119,35,22360.09,0
CUST-002663,29,6006.19,0.347,0,4,0.458,90,35,21324.19,1
CUST-002664,47,4777.7,0.2453,0,5,0.8573,46,33,12421.8,1
CUST-002665,32,3767.31,0.1335,1,2,0.5803,87,42,8224.73,0
CUST-002666,49,5921.77,0.6419,4,4,0.3219,96,37,1412.08,1
CUST-002667,33,4476.1,0.0834,2,4,0.3124,22,38,63579.89,0
CUST-002668,73,11123.71,0.6855,5,4,0.7028,6,44,1132.22,1
CUST-002669,25,9512.82,0.2425,2,1,0.5698,43,30,16400.36,0
CUST-002670,73,6913.22,0.4757,4,5,0.3966,50,28,12855.97,1
CUST-002671,63,6165.5,0.3283,3,4,0.6671,96,37,2866.47,1
CUST-002672,67,4998.2,0.5214,4,5,0.8915,10,37,72508.68,1
CUST-002673,66,2948.08,0.4806,2,1,0.1898,71,35,21392.47,0
CUST-002674,31,4717.98,0.4176,2,0,0.3617,55,31,12507.57,1
CUST-002675,71,5442.77,0.4076,1,4,0.7038,111,31,2957.98,1
CUST-002676,53,5765.63,0.1195,1,0,0.3386,132,31,38177.97,0
CUST-002677,72,6423.42,0.7039,1,1,0.4362,133,28,40600.92,1
CUST-002678,68,7871.57,0.4233,2,1,0.4913,114,37,11067.3,1
CUST-002679,52,3808.32,0.7583,2,1,0.212,91,34,50334.44,1
CUST-002680,41,3823.91,0.1213,3,5,0.5072,32,38,11645.74,1
CUST-002681,27,9989.6,0.1462,2,5,0.95,111,31,13633.61,1
CUST-002682,26,7356.62,0.0928,3,3,0.2314,24,41,9044.89,1
CUST-002683,42,4361.48,0.5592,3,4,0.5914,78,32,18778.63,1
CUST-002684,64,4955.08,0.7676,0,3,0.5195,23,31,15723.79,1
CUST-002685,48,4965.12,0.5304,2,5,0.5268,51,34,5849.38,1
CUST-002686,47,5274.41,0.5218,2,2,0.3399,153,32,3355.61,1
CUST-002687,34,6432.52,0.1935,2,4,0.3548,4,34,7796.58,0
CUST-002688,51,16271.34,0.4764,1,2,0.65,53,29,17912.01,1
CUST-002689,55,5663.54,0.2971,1,3,0.3946,18,32,7914.27,0
CUST-002690,74,7006.43,0.4331,2,1,0.1019,179,41,3987.19,1
CUST-002691,60,2434.51,0.2244,0,4,0.4972,157,36,8627.11,0
CUST-002692,53,4180.6,0.1761,2,5,0.8596,101,28,3196.68,1
CUST-002693,70,9039.69,0.2792,5,5,0.6397,33,30,5581.02,1
CUST-002694,43,6232.02,0.396,2,2,0.3158,179,41,1785.64,1
CUST-002695,71,1800.0,0.7811,3,0,0.2436,17,37,10226.9,0
CUST-002696,40,7042.54,0.0512,3,5,0.5155,45,24,18569.8,1
CUST-002697,27,12327.5,0.264,3,0,0.289,101,30,9420.04,0
CUST-002698,43,2118.06,0.6611,0,0,0.2682,170,45,13085.34,0
CUST-002699,27,10302.46,0.2025,3,5,0.5485,29,30,10532.22,1
CUST-002700,27,1800.0,0.6099,1,1,0.4557,166,31,14000.23,1
CUST-002701,68,7930.83,0.7033,2,3,0.6481,41,30,15608.49,1
CUST-002702,63,5179.8,0.2891,3,1,0.2647,33,35,15906.86,1
CUST-002703,32,1806.1,0.6654,4,1,0.506,174,24,25627.61,1
CUST-002704,66,6356.14,0.3748,2,1,0.2103,177,42,2120.82,0
CUST-002705,24,8728.0,0.3825,8,1,0.4388,26,48,18255.88,0
CUST-002706,36,6125.18,0.3418,4,4,0.4619,64,34,7392.77,0
CUST-002707,59,6765.47,0.567,0,4,0.3786,72,33,5867.21,0
CUST-002708,37,4320.64,0.5193,3,0,0.0733,29,26,1579.28,1
CUST-002709,60,2250.23,0.5464,4,5,0.452,166,27,2159.61,1
CUST-002710,68,7099.31,0.5581,0,3,0.3359,67,32,5726.41,0
CUST-002711,24,11427.79,0.5301,3,4,0.7252,145,35,4260.51,1
CUST-002712,22,8644.9,0.7244,3,0,0.2312,17,44,22050.76,1
CUST-002713,71,2125.73,0.2626,3,2,0.7106,71,36,17467.03,0
CUST-002714,49,2629.93,0.2132,0,5,0.6745,108,36,34816.22,0
CUST-002715,48,3553.64,0.2408,1,5,0.6139,36,38,7840.36,1
CUST-002716,46,2539.13,0.4696,4,0,0.2864,109,42,16221.8,1
CUST-002717,44,5304.44,0.3304,4,4,0.494,78,34,2181.66,1
CUST-002718,58,6207.11,0.3404,3,4,0.4067,61,25,77402.36,1
CUST-002719,52,2732.03,0.4065,3,0,0.5105,73,26,45326.97,1
CUST-002720,29,7377.0,0.5698,1,5,0.5638,58,40,4269.17,1
CUST-002721,54,6815.2,0.3535,1,1,0.2089,52,32,38033.83,0
CUST-002722,57,4063.27,0.3547,3,5,0.5557,9,36,3196.67,1
CUST-002723,27,4811.57,0.3348,4,0,0.1749,99,31,4908.05,0
CUST-002724,41,2162.46,0.0745,1,3,0.7855,120,39,9078.08,1
CUST-002725,63,4477.84,0.3194,1,1,0.5111,168,26,4089.27,1
CUST-002726,54,5217.31,0.6225,1,3,0.3064,47,28,15520.25,0
CUST-002727,28,5610.25,0.0865,3,4,0.3432,80,20,25050.96,1
CUST-002728,23,6166.63,0.267,1,3,0.3969,86,32,2508.76,0
CUST-002729,52,5804.12,0.7927,1,4,0.3939,117,39,10013.14,1
CUST-002730,45,4616.81,0.3887,2,4,0.754,92,37,3691.35,1
CUST-002731,72,5914.73,0.5669,2,1,0.1514,83,30,11524.93,1
CUST-002732,49,8162.68,0.1032,2,5,0.455,142,37,11770.36,1
CUST-002733,71,4981.27,0.5793,4,0,0.2101,27,36,5072.35,1
CUST-002734,32,5998.9,0.144,4,3,0.6864,115,43,7763.4,1
CUST-002735,45,4782.11,0.6994,1,4,0.701,36,36,9876.23,1
CUST-002736,28,3886.92,0.3405,3,4,0.7888,174,31,4861.85,1
CUST-002737,52,6579.47,0.6542,3,1,0.5434,123,30,1994.17,1
CUST-002738,31,4050.36,0.194,1,5,0.3975,114,30,18090.74,0
CUST-002739,47,6186.84,0.4677,2,5,0.3399,157,39,17971.4,0
CUST-002740,39,5266.54,0.5652,1,0,0.6046,66,33,17238.54,1
CUST-002741,31,4535.29,0.3525,0,0,0.3218,20,35,3682.77,1
CUST-002742,26,4486.15,0.62,4,3,0.614,156,27,7299.86,1
CUST-002743,48,4137.14,0.19,0,1,0.6026,167,39,2074.38,0
CUST-002744,72,2479.48,0.3685,3,0,0.279,94,37,58829.89,0
CUST-002745,31,6177.8,0.2688,2,4,0.472,82,34,2722.29,0
CUST-002746,42,5771.05,0.2934,4,2,0.4528,36,27,27765.62,0
CUST-002747,33,7621.78,0.3087,4,5,0.5023,45,33,4475.88,1
CUST-002748,64,4093.92,0.5529,5,4,0.1935,103,38,11818.81,0
CUST-002749,43,12201.77,0.4385,0,3,0.634,32,28,7142.36,1
CUST-002750,73,4383.19,0.3103,2,2,0.4739,24,36,6361.55,1
CUST-002751,34,3507.34,0.5598,4,4,0.3994,51,28,12975.24,1
CUST-002752,25,3325.1,0.7454,2,0,0.3417,64,39,5476.91,1
CUST-002753,52,2383.08,0.3787,3,1,0.332,45,29,2106.7,1
CUST-002754,56,10364.03,0.1425,1,4,0.7551,8,32,7752.6,0
CUST-002755,74,9637.28,0.2763,2,4,0.3268,60,40,24538.16,0
CUST-002756,68,6814.1,0.6386,0,1,0.231,16,29,9134.62,1
CUST-002757,68,3474.39,0.0713,1,5,0.5477,135,28,3861.78,0
CUST-002758,55,11748.54,0.2054,1,3,0.5891,41,39,108406.9,1
CUST-002759,40,4438.8,0.551,2,4,0.3903,7,34,9067.49,1
CUST-002760,44,4607.09,0.6726,1,0,0.333,113,35,4186.45,1
CUST-002761,28,9928.66,0.3412,1,0,0.4296,71,34,62218.33,1
CUST-002762,44,6994.81,0.567,1,5,0.4684,90,36,1893.34,1
CUST-002763,40,14001.37,0.436,3,5,0.8839,112,40,3889.27,0
CUST-002764,22,5815.83,0.3363,2,2,0.7917,79,38,22570.68,1
CUST-002765,32,4349.21,0.6383,2,5,0.6888,20,32,3831.97,1
CUST-002766,49,3948.54,0.1994,2,4,0.342,104,29,17371.67,0
CUST-002767,40,2264.85,0.1246,3,1,0.4962,102,32,19486.05,0
CUST-002768,74,4587.3,0.2647,3,2,0.5215,37,26,57911.32,0
CUST-002769,46,8703.5,0.1394,2,3,0.3476,135,29,23424.58,0
CUST-002770,72,6808.24,0.3151,0,2,0.2549,123,33,5959.3,0
CUST-002771,56,5247.74,0.1462,4,1,0.0864,122,51,4638.6,1
CUST-002772,23,3323.23,0.22,0,1,0.6814,99,31,3479.38,0
CUST-002773,31,5758.93,0.3185,6,3,0.3337,115,35,3294.99,1
CUST-002774,59,8202.38,0.1301,4,2,0.6858,27,29,12831.5,0
CUST-002775,50,6312.19,0.0723,3,5,0.8445,24,31,1817.83,1
CUST-002776,37,5605.17,0.6468,2,5,0.5159,101,34,10405.35,1
CUST-002777,49,3632.89,0.2324,0,0,0.1014,136,36,1585.79,0
CUST-002778,69,7682.08,0.395,1,3,0.3179,22,28,11344.21,0
CUST-002779,41,1800.0,0.5516,4,3,0.4253,112,35,5498.51,1
CUST-002780,23,6177.66,0.6735,5,0,0.6375,122,28,15908.51,0
CUST-002781,37,16532.09,0.1229,1,4,0.3189,179,33,791.39,1
CUST-002782,71,2637.66,0.5068,1,3,0.2879,42,30,21100.21,0
CUST-002783,62,4664.79,0.7076,1,4,0.817,141,27,9086.36,1
CUST-002784,66,5181.52,0.6353,2,2,0.3393,11,28,5904.46,1
CUST-002785,70,4222.79,0.1657,6,2,0.8192,140,34,14411.89,1
CUST-002786,27,8289.81,0.4534,1,4,0.617,36,30,13437.4,1
CUST-002787,36,6431.85,0.639,3,4,0.3041,84,36,2605.31,1
CUST-002788,24,5568.88,0.5355,5,4,0.5001,88,30,10366.59,1
CUST-002789,21,7444.17,0.2895,0,2,0.5768,170,40,17395.01,1
CUST-002790,66,5239.34,0.3866,4,3,0.4946,128,28,2145.74,1
CUST-002791,71,21749.65,0.5975,2,5,0.6538,89,32,10814.63,1
CUST-002792,29,5566.49,0.6038,7,5,0.6909,68,39,26600.41,1
CUST-002793,59,5677.64,0.5086,1,2,0.2807,176,34,10496.04,0
CUST-002794,49,2408.36,0.2085,1,3,0.3878,67,31,5894.55,0
CUST-002795,24,4071.88,0.5792,2,0,0.3845,152,44,2624.57,0
CUST-002796,70,8714.42,0.1322,2,2,0.95,80,33,3344.66,0
CUST-002797,68,2851.09,0.0693,0,3,0.2136,38,43,6250.68,0
CUST-002798,51,1969.46,0.2759,2,2,0.2403,156,33,18105.33,0
CUST-002799,59,5276.17,0.1429,4,5,0.8223,19,32,15344.25,1
CUST-002800,42,9635.88,0.495,1,5,0.5102,144,36,6277.36,1
CUST-002801,63,5300.12,0.4741,1,0,0.2337,143,28,4276.01,0
CUST-002802,45,4470.06,0.4586,3,1,0.3632,167,27,5192.35,0
CUST-002803,74,2253.17,0.1305,3,0,0.1203,179,35,25451.31,0
CUST-002804,24,6373.65,0.2875,0,0,0.4358,142,37,2276.54,0
CUST-002805,30,7002.26,0.2232,1,3,0.3298,9,41,9130.07,0
CUST-002806,73,2332.36,0.2642,2,4,0.2518,81,39,5508.65,0
CUST-002807,36,8664.19,0.1677,4,4,0.5956,148,35,15954.43,0
CUST-002808,37,7339.14,0.2012,4,2,0.6203,104,37,7202.12,0
CUST-002809,63,8655.55,0.6635,2,2,0.5063,92,36,2796.57,1
CUST-002810,31,6761.5,0.4152,1,1,0.4454,100,26,35905.07,1
CUST-002811,48,6978.37,0.4289,2,5,0.6636,43,35,10518.44,1
CUST-002812,36,6573.08,0.2517,4,4,0.2927,177,34,9984.51,0
CUST-002813,31,7686.54,0.4911,2,2,0.6393,33,30,2452.71,1
CUST-002814,73,2293.82,0.7504,4,1,0.6043,133,33,6420.35,1
CUST-002815,31,2646.35,0.1208,1,2,0.5953,15,33,4445.95,0
CUST-002816,26,3733.91,0.4376,3,4,0.342,97,27,7932.44,1
CUST-002817,57,4904.92,0.6171,2,1,0.2823,177,26,1585.39,1
CUST-002818,67,6192.38,0.2887,2,2,0.4093,117,29,9641.32,0
CUST-002819,27,6018.06,0.5647,0,0,0.1003,147,42,18160.19,1
CUST-002820,59,8596.51,0.7419,0,4,0.7389,172,29,5241.61,1
CUST-002821,50,8718.8,0.5186,3,5,0.3837,106,35,10978.58,1
CUST-002822,65,3511.65,0.7063,3,4,0.8385,36,41,3377.04,1
CUST-002823,27,5789.34,0.2834,3,4,0.509,124,34,39098.97,1
CUST-002824,73,3550.66,0.3363,2,0,0.0421,169,29,3431.37,0
CUST-002825,54,4777.64,0.1352,2,5,0.2242,128,31,7256.52,1
CUST-002826,66,6010.24,0.3345,1,4,0.7594,65,25,4173.39,1
CUST-002827,40,1800.0,0.1918,0,1,0.4879,38,38,3712.76,0
CUST-002828,71,15390.01,0.5528,1,3,0.3614,64,37,35961.32,1
CUST-002829,54,6709.62,0.2302,2,0,0.2286,135,38,32623.09,0
CUST-002830,27,3977.26,0.5222,5,5,0.3469,42,29,5556.06,1
CUST-002831,70,12378.67,0.5003,4,0,0.4313,47,36,190039.57,0
CUST-002832,63,4447.38,0.1089,4,0,0.3248,65,33,23739.43,0
CUST-002833,37,5519.53,0.328,5,3,0.4459,51,31,21992.49,1
CUST-002834,50,4176.43,0.1505,0,4,0.3747,92,24,8887.39,0
CUST-002835,41,10935.94,0.5999,0,4,0.3076,121,26,25810.81,1
CUST-002836,50,4960.05,0.3314,2,5,0.4165,33,35,9894.04,1
CUST-002837,73,5561.83,0.2938,1,0,0.2611,147,28,3641.01,0
CUST-002838,69,8938.44,0.7286,1,4,0.233,32,32,8684.07,0
CUST-002839,32,6766.41,0.2945,4,1,0.1853,129,23,5938.19,1
CUST-002840,73,5074.37,0.4609,1,5,0.3924,53,39,2918.95,1
CUST-002841,44,8570.57,0.5344,2,1,0.2409,108,36,22042.73,1
CUST-002842,59,16296.92,0.2782,1,2,0.4338,4,27,10390.64,1
CUST-002843,62,5998.4,0.6013,2,1,0.5681,33,28,8351.41,1
CUST-002844,47,5480.52,0.4848,1,4,0.5467,117,33,43062.45,1
CUST-002845,45,5615.0,0.541,3,5,0.5489,26,32,10382.67,1
CUST-002846,45,9377.86,0.4002,3,3,0.5606,38,29,27214.7,1
CUST-002847,67,3971.01,0.1256,3,2,0.3582,136,39,3469.69,0
CUST-002848,41,4587.87,0.5037,3,2,0.3992,157,28,4411.3,1
CUST-002849,36,2603.38,0.4003,2,4,0.8293,146,42,8988.73,1
CUST-002850,40,3052.37,0.3665,0,3,0.5581,69,35,9803.91,1
CUST-002851,31,4119.16,0.099,4,1,0.38,104,26,11751.53,0
CUST-002852,42,5070.74,0.3729,3,2,0.3623,83,31,22173.86,1
CUST-002853,27,11527.62,0.3214,2,5,0.517,25,25,233622.44,0
CUST-002854,25,6618.41,0.2334,1,5,0.4243,167,33,2106.21,0
CUST-002855,60,3449.48,0.3108,2,2,0.636,140,50,5185.72,1
CUST-002856,25,3747.42,0.4927,4,4,0.3054,7,36,12900.12,1
CUST-002857,51,9653.26,0.5388,2,0,0.1428,4,31,52148.93,1
CUST-002858,63,8633.36,0.1352,3,5,0.5565,128,39,7336.25,0
CUST-002859,60,5266.29,0.3715,3,1,0.3905,61,31,8819.77,0
CUST-002860,45,4261.08,0.5357,1,3,0.5191,92,43,6211.86,1
CUST-002861,31,8626.84,0.769,2,3,0.3847,83,27,14471.74,1
CUST-002862,71,3325.64,0.2657,4,5,0.553,115,35,8749.0,0
CUST-002863,66,6203.24,0.4231,2,5,0.3718,149,30,18740.29,1
CUST-002864,54,14459.55,0.151,2,2,0.2918,174,30,27044.28,0
CUST-002865,25,5703.44,0.5068,2,3,0.3045,44,32,6374.48,1
CUST-002866,22,3667.96,0.6245,1,3,0.235,25,32,21214.92,1
CUST-002867,38,6254.65,0.6081,0,3,0.7162,53,36,4565.74,1
CUST-002868,29,4208.7,0.5809,1,2,0.4832,122,30,10946.46,1
CUST-002869,67,2776.82,0.3995,2,2,0.3842,54,33,4898.87,1
CUST-002870,32,7128.67,0.3786,6,3,0.5318,127,33,2012.75,1
CUST-002871,36,8599.33,0.4811,4,5,0.5994,40,32,20538.08,1
CUST-002872,73,4521.08,0.5701,2,0,0.1383,83,37,3570.22,1
CUST-002873,65,4388.13,0.5021,5,1,0.617,20,37,4610.95,1
CUST-002874,32,3373.51,0.7124,2,4,0.5955,34,29,6491.43,1
CUST-002875,41,4860.73,0.6221,2,3,0.3237,174,34,49670.26,1
CUST-002876,48,4037.37,0.5117,3,2,0.2974,33,22,38777.24,1
CUST-002877,56,3299.25,0.6267,2,2,0.684,78,27,1980.7,1
CUST-002878,71,12184.13,0.1841,5,5,0.3004,77,29,2951.37,1
CUST-002879,68,6414.62,0.584,4,5,0.4699,125,32,48699.79,1
CUST-002880,73,6727.72,0.506,2,5,0.4403,122,35,64344.04,0
CUST-002881,23,7738.35,0.6929,2,1,0.6647,92,40,13843.13,1
CUST-002882,33,7356.8,0.3853,2,3,0.511,100,35,10182.99,1
CUST-002883,51,4317.86,0.3188,2,5,0.4173,141,34,8508.33,1
CUST-002884,23,5878.53,0.6431,1,1,0.6294,21,35,7387.39,1
CUST-002885,40,4607.08,0.1928,2,1,0.1759,39,35,2926.97,0
CUST-002886,29,6334.22,0.3002,4,3,0.7465,12,30,18950.91,1
CUST-002887,71,6064.3,0.5938,2,1,0.413,56,34,3853.0,1
CUST-002888,24,4377.43,0.3801,4,4,0.6945,68,32,16199.18,1
CUST-002889,29,2859.01,0.4257,0,5,0.4979,24,26,9283.07,1
CUST-002890,31,5553.71,0.7274,2,2,0.5792,22,47,24111.48,1
CUST-002891,29,4743.32,0.4478,2,5,0.4726,85,40,4855.69,1
CUST-002892,51,2221.07,0.4851,0,3,0.4026,27,47,2853.56,1
CUST-002893,40,6534.57,0.3248,8,2,0.1715,132,31,3621.45,0
CUST-002894,70,8029.02,0.0674,1,5,0.4796,123,32,8827.18,0
CUST-002895,35,16222.82,0.0516,1,3,0.7141,105,34,7825.61,0
CUST-002896,50,4360.64,0.6064,0,0,0.2831,87,43,2838.06,0
CUST-002897,56,4080.58,0.2357,2,5,0.3977,158,39,5569.9,1
CUST-002898,54,3156.36,0.1028,2,2,0.7842,117,42,9659.76,1
CUST-002899,64,5711.88,0.3589,3,2,0.4628,161,32,17002.42,1
CUST-002900,31,5695.64,0.6052,3,5,0.2819,64,29,8817.11,1
CUST-002901,48,3609.52,0.3358,1,4,0.6313,96,31,16922.64,0
CUST-002902,64,4806.36,0.3854,2,2,0.9128,19,41,9348.56,1
CUST-002903,67,2134.56,0.7893,2,5,0.6941,89,40,9398.22,1
CUST-002904,54,7889.46,0.1862,3,5,0.5496,14,35,14118.72,1
CUST-002905,56,3676.1,0.1447,2,1,0.4039,68,26,3078.08,0
CUST-002906,67,5119.53,0.4957,2,3,0.521,5,32,49174.27,0
CUST-002907,54,2736.41,0.2182,4,3,0.7143,46,35,9650.23,0
CUST-002908,72,4001.22,0.1132,2,2,0.5035,155,31,8314.67,0
CUST-002909,27,4585.24,0.5677,1,3,0.2676,130,41,11261.9,0
CUST-002910,39,5173.65,0.3836,1,5,0.3701,173,33,25092.22,1
CUST-002911,27,6452.96,0.5572,3,3,0.6199,172,23,13085.99,0
CUST-002912,25,9936.77,0.2844,0,0,0.5013,29,26,15969.52,0
CUST-002913,46,7231.01,0.1487,2,5,0.5853,34,34,9749.71,0
CUST-002914,33,8017.55,0.1733,2,2,0.233,170,38,3401.76,0
CUST-002915,42,9968.25,0.642,4,1,0.6914,145,25,870.28,1
CUST-002916,44,6719.59,0.4917,2,1,0.6974,49,36,18987.73,1
CUST-002917,54,5114.81,0.4505,4,4,0.2822,58,33,22317.69,1
CUST-002918,72,8188.73,0.3885,0,5,0.6859,117,27,3061.58,0
CUST-002919,66,8427.61,0.1875,2,1,0.1864,99,31,2751.03,0
CUST-002920,41,6962.32,0.4325,0,0,0.2316,70,16,3137.98,0
CUST-002921,38,2702.23,0.8625,3,5,0.5429,62,36,5053.84,1
CUST-002922,62,3560.86,0.2431,2,0,0.3938,112,35,3811.9,1
CUST-002923,27,4595.03,0.7197,1,3,0.3759,165,26,9638.59,1
CUST-002924,50,7385.27,0.5791,3,1,0.3919,152,29,9930.96,0
CUST-002925,43,5150.29,0.6742,1,1,0.392,135,28,8908.97,1
CUST-002926,30,8673.3,0.8294,3,3,0.4768,155,29,5296.08,1
CUST-002927,54,9398.17,0.2305,4,1,0.2854,13,29,3730.86,0
CUST-002928,38,8919.91,0.1523,4,1,0.4151,156,42,2227.27,0
CUST-002929,31,8945.51,0.5304,1,3,0.5,72,27,5014.16,1
CUST-002930,56,3260.93,0.5471,1,1,0.5052,49,25,14811.93,1
CUST-002931,30,6461.39,0.2033,4,5,0.6354,156,32,1945.26,1
CUST-002932,57,3956.15,0.6494,2,3,0.6306,140,38,7856.03,1
CUST-002933,29,2475.84,0.4993,5,0,0.0597,17,31,3226.17,1
CUST-002934,44,4569.01,0.5164,3,3,0.7528,64,32,2592.49,1
CUST-002935,64,9438.44,0.1695,0,3,0.7768,121,21,19962.15,1
CUST-002936,33,6398.05,0.6893,1,3,0.3532,34,27,25378.86,1
CUST-002937,62,12892.85,0.8323,3,5,0.8537,32,24,13139.26,1
CUST-002938,59,5631.7,0.411,2,3,0.3011,57,19,2875.7,1
CUST-002939,69,15645.29,0.4363,3,4,0.3331,58,34,17809.83,0
CUST-002940,30,5632.44,0.3781,2,4,0.3797,64,34,16388.12,0
CUST-002941,59,5252.87,0.5302,6,1,0.4937,143,40,50790.67,1
CUST-002942,71,2923.94,0.0807,7,5,0.4974,102,39,5205.22,1
CUST-002943,62,8571.24,0.3868,4,4,0.6893,81,36,11810.66,1
CUST-002944,31,4148.32,0.608,4,4,0.4561,112,33,3780.78,1
CUST-002945,65,3886.42,0.2538,1,0,0.1422,175,39,1524.93,0
CUST-002946,26,9255.45,0.6739,1,4,0.5275,73,39,1621.03,1
CUST-002947,52,8757.05,0.8554,0,0,0.615,85,40,8896.16,1
CUST-002948,47,8654.52,0.6876,1,2,0.5122,149,38,4334.5,1
CUST-002949,49,4417.94,0.4141,6,3,0.3447,38,29,13511.09,0
CUST-002950,49,5082.07,0.5315,1,5,0.4006,12,37,15136.59,1
CUST-002951,22,5061.81,0.2884,4,1,0.2036,110,27,8606.92,0
CUST-002952,48,7394.91,0.9045,2,4,0.7489,156,31,2101.57,1
CUST-002953,71,10462.14,0.1479,2,3,0.5284,112,38,3496.51,0
CUST-002954,44,6136.93,0.7976,1,3,0.3426,132,43,10506.19,1
CUST-002955,35,12646.24,0.6624,2,5,0.4381,32,40,11501.67,1
CUST-002956,74,7786.54,0.2237,1,2,0.1753,67,35,11649.54,0
CUST-002957,26,4678.6,0.5963,2,0,0.4218,58,21,18546.03,1
CUST-002958,47,7550.24,0.4109,1,0,0.3072,112,26,6844.77,0
CUST-002959,48,11204.68,0.3821,3,2,0.615,48,44,10269.69,1
CUST-002960,46,12780.09,0.3539,1,5,0.7905,79,34,14052.95,0
CUST-002961,70,8870.75,0.3623,1,1,0.6276,26,32,20321.3,1
CUST-002962,43,5260.43,0.5066,3,0,0.2144,22,35,8403.14,0
CUST-002963,73,4716.88,0.7528,2,0,0.1933,56,32,8143.33,1
CUST-002964,24,6738.85,0.0887,4,3,0.4146,173,33,11221.25,0
CUST-002965,60,11044.66,0.1696,1,2,0.6597,19,30,8871.45,1
CUST-002966,53,6320.86,0.1182,3,2,0.8542,65,40,6655.62,1
CUST-002967,33,6380.19,0.6411,0,3,0.4251,97,30,4804.46,1
CUST-002968,33,5321.67,0.4398,1,1,0.1601,152,32,1812.47,1
CUST-002969,59,4486.66,0.2052,5,0,0.3638,10,34,13762.08,0
CUST-002970,55,4834.12,0.3798,2,2,0.5885,140,32,12921.0,1
CUST-002971,54,5526.75,0.5073,2,4,0.7426,132,26,10787.72,1
CUST-002972,23,11266.16,0.203,4,3,0.2614,137,27,12305.47,1
CUST-002973,53,4668.26,0.4172,3,5,0.7696,110,29,7328.44,1
CUST-002974,73,5324.58,0.475,3,0,0.6366,9,27,45827.16,1
CUST-002975,21,3522.74,0.0492,2,0,0.1561,6,44,18887.81,0
CUST-002976,46,7178.87,0.5761,3,0,0.5037,150,34,48943.11,1
CUST-002977,47,9618.27,0.7125,1,0,0.1519,153,46,4701.78,0
CUST-002978,69,10801.47,0.5381,5,3,0.6681,87,36,8101.04,1
CUST-002979,36,5698.33,0.3538,3,3,0.7723,69,32,8101.36,1
CUST-002980,46,6733.65,0.3935,2,4,0.3514,157,29,31469.67,0
CUST-002981,59,4852.82,0.2709,2,1,0.1931,150,36,1328.59,0
CUST-002982,24,6594.7,0.5315,0,4,0.5957,72,28,14858.49,1
CUST-002983,64,5989.11,0.6222,3,1,0.544,32,36,10388.65,1
CUST-002984,65,5338.14,0.2563,3,5,0.5127,117,33,23049.45,1
CUST-002985,59,5532.54,0.4377,3,1,0.394,157,33,5440.64,1
CUST-002986,56,6372.7,0.3712,2,0,0.5044,56,40,1885.59,0
CUST-002987,61,4555.29,0.6033,3,1,0.3082,29,33,49468.17,1
CUST-002988,63,4662.42,0.5687,2,3,0.7332,130,22,8909.25,1
CUST-002989,69,11211.85,0.445,4,4,0.3141,13,38,21270.96,1
CUST-002990,44,17608.9,0.2116,1,2,0.6259,178,43,6824.28,0
CUST-002991,45,3024.34,0.2667,2,1,0.3273,71,40,25082.15,0
CUST-002992,55,2950.27,0.391,5,1,0.5017,59,33,18072.7,1
CUST-002993,31,3380.22,0.5268,5,0,0.2351,177,34,27057.34,0
CUST-002994,67,4963.84,0.7215,2,5,0.5504,61,29,6700.59,1
CUST-002995,62,7781.58,0.8258,0,4,0.1818,38,36,30469.68,0
CUST-002996,55,6785.06,0.2036,1,0,0.4095,134,34,14506.05,0
CUST-002997,37,5618.54,0.7145,1,0,0.2116,105,34,1762.64,0
CUST-002998,39,6597.43,0.4297,3,3,0.5433,88,36,30793.06,1
CUST-002999,44,3808.44,0.8505,5,2,0.787,6,34,15192.61,1
CUST-003000,56,4659.01,0.3474,1,1,0.1849,52,24,6910.72,1
CUST-003001,63,5153.19,0.0548,2,2,0.2953,126,42,8024.45,0
CUST-003002,57,2549.15,0.3649,2,2,0.5731,174,26,3651.2,1
CUST-003003,71,3083.51,0.5623,8,3,0.3282,9,43,10324.64,1
CUST-003004,72,3139.16,0.1014,1,4,0.6234,14,35,14874.77,0
CUST-003005,59,7333.9,0.6857,1,1,0.3766,11,36,10015.2,1
CUST-003006,41,5807.02,0.3404,4,4,0.2088,157,27,11123.28,0
CUST-003007,53,6845.81,0.6401,1,4,0.6142,101,36,5525.56,1
CUST-003008,43,2272.35,0.3934,1,4,0.5124,12,31,3944.34,1
CUST-003009,54,2667.27,0.6624,2,5,0.4957,118,30,9307.12,1
CUST-003010,64,7008.37,0.5452,0,1,0.4156,117,35,11402.26,0
CUST-003011,40,1800.0,0.4014,5,4,0.6319,28,33,6239.98,1
CUST-003012,48,9022.68,0.3755,4,0,0.13,65,39,13823.8,0
CUST-003013,23,2289.12,0.6677,2,2,0.6104,59,29,19655.71,1
CUST-003014,60,7600.12,0.4098,2,4,0.4194,123,26,21701.59,1
CUST-003015,47,3486.14,0.3672,0,5,0.5249,91,30,5822.33,0
CUST-003016,45,8336.68,0.4205,3,0,0.4383,120,44,2024.02,1
CUST-003017,49,22028.37,0.21,3,4,0.9223,108,37,13320.87,0
CUST-003018,32,1869.61,0.1341,3,2,0.2227,54,26,6967.37,1
CUST-003019,53,7110.54,0.7862,3,3,0.447,7,28,9218.75,1
CUST-003020,61,2304.78,0.1326,0,5,0.8204,65,37,5842.23,1
CUST-003021,39,6300.98,0.456,2,5,0.2237,87,39,39270.16,1
CUST-003022,28,4737.98,0.7446,2,2,0.3592,134,34,6200.9,1
CUST-003023,41,5512.73,0.1955,4,5,0.5877,144,26,48654.17,1
CUST-003024,31,3450.09,0.5624,4,2,0.3629,5,37,18185.07,1
CUST-003025,41,7388.33,0.4286,1,1,0.382,166,32,23242.66,0
CUST-003026,54,2709.86,0.3501,4,5,0.6939,69,38,8018.42,1
CUST-003027,27,9092.0,0.4341,1,2,0.6662,147,44,4263.38,0
CUST-003028,61,4325.36,0.1458,3,5,0.5135,37,34,16941.37,1
CUST-003029,33,2766.13,0.1643,1,5,0.4316,156,31,12284.38,1
CUST-003030,69,10658.74,0.2432,5,0,0.1488,90,35,5728.88,0
CUST-003031,60,5044.78,0.232,2,4,0.6233,119,41,17094.55,0
CUST-003032,35,12269.23,0.4718,4,5,0.7766,40,33,15300.86,1
CUST-003033,51,9009.4,0.0585,0,1,0.1545,164,42,1913.3,0
CUST-003034,26,3630.95,0.3619,2,2,0.3298,126,26,15738.64,1
CUST-003035,26,5004.88,0.5766,3,5,0.4775,52,41,21476.96,1
CUST-003036,72,5491.08,0.3898,0,4,0.7016,142,30,2290.09,1
CUST-003037,64,10334.57,0.1174,3,2,0.509,37,35,52312.82,0
CUST-003038,29,6331.53,0.8612,0,2,0.4242,55,31,31819.05,1
CUST-003039,36,5629.33,0.6262,3,0,0.4193,36,29,1918.53,1
CUST-003040,31,4752.7,0.2453,3,5,0.4688,102,31,6523.32,0
CUST-003041,42,5083.03,0.2364,1,5,0.3928,138,35,4030.43,1
CUST-003042,36,9353.26,0.104,3,4,0.5593,88,40,3095.89,0
CUST-003043,38,5208.68,0.4829,3,2,0.6882,119,36,11945.23,1
CUST-003044,49,4353.19,0.6804,2,2,0.4841,44,41,10297.75,1
CUST-003045,31,4033.48,0.4537,0,2,0.601,141,39,3970.34,1
CUST-003046,68,4053.03,0.3992,2,2,0.605,135,28,4404.76,1
CUST-003047,60,2766.87,0.1505,3,0,0.3908,163,38,9098.36,0
CUST-003048,62,3709.84,0.7119,1,1,0.641,54,33,13037.12,1
CUST-003049,30,10205.71,0.6342,4,3,0.582,48,39,4282.47,1
CUST-003050,59,4738.35,0.3965,5,1,0.4483,108,43,9584.7,1
CUST-003051,66,7139.51,0.105,2,0,0.4432,15,38,14803.93,0
CUST-003052,30,1800.0,0.0765,2,2,0.2475,155,29,20541.0,1
CUST-003053,61,6715.37,0.7028,3,4,0.8241,74,32,11738.37,1
CUST-003054,40,4835.82,0.5111,0,2,0.3532,119,42,10398.42,1
CUST-003055,63,4187.11,0.3991,4,4,0.3132,46,31,7260.46,1
CUST-003056,46,5641.17,0.4668,2,3,0.8281,71,43,6235.29,1
CUST-003057,64,4160.09,0.1824,4,1,0.2309,92,34,10573.85,0
CUST-003058,28,1999.54,0.3445,3,3,0.5117,97,37,9809.71,1
CUST-003059,42,7874.82,0.1519,2,3,0.2353,125,37,13059.11,0
CUST-003060,35,5800.92,0.4767,1,1,0.2577,159,33,4524.34,1
CUST-003061,34,4514.91,0.5174,6,2,0.4294,142,36,16029.59,1
CUST-003062,37,3366.51,0.1727,1,1,0.7359,115,32,2294.0,1
CUST-003063,41,2683.77,0.01,1,3,0.5175,10,43,16637.98,0
CUST-003064,27,5751.21,0.4389,0,0,0.3193,100,33,7438.36,1
CUST-003065,59,10747.86,0.433,1,0,0.6803,21,38,3253.54,1
CUST-003066,50,5697.82,0.3398,4,2,0.5376,75,32,3271.57,1
CUST-003067,65,2791.04,0.5673,3,3,0.2374,173,31,14758.05,0
CUST-003068,59,5754.38,0.5306,2,2,0.3583,136,34,10070.77,1
CUST-003069,29,5076.66,0.3179,4,0,0.4072,38,38,10838.63,0
CUST-003070,24,7671.24,0.333,3,0,0.7057,33,42,7584.85,0
CUST-003071,43,6832.49,0.4122,2,0,0.1064,52,26,6243.15,0
CUST-003072,46,1800.0,0.5423,4,0,0.1355,129,31,10027.7,1
CUST-003073,33,6646.02,0.4669,1,4,0.3611,58,30,8725.46,0
CUST-003074,63,3310.48,0.1868,1,1,0.3293,102,34,4528.54,0
CUST-003075,52,2742.53,0.1293,5,4,0.5193,93,36,1987.34,1
CUST-003076,61,4777.16,0.4759,3,2,0.3495,18,31,4786.74,1
CUST-003077,26,6256.34,0.3883,1,5,0.4419,118,35,10330.11,0
CUST-003078,65,2485.14,0.3821,7,5,0.7726,151,32,18943.75,1
CUST-003079,32,7140.04,0.078,3,3,0.3757,85,45,1489.01,1
CUST-003080,45,7331.36,0.4755,3,5,0.3229,105,36,5721.15,1
CUST-003081,44,5311.09,0.2141,0,2,0.3333,129,36,10878.42,0
CUST-003082,65,3519.18,0.6818,2,2,0.4356,111,42,10022.77,1
CUST-003083,35,3346.58,0.2562,3,0,0.3048,59,30,9419.64,0
CUST-003084,34,8250.95,0.1495,4,3,0.5461,105,44,5596.28,0
CUST-003085,39,2634.28,0.6469,2,3,0.5357,99,30,4456.14,1
CUST-003086,40,8395.29,0.0948,5,3,0.3093,164,44,13430.92,1
CUST-003087,30,4827.45,0.182,5,1,0.5098,167,32,11032.54,1
CUST-003088,30,4980.51,0.8002,4,2,0.2391,99,44,8389.13,1
CUST-003089,33,2410.95,0.3325,2,1,0.5455,162,31,54315.23,0
CUST-003090,46,4867.77,0.6384,4,5,0.5673,138,38,26831.75,1
CUST-003091,39,6853.59,0.0742,2,0,0.3425,76,27,13990.12,0
CUST-003092,42,2849.87,0.2441,0,1,0.4341,98,38,20657.89,0
CUST-003093,59,6508.08,0.2844,0,1,0.2051,109,35,16099.48,0
CUST-003094,34,5412.52,0.3034,2,2,0.3488,144,38,7028.01,0
CUST-003095,70,3892.18,0.386,2,1,0.3236,32,29,3303.45,1
CUST-003096,61,7638.96,0.6462,3,5,0.3818,142,39,21423.41,1
CUST-003097,30,1930.24,0.0762,5,3,0.2931,169,35,8880.94,1
CUST-003098,37,6077.93,0.0666,1,2,0.3072,178,26,20230.76,0
CUST-003099,30,10776.89,0.2876,8,2,0.7958,8,39,18797.7,1
CUST-003100,35,9940.66,0.3008,3,3,0.479,108,34,2332.09,0
CUST-003101,40,6197.04,0.8561,1,2,0.2215,89,31,15831.18,1
CUST-003102,28,4539.89,0.8427,1,5,0.7795,66,27,42839.96,1
CUST-003103,21,3906.13,0.229,0,0,0.321,105,27,7664.48,0
CUST-003104,44,4537.34,0.0522,4,1,0.3104,163,27,12308.15,0
CUST-003105,58,6641.73,0.3569,2,2,0.6818,4,34,22964.13,1
CUST-003106,37,3616.11,0.0488,2,5,0.3218,118,33,2412.54,1
CUST-003107,67,7311.87,0.1606,3,1,0.2145,45,35,1441.77,0
CUST-003108,40,13579.77,0.3506,1,1,0.6186,111,31,7834.14,0
CUST-003109,69,5057.19,0.8079,1,2,0.6647,137,27,2200.11,1
CUST-003110,33,2839.65,0.5279,5,4,0.5772,134,34,30248.69,1
CUST-003111,50,2839.2,0.3966,1,5,0.5608,24,29,19548.31,1
CUST-003112,62,7375.13,0.556,1,0,0.03,92,22,29052.7,0
CUST-003113,24,5062.06,0.3323,5,3,0.405,128,30,8652.93,1
CUST-003114,71,7715.51,0.637,4,3,0.4014,129,27,24715.75,1
CUST-003115,40,4089.91,0.0965,3,2,0.5692,72,38,9790.97,0
CUST-003116,47,7556.74,0.483,0,0,0.3218,177,46,12916.17,0
CUST-003117,54,4842.47,0.556,2,3,0.5433,42,33,61962.48,1
CUST-003118,55,3739.8,0.344,2,3,0.515,129,32,2910.9,1
CUST-003119,22,4341.45,0.3804,4,0,0.3678,43,34,42994.62,0
CUST-003120,67,3034.31,0.4747,1,3,0.5102,137,32,1662.24,0
CUST-003121,54,12728.84,0.1138,4,3,0.4009,67,38,8880.46,0
CUST-003122,74,4979.29,0.8225,2,2,0.3653,126,43,14906.95,1
CUST-003123,46,6949.64,0.2038,2,3,0.427,20,34,5779.35,1
CUST-003124,54,4083.96,0.6736,2,5,0.9243,115,41,11657.66,1
CUST-003125,44,3239.09,0.513,0,2,0.4287,105,29,12551.93,0
CUST-003126,69,4680.53,0.0948,3,5,0.8138,116,32,15736.97,1
CUST-003127,65,8535.17,0.1742,1,0,0.4438,173,40,7525.8,0
CUST-003128,70,4113.73,0.1945,2,4,0.597,177,39,4887.07,1
CUST-003129,48,3514.58,0.2889,2,4,0.3227,94,27,10670.19,0
CUST-003130,63,5576.81,0.2978,5,4,0.547,119,31,6742.09,1
CUST-003131,40,6509.21,0.7675,0,2,0.2438,22,43,9240.42,1
CUST-003132,45,10891.04,0.3004,1,0,0.2288,11,27,6814.32,0
CUST-003133,62,6097.3,0.2136,1,0,0.1678,69,37,10781.54,0
CUST-003134,25,6948.01,0.1738,3,1,0.342,40,32,5219.72,0
CUST-003135,59,7187.42,0.6485,0,0,0.4429,95,49,5855.97,0
CUST-003136,21,3095.04,0.1282,1,1,0.6028,51,31,3318.01,1
CUST-003137,52,3370.83,0.7047,3,0,0.1347,74,37,10367.17,0
CUST-003138,46,3192.82,0.7413,0,2,0.4744,123,38,4005.71,1
CUST-003139,46,2855.35,0.2862,2,5,0.5047,76,32,11891.74,0
CUST-003140,47,7438.1,0.5897,3,0,0.4255,31,39,22523.22,1
CUST-003141,47,5925.0,0.4075,2,2,0.16,89,30,36884.12,1
CUST-003142,42,5389.39,0.1451,2,1,0.4166,161,35,8154.79,1
CUST-003143,45,1800.0,0.4482,3,2,0.5657,142,28,109148.85,0
CUST-003144,51,13113.25,0.5663,2,3,0.298,32,28,15679.07,1
CUST-003145,62,3477.23,0.5504,3,5,0.7633,148,40,10096.8,1
CUST-003146,50,13091.65,0.4162,4,0,0.6437,151,21,51668.86,1
CUST-003147,55,2708.78,0.0733,3,1,0.3965,120,26,4067.93,0
CUST-003148,66,3607.73,0.0809,2,0,0.3194,165,32,8882.73,0
CUST-003149,74,1929.72,0.3432,3,0,0.2238,104,37,6886.77,1
CUST-003150,26,6120.32,0.5677,1,4,0.6813,178,25,2816.99,1
CUST-003151,59,3167.98,0.2195,4,1,0.3202,23,30,21948.11,0
CUST-003152,33,3208.52,0.4526,0,1,0.2827,5,40,11737.22,0
CUST-003153,31,2803.94,0.3026,3,2,0.71,76,34,16417.92,0
CUST-003154,63,7377.75,0.2677,0,2,0.3616,88,37,16179.0,0
CUST-003155,24,7162.2,0.3803,4,2,0.3983,104,36,1965.37,0
CUST-003156,66,11752.59,0.5568,3,5,0.5366,142,27,26380.45,1
CUST-003157,62,3819.39,0.1593,2,4,0.7775,138,41,4582.43,0
CUST-003158,74,5738.1,0.2046,1,2,0.4432,166,42,21697.42,0
CUST-003159,57,2910.89,0.6446,3,1,0.5148,55,38,2922.18,1
CUST-003160,68,4472.25,0.1213,1,0,0.1785,94,30,12507.94,1
CUST-003161,27,4117.22,0.4955,2,4,0.6017,113,42,5119.89,1
CUST-003162,69,6408.73,0.238,2,4,0.6481,45,33,11048.92,1
CUST-003163,29,8217.93,0.1367,1,4,0.758,100,31,7836.99,1
CUST-003164,37,8122.51,0.3862,1,4,0.4958,64,26,11691.32,0
CUST-003165,27,3558.69,0.6454,3,3,0.8111,68,42,7353.54,1
CUST-003166,42,8149.6,0.1639,3,3,0.3365,74,31,5859.34,0
CUST-003167,61,5097.86,0.5551,4,5,0.592,91,35,27792.44,1
CUST-003168,35,4493.31,0.1824,4,3,0.3415,143,34,27783.13,0
CUST-003169,65,3780.39,0.525,3,5,0.7747,15,32,49956.58,1
CUST-003170,53,4041.79,0.4452,2,4,0.5605,168,29,9446.43,1
CUST-003171,54,11389.59,0.3681,1,2,0.4927,40,35,8397.75,0
CUST-003172,71,5971.47,0.4553,4,2,0.176,84,40,9926.65,0
CUST-003173,44,5625.07,0.0827,1,0,0.4833,134,31,5031.57,1
CUST-003174,39,4621.17,0.1087,2,1,0.2857,172,43,3069.88,0
CUST-003175,74,15632.45,0.1399,2,3,0.3614,9,38,5742.57,0
CUST-003176,51,9355.02,0.3577,1,3,0.246,125,26,4819.48,0
CUST-003177,54,3759.1,0.7207,2,5,0.523,100,43,15494.54,1
CUST-003178,37,4597.59,0.4864,3,0,0.521,84,43,18921.75,1
CUST-003179,32,4722.08,0.6128,8,0,0.3703,79,32,1609.86,0
CUST-003180,30,5552.79,0.2996,2,3,0.6807,21,24,4585.34,1
CUST-003181,33,3792.81,0.1209,4,0,0.4947,22,27,13326.57,1
CUST-003182,31,6335.23,0.4004,1,5,0.4965,92,32,10674.54,1
CUST-003183,61,9995.13,0.4228,4,1,0.2314,138,41,7780.61,0
CUST-003184,24,2879.24,0.5194,4,3,0.5831,72,31,7579.4,1
CUST-003185,54,3129.87,0.3664,2,0,0.5181,129,36,12733.67,1
CUST-003186,72,4183.87,0.2653,0,0,0.3327,25,36,13426.36,0
CUST-003187,62,4272.08,0.1477,5,5,0.7899,110,29,2895.79,1
CUST-003188,42,12781.11,0.5067,2,3,0.4256,159,35,1874.14,0
CUST-003189,24,8161.5,0.2657,3,5,0.362,4,33,8671.58,1
CUST-003190,66,7953.43,0.2824,0,5,0.6298,24,25,18051.41,0
CUST-003191,21,4616.76,0.4109,3,5,0.5641,126,40,6280.2,1
CUST-003192,57,4571.39,0.598,2,1,0.7627,168,25,66315.59,1
CUST-003193,57,2705.78,0.3182,2,4,0.4136,117,29,19665.69,0
CUST-003194,31,7392.32,0.1311,2,3,0.3358,7,33,6133.94,0
CUST-003195,60,6485.92,0.2672,2,1,0.3034,29,32,1968.56,0
CUST-003196,30,9275.32,0.3581,5,1,0.696,36,33,18046.13,1
CUST-003197,33,4729.34,0.4461,3,2,0.581,20,35,4392.52,1
CUST-003198,64,4878.6,0.2269,3,4,0.5183,129,33,5561.58,0
CUST-003199,73,5613.53,0.1878,1,2,0.7699,50,38,4668.41,1
CUST-003200,35,7768.0,0.4345,3,1,0.603,171,30,2959.91,1
CUST-003201,70,2683.34,0.3056,4,3,0.3163,32,28,5769.74,0
CUST-003202,70,7241.9,0.6074,3,3,0.4737,13,33,5708.12,1
CUST-003203,62,5152.26,0.0951,4,3,0.3786,148,37,4328.16,0
CUST-003204,28,3229.32,0.3287,1,3,0.5646,47,30,5209.13,1
CUST-003205,37,2035.18,0.4005,3,2,0.8384,137,35,45877.53,1
CUST-003206,57,4890.26,0.3227,2,2,0.2252,108,31,17501.75,0
CUST-003207,74,9975.47,0.4889,3,2,0.2951,135,31,8001.04,0
CUST-003208,64,11048.19,0.3066,2,5,0.7444,169,27,1946.59,1
CUST-003209,43,6101.76,0.2713,2,2,0.4532,24,35,14669.77,1
CUST-003210,33,12573.12,0.6593,1,5,0.7493,78,32,46910.86,1
CUST-003211,72,5100.48,0.4078,2,1,0.496,23,34,42717.66,1
CUST-003212,35,7985.64,0.5653,1,2,0.3331,105,32,7974.91,1
CUST-003213,39,4244.42,0.6099,3,2,0.2067,164,33,12294.19,0
CUST-003214,73,4125.1,0.4175,4,2,0.4614,65,34,3324.42,1
CUST-003215,51,3833.5,0.4879,2,1,0.4047,92,34,11423.89,0
CUST-003216,35,2057.35,0.3852,0,3,0.6359,25,26,16694.82,1
CUST-003217,21,9279.89,0.6864,6,5,0.4864,24,34,14191.0,1
CUST-003218,44,3895.9,0.0337,6,1,0.3037,6,36,25925.64,0
CUST-003219,74,3625.57,0.187,2,1,0.4689,68,31,16293.36,1
CUST-003220,44,3057.73,0.5212,1,1,0.4074,122,36,2070.12,0
CUST-003221,58,4743.13,0.5359,2,1,0.563,3,39,6379.56,1
CUST-003222,34,11498.66,0.5136,5,0,0.1298,158,37,22044.28,1
CUST-003223,62,13341.23,0.3914,5,0,0.158,112,33,2072.57,0
CUST-003224,62,2462.73,0.4141,5,0,0.3461,32,31,9573.04,0
CUST-003225,53,4433.36,0.5191,2,0,0.1097,89,34,6138.71,0
CUST-003226,62,3264.8,0.4744,1,3,0.7126,106,29,2953.71,1
CUST-003227,52,8112.54,0.6107,0,0,0.3571,161,33,20986.7,0
CUST-003228,41,5915.79,0.5323,3,1,0.5631,134,39,4441.29,1
CUST-003229,60,3904.78,0.5088,1,2,0.388,152,36,60547.93,0
CUST-003230,66,5372.62,0.5827,3,0,0.396,55,36,7421.16,1
CUST-003231,66,4194.69,0.337,1,2,0.3063,11,30,23679.7,1
CUST-003232,32,10751.76,0.404,3,5,0.3119,70,39,40742.86,0
CUST-003233,57,6651.15,0.4912,2,0,0.2864,159,38,12102.91,1
CUST-003234,21,7029.24,0.6458,2,1,0.3284,166,40,9708.36,1
CUST-003235,51,1800.0,0.106,2,0,0.3845,85,30,17968.42,0
CUST-003236,51,5046.04,0.467,4,1,0.2875,62,37,39945.93,1
CUST-003237,40,13277.93,0.6855,3,5,0.4496,109,31,12066.74,1
CUST-003238,74,9444.35,0.5894,4,3,0.6335,50,33,4793.19,1
CUST-003239,68,2264.76,0.5088,2,2,0.3944,26,38,2461.65,1
CUST-003240,23,4515.96,0.4589,0,4,0.3462,18,22,12277.04,0
CUST-003241,32,3028.22,0.5178,1,5,0.3465,175,35,3634.21,0
CUST-003242,32,11230.74,0.2029,1,5,0.4784,110,36,20705.22,0
CUST-003243,69,5804.21,0.7027,3,3,0.9425,138,38,28025.96,1
CUST-003244,49,3680.88,0.0593,1,1,0.2812,85,31,15212.83,0
CUST-003245,60,5280.55,0.6053,3,3,0.7173,57,42,8543.34,1
CUST-003246,64,1800.0,0.0603,3,4,0.4522,172,29,15688.69,0
CUST-003247,62,3191.29,0.6532,4,2,0.5274,175,29,9232.16,1
CUST-003248,25,5285.98,0.4977,6,3,0.5641,107,26,7115.4,1
CUST-003249,28,7608.09,0.385,1,4,0.345,165,36,6072.74,0
CUST-003250,42,2170.74,0.4532,2,3,0.3025,44,22,9997.13,1
CUST-003251,39,4380.39,0.4062,3,4,0.3966,23,46,9154.41,1
CUST-003252,61,8190.85,0.0297,3,2,0.2349,13,31,27595.96,0
CUST-003253,29,2706.09,0.3379,1,4,0.6512,65,40,15093.63,1
CUST-003254,41,5764.92,0.5226,3,1,0.5276,162,33,2737.34,1
CUST-003255,33,5356.69,0.7838,5,4,0.2532,18,33,14133.13,1
CUST-003256,31,11247.32,0.3738,2,4,0.7843,135,32,9824.45,1
CUST-003257,30,4688.43,0.3158,6,2,0.6669,37,37,11652.07,1
CUST-003258,31,4813.57,0.0638,1,3,0.6165,108,33,7226.44,0
CUST-003259,51,7639.95,0.2734,4,3,0.9327,152,38,9333.1,1
CUST-003260,43,2862.8,0.3942,3,2,0.4727,82,43,39773.15,0
CUST-003261,44,4707.99,0.5296,0,2,0.3129,103,27,6499.5,0
CUST-003262,46,4235.84,0.1881,5,4,0.6438,10,29,5094.77,1
CUST-003263,61,4884.9,0.6215,2,4,0.5353,169,30,4811.18,1
CUST-003264,67,7617.45,0.4794,0,2,0.4319,105,37,3457.24,1
CUST-003265,49,6672.74,0.3748,7,5,0.555,98,38,15524.0,1
CUST-003266,55,3712.67,0.7342,2,5,0.696,25,37,26001.94,1
CUST-003267,60,5529.92,0.4049,4,4,0.344,23,27,5288.12,1
CUST-003268,58,10169.14,0.6157,5,0,0.3982,137,33,14551.95,1
CUST-003269,28,3577.07,0.4962,6,2,0.3882,175,35,22938.21,1
CUST-003270,74,5551.03,0.4401,2,0,0.5912,160,33,11059.29,0
CUST-003271,29,4767.09,0.3503,0,5,0.5148,78,34,9169.44,1
CUST-003272,43,5054.64,0.1342,3,3,0.3745,166,26,4989.27,0
CUST-003273,56,2496.43,0.1043,2,1,0.44,126,35,15774.91,0
CUST-003274,42,9810.98,0.3805,4,1,0.5342,13,29,7280.61,1
CUST-003275,34,3670.03,0.434,4,4,0.4756,100,36,15477.94,1
CUST-003276,70,8251.47,0.2494,2,0,0.4324,79,31,5680.22,1
CUST-003277,24,3931.57,0.5482,3,2,0.6302,126,30,12063.38,1
CUST-003278,34,3924.27,0.1195,4,0,0.4257,109,25,24008.31,0
CUST-003279,74,8976.09,0.3495,2,4,0.8779,71,30,13911.03,1
CUST-003280,60,8132.81,0.5348,1,4,0.5386,82,30,5077.16,1
CUST-003281,25,5711.94,0.4648,2,4,0.4259,22,35,3359.34,0
CUST-003282,61,7324.14,0.2598,1,5,0.4704,119,24,9597.8,0
CUST-003283,73,4566.79,0.4487,2,2,0.4002,95,44,31402.69,1
CUST-003284,26,5180.46,0.1991,1,3,0.2897,93,32,18352.63,0
CUST-003285,43,3861.01,0.5645,2,5,0.4121,163,29,53382.84,1
CUST-003286,46,7810.65,0.4957,3,4,0.2544,22,36,106063.38,0
CUST-003287,28,3806.17,0.3525,3,2,0.3172,55,42,8228.26,1
CUST-003288,31,10144.98,0.2231,2,5,0.6431,30,39,15938.15,1
CUST-003289,30,4511.06,0.357,0,4,0.5212,83,42,8973.74,1
CUST-003290,31,5248.21,0.6417,1,4,0.5324,116,31,5519.03,1
CUST-003291,42,7316.16,0.2243,3,2,0.4033,75,41,13402.05,1
CUST-003292,46,5256.14,0.3709,4,1,0.3745,144,27,11323.36,1
CUST-003293,33,4547.6,0.0298,4,4,0.2534,13,32,8626.42,1
CUST-003294,36,5130.22,0.6445,4,0,0.2848,5,41,6560.89,0
CUST-003295,31,7774.72,0.561,3,5,0.6956,179,46,10177.0,1
CUST-003296,63,3858.87,0.3973,2,3,0.7164,63,32,6474.66,1
CUST-003297,32,4912.84,0.5535,0,4,0.8947,174,30,7958.56,1
CUST-003298,70,5224.13,0.6148,3,5,0.8011,42,26,3335.4,1
CUST-003299,50,7673.11,0.2908,1,4,0.6611,93,31,4340.66,1
CUST-003300,64,4971.53,0.4101,3,5,0.5748,170,33,5550.89,1
CUST-003301,55,11732.86,0.2761,4,3,0.5732,17,34,10785.29,0
CUST-003302,35,4846.3,0.6218,4,0,0.3274,61,41,9681.78,0
CUST-003303,53,4672.53,0.1829,3,2,0.2908,111,37,5290.82,0
CUST-003304,35,4814.8,0.7795,3,5,0.8055,82,33,5738.39,1
CUST-003305,27,2875.34,0.2521,3,1,0.2903,70,29,10869.31,1
CUST-003306,34,3261.32,0.1767,1,0,0.5282,132,37,5858.53,0
CUST-003307,35,4095.38,0.638,1,2,0.3078,56,28,3815.31,0
CUST-003308,28,8669.25,0.5027,3,3,0.4423,23,32,16635.32,1
CUST-003309,22,5123.06,0.4823,1,2,0.8,93,24,2641.77,1
CUST-003310,71,4181.08,0.4525,0,5,0.3345,53,39,3531.79,1
CUST-003311,48,9030.42,0.7943,2,1,0.7125,16,33,24697.37,1
CUST-003312,42,10450.9,0.3806,3,2,0.5285,162,31,3178.77,1
CUST-003313,71,9148.42,0.0572,2,3,0.471,19,31,34561.16,0
CUST-003314,33,3542.27,0.6054,5,4,0.4325,117,39,3173.95,1
CUST-003315,42,4161.17,0.4223,0,5,0.7216,85,36,3779.4,1
CUST-003316,66,11761.6,0.2629,2,1,0.4308,90,26,3494.74,1
CUST-003317,55,5796.02,0.8413,3,5,0.2297,124,26,2769.88,1
CUST-003318,42,4609.99,0.3039,1,5,0.4302,116,34,31672.11,0
CUST-003319,34,7184.42,0.1082,3,5,0.5943,45,31,26540.14,0
CUST-003320,22,8182.05,0.3609,1,0,0.597,115,33,2573.2,1
CUST-003321,25,4020.9,0.0466,2,2,0.3678,42,37,37150.22,0
CUST-003322,29,5739.7,0.4922,4,3,0.3427,46,37,2993.56,1
CUST-003323,63,7890.11,0.416,2,1,0.2425,166,38,129719.07,0
CUST-003324,55,3084.93,0.4235,4,0,0.1702,170,34,7898.85,1
CUST-003325,44,5228.97,0.6575,4,1,0.4525,47,32,5253.44,1
CUST-003326,63,3149.31,0.1479,1,0,0.3122,63,30,14131.0,0
CUST-003327,29,3340.26,0.0773,2,4,0.4783,89,35,4087.4,1
CUST-003328,32,4036.04,0.517,3,1,0.0893,76,30,2527.66,0
CUST-003329,42,6445.37,0.4403,1,3,0.7562,55,38,6091.6,1
CUST-003330,70,4498.52,0.0783,2,0,0.4056,22,29,9705.47,0
CUST-003331,54,3884.02,0.7935,2,4,0.5374,152,28,1288.33,1
CUST-003332,66,5322.05,0.3119,3,1,0.3441,95,30,4025.44,1
CUST-003333,34,3103.48,0.4301,0,1,0.2554,47,33,52282.26,1
CUST-003334,66,6306.75,0.2037,5,0,0.5265,110,24,8946.37,0
CUST-003335,24,8651.93,0.6612,4,0,0.2633,19,38,1042.28,1
CUST-003336,33,5017.93,0.6182,2,5,0.3408,92,29,9028.07,0
CUST-003337,49,4746.78,0.1652,1,5,0.3825,133,30,12439.84,0
CUST-003338,23,6151.57,0.3538,1,0,0.2398,137,37,8872.62,1
CUST-003339,67,2087.25,0.4216,3,1,0.317,118,36,18270.04,1
CUST-003340,67,6620.87,0.2677,3,3,0.6578,62,27,6947.93,1
CUST-003341,50,20999.68,0.5581,5,3,0.4756,175,35,22493.98,0
CUST-003342,37,4920.72,0.5915,2,4,0.6224,108,32,8906.28,0
CUST-003343,26,4928.59,0.1657,3,5,0.4256,128,41,10002.35,1
CUST-003344,54,7266.55,0.6617,2,4,0.6709,41,27,12306.45,1
CUST-003345,50,10903.22,0.4792,4,1,0.2174,28,31,16850.92,1
CUST-003346,62,8063.87,0.2497,2,2,0.7231,169,30,12410.35,0
CUST-003347,53,1971.19,0.5196,3,2,0.4521,152,31,4611.29,0
CUST-003348,27,6700.54,0.3734,2,1,0.5665,134,44,38081.26,0
CUST-003349,27,16544.06,0.5212,3,3,0.6451,40,41,4449.96,0
CUST-003350,63,6880.95,0.7789,3,0,0.2901,46,33,4122.38,1
CUST-003351,29,3092.83,0.5802,2,0,0.1545,89,39,1563.7,1
CUST-003352,71,5903.13,0.2491,3,0,0.3056,19,39,7157.65,0
CUST-003353,26,2922.24,0.5633,2,4,0.6366,86,35,5749.13,1
CUST-003354,60,9055.93,0.422,0,3,0.5863,32,32,9567.29,1
CUST-003355,73,3382.15,0.5827,0,1,0.3872,130,36,4267.21,1
CUST-003356,44,5376.66,0.2161,3,3,0.4879,29,29,39740.9,0
CUST-003357,24,3534.8,0.3106,2,4,0.6854,9,39,5307.34,1
CUST-003358,68,4066.4,0.255,3,4,0.95,128,28,5306.78,1
CUST-003359,31,10149.52,0.2593,1,2,0.2337,110,27,8439.89,0
CUST-003360,49,5447.81,0.4971,4,4,0.3058,4,30,12607.1,1
CUST-003361,74,4043.12,0.5852,2,1,0.4662,119,37,26733.25,0
CUST-003362,61,3105.91,0.5191,3,5,0.7037,49,46,14442.02,1
CUST-003363,23,2239.81,0.2881,0,1,0.4458,179,34,14214.45,0
CUST-003364,65,2961.16,0.443,5,0,0.6896,74,32,10021.14,0
CUST-003365,29,5468.7,0.3862,2,4,0.448,34,33,4305.52,1
CUST-003366,61,8083.01,0.2798,3,4,0.3445,8,34,5167.16,1
CUST-003367,54,4041.03,0.4895,5,5,0.7202,23,22,1222.28,1
CUST-003368,36,10542.38,0.5658,1,0,0.4423,47,27,6788.62,1
CUST-003369,43,3765.13,0.3908,4,5,0.3343,69,36,16008.41,1
CUST-003370,27,4671.84,0.2412,1,5,0.6939,141,39,7125.25,1
CUST-003371,74,3199.03,0.37,1,3,0.3527,80,20,13284.74,0
CUST-003372,33,8121.39,0.3095,1,3,0.714,153,41,49742.03,0
CUST-003373,37,13363.65,0.4102,2,0,0.2041,65,34,9902.95,0
CUST-003374,48,2353.35,0.3519,2,3,0.415,85,42,15090.86,0
CUST-003375,57,4449.92,0.2488,3,4,0.5478,164,36,9995.05,0
CUST-003376,48,9187.18,0.3066,2,3,0.5668,129,44,4311.61,1
CUST-003377,48,2711.58,0.126,2,1,0.5492,175,42,7427.66,1
CUST-003378,52,6710.45,0.4032,1,3,0.3319,152,21,3376.43,1
CUST-003379,67,9009.87,0.3431,3,0,0.3901,15,33,19312.19,1
CUST-003380,42,5386.32,0.771,2,3,0.6427,17,50,20769.64,1
CUST-003381,65,6661.05,0.5287,2,5,0.7798,9,29,8280.22,1
CUST-003382,63,11485.26,0.3632,2,5,0.3781,146,47,44252.71,1
CUST-003383,72,12496.52,0.0656,1,4,0.5919,132,32,7342.91,1
CUST-003384,70,5057.0,0.1631,3,2,0.5144,151,38,19741.81,1
CUST-003385,64,4092.22,0.5865,3,2,0.7613,142,41,7203.36,1
CUST-003386,34,3437.24,0.3759,3,4,0.5586,129,43,13455.71,1
CUST-003387,62,8071.12,0.3276,1,0,0.6027,17,29,2567.06,0
CUST-003388,60,2804.88,0.5776,1,2,0.9219,75,39,5764.63,1
CUST-003389,36,4641.33,0.5115,4,3,0.5399,174,36,9553.33,0
CUST-003390,57,5445.93,0.3649,3,0,0.2117,94,23,19345.76,0
CUST-003391,34,4146.68,0.3357,5,4,0.4688,10,34,9390.76,1
CUST-003392,49,5897.79,0.366,3,2,0.278,30,25,30786.11,1
CUST-003393,64,16488.94,0.2704,2,5,0.5967,72,33,6496.99,0
CUST-003394,31,4923.1,0.2769,2,0,0.6373,135,36,3912.27,1
CUST-003395,39,4274.75,0.278,4,0,0.3857,144,34,48442.89,0
CUST-003396,63,8211.68,0.3966,3,2,0.6612,130,30,2298.09,1
CUST-003397,45,5791.96,0.4119,1,5,0.3332,117,45,4645.85,0
CUST-003398,72,9937.94,0.0625,1,0,0.1601,113,28,8932.96,0
CUST-003399,21,5600.01,0.7786,5,0,0.2451,102,31,6910.02,1
CUST-003400,59,4650.0,0.3927,3,4,0.4546,150,33,10083.94,0
CUST-003401,64,2330.27,0.4412,2,0,0.6705,128,29,9832.82,0
CUST-003402,70,2508.73,0.1955,4,3,0.3906,17,33,64967.81,0
CUST-003403,29,2276.4,0.6543,7,0,0.5588,169,42,7259.34,0
CUST-003404,74,6167.92,0.4574,2,0,0.3351,96,39,12444.3,0
CUST-003405,42,2816.93,0.5078,1,2,0.464,33,39,9433.66,1
CUST-003406,40,9149.22,0.3422,2,3,0.3761,59,31,1010.01,1
CUST-003407,40,5271.26,0.5739,3,3,0.4854,147,31,3055.11,1
CUST-003408,55,4658.88,0.2638,4,5,0.8154,108,34,1228.51,1
CUST-003409,56,3557.02,0.8846,1,0,0.2629,157,31,3286.33,0
CUST-003410,46,6880.39,0.116,2,0,0.349,4,32,7519.05,0
CUST-003411,24,3620.58,0.2556,3,4,0.5081,96,34,19032.6,0
CUST-003412,74,3337.56,0.1192,2,2,0.2042,53,35,29305.42,0
CUST-003413,32,8876.58,0.538,2,1,0.1558,134,34,84320.0,0
CUST-003414,26,6099.69,0.4052,3,5,0.4716,18,43,9466.01,0
CUST-003415,53,4678.33,0.4015,3,1,0.5536,17,39,8998.81,1
CUST-003416,43,6940.01,0.5135,4,0,0.1866,80,29,2375.26,1
CUST-003417,54,5220.94,0.451,1,0,0.2799,161,27,3547.65,1
CUST-003418,68,6178.12,0.4403,4,5,0.7373,166,44,18081.52,1
CUST-003419,26,3600.52,0.6155,3,0,0.2755,67,48,49692.5,0
CUST-003420,36,13201.6,0.1386,2,5,0.4174,11,31,30683.74,1
CUST-003421,48,4006.15,0.5762,2,1,0.632,39,37,5023.52,1
CUST-003422,63,10473.69,0.4047,0,2,0.8364,165,32,3085.61,1
CUST-003423,53,4776.31,0.7886,4,0,0.2021,110,34,1703.21,1
CUST-003424,41,7477.15,0.6573,1,2,0.2439,126,34,8117.49,0
CUST-003425,53,7235.93,0.4402,1,5,0.9139,34,26,50623.16,1
CUST-003426,73,8712.35,0.1651,1,5,0.6571,159,38,5497.68,0
CUST-003427,46,3562.2,0.1619,4,2,0.6251,119,43,4925.6,1
CUST-003428,68,8437.57,0.1669,2,0,0.5309,143,36,6937.35,1
CUST-003429,63,11935.97,0.635,2,4,0.6186,67,32,6783.38,1
CUST-003430,37,4628.56,0.5578,1,1,0.1432,78,30,9354.66,1
CUST-003431,34,5281.85,0.2543,2,5,0.3125,5,38,900.99,1
CUST-003432,62,4108.7,0.3156,2,0,0.6088,82,36,3572.88,0
CUST-003433,32,4449.37,0.2734,3,0,0.1292,136,30,6117.23,1
CUST-003434,39,11232.36,0.3584,4,4,0.8298,5,41,11086.21,1
CUST-003435,33,3309.35,0.6492,0,3,0.4976,159,35,5203.49,1
CUST-003436,53,3403.16,0.2952,2,3,0.6952,91,38,10512.37,1
CUST-003437,36,10735.59,0.3146,5,3,0.4776,137,34,4940.66,0
CUST-003438,56,6887.48,0.0957,3,5,0.3957,92,37,18535.71,0
CUST-003439,71,13501.83,0.7397,1,4,0.95,125,43,11612.82,0
CUST-003440,65,4245.93,0.4389,0,1,0.3307,137,32,10331.15,0
CUST-003441,72,5504.06,0.4575,2,4,0.2218,108,34,18097.07,1
CUST-003442,22,3862.65,0.6189,7,3,0.502,103,38,14741.47,1
CUST-003443,45,5546.37,0.5578,4,1,0.6419,49,38,5243.31,1
CUST-003444,32,2340.38,0.2142,4,4,0.4802,53,34,4235.04,1
CUST-003445,70,7077.27,0.2623,1,4,0.5289,139,38,29530.75,0
CUST-003446,59,6014.79,0.3295,3,1,0.4011,43,23,50828.89,1
CUST-003447,38,5067.05,0.1404,4,1,0.4314,110,43,25397.06,0
CUST-003448,51,4362.28,0.4383,1,5,0.6213,139,39,24820.19,1
CUST-003449,53,3476.48,0.6955,2,5,0.4504,106,25,3532.63,1
CUST-003450,47,7214.76,0.1372,1,1,0.2529,92,34,7698.6,0
CUST-003451,46,3069.97,0.5957,0,4,0.6952,58,32,6850.86,1
CUST-003452,23,6547.03,0.4021,0,0,0.5142,20,32,6637.58,0
CUST-003453,45,13225.7,0.4383,2,5,0.4674,29,28,4322.89,1
CUST-003454,39,10146.65,0.4003,4,1,0.4019,144,36,12176.92,1
CUST-003455,65,2641.51,0.6364,3,1,0.5008,26,30,12307.33,1
CUST-003456,67,4084.2,0.3159,2,4,0.7664,73,33,3934.5,1
CUST-003457,61,6285.92,0.3845,1,5,0.8752,163,37,4600.07,0
CUST-003458,22,5038.11,0.514,5,4,0.4194,52,33,10710.12,1
CUST-003459,66,2770.22,0.1945,4,5,0.4389,65,31,8701.5,0
CUST-003460,42,6184.53,0.4888,1,5,0.6371,23,43,5208.54,1
CUST-003461,43,5176.61,0.8185,0,1,0.5178,88,24,7463.17,1
CUST-003462,72,12306.22,0.2422,4,3,0.4706,37,40,2749.43,0
CUST-003463,67,4639.96,0.5296,2,4,0.4376,114,29,16323.95,1
CUST-003464,23,8795.68,0.3446,3,5,0.4348,12,24,6281.43,1
CUST-003465,40,2940.17,0.1534,2,3,0.7361,73,38,6089.8,1
CUST-003466,61,3274.14,0.6225,2,3,0.5976,130,32,13791.72,1
CUST-003467,50,7195.15,0.3337,2,4,0.4154,86,32,23046.53,1
CUST-003468,34,8468.37,0.1539,1,5,0.627,112,32,9013.0,1
CUST-003469,49,3379.85,0.5975,2,0,0.6823,59,35,5114.64,1
CUST-003470,67,5256.65,0.7722,1,5,0.6081,173,41,12889.91,1
CUST-003471,33,2792.53,0.7402,1,2,0.3829,138,36,9479.85,1
CUST-003472,61,4792.78,0.378,3,2,0.4684,32,43,11914.83,1
CUST-003473,60,7578.19,0.4556,2,2,0.7967,156,36,18631.22,0
CUST-003474,68,4275.61,0.5992,2,0,0.6155,57,28,7674.2,0
CUST-003475,37,4648.73,0.488,3,3,0.3508,62,40,22567.81,1
CUST-003476,32,3127.55,0.5266,2,5,0.7919,116,39,5347.14,1
CUST-003477,50,3884.12,0.1833,2,4,0.4003,86,32,4852.33,1
CUST-003478,49,11470.84,0.2779,2,2,0.6337,101,25,20143.64,0
CUST-003479,43,5373.48,0.3139,2,0,0.1936,121,30,13384.66,0
CUST-003480,63,3312.22,0.0998,2,4,0.4228,99,28,7797.43,1
CUST-003481,64,4513.22,0.4349,6,4,0.4944,30,31,8871.49,1
CUST-003482,34,2534.04,0.404,1,2,0.9078,19,25,6878.42,1
CUST-003483,63,3294.61,0.68,2,2,0.3008,105,21,7511.54,1
CUST-003484,33,9590.87,0.8181,1,2,0.6051,6,35,2969.11,1
CUST-003485,43,4877.05,0.2639,3,1,0.2281,148,33,4481.24,1
CUST-003486,22,12176.25,0.5352,8,2,0.7982,130,37,7832.29,1
CUST-003487,39,4981.6,0.2273,1,0,0.3097,112,29,2193.67,1
CUST-003488,72,5116.49,0.3559,0,2,0.6277,128,29,1289.16,0
CUST-003489,44,6938.33,0.3434,2,5,0.2201,73,40,2105.89,1
CUST-003490,59,1800.0,0.2637,2,3,0.3107,8,34,25950.91,0
CUST-003491,26,5702.37,0.3854,3,3,0.5894,150,26,50532.68,1
CUST-003492,55,5086.63,0.2319,3,4,0.765,150,29,11546.45,1
CUST-003493,41,10149.01,0.347,0,5,0.5756,113,34,7672.18,1
CUST-003494,61,8026.63,0.7537,1,3,0.6349,138,38,25249.73,1
CUST-003495,71,3122.07,0.4282,4,2,0.4567,16,41,3349.28,1
CUST-003496,49,9094.06,0.4779,1,3,0.5561,41,38,11837.5,1
CUST-003497,26,4621.03,0.189,3,5,0.3333,40,30,11905.14,0
CUST-003498,46,3461.34,0.3728,2,1,0.2894,103,23,7147.03,1
CUST-003499,27,5682.29,0.2415,3,5,0.613,124,28,1691.26,1
CUST-003500,45,4746.52,0.7031,1,2,0.6057,49,30,24426.47,1
CUST-003501,24,10391.29,0.6252,3,4,0.5971,80,24,5368.78,0
CUST-003502,55,6061.39,0.2244,2,1,0.3091,150,29,4775.98,0
CUST-003503,37,5704.21,0.3467,1,5,0.561,68,41,2308.38,1
CUST-003504,31,7798.64,0.3578,1,4,0.9086,33,24,15311.81,1
CUST-003505,21,8503.27,0.1842,2,5,0.3466,174,44,12520.26,0
CUST-003506,68,7398.53,0.3741,2,4,0.3565,149,42,14637.57,0
CUST-003507,66,9849.47,0.6381,2,2,0.2791,172,43,5952.93,1
CUST-003508,64,6838.48,0.4086,1,1,0.5845,119,33,6840.12,0
CUST-003509,24,5607.48,0.6192,8,4,0.6716,124,29,4790.26,1
CUST-003510,39,9081.92,0.4568,4,3,0.3934,35,30,11123.14,1
CUST-003511,73,4991.59,0.4187,1,1,0.3466,123,30,8872.67,1
CUST-003512,52,5278.38,0.1304,2,1,0.4201,156,41,6742.37,0
CUST-003513,27,11283.8,0.1988,1,1,0.2208,125,37,2943.93,0
CUST-003514,28,10788.97,0.3093,2,5,0.415,149,31,6721.65,0
CUST-003515,35,5180.9,0.2896,1,4,0.244,9,33,2362.89,0
CUST-003516,73,4239.99,0.7404,3,1,0.6495,115,40,5083.36,1
CUST-003517,30,10045.12,0.4865,1,1,0.4627,22,26,4265.83,1
CUST-003518,69,7454.72,0.2402,1,5,0.6743,91,27,7237.49,1
CUST-003519,57,5993.47,0.6083,1,4,0.3931,19,41,11394.13,0
CUST-003520,70,4498.82,0.5673,4,4,0.762,114,32,7747.4,1
CUST-003521,65,6037.09,0.1619,3,0,0.242,92,33,5225.86,1
CUST-003522,38,5149.45,0.3928,1,5,0.7503,121,28,7052.5,1
CUST-003523,65,3856.29,0.7173,1,2,0.4044,116,34,10272.27,1
CUST-003524,30,5510.9,0.1788,1,4,0.5872,21,39,13143.85,0
CUST-003525,36,5859.71,0.3811,4,1,0.1427,167,42,30095.03,1
CUST-003526,32,4391.76,0.723,0,3,0.3088,73,33,76367.87,1
CUST-003527,28,7809.81,0.4925,1,0,0.0616,6,39,33212.83,0
CUST-003528,25,9287.16,0.3149,2,2,0.5199,168,30,8931.11,1
CUST-003529,31,8045.5,0.2797,3,1,0.1433,154,36,3881.35,0
CUST-003530,27,4592.14,0.7347,0,2,0.6847,139,35,6454.87,1
CUST-003531,41,7306.6,0.1222,0,5,0.4697,133,33,10770.89,0
CUST-003532,24,5385.67,0.5872,3,0,0.0326,16,40,6149.4,1
CUST-003533,24,2981.94,0.39,2,2,0.3122,61,25,6685.92,0
CUST-003534,74,7038.44,0.5087,3,5,0.95,154,37,16083.87,1
CUST-003535,25,5553.44,0.466,3,5,0.5158,19,31,7513.83,1
CUST-003536,24,16705.79,0.3235,3,3,0.2066,14,36,11981.23,1
CUST-003537,22,10018.47,0.6627,3,3,0.7419,20,31,7346.21,1
CUST-003538,28,7161.19,0.2612,3,3,0.579,124,26,1476.34,1
CUST-003539,49,5817.0,0.2932,4,2,0.396,144,41,1474.07,1
CUST-003540,65,5597.58,0.3386,1,1,0.6708,62,27,12642.62,0
CUST-003541,60,3310.17,0.5813,3,4,0.3027,163,35,8295.01,1
CUST-003542,52,2377.65,0.4446,1,2,0.7334,51,28,10206.77,1
CUST-003543,25,3511.37,0.5377,1,5,0.3925,61,41,11533.81,1
CUST-003544,62,5089.53,0.4259,3,1,0.252,88,35,10935.59,0
CUST-003545,23,2016.1,0.3134,6,1,0.2175,73,30,8589.64,1
CUST-003546,55,4070.29,0.3492,1,1,0.4249,17,33,28417.59,0
CUST-003547,43,4651.7,0.0884,4,3,0.591,106,35,10885.0,0
CUST-003548,68,4719.57,0.6629,3,3,0.3068,174,33,11154.41,1
CUST-003549,37,3860.83,0.238,0,3,0.8293,68,32,5652.53,1
CUST-003550,55,4459.24,0.5511,4,1,0.6137,172,36,3174.9,0
CUST-003551,44,11295.57,0.2751,4,2,0.5941,150,29,63341.19,0
CUST-003552,49,7005.0,0.1157,2,3,0.4942,33,30,18797.67,1
CUST-003553,71,4041.13,0.6456,2,3,0.9065,178,30,11246.06,1
CUST-003554,59,5042.5,0.5381,4,2,0.3256,172,41,7280.17,0
CUST-003555,43,5134.17,0.2816,6,1,0.4177,125,35,15735.79,1
CUST-003556,45,3680.61,0.4118,1,2,0.3827,172,36,5695.73,0
CUST-003557,59,3678.67,0.7359,2,1,0.5259,61,34,16911.93,1
CUST-003558,39,8193.94,0.1585,3,4,0.6436,24,39,34523.47,1
CUST-003559,30,4304.91,0.5216,2,0,0.3279,28,32,8376.2,1
CUST-003560,46,3177.34,0.1711,4,4,0.759,5,32,36278.67,1
CUST-003561,24,5100.03,0.0756,3,0,0.384,154,40,7089.47,0
CUST-003562,30,5483.61,0.244,4,2,0.3942,86,40,1811.6,0
CUST-003563,43,2140.29,0.2192,3,2,0.5148,91,44,18855.9,1
CUST-003564,64,5105.52,0.6337,4,5,0.5652,62,29,8217.29,1
CUST-003565,63,7684.84,0.2874,5,3,0.5974,96,40,18956.18,1
CUST-003566,35,6370.72,0.2762,3,1,0.2526,88,37,3282.44,0
CUST-003567,43,14183.32,0.3863,5,2,0.4421,82,35,5811.53,1
CUST-003568,29,9130.84,0.6054,3,4,0.95,94,32,30148.15,1
CUST-003569,61,9980.96,0.5796,4,5,0.2835,48,37,11738.84,1
CUST-003570,34,18332.9,0.1475,1,4,0.6311,136,35,34624.7,1
CUST-003571,64,7314.28,0.4614,3,5,0.3627,4,28,5117.49,1
CUST-003572,66,5595.93,0.2948,4,1,0.3063,114,35,75392.13,0
CUST-003573,58,8059.42,0.1778,3,2,0.3797,25,29,69847.64,0
CUST-003574,38,4043.06,0.1873,5,2,0.3608,93,36,17745.65,0
CUST-003575,72,5458.19,0.6757,2,2,0.4963,113,40,10332.93,1
CUST-003576,58,3885.23,0.4348,1,0,0.544,91,38,13298.64,1
CUST-003577,55,6219.89,0.411,1,1,0.6001,175,34,23041.94,1
CUST-003578,67,3877.92,0.3601,3,1,0.5813,169,33,11293.14,0
CUST-003579,68,3817.29,0.6508,2,2,0.4741,171,35,6588.65,0
CUST-003580,25,6263.39,0.7097,3,1,0.226,55,39,3572.4,1
CUST-003581,68,4887.54,0.2917,3,2,0.4187,179,26,1275.08,0
CUST-003582,62,2184.25,0.2159,3,4,0.3732,36,35,6902.37,0
CUST-003583,32,2701.1,0.1351,3,1,0.422,67,32,1410.2,0
CUST-003584,37,3103.06,0.4934,0,1,0.5644,58,33,7848.42,1
CUST-003585,61,3494.96,0.2618,7,2,0.1906,38,42,36697.5,0
CUST-003586,32,6266.07,0.3357,3,0,0.4888,142,31,8444.32,0
CUST-003587,45,5738.4,0.1883,5,1,0.1874,134,27,3850.59,0
CUST-003588,58,8398.34,0.3268,2,0,0.5428,55,34,5676.18,0
CUST-003589,56,7296.68,0.2329,0,0,0.2714,125,32,4323.55,0
CUST-003590,70,8423.41,0.2011,5,4,0.4273,118,36,41615.24,0
CUST-003591,27,6837.6,0.1414,3,0,0.6037,170,36,4983.96,1
CUST-003592,36,5714.54,0.2433,3,0,0.6307,70,22,1801.28,1
CUST-003593,74,8528.1,0.1447,2,1,0.276,36,22,89140.18,0
CUST-003594,51,7864.78,0.185,2,3,0.7216,73,28,7582.1,1
CUST-003595,34,6158.92,0.0576,1,1,0.3556,11,38,4077.27,0
CUST-003596,36,9213.23,0.8278,1,1,0.396,134,22,9072.74,1
CUST-003597,39,1809.51,0.5589,5,4,0.456,177,33,7273.54,1
CUST-003598,50,4562.86,0.0483,2,1,0.2096,36,34,13730.6,0
CUST-003599,36,4531.5,0.6258,10,5,0.3883,157,30,7773.63,1
CUST-003600,54,8735.24,0.7544,2,4,0.8575,112,17,1309.36,1
CUST-003601,45,10546.42,0.2948,1,5,0.429,118,42,7658.14,1
CUST-003602,53,2707.64,0.3349,2,4,0.7623,103,31,19980.49,0
CUST-003603,29,9812.76,0.8217,3,1,0.1373,31,31,5547.4,1
CUST-003604,54,3069.48,0.3989,3,3,0.515,145,37,17327.8,1
CUST-003605,70,3111.52,0.582,0,4,0.4569,45,19,21051.96,1
CUST-003606,28,4679.68,0.1031,4,5,0.8305,164,39,26010.92,1
CUST-003607,38,4506.25,0.0575,0,0,0.4018,152,35,3540.26,1
CUST-003608,58,2578.92,0.3466,3,5,0.5962,28,22,3885.93,1
CUST-003609,54,6966.44,0.3497,7,4,0.5327,80,27,9180.81,0
CUST-003610,57,7059.61,0.533,0,5,0.7437,48,28,1758.38,1
CUST-003611,51,8355.98,0.1589,2,1,0.5066,154,29,3404.36,0
CUST-003612,57,4278.51,0.5064,2,0,0.474,28,37,11764.86,1
CUST-003613,53,5108.2,0.491,4,3,0.7081,39,34,1378.54,1
CUST-003614,24,5129.29,0.6392,1,0,0.5457,179,42,1789.36,1
CUST-003615,61,11114.57,0.6247,2,1,0.5978,128,42,14239.56,1
CUST-003616,45,1800.0,0.3212,3,5,0.5996,110,44,2092.0,1
CUST-003617,23,3380.53,0.4664,3,5,0.4996,19,37,101368.46,0
CUST-003618,43,5212.98,0.3199,3,3,0.3796,169,27,3594.91,0
CUST-003619,44,3190.42,0.3661,3,3,0.4078,33,34,3393.28,1
CUST-003620,25,4629.34,0.2619,2,3,0.402,173,37,2507.86,0
CUST-003621,74,4913.2,0.552,1,4,0.6479,101,43,8697.8,1
CUST-003622,33,3867.85,0.8507,5,3,0.2773,163,27,7381.52,1
CUST-003623,38,5353.07,0.1012,1,3,0.3936,83,24,12535.66,1
CUST-003624,44,6898.65,0.5493,4,4,0.6795,50,38,7061.52,1
CUST-003625,65,4675.51,0.4702,3,4,0.3137,22,35,20250.44,0
CUST-003626,61,4240.67,0.5203,4,3,0.6997,92,49,7166.13,1
CUST-003627,62,4826.22,0.2021,1,4,0.5458,110,35,6302.36,0
CUST-003628,33,5182.63,0.0945,1,0,0.0612,44,39,10836.84,1
CUST-003629,66,2376.23,0.2744,5,0,0.5568,60,41,1511.75,0
CUST-003630,65,6400.38,0.2619,7,0,0.2712,79,32,3215.07,0
CUST-003631,46,4244.86,0.6323,4,4,0.4398,25,31,40844.3,1
CUST-003632,50,9173.78,0.4895,0,1,0.2149,78,42,1774.04,1
CUST-003633,23,6784.45,0.3719,1,4,0.359,63,28,19513.14,0
CUST-003634,62,8803.84,0.3707,5,5,0.3202,164,35,1024.5,1
CUST-003635,72,3299.29,0.7085,1,4,0.2632,53,32,2064.89,1
CUST-003636,46,4399.69,0.3676,1,2,0.5667,126,30,4336.86,1
CUST-003637,50,2972.94,0.5491,0,0,0.099,139,40,12881.0,0
CUST-003638,47,3786.05,0.7638,3,5,0.5744,134,38,7665.18,1
CUST-003639,25,9134.93,0.5293,1,2,0.4406,81,37,12464.15,1
CUST-003640,54,10155.64,0.4017,1,3,0.367,133,29,5396.09,0
CUST-003641,59,3101.85,0.1047,3,4,0.8009,85,27,7537.57,1
CUST-003642,71,4230.98,0.1843,1,5,0.3956,99,31,8994.66,1
CUST-003643,71,5024.72,0.23,4,3,0.376,96,38,20492.33,1
CUST-003644,47,6767.83,0.6369,1,5,0.4851,64,33,41478.66,1
CUST-003645,72,2355.48,0.6816,7,4,0.6746,62,36,3318.28,1
CUST-003646,49,2527.7,0.3954,1,2,0.3728,151,28,7558.89,1
CUST-003647,55,6481.75,0.1778,3,2,0.3715,22,34,6080.17,1
CUST-003648,53,2163.21,0.4477,1,3,0.3181,64,38,11567.4,0
CUST-003649,74,4252.89,0.4759,2,4,0.3299,85,37,31070.17,1
CUST-003650,60,5593.47,0.2873,3,4,0.2323,95,31,9587.36,0
CUST-003651,27,6269.57,0.7029,1,4,0.622,32,31,5289.76,1
CUST-003652,24,4878.73,0.7113,2,0,0.3232,29,25,22304.08,1
CUST-003653,43,4410.85,0.3278,3,2,0.2632,117,38,7099.9,0
CUST-003654,48,7604.31,0.4606,2,0,0.4162,107,28,7728.27,0
CUST-003655,57,5912.1,0.2968,3,0,0.2544,35,30,15247.19,0
CUST-003656,47,3886.47,0.3211,2,4,0.6997,86,32,2702.4,1
CUST-003657,48,5289.03,0.4046,2,5,0.7053,124,27,2551.52,1
CUST-003658,70,6178.56,0.212,8,5,0.4117,158,36,3607.35,1
CUST-003659,39,11266.86,0.3778,5,5,0.3672,7,45,6897.15,1
CUST-003660,47,7407.58,0.5724,4,1,0.5501,56,35,22654.88,1
CUST-003661,51,8981.88,0.1442,1,0,0.4413,136,32,4884.2,1
CUST-003662,46,3950.67,0.2178,2,2,0.324,56,30,5610.81,1
CUST-003663,73,4107.34,0.6025,0,2,0.5582,27,24,10492.61,1
CUST-003664,72,4677.38,0.1124,1,5,0.6193,24,32,3863.11,1
CUST-003665,48,4874.66,0.5098,3,1,0.256,111,31,5848.21,1
CUST-003666,45,3303.71,0.356,5,1,0.6656,88,34,8664.73,1
CUST-003667,52,9191.96,0.3784,3,5,0.5273,48,32,14975.92,1
CUST-003668,30,7738.18,0.4159,2,5,0.4306,138,33,21008.97,0
CUST-003669,44,4531.73,0.0433,4,4,0.4231,36,20,7787.24,1
CUST-003670,32,6940.88,0.3811,1,0,0.4716,117,39,6883.51,1
CUST-003671,28,5748.64,0.2356,4,3,0.3974,163,34,7419.97,0
CUST-003672,26,7189.21,0.5182,1,1,0.6312,18,42,10814.2,1
CUST-003673,52,2839.76,0.4111,2,0,0.2445,85,24,33732.5,1
CUST-003674,21,4870.08,0.3015,3,0,0.3587,56,35,63722.38,0
CUST-003675,55,5065.95,0.2757,4,1,0.4251,142,38,47527.82,0
CUST-003676,44,6884.67,0.5404,5,0,0.214,60,35,23490.98,0
CUST-003677,40,3919.1,0.8258,4,0,0.6377,138,28,3586.89,0
CUST-003678,62,1800.0,0.5769,2,1,0.5973,109,39,10945.99,1
CUST-003679,50,3195.98,0.5162,3,2,0.2313,144,42,6477.5,1
CUST-003680,60,5059.09,0.0977,5,3,0.6656,142,33,7956.94,0
CUST-003681,59,5351.66,0.3962,2,5,0.7804,127,36,43094.11,1
CUST-003682,22,11093.34,0.5613,2,1,0.2602,178,37,29755.15,0
CUST-003683,32,6759.13,0.1945,0,4,0.7737,149,31,19289.86,0
CUST-003684,51,5394.32,0.2817,2,5,0.4122,48,27,94770.55,0
CUST-003685,73,5124.75,0.6598,2,4,0.4082,22,41,18933.8,1
CUST-003686,29,8546.66,0.3227,2,2,0.1978,37,35,34322.81,0
CUST-003687,26,3987.28,0.7275,2,1,0.5125,79,32,14843.5,0
CUST-003688,71,4881.88,0.8511,0,3,0.5086,77,42,10757.86,1
CUST-003689,73,3185.13,0.6557,1,4,0.5932,135,42,55975.4,1
CUST-003690,30,9847.0,0.1419,4,3,0.4626,122,39,4446.59,0
CUST-003691,42,6204.55,0.7382,1,2,0.4727,28,41,2108.99,0
CUST-003692,54,3782.08,0.1307,2,0,0.6521,130,33,3789.46,0
CUST-003693,31,4938.96,0.4176,3,4,0.5989,111,41,5965.94,1
CUST-003694,38,6540.42,0.3246,3,4,0.4959,149,32,20537.05,1
CUST-003695,42,4645.2,0.3897,1,3,0.4999,79,28,27927.56,1
CUST-003696,55,4088.37,0.547,2,0,0.5875,58,32,4441.57,0
CUST-003697,37,3873.8,0.184,0,2,0.533,52,38,5209.55,1
CUST-003698,43,6056.86,0.6434,3,4,0.3813,151,36,6051.71,1
CUST-003699,36,4426.17,0.2497,1,5,0.8788,47,36,9392.77,1
CUST-003700,62,4239.59,0.4166,3,2,0.5112,121,27,9045.78,0
CUST-003701,29,2850.32,0.0928,3,5,0.4182,84,41,12512.91,1
CUST-003702,33,5384.89,0.2633,2,0,0.6457,6,32,3855.19,1
CUST-003703,34,4792.77,0.2079,3,0,0.3066,92,37,3432.2,0
CUST-003704,69,4499.28,0.2945,1,4,0.5192,175,36,4123.37,0
CUST-003705,72,5686.56,0.2826,2,5,0.2674,61,27,9364.62,1
CUST-003706,48,7280.94,0.2675,4,0,0.2189,47,34,3003.17,0
CUST-003707,29,7130.37,0.3755,2,0,0.3312,92,42,4000.49,0
CUST-003708,61,6668.44,0.0693,4,5,0.6851,16,30,14278.75,1
CUST-003709,47,4666.26,0.4375,2,5,0.5577,70,25,33788.76,1
CUST-003710,66,4028.96,0.7955,2,2,0.4608,81,34,12770.26,1
CUST-003711,40,3250.79,0.2308,2,0,0.3054,75,32,3382.35,1
CUST-003712,74,3981.82,0.636,4,2,0.6026,97,44,16782.45,1
CUST-003713,64,5246.19,0.3979,1,4,0.6436,88,32,5376.29,0
CUST-003714,33,3650.37,0.5636,2,1,0.1086,85,32,31821.89,0
CUST-003715,60,5429.7,0.2705,1,1,0.7108,59,34,13264.12,1
CUST-003716,36,3367.61,0.3364,5,2,0.7269,138,30,4191.73,1
CUST-003717,39,2462.59,0.609,3,2,0.3758,63,30,10031.49,0
CUST-003718,34,7518.69,0.3783,2,4,0.4458,23,34,2550.66,1
CUST-003719,57,4200.37,0.22,3,2,0.44,122,40,10524.7,1
CUST-003720,35,3567.96,0.2534,1,3,0.5097,146,36,7086.0,0
CUST-003721,55,3178.56,0.4825,2,2,0.4785,4,46,59647.74,1
CUST-003722,52,6290.4,0.6355,6,3,0.5973,88,30,10869.24,1
CUST-003723,61,9653.95,0.5359,4,4,0.4998,19,37,9499.51,0
CUST-003724,74,4337.4,0.2476,2,0,0.1531,16,33,1050.28,0
CUST-003725,21,4719.27,0.5468,5,0,0.1439,139,40,15902.62,0
CUST-003726,74,8422.38,0.361,1,5,0.3695,175,32,25768.94,1
CUST-003727,26,2302.41,0.1915,2,0,0.3607,8,49,25932.25,0
CUST-003728,49,12600.66,0.6787,3,3,0.3023,161,33,8051.22,1
CUST-003729,39,15619.24,0.2776,4,5,0.6348,48,43,5171.42,1
CUST-003730,55,1800.0,0.688,3,3,0.5256,59,31,27540.99,1
CUST-003731,59,4976.78,0.5456,3,0,0.3046,83,32,8323.92,1
CUST-003732,67,3762.68,0.7042,2,1,0.776,92,28,8711.84,1
CUST-003733,42,4615.92,0.5883,1,0,0.2172,29,45,6679.89,1
CUST-003734,71,4307.62,0.6486,2,0,0.3041,46,33,1191.18,1
CUST-003735,38,7492.86,0.1794,0,2,0.6843,85,38,4298.65,0
CUST-003736,32,4943.15,0.5227,4,2,0.3109,92,32,9831.58,1
CUST-003737,41,3451.3,0.6695,2,3,0.4673,79,43,15438.8,0
CUST-003738,49,4812.3,0.1573,1,4,0.3091,47,36,8752.76,0
CUST-003739,57,6555.55,0.4455,1,3,0.2219,44,30,14617.64,0
CUST-003740,65,3052.57,0.2002,2,3,0.822,68,34,1926.34,1
CUST-003741,33,2479.0,0.2741,1,4,0.7413,69,28,3811.82,1
CUST-003742,37,12748.24,0.6093,3,1,0.4004,51,41,71488.26,0
CUST-003743,71,3894.51,0.5879,2,2,0.3483,39,34,17003.24,1
CUST-003744,44,4888.33,0.4399,5,3,0.8561,82,39,30450.08,1
CUST-003745,34,4347.72,0.0611,1,4,0.6725,156,34,7047.75,1
CUST-003746,74,6654.53,0.5444,3,2,0.7957,14,32,22764.18,1
CUST-003747,45,11546.87,0.8117,3,3,0.2297,23,37,21978.59,1
CUST-003748,74,6750.58,0.2689,2,1,0.3683,97,37,62677.68,1
CUST-003749,70,2625.82,0.1799,2,1,0.0952,144,39,13440.43,0
CUST-003750,69,2789.33,0.4617,1,4,0.3786,41,26,3510.84,1
CUST-003751,52,4345.43,0.649,5,5,0.9091,56,31,4525.5,1
CUST-003752,64,4608.74,0.3822,4,1,0.3066,32,31,11837.78,1
CUST-003753,72,2395.95,0.5213,1,5,0.8545,152,41,861.23,1
CUST-003754,35,7518.47,0.5742,2,3,0.3149,64,20,13052.7,0
CUST-003755,23,3189.34,0.4419,3,5,0.2976,59,38,14928.09,1
CUST-003756,38,10182.23,0.7152,1,4,0.5298,131,38,34142.53,1
CUST-003757,55,11798.16,0.5474,1,0,0.5543,26,41,1754.54,0
CUST-003758,50,4650.36,0.2171,2,0,0.4027,65,36,3313.63,1
CUST-003759,25,6335.67,0.5993,1,5,0.5026,67,41,9991.14,1
CUST-003760,51,2987.04,0.4071,2,4,0.4528,136,31,8655.67,1
CUST-003761,30,6884.78,0.1778,1,5,0.6279,36,41,9166.15,0
CUST-003762,48,4155.66,0.292,0,0,0.2638,176,35,21646.02,0
CUST-003763,52,3188.03,0.0856,4,0,0.6789,73,31,12293.86,1
CUST-003764,55,4565.18,0.5013,5,4,0.7146,170,36,35844.68,1
CUST-003765,43,4216.78,0.4698,6,5,0.8092,32,36,26590.69,1
CUST-003766,43,4492.17,0.318,1,1,0.5305,42,20,4909.82,1
CUST-003767,57,7972.63,0.2861,2,5,0.6153,16,21,11806.15,1
CUST-003768,61,3651.98,0.2149,4,0,0.1902,167,40,15030.21,0
CUST-003769,64,11352.28,0.3468,6,1,0.4569,116,34,49924.26,0
CUST-003770,39,2864.47,0.3822,2,0,0.434,155,30,11104.18,1
CUST-003771,43,10757.49,0.1726,3,3,0.2625,15,33,15301.22,0
CUST-003772,38,3291.12,0.5417,1,2,0.2934,8,29,5938.6,1
CUST-003773,49,5197.63,0.1485,4,3,0.483,94,36,14786.02,0
CUST-003774,27,4170.64,0.425,0,1,0.6216,174,31,3450.52,0
CUST-003775,44,4454.79,0.3074,1,3,0.4417,64,30,5018.49,1
CUST-003776,31,7457.87,0.9192,3,2,0.3537,172,31,28342.99,1
CUST-003777,49,10212.18,0.366,3,1,0.3559,154,30,19645.41,0
CUST-003778,66,8885.27,0.018,2,5,0.6287,134,28,30827.44,0
CUST-003779,74,4333.92,0.3613,2,5,0.5055,166,36,69401.86,1
CUST-003780,45,5649.54,0.1846,4,0,0.2469,109,23,21184.91,0
CUST-003781,24,3657.29,0.477,6,1,0.1803,112,33,11331.26,1
CUST-003782,33,3328.3,0.2011,2,1,0.8636,178,49,5492.77,0
CUST-003783,26,3104.41,0.2496,1,1,0.5878,68,36,5587.5,0
CUST-003784,62,4270.58,0.3838,1,0,0.2591,37,32,9216.13,0
CUST-003785,74,5818.14,0.6912,0,2,0.3506,96,27,8612.83,1
CUST-003786,50,2199.75,0.1487,4,3,0.5025,140,36,19813.81,0
CUST-003787,30,5092.66,0.731,4,2,0.5338,34,31,4103.84,1
CUST-003788,22,10286.89,0.7949,2,3,0.2596,163,37,5463.41,0
CUST-003789,73,8615.12,0.2945,2,0,0.0722,161,36,12518.99,0
CUST-003790,38,3996.13,0.4222,2,5,0.517,91,26,2397.17,1
CUST-003791,27,2773.38,0.4878,4,3,0.7207,163,29,33838.87,1
CUST-003792,30,6395.42,0.1554,2,4,0.9118,55,30,19685.63,1
CUST-003793,34,1832.75,0.5277,0,2,0.3971,149,34,10883.31,0
CUST-003794,56,8569.66,0.4136,3,4,0.7847,81,39,3602.42,1
CUST-003795,69,4723.47,0.5015,3,3,0.6609,150,34,7970.91,1
CUST-003796,35,11854.93,0.539,2,0,0.594,175,32,17175.03,1
CUST-003797,58,2390.55,0.4115,0,1,0.6788,22,32,5129.5,0
CUST-003798,24,7860.3,0.1273,1,4,0.6908,134,34,2060.28,1
CUST-003799,21,4970.05,0.4073,2,2,0.4728,64,31,13751.49,1
CUST-003800,23,4480.28,0.2367,1,0,0.5015,99,40,11989.38,1
CUST-003801,70,2807.32,0.4201,4,3,0.505,129,41,5829.9,1
CUST-003802,52,6798.79,0.1935,1,4,0.3231,22,36,74432.3,1
CUST-003803,64,7049.24,0.5862,3,5,0.836,135,41,4310.61,1
CUST-003804,22,11611.15,0.3844,2,4,0.4432,125,31,31584.94,1
CUST-003805,22,8184.82,0.6911,2,5,0.4296,94,32,16524.24,1
CUST-003806,66,3980.49,0.7218,0,1,0.4784,49,29,12556.18,1
CUST-003807,26,3309.91,0.3069,1,4,0.7005,56,33,73315.04,1
CUST-003808,29,2809.03,0.1744,3,1,0.7091,178,27,25700.77,1
CUST-003809,49,10090.65,0.3283,1,5,0.7823,158,28,4978.91,1
CUST-003810,53,3663.72,0.1951,3,1,0.4994,94,30,5435.72,0
CUST-003811,33,10122.51,0.0623,4,4,0.6112,146,42,4560.0,1
CUST-003812,45,6585.97,0.2097,6,4,0.5226,111,29,12013.63,1
CUST-003813,57,6032.22,0.0462,3,3,0.515,104,34,4814.58,0
CUST-003814,44,4529.3,0.1369,0,2,0.2269,179,43,1364.83,0
CUST-003815,41,7000.36,0.4405,1,2,0.2667,11,34,5898.43,1
CUST-003816,24,5163.92,0.5361,1,2,0.4945,136,38,20921.61,1
CUST-003817,45,4404.0,0.5183,1,0,0.0562,33,37,31100.62,1
CUST-003818,64,7112.55,0.4803,1,3,0.5305,89,33,19418.53,1
CUST-003819,54,4873.79,0.4698,5,3,0.466,99,43,8181.68,1
CUST-003820,69,3630.64,0.6148,8,4,0.4542,100,34,23684.97,0
CUST-003821,27,6811.28,0.1428,6,0,0.2583,138,28,53180.52,1
CUST-003822,21,5052.41,0.1138,2,3,0.6416,163,38,14724.8,1
CUST-003823,50,6479.66,0.65,2,1,0.4053,37,27,9513.08,0
CUST-003824,30,4239.4,0.0763,3,4,0.3667,168,33,44074.51,0
CUST-003825,53,3017.88,0.4474,0,2,0.2804,71,49,5182.43,1
CUST-003826,69,11352.54,0.4299,1,5,0.4592,88,31,18340.78,1
CUST-003827,39,10429.45,0.3797,6,0,0.1903,86,31,573.16,0
CUST-003828,50,7739.69,0.2487,0,1,0.8115,64,23,6549.55,1
CUST-003829,57,4367.29,0.25,6,4,0.5974,75,45,1230.14,1
CUST-003830,29,4542.67,0.2228,4,1,0.5015,141,29,18290.12,0
CUST-003831,69,9686.24,0.7707,0,1,0.3319,7,35,4506.95,1
CUST-003832,31,4434.59,0.2115,2,3,0.7206,31,24,16704.24,0
CUST-003833,64,3911.84,0.721,2,3,0.2862,92,32,5479.34,1
CUST-003834,56,12075.33,0.7805,0,0,0.1871,73,35,5908.86,1
CUST-003835,28,5089.62,0.4346,4,1,0.5211,123,34,5042.37,1
CUST-003836,60,11524.21,0.1766,2,3,0.4778,6,40,15266.14,1
CUST-003837,31,2771.48,0.251,1,0,0.3858,56,32,12541.62,0
CUST-003838,53,6565.59,0.3449,5,5,0.3846,151,29,4143.13,1
CUST-003839,72,13205.66,0.576,5,2,0.5149,48,38,8546.25,0
CUST-003840,72,5270.08,0.5177,0,2,0.2692,11,21,4978.43,1
CUST-003841,68,4617.51,0.0581,2,3,0.5312,45,42,6032.7,1
CUST-003842,47,3074.59,0.3414,3,1,0.6241,99,40,6002.6,1
CUST-003843,51,8463.08,0.2886,3,3,0.6498,106,29,5585.1,1
CUST-003844,37,3677.01,0.267,1,5,0.517,178,33,17230.04,0
CUST-003845,70,4982.81,0.6901,1,5,0.95,174,34,17034.18,1
CUST-003846,46,2983.61,0.4448,2,2,0.3714,60,21,2245.89,1
CUST-003847,62,10477.83,0.1629,7,5,0.4283,25,27,7497.84,1
CUST-003848,40,8743.91,0.5584,2,0,0.4668,145,30,96728.42,0
CUST-003849,60,5126.61,0.3692,2,5,0.3842,160,39,29726.08,0
CUST-003850,33,3093.46,0.6944,5,2,0.5284,26,33,66014.53,1
CUST-003851,60,10379.33,0.4423,1,1,0.6145,158,41,3799.19,1
CUST-003852,23,4410.51,0.4382,3,0,0.5817,25,40,6661.0,1
CUST-003853,26,3162.35,0.2047,3,3,0.783,116,36,4337.4,1
CUST-003854,40,2353.03,0.6476,3,0,0.1987,43,38,9537.52,0
CUST-003855,47,3888.31,0.4747,2,4,0.329,133,34,11831.95,0
CUST-003856,59,2702.21,0.2995,2,0,0.03,144,43,14809.33,0
CUST-003857,40,3929.02,0.4414,0,3,0.4832,148,26,6201.13,1
CUST-003858,21,7269.17,0.0572,4,2,0.4772,113,30,5151.83,1
CUST-003859,38,4391.75,0.3831,1,5,0.6367,95,28,4174.07,0
CUST-003860,44,6102.64,0.58,3,2,0.1912,150,38,8065.21,0
CUST-003861,50,3755.26,0.4318,0,1,0.4607,168,31,16140.22,0
CUST-003862,55,5354.75,0.4418,3,4,0.5963,53,26,18225.35,0
CUST-003863,34,12342.69,0.4678,5,5,0.5272,36,30,29347.99,1
CUST-003864,53,4445.27,0.5864,1,3,0.6753,33,31,12886.91,1
CUST-003865,55,6182.06,0.5064,0,4,0.2926,120,38,18951.99,1
CUST-003866,62,2570.68,0.48,0,5,0.3835,99,30,2584.08,1
CUST-003867,49,10305.8,0.3844,8,2,0.3687,86,29,23359.85,0
CUST-003868,64,4195.09,0.275,4,5,0.4594,9,35,25889.92,1
CUST-003869,32,8342.8,0.6912,2,4,0.4115,45,45,46076.88,1
CUST-003870,59,4919.6,0.3375,2,1,0.293,89,32,62443.34,1
CUST-003871,23,6847.4,0.2451,2,2,0.7124,60,29,3320.53,1
CUST-003872,26,7033.01,0.2905,1,0,0.3683,172,32,21521.54,1
CUST-003873,67,4242.11,0.2503,2,4,0.798,90,28,6814.5,1
CUST-003874,46,8499.58,0.3936,3,4,0.3736,117,25,6111.01,1
CUST-003875,54,3695.5,0.1918,2,0,0.6143,162,34,6781.4,1
CUST-003876,53,7379.67,0.3509,1,0,0.3701,92,45,6095.97,1
CUST-003877,58,4362.59,0.6926,4,3,0.3221,16,35,8230.91,1
CUST-003878,34,6085.81,0.4584,4,2,0.3254,37,32,6430.22,1
CUST-003879,30,4223.91,0.3667,2,0,0.176,50,24,14433.82,0
CUST-003880,23,5318.27,0.1084,2,0,0.3178,84,35,17683.6,0
CUST-003881,67,3206.07,0.4494,2,5,0.4782,5,38,27505.81,0
CUST-003882,33,5812.78,0.0342,3,2,0.3926,100,34,15380.81,0
CUST-003883,52,5304.43,0.5697,6,4,0.5444,138,31,8774.3,1
CUST-003884,45,4077.93,0.1056,1,2,0.318,91,31,17804.53,0
CUST-003885,29,5072.82,0.0984,0,5,0.5142,141,24,23725.51,0
CUST-003886,43,5523.22,0.5003,1,5,0.5846,99,30,16283.8,0
CUST-003887,25,3940.46,0.3832,0,5,0.6489,155,33,15440.92,1
CUST-003888,30,4907.27,0.6184,2,3,0.3972,174,30,111864.71,1
CUST-003889,28,3307.39,0.5806,4,0,0.5694,124,36,5588.49,0
CUST-003890,65,14942.93,0.0867,4,2,0.6775,37,34,21662.07,0
CUST-003891,51,8375.09,0.3931,0,0,0.583,137,39,11000.2,0
CUST-003892,70,5879.97,0.2495,3,3,0.3371,73,29,2138.09,1
CUST-003893,44,8811.96,0.3757,0,2,0.2358,159,35,2036.53,0
CUST-003894,31,2133.99,0.3087,0,3,0.3373,29,38,1747.53,1
CUST-003895,53,1800.0,0.4073,2,5,0.6371,106,34,9804.82,1
CUST-003896,71,4344.79,0.85,3,1,0.5624,75,43,2233.29,1
CUST-003897,49,2796.32,0.439,5,5,0.2931,108,41,8722.08,1
CUST-003898,21,4674.8,0.0784,1,4,0.3,19,34,10915.66,1
CUST-003899,37,5704.21,0.1305,2,2,0.1238,169,27,6142.73,0
CUST-003900,70,7868.32,0.1459,0,2,0.5704,65,27,7546.88,1
CUST-003901,48,3115.66,0.4065,4,2,0.2509,51,32,21729.44,1
CUST-003902,72,6224.5,0.2152,2,3,0.8814,71,39,4294.71,1
CUST-003903,48,5233.78,0.3602,3,4,0.7572,60,22,10043.68,1
CUST-003904,21,6080.2,0.5466,0,0,0.5476,131,42,1261.69,1
CUST-003905,68,4115.5,0.2437,1,5,0.4693,73,32,11928.63,1
CUST-003906,62,9689.76,0.3679,4,0,0.6602,164,32,30748.18,0
CUST-003907,59,4963.34,0.1439,1,0,0.2144,50,29,19414.02,0
CUST-003908,73,11554.1,0.1424,3,3,0.743,92,35,7586.51,1
CUST-003909,31,3643.64,0.1174,1,0,0.8923,146,31,6534.74,0
CUST-003910,69,7264.0,0.631,3,4,0.5835,140,46,43116.41,1
CUST-003911,33,5062.23,0.4124,3,1,0.1735,138,27,16806.84,0
CUST-003912,73,4486.96,0.56,0,1,0.2952,74,23,10080.32,0
CUST-003913,31,6911.6,0.6386,2,3,0.3485,176,27,17115.2,1
CUST-003914,50,4545.01,0.5292,1,5,0.2967,53,34,5726.84,1
CUST-003915,63,1800.0,0.7082,2,1,0.4143,151,35,8294.97,1
CUST-003916,25,1800.0,0.352,1,5,0.5586,29,34,4890.69,1
CUST-003917,24,9218.83,0.3645,3,3,0.3434,96,31,21024.81,0
CUST-003918,66,9045.57,0.3281,1,3,0.4747,72,29,4036.79,1
CUST-003919,24,12157.69,0.3915,3,5,0.4784,132,33,5980.14,1
CUST-003920,54,5159.15,0.2524,6,3,0.6576,137,35,13578.61,1
CUST-003921,71,2906.57,0.3438,2,4,0.2477,7,30,924.48,1
CUST-003922,54,4305.3,0.6643,1,3,0.5407,109,38,4538.46,1
CUST-003923,46,5226.8,0.7356,5,2,0.2138,166,39,4036.07,1
CUST-003924,43,3305.18,0.1857,1,1,0.3761,41,33,10781.61,0
CUST-003925,55,10919.14,0.154,1,1,0.0773,141,27,10632.1,0
CUST-003926,51,14245.41,0.8079,0,0,0.6282,135,33,54045.68,1
CUST-003927,48,6448.74,0.3608,3,1,0.4308,7,29,3921.79,0
CUST-003928,29,5174.64,0.1168,3,4,0.6368,18,25,2311.58,1
CUST-003929,56,2903.52,0.4849,1,1,0.3626,68,29,26774.25,1
CUST-003930,60,10428.62,0.3015,1,2,0.5817,30,44,5041.02,0
CUST-003931,59,5381.66,0.171,0,2,0.4145,56,32,10122.17,0
CUST-003932,25,4565.53,0.4113,4,5,0.5598,35,31,5677.47,1
CUST-003933,58,6457.14,0.3746,0,3,0.1962,150,32,15601.12,1
CUST-003934,60,3995.18,0.4231,2,2,0.4585,123,35,12262.06,1
CUST-003935,30,5555.3,0.2903,4,5,0.4558,35,41,6421.95,1
CUST-003936,66,2717.05,0.6569,4,0,0.7112,53,31,9165.19,1
CUST-003937,49,8481.17,0.564,6,0,0.2261,125,33,5794.47,1
CUST-003938,46,4961.33,0.4214,3,0,0.582,159,40,9433.18,0
CUST-003939,60,8759.33,0.4303,2,0,0.2073,178,19,5981.79,0
CUST-003940,48,4750.01,0.4262,2,0,0.1844,19,42,33531.75,0
CUST-003941,50,4890.86,0.4571,5,4,0.4249,113,35,7003.38,0
CUST-003942,37,3013.54,0.3297,0,4,0.6461,168,40,5953.95,1
CUST-003943,71,7319.55,0.5138,1,0,0.1075,160,37,1779.31,0
CUST-003944,73,3506.19,0.5046,2,0,0.4033,3,32,3384.66,1
CUST-003945,28,4177.73,0.2593,4,5,0.7421,11,23,15369.98,1
CUST-003946,60,5202.45,0.5765,1,4,0.417,165,28,7765.49,1
CUST-003947,22,5491.54,0.3037,3,4,0.6082,44,36,6674.02,1
CUST-003948,40,2413.11,0.1877,1,4,0.4337,26,35,17441.32,0
CUST-003949,73,4687.02,0.7435,4,2,0.2258,28,30,29200.82,1
CUST-003950,30,7437.33,0.3249,2,1,0.6417,7,39,4191.31,1
CUST-003951,41,4385.95,0.4763,2,1,0.7646,77,25,7288.46,1
CUST-003952,32,4699.84,0.6298,1,3,0.2211,50,42,1370.14,1
CUST-003953,60,5594.26,0.2639,3,0,0.359,15,34,21244.2,0
CUST-003954,46,4913.45,0.305,1,5,0.6946,62,36,116722.81,1
CUST-003955,53,3270.45,0.4475,5,5,0.7561,56,30,6552.01,1
CUST-003956,71,5115.64,0.4363,5,0,0.4967,133,42,6404.99,0
CUST-003957,49,8133.5,0.2222,2,3,0.5057,37,34,8360.78,0
CUST-003958,60,3240.18,0.4149,1,2,0.3442,161,38,11154.15,0
CUST-003959,26,4393.57,0.6311,3,2,0.4552,21,34,11591.81,1
CUST-003960,32,2792.46,0.4626,3,2,0.3379,71,33,11566.49,1
CUST-003961,72,7942.92,0.3581,1,3,0.311,174,32,2573.69,1
CUST-003962,67,4988.31,0.19,4,5,0.2698,47,40,8561.99,1
CUST-003963,56,3546.88,0.6486,0,4,0.376,150,34,16011.49,1
CUST-003964,41,5420.45,0.6061,2,5,0.9414,52,39,3075.15,1
CUST-003965,31,3025.39,0.8203,1,1,0.6649,15,35,2644.36,1
CUST-003966,66,3266.06,0.5352,4,5,0.7644,158,36,5453.94,1
CUST-003967,63,2695.54,0.3314,2,2,0.6543,144,36,10517.87,1
CUST-003968,34,3217.51,0.2927,2,2,0.5178,12,44,15753.16,1
CUST-003969,52,9577.92,0.0528,4,0,0.5609,91,30,18171.52,0
CUST-003970,54,3738.77,0.2962,3,5,0.6198,79,37,4134.28,0
CUST-003971,46,6413.85,0.6336,3,0,0.3615,127,30,1655.72,1
CUST-003972,71,3569.13,0.3024,4,2,0.4925,42,21,37028.41,0
CUST-003973,27,7318.82,0.5312,1,5,0.381,58,34,27404.4,1
CUST-003974,34,3276.98,0.3355,3,3,0.5607,66,36,6022.24,1
CUST-003975,26,5292.61,0.6122,2,0,0.3123,148,49,17893.19,0
CUST-003976,58,5325.15,0.2625,3,5,0.95,49,36,11600.74,1
CUST-003977,55,14822.87,0.618,2,3,0.4703,53,35,7654.7,0
CUST-003978,74,6905.72,0.5452,3,1,0.2321,141,30,45448.02,1
CUST-003979,50,3982.27,0.2804,3,1,0.4357,35,24,5008.41,1
CUST-003980,29,7077.57,0.2595,4,5,0.5318,47,26,2542.99,1
CUST-003981,45,13610.44,0.5457,3,3,0.6814,75,26,10285.06,1
CUST-003982,25,2497.58,0.7008,3,2,0.1825,162,38,5335.95,1
CUST-003983,57,3559.22,0.3048,2,1,0.4733,64,30,10554.54,0
CUST-003984,57,4674.18,0.5546,2,5,0.8766,128,37,6910.91,1
CUST-003985,67,4310.13,0.4717,1,2,0.4075,54,39,4766.67,1
CUST-003986,39,4476.84,0.276,0,3,0.5723,54,26,7390.52,0
CUST-003987,37,2891.44,0.8745,3,0,0.3789,174,32,2280.22,1
CUST-003988,24,9780.97,0.405,0,1,0.2505,14,44,2264.42,0
CUST-003989,43,2741.44,0.6947,3,4,0.5899,27,34,7160.02,1
CUST-003990,46,4751.99,0.6577,0,4,0.6836,33,41,12808.35,1
CUST-003991,61,8325.16,0.6951,6,5,0.3994,31,43,1987.31,1
CUST-003992,61,5129.84,0.6418,0,0,0.3042,95,32,13535.74,0
CUST-003993,28,3346.55,0.1123,2,3,0.3764,31,37,5818.96,1
CUST-003994,36,2834.19,0.272,3,0,0.4556,149,35,12793.28,1
CUST-003995,48,4688.72,0.1351,2,4,0.7717,120,40,11122.23,1
CUST-003996,39,3698.75,0.3728,4,0,0.4884,70,36,21661.87,1
CUST-003997,22,5703.12,0.3637,2,0,0.3585,78,32,7880.46,0
CUST-003998,66,2767.67,0.6747,5,5,0.7533,73,36,2055.58,1
CUST-003999,60,7497.16,0.5245,4,0,0.1899,89,28,56250.37,1
CUST-004000,49,5477.54,0.6896,1,5,0.8824,164,28,9845.68,1
CUST-004001,38,5663.74,0.2642,1,4,0.6918,50,23,10318.69,0
CUST-004002,66,9945.73,0.3594,2,3,0.7198,78,25,7961.6,1
CUST-004003,22,4270.16,0.18,3,0,0.2833,63,35,31816.45,0
CUST-004004,45,3751.07,0.1588,4,1,0.3281,33,38,2993.0,0
CUST-004005,64,4063.99,0.4172,3,1,0.8561,110,45,2594.22,1
CUST-004006,72,4768.45,0.6413,3,2,0.8583,35,35,4798.79,1
CUST-004007,34,4991.44,0.4563,1,1,0.4428,130,40,12811.9,1
CUST-004008,56,3578.15,0.3254,1,1,0.1665,153,31,4695.81,0
CUST-004009,31,2092.31,0.4118,3,1,0.38,116,25,4525.39,1
CUST-004010,27,4039.98,0.4194,1,0,0.3782,87,31,3301.06,0
CUST-004011,40,6113.99,0.2865,1,5,0.6235,129,26,19438.52,1
CUST-004012,68,5528.82,0.2404,1,5,0.5384,141,51,12416.79,0
CUST-004013,58,8921.45,0.0713,3,1,0.1479,91,37,18415.04,0
CUST-004014,47,12536.29,0.2057,3,1,0.8118,104,31,5537.39,1
CUST-004015,36,7318.16,0.6068,3,5,0.4798,59,37,8424.95,1
CUST-004016,28,9687.08,0.2133,1,0,0.5681,40,27,17707.02,0
CUST-004017,35,7342.7,0.3793,0,4,0.8094,13,30,4341.92,1
CUST-004018,29,11224.66,0.1956,1,0,0.163,47,39,22209.53,0
CUST-004019,31,11959.7,0.1926,2,0,0.2364,63,25,13269.71,0
CUST-004020,58,7977.96,0.5354,0,5,0.4691,27,32,28743.25,0
CUST-004021,28,7145.84,0.1586,4,3,0.5627,157,37,20939.72,0
CUST-004022,23,4741.27,0.2785,2,2,0.6637,20,25,2062.72,1
CUST-004023,50,5104.16,0.153,3,0,0.7283,61,33,5374.24,0
CUST-004024,36,4466.62,0.4082,2,3,0.5448,111,20,1097.03,0
CUST-004025,45,6877.27,0.3388,1,3,0.7418,30,39,1551.81,0
CUST-004026,28,3760.31,0.5436,5,0,0.3161,142,37,3701.1,1
CUST-004027,32,4771.5,0.5512,1,4,0.6536,122,24,29930.33,1
CUST-004028,44,1801.88,0.7194,4,3,0.4746,124,41,8826.87,1
CUST-004029,58,11291.49,0.2977,2,5,0.6982,139,35,13387.03,0
CUST-004030,43,4708.86,0.4619,2,4,0.3924,162,36,5712.42,1
CUST-004031,50,6383.2,0.2115,3,3,0.3821,95,32,6687.7,0
CUST-004032,49,10020.8,0.3304,2,0,0.4647,163,23,16373.99,0
CUST-004033,35,5952.38,0.2136,2,1,0.4316,169,29,7673.52,0
CUST-004034,36,9960.36,0.4054,1,1,0.3982,170,37,7381.77,0
CUST-004035,43,2973.91,0.742,2,5,0.7178,157,47,14297.59,1
CUST-004036,22,15294.27,0.4589,2,1,0.3815,139,39,3412.13,0
CUST-004037,58,8481.25,0.508,3,3,0.408,176,33,10571.17,1
CUST-004038,54,5713.32,0.0741,5,5,0.4569,87,37,11042.95,1
CUST-004039,37,9874.39,0.61,4,0,0.03,37,31,1818.64,0
CUST-004040,41,3073.36,0.1814,2,3,0.226,64,39,3312.98,0
CUST-004041,38,4566.66,0.7348,4,5,0.4266,49,36,4968.59,1
CUST-004042,56,9959.94,0.3064,0,5,0.8217,16,33,5771.73,1
CUST-004043,62,2244.5,0.4184,3,3,0.3655,94,29,13926.66,1
CUST-004044,26,6691.68,0.4798,1,2,0.2846,168,43,3914.38,1
CUST-004045,43,6607.05,0.619,1,1,0.3957,160,29,3854.23,0
CUST-004046,21,12614.04,0.6416,0,3,0.5359,53,26,15852.88,0
CUST-004047,45,2550.6,0.3106,1,5,0.6078,73,27,21136.79,1
CUST-004048,34,10729.45,0.3749,3,3,0.8331,30,29,21800.25,1
CUST-004049,39,4042.64,0.3314,1,3,0.6251,80,32,3254.55,1
CUST-004050,45,4252.49,0.2064,8,1,0.3283,18,41,3911.99,0
CUST-004051,38,3000.43,0.6703,2,4,0.8025,21,28,1922.92,1
CUST-004052,42,3187.14,0.8203,2,2,0.3675,46,30,861.22,1
CUST-004053,62,6235.41,0.5925,4,2,0.4277,130,42,2911.93,1
CUST-004054,64,3152.23,0.5437,0,1,0.5927,154,36,4951.65,1
CUST-004055,21,7255.69,0.1343,0,3,0.7587,154,33,10739.52,1
CUST-004056,41,3858.68,0.1555,3,0,0.643,170,36,18950.94,1
CUST-004057,66,3012.57,0.4636,2,5,0.2423,23,51,8124.7,1
CUST-004058,49,4100.65,0.6768,1,5,0.5952,47,33,32364.09,1
CUST-004059,32,6050.72,0.2235,8,5,0.5379,97,32,3956.3,1
CUST-004060,53,4589.86,0.7781,2,5,0.3433,151,36,30465.86,1
CUST-004061,28,5280.67,0.1768,3,5,0.3316,17,41,4207.53,0
CUST-004062,22,7113.2,0.2514,2,4,0.8766,107,40,13829.97,1
CUST-004063,55,8463.38,0.5826,1,2,0.3409,28,31,10873.06,1
CUST-004064,48,4522.73,0.2877,2,1,0.171,54,34,25944.33,0
CUST-004065,61,3250.34,0.0948,1,0,0.4693,127,34,33887.77,0
CUST-004066,39,5381.14,0.7034,1,0,0.03,55,31,3603.06,0
CUST-004067,67,6426.63,0.0385,4,4,0.3204,135,29,1125.29,0
CUST-004068,43,2694.82,0.5413,3,1,0.4522,73,41,7427.64,1
CUST-004069,60,3482.97,0.461,0,0,0.324,172,44,12758.69,0
CUST-004070,26,3762.28,0.673,2,5,0.7203,28,35,8889.89,1
CUST-004071,26,4735.74,0.7546,4,0,0.2799,40,32,123203.65,1
CUST-004072,63,3692.09,0.4225,2,0,0.2906,118,38,14669.76,0
CUST-004073,66,7147.96,0.7765,1,2,0.3589,175,28,14627.04,1
CUST-004074,71,2525.27,0.2905,0,1,0.5477,8,24,2790.45,0
CUST-004075,38,2554.32,0.3501,2,0,0.4173,109,41,5484.08,0
CUST-004076,22,4474.56,0.5564,0,4,0.7087,160,30,13796.46,1
CUST-004077,73,4804.8,0.3158,2,3,0.7203,151,40,11916.61,1
CUST-004078,53,2702.21,0.4417,1,2,0.2264,137,40,9560.42,1
CUST-004079,34,3957.54,0.4338,2,1,0.3956,91,36,27943.75,0
CUST-004080,62,4341.37,0.366,2,3,0.4115,63,39,4888.06,0
CUST-004081,69,4356.52,0.4737,0,3,0.3993,113,26,13155.13,1
CUST-004082,36,5567.83,0.7016,4,3,0.6689,90,35,5004.98,1
CUST-004083,62,3861.08,0.1975,3,5,0.4845,59,28,116195.92,1
CUST-004084,63,10111.62,0.4738,1,3,0.3192,76,31,4539.53,1
CUST-004085,48,6477.6,0.2934,3,5,0.5687,28,35,58693.72,1
CUST-004086,55,3616.32,0.648,2,5,0.95,171,28,7245.92,1
CUST-004087,35,5425.93,0.488,2,0,0.6787,31,26,5042.37,1
CUST-004088,71,5498.45,0.7488,2,1,0.0972,89,30,8729.76,1
CUST-004089,74,8982.55,0.2442,3,4,0.7853,79,28,3230.63,1
CUST-004090,73,3968.89,0.1407,2,0,0.8014,170,35,3950.67,1
CUST-004091,60,7344.57,0.2001,1,4,0.362,90,39,39340.19,1
CUST-004092,23,5298.87,0.8513,3,2,0.5575,141,38,13608.51,1
CUST-004093,40,10174.29,0.4389,2,1,0.1662,102,30,20752.64,0
CUST-004094,45,9295.77,0.4192,3,3,0.5204,140,31,5937.15,0
CUST-004095,72,5681.98,0.3173,0,1,0.3634,72,34,16889.03,0
CUST-004096,50,4621.09,0.6314,3,2,0.4755,128,33,10249.75,1
CUST-004097,49,6531.47,0.2133,2,4,0.95,162,26,4767.22,1
CUST-004098,28,4794.44,0.3723,3,3,0.4304,122,32,157672.49,0
CUST-004099,63,11076.18,0.4692,1,5,0.3894,76,32,2577.75,1
CUST-004100,39,5386.9,0.6121,5,2,0.6019,73,35,9734.32,1
CUST-004101,25,4332.39,0.4545,3,4,0.5258,92,42,14931.41,1
CUST-004102,74,4228.43,0.6877,4,3,0.3816,21,37,11922.12,1
CUST-004103,31,3012.57,0.1881,1,5,0.6975,33,33,6042.4,0
CUST-004104,21,6679.95,0.2955,0,5,0.5289,92,34,5049.54,0
CUST-004105,25,3595.39,0.6472,3,5,0.6453,49,47,12349.61,1
CUST-004106,45,8523.49,0.3781,0,0,0.158,141,30,4664.04,1
CUST-004107,26,2906.18,0.6032,2,0,0.7246,65,31,25601.32,1
CUST-004108,66,5506.43,0.3712,1,5,0.6088,24,29,11170.67,1
CUST-004109,48,8725.58,0.4517,2,4,0.3757,82,31,7729.89,1
CUST-004110,38,1974.17,0.1303,2,3,0.8384,86,34,10080.81,0
CUST-004111,21,12895.5,0.5676,2,3,0.3708,52,37,14553.2,1
CUST-004112,46,4294.26,0.4612,0,0,0.2045,47,29,29742.97,0
CUST-004113,29,5540.87,0.1456,1,3,0.6784,104,39,13008.1,1
CUST-004114,73,6724.86,0.3688,5,0,0.1554,83,36,10886.19,0
CUST-004115,36,7209.62,0.2401,5,3,0.2788,130,32,20582.35,0
CUST-004116,46,5882.06,0.788,3,3,0.7127,38,40,2513.04,1
CUST-004117,22,8145.63,0.2966,0,3,0.3803,149,25,5554.88,1
CUST-004118,28,6568.2,0.0951,1,4,0.3957,122,33,7889.17,1
CUST-004119,32,11485.15,0.6384,2,5,0.3797,26,34,4117.58,1
CUST-004120,23,6577.84,0.5569,3,3,0.3269,117,36,17414.77,0
CUST-004121,60,12588.01,0.3245,2,4,0.2841,82,32,9278.86,1
CUST-004122,72,7800.16,0.3867,0,2,0.6509,79,34,3271.97,1
CUST-004123,74,2307.28,0.4762,3,4,0.4917,103,34,2958.97,1
CUST-004124,35,16838.28,0.5023,0,1,0.4973,47,38,8976.26,0
CUST-004125,63,4015.67,0.3336,0,2,0.3805,166,34,16351.75,0
CUST-004126,48,10192.51,0.4596,2,3,0.416,52,36,9798.04,0
CUST-004127,23,5263.08,0.574,2,5,0.798,164,36,93834.62,1
CUST-004128,25,8382.53,0.1204,1,5,0.4716,37,34,7598.46,0
CUST-004129,50,3814.63,0.1742,1,1,0.6092,39,36,5339.05,1
CUST-004130,43,6891.19,0.2639,5,2,0.4255,174,28,29337.77,0
CUST-004131,21,4640.04,0.1825,5,0,0.696,109,29,12112.01,1
CUST-004132,71,10582.59,0.7941,3,4,0.4404,43,24,30124.98,1
CUST-004133,60,6334.81,0.1625,0,0,0.3586,85,32,32657.79,0
CUST-004134,48,7923.5,0.5879,1,0,0.2194,78,36,6580.04,0
CUST-004135,74,1963.69,0.1319,0,4,0.6499,137,29,5304.78,1
CUST-004136,73,5003.57,0.2402,2,2,0.7365,91,26,17409.22,1
CUST-004137,73,6255.16,0.5375,2,1,0.8947,14,27,4349.03,1
CUST-004138,34,5750.49,0.6592,4,4,0.7351,121,41,5904.92,1
CUST-004139,68,8013.91,0.1554,3,4,0.4829,149,35,1581.67,1
CUST-004140,48,4410.56,0.5105,2,5,0.7281,135,32,7887.66,1
CUST-004141,60,5315.42,0.0861,1,4,0.701,40,28,34086.46,1
CUST-004142,67,8848.17,0.1641,1,3,0.5831,71,39,9286.34,0
CUST-004143,29,1864.98,0.5893,1,5,0.5163,10,46,2040.38,1
CUST-004144,45,6779.25,0.7742,2,3,0.8925,94,22,57973.99,1
CUST-004145,27,4474.57,0.6521,2,4,0.3959,58,38,5032.92,1
CUST-004146,36,3449.11,0.6386,0,0,0.249,162,25,9409.94,0
CUST-004147,43,6050.27,0.447,2,3,0.5132,46,32,12183.95,1
CUST-004148,67,9034.15,0.2998,2,1,0.7043,23,38,19669.97,0
CUST-004149,67,8300.15,0.7051,0,4,0.4387,130,37,13797.86,1
CUST-004150,42,4893.26,0.4644,0,4,0.4955,81,40,7946.33,1
CUST-004151,38,7711.73,0.2535,1,4,0.6685,115,32,8909.26,1
CUST-004152,49,7685.14,0.1392,1,4,0.4585,36,31,4806.03,0
CUST-004153,70,4999.52,0.2517,3,3,0.88,157,38,3534.24,1
CUST-004154,73,3806.74,0.3662,1,0,0.1895,11,29,6844.61,0
CUST-004155,33,3907.13,0.3133,4,1,0.3835,73,37,36339.17,1
CUST-004156,31,7581.36,0.5889,1,5,0.4167,30,26,3460.08,1
CUST-004157,59,5102.31,0.1639,0,4,0.95,129,36,2739.34,1
CUST-004158,37,3247.47,0.4245,3,5,0.6454,47,36,10579.11,1
CUST-004159,31,2436.28,0.0673,2,0,0.1117,85,34,22614.63,0
CUST-004160,22,7560.84,0.2537,3,1,0.6929,102,21,4910.61,0
CUST-004161,42,4065.79,0.7165,2,3,0.412,49,31,3746.55,1
CUST-004162,42,6033.54,0.2272,3,0,0.6071,138,25,12521.89,0
CUST-004163,51,9084.11,0.5275,3,0,0.2924,48,28,10474.58,1
CUST-004164,31,2885.34,0.1224,3,2,0.4269,169,28,35303.08,1
CUST-004165,59,5095.44,0.2509,0,4,0.5771,120,28,26625.58,1
CUST-004166,57,4815.53,0.398,3,5,0.414,172,39,2884.63,1
CUST-004167,45,6169.04,0.6176,2,5,0.667,14,37,3552.81,1
CUST-004168,30,9081.87,0.4512,7,2,0.3705,158,44,730.24,1
CUST-004169,48,2858.81,0.4353,2,4,0.3143,175,29,10717.27,1
CUST-004170,57,6719.86,0.1808,2,1,0.6369,94,29,4515.89,0
CUST-004171,41,8271.74,0.3782,5,4,0.6085,159,33,53638.31,1
CUST-004172,35,4781.67,0.4022,2,5,0.7687,78,38,5732.45,1
CUST-004173,48,4888.12,0.3487,4,3,0.359,83,37,6676.86,1
CUST-004174,40,6277.43,0.6596,0,0,0.4305,82,29,4782.81,0
CUST-004175,42,6072.84,0.1908,1,1,0.3245,115,47,9753.64,0
CUST-004176,39,6757.93,0.137,3,5,0.4391,173,35,30328.32,0
CUST-004177,37,6694.16,0.403,2,4,0.7036,39,37,1350.49,1
CUST-004178,59,3342.67,0.5417,3,4,0.4815,107,29,24618.09,1
CUST-004179,45,8119.58,0.4542,2,0,0.1439,90,26,1538.83,1
CUST-004180,46,8790.85,0.5593,2,2,0.4407,134,27,6899.6,1
CUST-004181,56,5654.18,0.7173,2,3,0.2298,82,36,3391.28,1
CUST-004182,40,2654.59,0.2578,4,4,0.8179,14,26,3553.25,1
CUST-004183,26,4938.31,0.1637,1,0,0.3858,144,38,2580.79,0
CUST-004184,67,5675.4,0.6145,1,4,0.4622,175,30,12797.35,0
CUST-004185,24,3106.79,0.3097,1,3,0.536,171,41,6006.6,1
CUST-004186,51,4422.02,0.3755,4,3,0.3146,95,31,14540.99,0
CUST-004187,35,2757.83,0.4839,4,5,0.3615,63,39,16267.87,1
CUST-004188,32,6834.2,0.4754,2,4,0.5125,109,26,7007.1,1
CUST-004189,23,5603.2,0.8852,4,4,0.5295,151,22,16212.6,1
CUST-004190,69,2479.5,0.4828,0,3,0.5492,145,30,9601.61,1
CUST-004191,44,6091.03,0.1407,4,5,0.7483,102,28,5838.25,1
CUST-004192,39,5069.44,0.8197,4,5,0.6275,17,44,20499.61,1
CUST-004193,61,6560.36,0.6466,3,1,0.39,47,30,33925.06,0
CUST-004194,23,4359.99,0.4306,2,4,0.95,5,40,27886.96,1
CUST-004195,51,3625.5,0.5329,3,3,0.5026,92,22,1944.34,1
CUST-004196,47,3675.83,0.2858,3,5,0.63,172,26,9522.54,1
CUST-004197,50,4081.57,0.5484,3,2,0.3193,110,28,29082.04,1
CUST-004198,27,5244.24,0.2025,4,4,0.2279,40,42,2981.57,1
CUST-004199,72,5558.01,0.3581,2,1,0.4839,9,38,8259.85,1
CUST-004200,33,4772.33,0.2705,1,5,0.3094,21,24,4578.37,1
CUST-004201,57,4298.06,0.4479,0,1,0.2954,62,36,11460.91,1
CUST-004202,61,4439.44,0.4346,0,1,0.0979,168,31,124726.08,0
CUST-004203,39,16072.9,0.123,0,5,0.5235,10,24,8926.99,1
CUST-004204,28,3676.03,0.4807,2,1,0.1142,69,38,7737.62,0
CUST-004205,37,4045.36,0.135,4,3,0.8476,72,26,66647.88,0
CUST-004206,64,22894.41,0.543,2,2,0.3117,154,29,10753.91,0
CUST-004207,69,6284.68,0.4924,3,4,0.2452,111,36,5114.24,0
CUST-004208,71,2794.54,0.2311,3,1,0.5887,167,38,2036.35,0
CUST-004209,33,7597.87,0.1232,3,2,0.6022,154,38,23899.09,1
CUST-004210,53,3452.65,0.519,0,5,0.7793,37,23,3087.27,1
CUST-004211,29,7828.23,0.5944,4,5,0.7577,110,25,7523.26,1
CUST-004212,59,4729.06,0.2492,2,1,0.2472,15,36,13244.07,0
CUST-004213,43,4266.32,0.0241,1,2,0.5406,119,33,15924.82,1
CUST-004214,59,10727.2,0.482,1,2,0.2172,9,27,2048.82,0
CUST-004215,57,6709.6,0.1869,1,3,0.4072,115,32,3401.13,0
CUST-004216,74,8056.7,0.093,2,3,0.1786,51,38,10957.62,0
CUST-004217,47,6324.13,0.2798,1,0,0.0595,128,33,2157.24,0
CUST-004218,39,4257.4,0.3235,5,5,0.6311,34,27,16595.98,1
CUST-004219,49,6846.71,0.0775,4,1,0.3326,52,37,2708.04,0
CUST-004220,29,8960.32,0.6508,4,1,0.6318,162,26,6891.99,1
CUST-004221,27,5525.04,0.3659,5,4,0.7056,112,37,5679.26,1
CUST-004222,49,11697.76,0.248,5,5,0.6053,167,28,18289.54,1
CUST-004223,65,7624.58,0.4166,2,5,0.7931,137,38,5598.23,0
CUST-004224,49,5720.47,0.4878,5,1,0.7276,81,39,16981.55,1
CUST-004225,63,5823.07,0.0679,0,4,0.9425,68,38,25237.02,1
CUST-004226,30,5531.26,0.261,1,0,0.3267,65,33,8638.9,0
CUST-004227,45,2961.22,0.4115,2,2,0.5428,86,24,11160.26,1
CUST-004228,54,4993.45,0.4424,4,1,0.4912,75,36,4785.91,0
CUST-004229,39,5744.21,0.2603,1,1,0.1154,25,43,3306.93,0
CUST-004230,21,4312.08,0.453,5,5,0.5143,150,24,2813.78,1
CUST-004231,24,6053.36,0.6576,3,5,0.2845,44,40,9815.03,1
CUST-004232,71,5250.1,0.5489,3,0,0.3432,28,33,5347.54,1
CUST-004233,53,7365.6,0.4135,5,2,0.3661,33,31,13114.17,1
CUST-004234,35,7008.05,0.3844,2,0,0.7807,29,28,6877.63,1
CUST-004235,34,5606.23,0.268,1,4,0.585,115,45,5703.95,1
CUST-004236,23,2810.64,0.6914,4,1,0.4679,52,40,7524.1,1
CUST-004237,72,11640.42,0.5301,2,3,0.5582,5,39,1319.92,1
CUST-004238,26,4878.35,0.1901,4,3,0.5817,106,46,20473.59,0
CUST-004239,62,5014.13,0.4888,1,1,0.3409,80,36,6484.68,1
CUST-004240,33,4457.22,0.4137,1,2,0.544,129,25,6292.25,1
CUST-004241,39,4173.99,0.5653,1,0,0.326,35,33,37565.89,0
CUST-004242,35,10417.48,0.3791,2,0,0.2476,178,32,6726.09,1
CUST-004243,65,9702.45,0.1443,2,5,0.8804,26,36,15208.82,1
CUST-004244,22,6351.15,0.2888,1,2,0.701,10,46,1524.12,0
CUST-004245,40,4954.44,0.3882,2,2,0.7223,66,35,5058.86,1
CUST-004246,36,6870.67,0.3211,2,4,0.6192,66,36,25274.83,0
CUST-004247,35,5375.58,0.4993,4,5,0.5593,164,33,19639.83,0
CUST-004248,31,4773.4,0.3083,3,2,0.6382,57,37,16436.74,0
CUST-004249,70,6054.53,0.4068,0,5,0.6544,112,30,4327.31,1
CUST-004250,41,4263.7,0.455,2,3,0.5261,10,37,11038.45,1
CUST-004251,43,5825.11,0.2155,4,0,0.7924,107,35,6319.03,1
CUST-004252,41,5700.52,0.219,1,5,0.3554,143,38,12254.77,1
CUST-004253,73,6820.82,0.2918,2,1,0.229,130,28,19904.65,0
CUST-004254,39,3935.54,0.1723,2,4,0.2793,78,42,10713.75,1
CUST-004255,39,7157.92,0.5205,2,5,0.5689,99,30,23112.91,1
CUST-004256,38,3458.44,0.6625,2,4,0.8686,111,45,24416.66,1
CUST-004257,38,4018.88,0.217,3,3,0.5897,79,29,3094.29,1
CUST-004258,25,4098.59,0.6936,6,1,0.711,83,34,1572.51,1
CUST-004259,53,3209.89,0.573,5,3,0.4587,168,34,22709.7,1
CUST-004260,22,8212.9,0.4251,5,3,0.387,67,34,9672.09,1
CUST-004261,33,3362.16,0.2293,1,3,0.546,165,40,32025.55,1
CUST-004262,31,3796.75,0.384,3,2,0.3813,27,33,12287.62,1
CUST-004263,36,9148.52,0.4387,3,4,0.5063,87,31,37748.55,1
CUST-004264,61,4022.47,0.1925,1,2,0.283,160,28,17926.49,1
CUST-004265,53,4777.87,0.5096,2,5,0.6851,41,36,12812.49,1
CUST-004266,74,3297.77,0.1646,4,0,0.3254,24,44,6281.74,0
CUST-004267,39,7564.65,0.5758,4,4,0.3343,116,32,5614.4,1
CUST-004268,71,7611.73,0.7824,0,3,0.3827,105,37,1811.76,0
CUST-004269,23,7251.33,0.3952,0,3,0.3191,86,30,15839.03,1
CUST-004270,48,6622.99,0.324,3,3,0.2544,175,24,4265.89,0
CUST-004271,64,5375.08,0.6357,2,0,0.6434,71,38,7029.02,1
CUST-004272,49,4106.98,0.6684,3,3,0.5206,53,35,8667.46,1
CUST-004273,71,3603.56,0.4649,2,2,0.3537,71,34,5462.17,1
CUST-004274,37,9291.65,0.3497,3,1,0.3287,87,36,10571.34,0
CUST-004275,22,7336.2,0.7121,0,5,0.9188,121,38,992.2,1
CUST-004276,62,3806.35,0.184,2,1,0.3345,134,33,9181.64,1
CUST-004277,24,5294.05,0.5743,2,2,0.171,72,32,16288.81,0
CUST-004278,62,4543.09,0.5322,3,2,0.3749,48,32,1810.51,1
CUST-004279,60,3129.78,0.2762,1,2,0.6443,112,36,4752.88,0
CUST-004280,66,5632.77,0.26,4,3,0.4065,42,33,31672.42,0
CUST-004281,46,4313.23,0.1387,5,3,0.54,29,31,8222.84,1
CUST-004282,69,3387.25,0.2498,6,2,0.4426,22,31,4680.7,1
CUST-004283,30,2672.59,0.218,2,2,0.4483,48,32,17902.71,1
CUST-004284,44,2572.68,0.1376,4,4,0.631,7,34,3187.86,1
CUST-004285,27,4399.61,0.4274,3,4,0.8627,120,44,3457.12,1
CUST-004286,62,5004.64,0.3484,1,3,0.4987,53,38,3760.82,1
CUST-004287,59,3507.04,0.674,1,3,0.9014,16,33,31827.34,1
CUST-004288,64,6969.14,0.3893,4,0,0.587,123,43,3473.76,1
CUST-004289,62,5048.86,0.5888,7,3,0.3441,160,37,8372.16,1
CUST-004290,37,6741.33,0.4233,2,1,0.7088,16,32,25768.67,1
CUST-004291,24,4789.13,0.6005,2,0,0.3752,42,33,3532.95,1
CUST-004292,71,3649.01,0.5128,1,3,0.565,138,41,1769.98,0
CUST-004293,47,5474.01,0.2836,2,3,0.7375,144,32,63082.95,1
CUST-004294,26,2946.02,0.4546,1,3,0.7011,78,26,10135.57,1
CUST-004295,71,6628.68,0.2713,4,4,0.5549,87,25,4948.5,1
CUST-004296,74,3410.78,0.0696,1,2,0.7118,101,29,7746.88,0
CUST-004297,45,7860.6,0.2128,1,2,0.5687,95,41,17892.94,1
CUST-004298,62,4465.38,0.3982,0,1,0.8231,58,32,2131.65,1
CUST-004299,22,8387.97,0.6768,4,0,0.2573,146,42,5804.26,1
CUST-004300,26,3137.66,0.3627,2,5,0.622,119,45,18809.41,1
CUST-004301,35,3833.06,0.6157,1,1,0.27,89,31,34913.92,1
CUST-004302,56,6172.35,0.4193,4,2,0.5017,136,40,34597.77,1
CUST-004303,28,8805.55,0.4136,0,5,0.8108,47,27,9939.3,1
CUST-004304,22,11008.11,0.3454,4,1,0.5967,18,22,36125.48,0
CUST-004305,57,5297.7,0.5583,4,1,0.2763,55,29,1868.5,0
CUST-004306,62,11889.36,0.4132,3,4,0.6431,160,33,10282.77,1
CUST-004307,60,4564.5,0.1894,3,2,0.37,131,41,796.48,0
CUST-004308,64,8525.86,0.8169,1,1,0.2887,107,32,33438.19,0
CUST-004309,64,3403.07,0.1718,5,4,0.2798,103,26,13483.68,1
CUST-004310,53,6282.38,0.2335,3,1,0.6202,117,34,45855.23,0
CUST-004311,49,1812.84,0.4666,5,0,0.1961,166,35,5152.54,0
CUST-004312,67,3139.12,0.3037,3,4,0.7842,96,44,2602.09,0
CUST-004313,39,6415.16,0.6982,0,5,0.5679,60,32,18646.51,1
CUST-004314,26,2880.78,0.4891,2,5,0.2512,19,41,7741.53,1
CUST-004315,61,6301.49,0.3712,1,0,0.2812,20,37,24491.15,0
CUST-004316,35,7819.06,0.4159,3,2,0.5967,81,34,18389.34,0
CUST-004317,73,4149.82,0.1199,4,5,0.6974,117,40,6800.98,1
CUST-004318,43,3362.32,0.8533,1,3,0.1979,34,38,8742.28,1
CUST-004319,66,4200.8,0.4616,2,1,0.7559,31,21,7257.46,1
CUST-004320,23,3367.07,0.1513,2,2,0.7329,93,26,9221.52,0
CUST-004321,56,4968.47,0.576,2,1,0.3314,28,30,5665.49,1
CUST-004322,45,5444.46,0.3536,6,3,0.8169,162,41,15607.15,1
CUST-004323,45,4531.05,0.2621,2,3,0.6853,155,26,1876.08,1
CUST-004324,35,11046.57,0.1556,1,4,0.389,86,35,1567.2,0
CUST-004325,73,3761.91,0.0876,5,1,0.2991,139,38,5988.96,1
CUST-004326,42,9726.01,0.1947,5,4,0.7865,40,36,5088.41,1
CUST-004327,66,3254.7,0.2777,3,2,0.5487,28,24,5587.09,1
CUST-004328,43,5373.12,0.2483,1,0,0.4415,92,28,27445.61,1
CUST-004329,23,8855.65,0.3339,5,4,0.3678,139,31,10092.79,0
CUST-004330,68,8651.82,0.5707,2,0,0.2089,62,36,18054.74,0
CUST-004331,30,4303.99,0.2032,2,0,0.3992,42,30,14336.87,0
CUST-004332,35,6675.47,0.4297,4,4,0.2757,167,42,34947.3,0
CUST-004333,67,6285.15,0.1302,1,0,0.4167,81,35,5044.28,0
CUST-004334,69,4078.32,0.441,1,3,0.4331,78,20,15064.74,1
CUST-004335,70,6860.88,0.3526,3,2,0.5335,50,33,7390.24,1
CUST-004336,44,12022.5,0.1683,2,5,0.4487,144,27,3306.02,0
CUST-004337,61,6429.67,0.2585,7,1,0.2456,41,23,2999.56,0
CUST-004338,38,6709.46,0.6475,5,0,0.4179,88,34,7359.17,1
CUST-004339,60,7036.62,0.612,1,0,0.0493,18,32,23214.35,0
CUST-004340,48,2694.52,0.3743,4,5,0.5547,44,43,5310.95,1
CUST-004341,23,6396.56,0.1864,4,5,0.2493,174,29,5694.19,0
CUST-004342,43,3290.75,0.5884,1,0,0.3124,120,29,4806.41,1
CUST-004343,46,3987.68,0.3973,2,2,0.5852,45,31,3047.38,1
CUST-004344,34,13756.79,0.6491,0,0,0.2132,6,29,5800.82,1
CUST-004345,41,4639.89,0.393,3,4,0.3462,61,32,24855.91,1
CUST-004346,48,3726.91,0.1227,1,5,0.4429,147,35,11382.69,1
CUST-004347,23,8734.85,0.3577,4,4,0.4701,118,27,5372.57,1
CUST-004348,29,3394.66,0.2543,4,3,0.6061,160,39,6384.05,1
CUST-004349,62,4251.7,0.4898,0,2,0.2753,131,34,12135.42,1
CUST-004350,40,9122.39,0.0639,2,1,0.5405,99,30,5215.43,0
CUST-004351,53,5301.05,0.6295,4,4,0.3904,174,39,19985.31,1
CUST-004352,51,2575.23,0.4626,3,3,0.4276,46,35,27424.4,1
CUST-004353,50,6642.27,0.392,3,2,0.787,29,47,3177.38,0
CUST-004354,43,4350.32,0.0232,4,2,0.4366,33,29,6840.36,1
CUST-004355,47,10397.77,0.6007,0,4,0.3319,109,33,12889.17,1
CUST-004356,65,3958.54,0.3517,4,5,0.4452,130,33,29022.63,1
CUST-004357,73,8345.4,0.3564,1,0,0.3329,128,39,859.66,0
CUST-004358,34,11561.99,0.438,7,4,0.2193,40,26,5063.0,1
CUST-004359,57,3545.69,0.2907,3,2,0.7745,129,40,908.31,0
CUST-004360,73,4766.98,0.4432,2,3,0.4118,93,35,17785.98,1
CUST-004361,21,6193.75,0.5745,0,4,0.5236,179,30,9006.5,1
CUST-004362,63,3535.49,0.2643,0,1,0.1174,155,32,22659.2,0
CUST-004363,47,5872.56,0.5178,1,1,0.4696,26,38,7260.13,1
CUST-004364,73,4699.45,0.8141,2,0,0.6802,138,38,7322.53,1
CUST-004365,52,4657.03,0.5304,2,5,0.7941,20,30,12413.28,1
CUST-004366,66,5315.79,0.3891,6,4,0.789,5,28,9671.03,1
CUST-004367,29,5369.46,0.7007,0,4,0.4172,35,30,5599.4,1
CUST-004368,28,5597.98,0.4649,5,0,0.1225,127,39,19753.39,0
CUST-004369,71,3971.67,0.4592,2,5,0.5737,160,34,24383.13,1
CUST-004370,49,4050.46,0.3269,2,0,0.647,5,26,12016.73,1
CUST-004371,51,4929.78,0.2612,5,1,0.6032,175,29,31215.81,0
CUST-004372,30,5096.31,0.3298,1,3,0.3888,60,35,33908.15,1
CUST-004373,33,4268.13,0.694,3,0,0.273,52,33,5255.66,0
CUST-004374,65,6016.05,0.3692,4,4,0.3054,69,29,9111.2,1
CUST-004375,37,2297.95,0.4266,4,5,0.2846,10,31,12567.37,1
CUST-004376,52,3743.23,0.3293,1,2,0.3157,86,32,2127.34,1
CUST-004377,38,4584.55,0.494,3,0,0.3061,128,27,9840.11,0
CUST-004378,35,3537.45,0.637,4,3,0.4606,118,32,7957.15,0
CUST-004379,29,10824.34,0.4144,3,4,0.5246,127,27,4588.21,0
CUST-004380,71,5244.32,0.2347,5,5,0.7894,178,23,11170.41,1
CUST-004381,71,5630.54,0.6895,3,1,0.6081,96,34,3825.99,1
CUST-004382,27,4183.74,0.1535,1,1,0.3844,34,34,2208.4,0
CUST-004383,40,5163.21,0.3542,1,0,0.1156,53,31,1040.8,0
CUST-004384,51,3009.56,0.776,5,0,0.3691,121,44,1897.04,1
CUST-004385,41,4817.43,0.2173,2,4,0.3547,119,35,2993.15,1
CUST-004386,59,3411.0,0.391,4,1,0.6882,35,27,9132.91,1
CUST-004387,35,4589.76,0.3632,1,1,0.3369,127,36,11935.57,1
CUST-004388,24,1800.0,0.3531,2,2,0.309,61,47,5160.76,0
CUST-004389,39,3130.08,0.1162,1,0,0.6176,22,38,15317.46,0
CUST-004390,53,10048.52,0.0982,2,4,0.4331,147,28,11784.22,1
CUST-004391,30,7555.97,0.4174,0,3,0.4947,57,38,3941.54,0
CUST-004392,65,9414.27,0.3869,1,2,0.4411,15,42,3729.54,1
CUST-004393,21,9709.78,0.3652,1,1,0.6463,172,37,26747.84,1
CUST-004394,24,7039.26,0.1697,1,3,0.3631,6,35,5526.8,0
CUST-004395,48,4241.29,0.4538,4,4,0.5716,40,29,42353.64,1
CUST-004396,48,3260.55,0.1668,3,3,0.3726,66,31,2821.25,1
CUST-004397,36,8711.93,0.035,2,4,0.4356,101,28,7022.49,1
CUST-004398,34,5353.31,0.3519,6,2,0.4607,80,26,2239.88,1
CUST-004399,24,15974.1,0.378,2,0,0.2949,56,38,1465.88,0
CUST-004400,56,4412.16,0.579,2,0,0.1809,75,36,4741.96,0
CUST-004401,41,12634.89,0.3214,3,4,0.5907,143,35,16739.59,0
CUST-004402,27,4845.75,0.4891,1,0,0.3486,106,23,4912.23,0
CUST-004403,42,9486.6,0.3893,1,2,0.6046,82,41,14773.68,1
CUST-004404,71,11158.15,0.556,3,1,0.557,133,32,3949.07,0
CUST-004405,35,3281.6,0.1778,2,4,0.4418,88,28,29456.52,0
CUST-004406,69,4180.41,0.6913,0,1,0.3929,116,30,4145.95,1
CUST-004407,34,3266.82,0.2714,3,4,0.4009,117,28,32807.2,0
CUST-004408,31,2989.73,0.1182,4,1,0.3039,133,39,9127.88,0
CUST-004409,35,7020.53,0.3454,1,3,0.4297,61,29,3429.72,1
CUST-004410,38,4759.66,0.5328,3,1,0.8155,95,39,4017.41,1
CUST-004411,27,5323.99,0.3168,1,2,0.6307,41,34,12314.32,0
CUST-004412,52,6678.99,0.3891,2,3,0.3271,81,30,3125.17,1
CUST-004413,39,2254.29,0.116,1,0,0.3969,3,35,11163.11,1
CUST-004414,59,9278.53,0.4672,0,2,0.5945,26,31,4521.32,0
CUST-004415,47,4444.05,0.0944,4,4,0.3177,60,26,3262.3,0
CUST-004416,44,6607.72,0.0434,3,1,0.6387,177,36,4039.51,0
CUST-004417,46,6875.6,0.1043,2,0,0.7772,128,36,2113.08,1
CUST-004418,29,9636.11,0.1024,0,1,0.4058,119,40,9666.45,1
CUST-004419,59,4960.33,0.4257,6,2,0.1909,144,33,10299.36,0
CUST-004420,26,1999.75,0.4272,3,0,0.3293,43,25,4320.56,1
CUST-004421,59,5335.41,0.0972,2,4,0.752,177,34,4192.13,1
CUST-004422,74,5691.52,0.5732,4,4,0.379,124,21,2213.65,1
CUST-004423,62,3264.94,0.1673,1,3,0.2386,76,41,4779.54,0
CUST-004424,45,5556.84,0.1346,0,2,0.445,98,42,12722.89,0
CUST-004425,37,4420.27,0.8061,5,4,0.6668,63,38,4504.04,1
CUST-004426,68,2841.75,0.1828,3,3,0.3845,74,30,10532.67,1
CUST-004427,34,7034.5,0.3923,3,4,0.3711,165,28,14287.76,1
CUST-004428,47,4034.9,0.3663,0,2,0.6897,111,33,2883.02,1
CUST-004429,62,4330.95,0.5497,5,0,0.6394,94,32,60678.92,0
CUST-004430,70,4222.8,0.3487,1,0,0.5216,42,38,19216.06,0
CUST-004431,70,9066.84,0.2712,2,4,0.4148,145,34,6120.15,0
CUST-004432,25,5105.13,0.807,2,4,0.5867,174,41,1737.73,1
CUST-004433,69,5388.43,0.1554,4,0,0.2325,145,30,3355.03,0
CUST-004434,27,4264.7,0.3333,2,0,0.3264,80,35,48986.87,0
CUST-004435,52,6404.17,0.6088,4,1,0.4131,159,31,12706.4,0
CUST-004436,71,9543.42,0.4306,3,2,0.2901,104,38,5178.25,1
CUST-004437,56,6960.11,0.1235,2,1,0.251,69,31,5662.41,0
CUST-004438,72,7083.36,0.3884,4,3,0.48,21,41,30007.75,0
CUST-004439,39,6830.94,0.5646,2,5,0.6982,108,39,12507.47,1
CUST-004440,37,2794.21,0.3133,2,3,0.7326,158,33,5957.65,1
CUST-004441,38,3505.75,0.1449,3,1,0.3194,177,22,1938.72,0
CUST-004442,40,4741.79,0.6066,0,2,0.3457,123,26,7167.26,1
CUST-004443,57,3750.99,0.1622,5,5,0.5723,56,44,14571.79,1
CUST-004444,45,3220.76,0.5984,1,4,0.7079,20,39,13380.62,1
CUST-004445,60,2239.34,0.6278,3,0,0.246,124,40,3417.3,1
CUST-004446,43,2836.92,0.227,3,2,0.5068,78,33,8426.82,1
CUST-004447,37,4633.08,0.0711,0,0,0.455,77,28,14214.01,0
CUST-004448,31,5040.05,0.6546,1,5,0.6462,49,40,31085.45,1
CUST-004449,50,3639.27,0.0579,4,4,0.2847,16,39,6190.46,1
CUST-004450,69,5388.0,0.2819,1,1,0.3116,88,29,43236.8,0
CUST-004451,67,4277.78,0.0402,2,4,0.7105,71,28,13571.45,0
CUST-004452,34,8494.48,0.1639,2,2,0.46,76,29,5117.05,1
CUST-004453,46,4835.22,0.1155,2,4,0.5856,22,28,3472.05,1
CUST-004454,59,7113.59,0.7498,6,0,0.5172,140,31,1209.74,1
CUST-004455,54,5697.94,0.2695,2,2,0.5417,111,31,3503.36,1
CUST-004456,24,2766.9,0.3606,3,3,0.5887,103,37,33483.19,0
CUST-004457,52,4992.13,0.3274,5,0,0.3629,12,43,5788.29,1
CUST-004458,23,2982.1,0.7649,1,2,0.41,81,28,1997.23,1
CUST-004459,27,4953.05,0.0486,4,4,0.5945,65,32,4058.37,1
CUST-004460,56,3718.61,0.3998,1,4,0.5263,33,36,8994.29,1
CUST-004461,26,6175.2,0.5058,0,0,0.7134,167,30,6345.71,0
CUST-004462,39,2842.26,0.6479,3,4,0.6086,170,37,12151.28,1
CUST-004463,52,5234.52,0.4224,4,4,0.7622,167,36,6405.99,1
CUST-004464,56,6727.78,0.1183,1,2,0.2864,56,33,5061.83,0
CUST-004465,45,7823.07,0.5394,1,4,0.404,33,29,8149.59,1
CUST-004466,26,3686.89,0.2153,2,3,0.4424,13,26,3112.89,0
CUST-004467,64,5241.7,0.0389,1,5,0.4713,98,29,10096.31,1
CUST-004468,72,5649.26,0.3223,2,4,0.6255,55,31,3526.0,1
CUST-004469,68,10431.87,0.6402,5,5,0.7123,163,37,7291.31,1
CUST-004470,61,2669.95,0.1813,1,5,0.8865,35,19,11459.89,1
CUST-004471,42,3450.99,0.6705,3,2,0.3798,169,27,6195.39,1
CUST-004472,68,18369.04,0.7009,0,0,0.2773,67,28,8415.06,0
CUST-004473,47,4598.66,0.6547,3,3,0.4632,159,35,16013.98,1
CUST-004474,28,2220.45,0.571,7,3,0.2009,147,30,4489.28,1
CUST-004475,66,4000.87,0.6997,1,5,0.6058,124,30,39076.92,1
CUST-004476,38,1800.0,0.643,1,5,0.6924,69,34,2759.0,1
CUST-004477,71,5795.45,0.376,3,0,0.6127,133,43,26005.07,1
CUST-004478,40,7486.2,0.7643,0,1,0.1399,84,40,12658.83,1
CUST-004479,67,3450.13,0.6196,1,3,0.1714,174,32,13108.26,1
CUST-004480,50,4207.35,0.8322,0,3,0.2758,143,30,21374.39,1
CUST-004481,46,7879.8,0.3489,3,2,0.395,102,33,8769.79,1
CUST-004482,37,2365.67,0.5134,5,1,0.5534,93,31,10337.48,1
CUST-004483,66,2868.97,0.3928,0,2,0.4658,15,39,9328.16,1
CUST-004484,24,4692.69,0.2668,3,4,0.6364,131,43,18825.55,1
CUST-004485,46,3706.57,0.4753,6,5,0.7671,146,41,22125.52,1
CUST-004486,40,4555.88,0.3598,1,4,0.6316,88,29,8761.03,1
CUST-004487,50,2944.59,0.0855,3,0,0.4689,80,32,6386.07,0
CUST-004488,34,5726.47,0.4824,0,5,0.6131,64,33,3436.92,1
CUST-004489,56,4862.26,0.2301,3,3,0.3893,97,50,10499.1,0
CUST-004490,41,6657.83,0.3996,3,4,0.721,92,25,5697.14,1
CUST-004491,31,5690.73,0.4334,1,4,0.6241,152,35,1774.51,1
CUST-004492,31,5706.86,0.4947,0,2,0.5205,176,36,7821.03,0
CUST-004493,58,2712.36,0.2421,1,3,0.4509,56,36,9206.51,1
CUST-004494,35,6490.4,0.3107,2,3,0.3307,22,32,18022.1,1
CUST-004495,37,4480.65,0.6822,3,0,0.0828,95,31,8578.31,1
CUST-004496,54,4824.41,0.3468,1,4,0.2948,159,34,3459.65,0
CUST-004497,38,8334.28,0.5491,1,1,0.1718,42,39,21905.26,0
CUST-004498,41,3761.86,0.1727,3,4,0.266,113,25,1343.81,0
CUST-004499,34,9551.44,0.3699,0,0,0.4882,15,42,2183.28,0
CUST-004500,39,9960.95,0.0347,1,0,0.1524,174,37,6853.04,0
CUST-004501,58,7296.62,0.7387,4,1,0.3974,27,31,6523.61,0
CUST-004502,49,3344.71,0.403,1,1,0.5766,47,28,6894.55,1
CUST-004503,74,1944.15,0.7745,1,0,0.3968,48,35,4038.37,1
CUST-004504,62,8449.73,0.5637,1,4,0.5173,70,32,19967.89,1
CUST-004505,21,5467.28,0.1522,1,0,0.1725,140,39,7072.72,0
CUST-004506,41,3718.5,0.7736,0,0,0.3671,22,40,2452.24,1
CUST-004507,36,8817.71,0.102,2,3,0.2506,27,44,11743.95,0
CUST-004508,52,3528.8,0.5226,0,3,0.2305,12,33,4135.08,1
CUST-004509,35,4296.45,0.4329,3,3,0.3214,18,30,3549.31,1
CUST-004510,73,6585.43,0.3834,1,5,0.4542,85,39,7703.92,1
CUST-004511,37,3150.42,0.1976,4,4,0.3631,36,30,35374.36,1
CUST-004512,49,4950.02,0.8391,4,2,0.8486,18,32,1178.65,1
CUST-004513,27,8488.99,0.7187,2,3,0.4714,126,35,1883.32,0
CUST-004514,70,5718.23,0.5499,1,1,0.3099,109,34,3624.06,1
CUST-004515,70,9115.72,0.7149,1,4,0.8812,13,36,36616.45,1
CUST-004516,63,8660.56,0.0236,3,5,0.8222,102,31,2987.53,1
CUST-004517,39,5218.14,0.5149,0,3,0.2359,68,37,20622.05,1
CUST-004518,24,1816.89,0.5797,2,2,0.5786,170,36,17649.7,0
CUST-004519,59,3161.55,0.3171,1,3,0.5037,128,21,22125.58,0
CUST-004520,44,7331.34,0.2396,5,4,0.8368,164,29,3552.45,1
CUST-004521,74,2588.41,0.13,4,5,0.492,120,29,8771.68,1
CUST-004522,58,4489.08,0.1287,2,0,0.2023,55,35,15173.68,0
CUST-004523,50,6055.55,0.4754,1,3,0.4115,77,35,11505.32,0
CUST-004524,74,10074.08,0.3135,5,1,0.2525,166,33,103980.15,0
CUST-004525,64,4014.45,0.5943,3,0,0.6684,131,39,45285.47,0
CUST-004526,45,3892.65,0.2532,4,0,0.0553,12,28,23390.39,0
CUST-004527,22,5078.71,0.3046,3,0,0.363,40,33,15607.65,1
CUST-004528,26,6089.52,0.2259,4,2,0.4037,132,36,16735.57,1
CUST-004529,44,4851.3,0.5245,2,5,0.95,79,39,22253.34,1
CUST-004530,51,8338.05,0.4627,3,5,0.3954,105,33,41184.17,0
CUST-004531,22,3629.31,0.2798,3,4,0.4363,84,41,4145.14,1
CUST-004532,27,5488.92,0.4231,2,3,0.3222,65,29,24685.78,1
CUST-004533,59,6353.49,0.7328,2,3,0.9257,64,44,10856.9,1
CUST-004534,61,4342.95,0.2175,0,0,0.1203,148,42,22072.09,0
CUST-004535,22,7587.7,0.7937,7,4,0.4868,83,38,9299.94,1
CUST-004536,48,5560.51,0.6062,6,0,0.2355,65,27,5769.71,1
CUST-004537,25,7416.0,0.4946,4,4,0.4419,166,32,5859.15,1
CUST-004538,60,5674.63,0.3964,1,4,0.6034,96,31,9654.46,1
CUST-004539,66,6159.78,0.8443,3,1,0.6846,129,33,13991.4,1
CUST-004540,67,3912.13,0.5692,3,0,0.4787,124,27,5994.67,1
CUST-004541,53,3914.98,0.4389,1,5,0.6022,49,24,2345.03,1
CUST-004542,54,9021.74,0.6648,6,1,0.4589,50,31,15954.63,1
CUST-004543,71,6921.54,0.4691,2,3,0.6554,93,30,7902.95,0
CUST-004544,54,3281.58,0.2218,1,4,0.4263,23,25,1348.31,0
CUST-004545,45,5640.92,0.1242,2,2,0.3101,59,33,2073.07,0
CUST-004546,61,1800.0,0.4329,2,1,0.5749,125,28,11343.14,1
CUST-004547,52,4016.4,0.5176,6,2,0.6539,41,46,15842.84,1
CUST-004548,66,8013.45,0.8298,0,2,0.4742,35,35,23977.59,1
CUST-004549,49,4915.25,0.5302,3,2,0.6159,170,31,5526.3,1
CUST-004550,67,5483.37,0.692,1,2,0.6866,40,28,4946.08,1
CUST-004551,23,1800.0,0.7951,1,0,0.2637,110,46,14469.2,0
CUST-004552,22,4358.57,0.1799,2,2,0.4105,38,31,4075.82,1
CUST-004553,26,6054.98,0.6648,1,2,0.4257,161,32,4197.95,1
CUST-004554,51,6411.15,0.4228,2,1,0.4792,135,30,10467.35,0
CUST-004555,59,8018.24,0.6043,5,0,0.348,130,41,11248.79,0
CUST-004556,32,4730.56,0.3429,0,2,0.7049,58,34,14405.64,0
CUST-004557,29,4826.46,0.3848,2,5,0.4768,115,31,9738.55,1
CUST-004558,67,2855.38,0.3085,1,1,0.1366,134,34,3574.0,0
CUST-004559,61,4742.78,0.3513,2,4,0.2372,115,46,6376.51,1
CUST-004560,56,2947.48,0.3932,1,5,0.6998,103,37,9451.82,1
CUST-004561,47,2263.96,0.6073,1,5,0.3959,97,39,27514.69,1
CUST-004562,43,3190.98,0.3017,3,1,0.4071,92,29,16355.18,1
CUST-004563,22,10252.96,0.3469,2,0,0.3576,105,28,10241.32,1
CUST-004564,31,4603.91,0.3627,1,4,0.5678,163,47,15784.38,0
CUST-004565,69,5740.83,0.5858,1,1,0.6043,45,36,28154.23,0
CUST-004566,39,4127.14,0.6659,1,1,0.4352,105,35,2756.15,1
CUST-004567,59,2323.12,0.4056,3,4,0.3044,147,36,9099.19,0
CUST-004568,59,7924.11,0.6362,2,1,0.4488,44,31,2047.67,0
CUST-004569,37,1956.52,0.4543,4,3,0.5049,21,39,8962.1,1
CUST-004570,32,4051.15,0.1793,1,2,0.7184,177,39,5749.41,0
CUST-004571,58,5073.76,0.3487,0,5,0.339,141,38,29940.02,0
CUST-004572,26,5768.31,0.536,0,4,0.7058,57,25,25150.45,0
CUST-004573,47,3749.97,0.1815,3,2,0.3662,14,40,56162.72,0
CUST-004574,68,2274.08,0.4937,0,0,0.059,86,33,6963.43,0
CUST-004575,59,3626.13,0.3927,2,1,0.3664,128,34,11232.89,1
CUST-004576,62,3712.54,0.6453,1,1,0.6896,69,30,8558.53,1
CUST-004577,25,3672.11,0.1452,4,4,0.6632,131,39,29416.57,1
CUST-004578,31,8046.08,0.2094,1,4,0.4231,133,29,8775.49,0
CUST-004579,35,3011.8,0.4696,0,0,0.4311,53,40,3806.39,1
CUST-004580,36,5954.21,0.6057,4,2,0.5323,85,41,1948.72,1
CUST-004581,31,5583.93,0.5573,2,0,0.3958,141,35,27984.19,0
CUST-004582,73,8011.38,0.6461,4,5,0.7082,64,33,12111.5,1
CUST-004583,29,4897.62,0.6078,3,4,0.6445,66,30,10720.83,0
CUST-004584,59,7423.63,0.7751,2,0,0.2268,117,36,36038.52,0
CUST-004585,52,4812.23,0.2237,3,4,0.4518,73,25,10297.91,1
CUST-004586,53,6322.63,0.6467,3,4,0.7715,90,36,2373.14,1
CUST-004587,32,2644.11,0.4981,1,0,0.197,107,36,2921.07,1
CUST-004588,37,1800.0,0.4211,4,3,0.7663,6,37,15536.39,1
CUST-004589,53,6162.94,0.2184,4,3,0.4268,125,43,17149.23,0
CUST-004590,37,6313.51,0.7109,2,1,0.3575,117,36,67380.7,0
CUST-004591,58,6440.68,0.2114,1,5,0.6034,144,28,9701.25,1
CUST-004592,23,4105.96,0.5388,1,0,0.558,31,33,50248.8,0
CUST-004593,24,10165.85,0.1938,0,2,0.3678,7,33,3393.82,1
CUST-004594,60,4227.93,0.2151,1,5,0.9052,173,36,4827.06,0
CUST-004595,54,6284.3,0.3638,4,1,0.3794,11,33,3514.34,1
CUST-004596,23,6795.39,0.637,2,1,0.4422,134,31,11502.54,1
CUST-004597,69,11269.41,0.5972,1,4,0.2592,132,27,28054.84,0
CUST-004598,21,4508.64,0.0688,4,1,0.6856,69,36,8126.31,1
CUST-004599,72,3875.68,0.6431,4,3,0.7832,66,25,4068.01,1
CUST-004600,60,2649.82,0.5725,3,1,0.5759,13,41,16808.07,1
CUST-004601,74,10456.5,0.3093,3,0,0.3582,148,37,8503.91,0
CUST-004602,72,6285.8,0.3688,4,2,0.8019,60,32,17082.94,1
CUST-004603,37,6375.97,0.2555,2,0,0.1832,171,36,8810.92,0
CUST-004604,61,21140.18,0.6359,8,3,0.7287,118,39,8774.55,1
CUST-004605,32,6019.05,0.2327,5,2,0.3494,6,32,59209.89,1
CUST-004606,46,2893.93,0.4796,2,2,0.3074,162,34,3706.46,1
CUST-004607,33,4761.21,0.6009,4,5,0.5729,162,33,13889.53,1
CUST-004608,47,3353.51,0.5898,1,5,0.95,135,40,18237.58,1
CUST-004609,68,4351.49,0.531,2,2,0.3838,165,36,24668.66,0
CUST-004610,44,4338.35,0.8495,1,1,0.6791,139,32,3558.56,1
CUST-004611,25,3992.82,0.506,2,1,0.4258,109,37,13578.15,0
CUST-004612,38,2777.86,0.372,2,4,0.4113,26,41,6198.66,0
CUST-004613,63,10647.07,0.2998,0,5,0.8089,83,38,8887.4,0
CUST-004614,49,5948.51,0.338,0,5,0.5976,43,34,6399.78,1
CUST-004615,51,4698.28,0.634,1,5,0.4354,69,24,5905.99,1
CUST-004616,44,7312.58,0.1709,3,0,0.2438,142,29,38206.15,0
CUST-004617,36,6427.84,0.28,2,4,0.5314,153,26,23561.05,1
CUST-004618,53,5886.84,0.5698,3,4,0.3196,69,41,2695.76,1
CUST-004619,55,7077.41,0.349,1,0,0.2917,37,34,7335.77,0
CUST-004620,69,5523.04,0.383,5,1,0.2049,154,27,8365.41,1
CUST-004621,54,7030.5,0.2978,3,5,0.4575,119,28,31902.35,0
CUST-004622,74,7297.7,0.3576,5,2,0.4147,10,33,3299.66,0
CUST-004623,65,5595.05,0.8388,2,4,0.885,79,40,5004.5,1
CUST-004624,25,4709.03,0.7423,2,0,0.1396,112,32,4741.93,1
CUST-004625,42,10353.63,0.1806,7,3,0.6068,24,41,1578.89,1
CUST-004626,41,4193.78,0.4937,1,1,0.5196,93,29,1595.35,0
CUST-004627,21,6201.24,0.5175,0,4,0.3722,93,33,11531.54,1
CUST-004628,30,6264.62,0.1153,4,0,0.372,145,36,4653.26,0
CUST-004629,62,3952.54,0.1644,2,5,0.6844,73,27,11183.23,1
CUST-004630,40,3615.17,0.6314,1,1,0.3432,33,34,2133.66,1
CUST-004631,28,4434.55,0.0885,0,2,0.3945,75,39,3245.18,1
CUST-004632,36,4166.85,0.2689,6,0,0.3021,38,36,6147.91,0
CUST-004633,35,2697.97,0.4197,2,0,0.3426,141,37,2365.22,0
CUST-004634,30,3878.64,0.0797,1,5,0.2706,90,35,6865.43,1
CUST-004635,26,5861.81,0.3359,2,4,0.6133,93,35,6776.53,1
CUST-004636,62,9192.0,0.3935,3,5,0.4008,109,33,6264.58,1
CUST-004637,65,6673.44,0.459,2,5,0.4567,156,41,2614.52,1
CUST-004638,47,1800.0,0.2141,0,3,0.2333,31,38,25847.7,0
CUST-004639,54,6939.61,0.2895,4,3,0.3455,10,27,3019.84,1
CUST-004640,70,4045.04,0.5356,3,1,0.8179,163,43,7643.34,1
CUST-004641,66,6376.02,0.5918,4,4,0.6455,173,44,7683.67,1
CUST-004642,22,5167.03,0.3832,2,5,0.4434,152,33,9218.79,0
CUST-004643,72,4768.11,0.0802,1,1,0.1306,36,35,2576.75,0
CUST-004644,24,4966.19,0.171,4,5,0.4388,25,27,11442.41,1
CUST-004645,22,5147.79,0.6152,4,3,0.8559,66,28,4767.59,1
CUST-004646,42,9522.34,0.3753,1,4,0.5191,153,31,14430.24,1
CUST-004647,61,5154.2,0.2414,4,2,0.3533,158,24,20194.3,0
CUST-004648,25,8475.25,0.5953,2,4,0.4079,164,32,9348.45,1
CUST-004649,36,7937.64,0.4666,2,3,0.7263,52,38,5352.59,0
CUST-004650,35,7020.46,0.3796,2,1,0.6541,46,39,37888.77,0
CUST-004651,42,2327.23,0.1061,8,0,0.6533,55,31,12987.72,0
CUST-004652,74,8594.68,0.3962,2,5,0.6822,156,51,4434.69,1
CUST-004653,38,4231.7,0.209,4,4,0.3717,16,38,3207.69,0
CUST-004654,32,7175.96,0.5535,1,2,0.55,102,34,12585.48,1
CUST-004655,27,3356.9,0.404,5,3,0.2466,20,33,6638.42,1
CUST-004656,31,3050.71,0.5745,2,3,0.6439,145,34,3318.48,1
CUST-004657,28,12654.76,0.5855,4,0,0.2685,54,39,9650.88,1
CUST-004658,51,3380.48,0.3116,2,1,0.4565,109,24,2898.58,1
CUST-004659,43,8709.43,0.6277,2,5,0.7576,78,36,9650.98,1
CUST-004660,47,5484.62,0.1829,5,0,0.3469,55,28,11401.97,0
CUST-004661,65,4304.26,0.3362,3,0,0.313,140,42,4163.87,0
CUST-004662,52,5096.15,0.4549,2,5,0.63,125,34,12117.88,1
CUST-004663,29,2895.52,0.3535,3,4,0.4152,146,45,4503.75,1
CUST-004664,41,5167.91,0.6023,3,3,0.4703,126,35,8647.39,1
CUST-004665,37,3194.48,0.1643,4,5,0.7689,138,35,2192.95,1
CUST-004666,65,4352.32,0.6683,4,4,0.6058,130,33,9616.1,1
CUST-004667,37,7885.64,0.2996,5,0,0.4226,23,21,23171.17,0
CUST-004668,28,5830.16,0.4745,2,0,0.2752,137,30,2302.35,0
CUST-004669,60,2668.94,0.4711,4,5,0.95,73,32,17163.71,1
CUST-004670,44,7628.02,0.376,4,2,0.5606,117,33,5342.39,1
CUST-004671,26,5183.41,0.01,5,2,0.8576,14,40,19873.09,0
CUST-004672,58,4074.2,0.5374,5,1,0.3513,79,31,42395.28,0
CUST-004673,32,7276.59,0.2347,4,4,0.2645,62,25,9649.54,1
CUST-004674,67,4823.09,0.189,1,5,0.7594,61,36,14543.28,1
CUST-004675,65,3077.48,0.2844,0,3,0.3282,78,28,12442.9,1
CUST-004676,40,11943.33,0.7781,3,2,0.347,163,34,21232.31,1
CUST-004677,51,5159.7,0.4497,2,3,0.3726,126,28,7301.17,1
CUST-004678,51,5013.0,0.5154,2,2,0.7331,147,35,16290.79,1
CUST-004679,56,4333.44,0.4686,4,2,0.6522,105,32,4746.34,1
CUST-004680,24,8843.15,0.2251,3,0,0.3079,150,43,24548.84,0
CUST-004681,38,4106.06,0.3601,3,2,0.2471,133,33,3444.92,1
CUST-004682,30,2594.56,0.2716,4,2,0.448,19,40,5882.23,1
CUST-004683,58,3831.49,0.6626,2,1,0.4976,118,34,5043.0,1
CUST-004684,24,9447.09,0.6309,0,2,0.2324,74,40,12633.88,0
CUST-004685,48,7561.87,0.5496,6,4,0.6066,90,35,17855.35,1
CUST-004686,60,4636.23,0.7386,1,4,0.3341,65,40,14485.41,1
CUST-004687,72,9646.77,0.4558,1,4,0.4232,16,39,5561.31,1
CUST-004688,36,7280.74,0.1322,2,5,0.7991,158,43,33422.61,1
CUST-004689,21,4612.15,0.35,1,5,0.4065,43,39,25653.19,0
CUST-004690,60,4825.91,0.1991,3,2,0.6658,61,36,11412.01,0
CUST-004691,21,6030.63,0.2637,9,5,0.3073,114,28,5184.87,0
CUST-004692,24,3576.23,0.3703,6,2,0.5062,169,31,2658.84,0
CUST-004693,74,5210.55,0.2895,4,4,0.8239,50,37,16848.73,1
CUST-004694,67,5974.44,0.6908,4,5,0.5615,146,28,6783.38,1
CUST-004695,59,2433.97,0.1114,4,4,0.307,25,37,21228.76,0
CUST-004696,66,4775.34,0.1748,2,2,0.2879,156,32,22678.2,0
CUST-004697,25,4537.08,0.1719,4,2,0.4573,43,34,6033.03,1
CUST-004698,25,8258.88,0.7021,1,3,0.5239,21,42,9084.38,0
CUST-004699,37,2267.4,0.1841,2,5,0.8514,108,44,8754.54,1
CUST-004700,22,4379.7,0.4397,3,0,0.3874,175,41,33039.55,1
CUST-004701,68,4186.52,0.3918,1,1,0.5634,169,33,6452.82,1
CUST-004702,24,8010.0,0.1459,0,2,0.3794,68,36,16135.04,0
CUST-004703,50,5099.09,0.1163,1,4,0.7144,17,35,9575.18,0
CUST-004704,67,11668.6,0.1129,4,1,0.3354,17,28,36138.99,1
CUST-004705,60,7005.21,0.5386,2,2,0.6817,37,31,4946.85,1
CUST-004706,33,4323.47,0.7437,1,1,0.3608,113,23,3519.75,1
CUST-004707,46,5792.16,0.2855,2,4,0.531,82,39,1653.45,0
CUST-004708,50,4434.11,0.3376,2,1,0.3439,156,39,10428.32,0
CUST-004709,62,7655.21,0.0385,0,0,0.6314,19,40,11136.99,0
CUST-004710,44,2855.28,0.5627,6,2,0.3577,131,29,7394.89,1
CUST-004711,36,3589.44,0.3446,3,0,0.333,170,32,20347.62,1
CUST-004712,63,6383.52,0.156,4,1,0.1673,127,35,35318.35,0
CUST-004713,68,9027.26,0.6535,3,5,0.5793,170,39,4471.39,1
CUST-004714,47,1930.49,0.3118,3,4,0.5646,169,29,7320.66,0
CUST-004715,22,9652.05,0.6319,3,3,0.3958,63,30,1960.89,1
CUST-004716,48,4882.21,0.4293,1,2,0.6228,174,39,9484.33,0
CUST-004717,69,2227.58,0.7395,1,4,0.2917,32,34,5065.19,1
CUST-004718,74,1800.0,0.1903,3,0,0.5704,148,30,6103.49,0
CUST-004719,42,2612.83,0.4382,3,2,0.4468,169,34,7827.83,1
CUST-004720,29,5154.09,0.4745,1,2,0.2185,141,41,13853.92,1
CUST-004721,51,5048.06,0.4844,2,0,0.6177,144,36,7023.86,1
CUST-004722,65,6914.35,0.2877,1,0,0.7312,65,42,52625.55,0
CUST-004723,72,4060.84,0.306,1,2,0.5028,129,34,8087.96,1
CUST-004724,23,3158.32,0.1665,3,0,0.2752,84,36,2458.14,0
CUST-004725,36,4317.9,0.5724,5,5,0.402,32,41,4492.75,1
CUST-004726,46,5279.25,0.0803,3,0,0.3103,96,40,15162.93,0
CUST-004727,26,5769.04,0.2977,3,0,0.3926,159,32,15776.93,0
CUST-004728,68,3645.65,0.1104,3,4,0.8266,87,37,8568.83,0
CUST-004729,27,7801.45,0.149,1,2,0.3353,86,29,8598.0,0
CUST-004730,56,3931.54,0.4641,5,2,0.4234,145,38,10199.5,1
CUST-004731,70,3515.87,0.2445,4,1,0.4706,174,30,15660.66,0
CUST-004732,58,4073.83,0.6456,0,0,0.1761,178,27,8330.69,0
CUST-004733,62,8434.55,0.0676,3,4,0.9344,160,38,2777.96,1
CUST-004734,35,4898.36,0.2846,0,3,0.4035,39,41,4527.66,1
CUST-004735,65,3804.28,0.1592,2,2,0.2146,45,33,5041.4,0
CUST-004736,43,7888.51,0.2381,3,1,0.4345,142,32,2967.42,1
CUST-004737,24,13638.48,0.5594,1,0,0.2247,143,34,2844.28,0
CUST-004738,40,5714.55,0.2648,3,4,0.7185,111,35,11431.6,1
CUST-004739,39,9060.17,0.3433,2,0,0.2646,122,59,8108.75,0
CUST-004740,49,8288.7,0.3913,4,5,0.3859,131,32,15642.64,1
CUST-004741,35,3959.51,0.1707,0,3,0.5599,32,32,40454.11,1
CUST-004742,45,5262.7,0.4723,5,1,0.4503,91,21,16762.36,0
CUST-004743,44,2919.8,0.3489,5,5,0.417,109,39,15427.54,1
CUST-004744,38,4741.88,0.5819,2,1,0.4489,126,42,2227.9,1
CUST-004745,58,3923.06,0.4,2,1,0.2685,40,35,14158.1,0
CUST-004746,37,4337.77,0.3947,3,4,0.5811,113,38,8154.57,1
CUST-004747,62,3710.65,0.3948,1,0,0.3246,77,34,24198.07,1
CUST-004748,34,4569.78,0.6399,1,3,0.2379,119,24,2737.45,0
CUST-004749,67,6607.22,0.6127,2,1,0.4264,47,32,18523.87,1
CUST-004750,40,4927.77,0.6927,3,4,0.2282,171,33,5000.83,0
CUST-004751,23,2247.21,0.17,1,2,0.2346,70,31,3427.44,1
CUST-004752,29,3716.95,0.6869,5,3,0.3396,11,32,52567.96,1
CUST-004753,64,2624.6,0.1161,1,2,0.1343,54,35,9065.41,0
CUST-004754,68,5803.64,0.3717,0,1,0.4764,55,30,7671.34,1
CUST-004755,32,6521.81,0.2967,2,1,0.3698,64,32,5237.48,0
CUST-004756,53,5836.35,0.2241,0,5,0.7024,117,29,6383.1,1
CUST-004757,52,3648.54,0.5119,2,3,0.248,11,40,5914.65,0
CUST-004758,28,5810.94,0.2265,2,0,0.7474,70,32,6805.2,0
CUST-004759,45,4208.5,0.433,4,0,0.3981,31,36,7436.51,1
CUST-004760,58,3115.71,0.409,0,0,0.5152,82,31,6735.74,0
CUST-004761,73,7261.07,0.3201,3,4,0.3333,62,35,3227.64,0
CUST-004762,66,7514.02,0.4138,1,5,0.6716,78,39,8581.54,1
CUST-004763,26,7969.82,0.4699,0,3,0.3715,72,36,10764.94,0
CUST-004764,33,3954.69,0.656,2,3,0.2147,140,30,16995.6,1
CUST-004765,44,8840.75,0.0943,1,3,0.4125,161,41,22480.48,0
CUST-004766,29,4164.29,0.1183,2,1,0.2375,13,39,6321.43,0
CUST-004767,51,6977.8,0.1995,2,4,0.5024,69,27,11493.68,1
CUST-004768,21,4131.94,0.4455,3,1,0.2787,82,39,16507.65,0
CUST-004769,27,4701.43,0.3088,1,4,0.5012,73,35,5125.92,0
CUST-004770,23,1800.0,0.3354,2,0,0.2627,121,32,10261.41,0
CUST-004771,36,4539.41,0.753,4,3,0.4912,127,22,11409.98,1
CUST-004772,62,5417.58,0.054,6,3,0.4769,75,28,1678.4,0
CUST-004773,30,4323.81,0.243,3,0,0.1707,106,35,8419.82,0
CUST-004774,74,11460.92,0.4118,1,5,0.4861,14,48,9588.83,1
CUST-004775,35,3081.91,0.0891,2,1,0.5105,33,29,4563.27,0
CUST-004776,23,4035.16,0.6928,4,4,0.5579,171,46,19641.77,1
CUST-004777,39,3460.68,0.9273,3,2,0.4222,103,38,40630.1,1
CUST-004778,61,4034.81,0.1173,3,4,0.3323,70,31,11707.14,1
CUST-004779,26,8271.32,0.2191,3,2,0.3442,175,32,2999.5,0
CUST-004780,24,10112.51,0.4297,2,3,0.3248,169,34,7098.69,0
CUST-004781,66,3793.55,0.5454,3,4,0.4539,13,35,3818.46,1
CUST-004782,52,3755.81,0.2932,3,0,0.4565,166,38,53036.61,0
CUST-004783,39,3089.32,0.7091,2,1,0.3514,32,36,5332.98,1
CUST-004784,61,9360.39,0.6671,2,2,0.2491,27,28,10103.63,1
CUST-004785,66,8611.6,0.5513,3,2,0.5634,21,26,23173.68,1
CUST-004786,40,4957.82,0.516,2,0,0.4854,115,41,4070.47,1
CUST-004787,51,2774.34,0.2705,3,3,0.7511,102,36,4518.65,1
CUST-004788,21,2888.28,0.3945,2,0,0.2361,53,25,26064.49,0
CUST-004789,37,5615.0,0.3426,0,4,0.237,155,39,25335.75,0
CUST-004790,53,6658.28,0.2007,0,1,0.3195,39,40,3654.59,0
CUST-004791,31,2052.16,0.5621,0,3,0.4246,69,33,3508.26,0
CUST-004792,74,4499.96,0.2934,1,5,0.4674,102,33,14587.67,0
CUST-004793,73,10771.37,0.148,2,2,0.662,162,36,14479.28,0
CUST-004794,34,4715.14,0.2363,0,1,0.3339,97,26,5231.86,0
CUST-004795,42,10165.46,0.4419,0,1,0.5541,152,40,11197.13,1
CUST-004796,31,6963.83,0.7946,3,2,0.3278,159,26,3224.4,1
CUST-004797,48,3192.27,0.264,3,1,0.3257,101,42,13849.31,1
CUST-004798,27,4558.33,0.425,0,5,0.3275,122,30,10893.68,1
CUST-004799,42,4907.41,0.6209,2,5,0.2905,77,36,1979.25,1
CUST-004800,50,3387.28,0.5379,2,4,0.4364,132,32,6286.86,1
CUST-004801,54,3360.93,0.2205,3,2,0.1873,61,35,6564.4,1
CUST-004802,53,10244.13,0.4851,4,0,0.4309,142,30,15379.23,0
CUST-004803,32,3349.62,0.4436,0,1,0.5352,29,31,3459.56,1
CUST-004804,63,8448.21,0.1608,2,2,0.4885,14,34,23689.61,0
CUST-004805,58,4272.68,0.4614,3,4,0.8049,11,27,9172.88,1
CUST-004806,61,5140.35,0.6001,1,4,0.5078,67,27,22443.69,1
CUST-004807,46,6695.85,0.3113,4,5,0.352,30,31,2548.56,1
CUST-004808,69,3972.15,0.1023,1,2,0.6228,111,33,11209.72,0
CUST-004809,42,6714.14,0.596,4,3,0.5125,103,36,10213.44,1
CUST-004810,64,2070.45,0.3168,3,1,0.6679,140,33,10527.19,0
CUST-004811,31,6337.77,0.346,1,4,0.5461,54,42,11981.58,1
CUST-004812,34,1800.0,0.3301,7,3,0.8064,145,33,11223.64,1
CUST-004813,49,4695.37,0.5832,4,0,0.3424,150,25,1192.84,0
CUST-004814,51,7637.48,0.2855,4,2,0.5415,157,27,39221.69,0
CUST-004815,61,6880.5,0.1621,7,5,0.364,147,41,4978.46,0
CUST-004816,37,2899.02,0.625,1,3,0.4159,122,40,5258.66,0
CUST-004817,68,3071.94,0.17,5,2,0.407,17,34,9469.51,1
CUST-004818,38,3814.3,0.2488,2,0,0.217,27,41,13777.28,0
CUST-004819,49,5654.52,0.3939,2,4,0.4366,167,34,2735.99,1
CUST-004820,71,2084.0,0.3432,2,5,0.2992,52,26,2337.61,1
CUST-004821,50,5169.15,0.7103,0,5,0.7126,172,27,33874.71,1
CUST-004822,57,5982.28,0.4697,0,5,0.3985,110,38,6574.69,1
CUST-004823,70,4578.14,0.7497,2,5,0.7281,104,43,11748.53,1
CUST-004824,73,6586.7,0.6032,3,1,0.4365,114,29,3597.17,1
CUST-004825,47,5750.77,0.571,1,4,0.387,66,37,38326.59,0
CUST-004826,43,4075.18,0.5275,3,1,0.5879,4,25,19027.96,1
CUST-004827,31,2175.75,0.1648,1,2,0.3889,45,39,5433.4,0
CUST-004828,50,5521.75,0.0497,1,1,0.3746,90,33,35745.45,0
CUST-004829,70,3386.42,0.5372,1,0,0.2655,44,31,16384.45,1
CUST-004830,47,4008.45,0.1769,2,3,0.4454,176,37,18679.35,0
CUST-004831,39,6451.19,0.5819,2,0,0.151,86,28,19956.49,0
CUST-004832,26,9840.03,0.5208,2,1,0.5384,13,31,6436.49,1
CUST-004833,42,5111.7,0.2057,2,1,0.2991,73,27,45620.45,0
CUST-004834,33,6672.45,0.6448,4,3,0.6326,68,40,43616.34,0
CUST-004835,73,2714.6,0.2538,3,2,0.8904,121,32,45148.95,0
CUST-004836,49,5807.47,0.0708,2,5,0.7604,106,30,1124.1,0
CUST-004837,28,5061.69,0.3389,1,3,0.5009,78,28,9314.25,1
CUST-004838,24,9041.37,0.2763,5,1,0.5129,168,29,12485.18,1
CUST-004839,66,4077.37,0.5807,2,1,0.3059,114,26,6776.41,1
CUST-004840,71,4664.23,0.4183,2,1,0.4824,16,33,9099.49,1
CUST-004841,62,8373.95,0.0399,1,2,0.2487,61,22,8773.04,0
CUST-004842,27,4989.04,0.2213,2,0,0.623,151,25,30276.68,1
CUST-004843,26,3157.18,0.7812,3,2,0.4921,126,36,26757.17,1
CUST-004844,31,16393.64,0.2304,1,1,0.3921,57,29,12345.5,1
CUST-004845,61,3200.45,0.3445,4,0,0.1592,52,33,13437.95,0
CUST-004846,62,5050.78,0.0955,3,5,0.5845,55,29,9269.81,1
CUST-004847,66,6077.96,0.0786,3,2,0.5191,104,42,55120.74,0
CUST-004848,26,5865.49,0.4396,3,0,0.1875,51,32,12710.25,0
CUST-004849,29,4774.43,0.2339,3,4,0.3447,79,36,43528.02,0
CUST-004850,69,4785.15,0.3172,5,3,0.3583,159,39,21712.65,0
CUST-004851,71,4678.32,0.3398,5,2,0.8759,109,35,15406.63,1
CUST-004852,60,3147.12,0.2048,4,2,0.2375,32,21,2308.15,0
CUST-004853,26,13684.41,0.4125,1,1,0.3282,105,32,27450.4,0
CUST-004854,24,4709.88,0.7177,1,1,0.3899,15,23,1915.84,1
CUST-004855,24,6802.41,0.3756,0,0,0.1035,97,37,7628.7,0
CUST-004856,58,4473.02,0.2857,2,1,0.3714,143,39,2648.43,1
CUST-004857,66,4432.73,0.0874,2,2,0.3171,68,29,21847.8,1
CUST-004858,55,4236.38,0.6018,2,4,0.5387,157,31,6271.88,1
CUST-004859,35,2588.89,0.0472,2,1,0.5731,162,34,16342.7,0
CUST-004860,61,4837.41,0.1505,3,4,0.529,48,27,1371.05,0
CUST-004861,24,4329.73,0.5004,3,4,0.5587,58,34,20309.96,1
CUST-004862,65,8809.62,0.611,1,0,0.509,175,39,19241.3,1
CUST-004863,69,3034.79,0.3946,2,1,0.3468,41,40,3600.52,0
CUST-004864,59,4010.61,0.5297,2,3,0.8382,168,28,5547.1,1
CUST-004865,68,3470.71,0.2166,2,0,0.4748,81,40,30265.09,0
CUST-004866,52,9952.24,0.1108,2,2,0.3104,24,28,11629.83,0
CUST-004867,46,3516.35,0.3831,2,4,0.5506,169,41,19510.31,1
CUST-004868,38,6697.23,0.6813,4,0,0.2252,30,37,1847.13,1
CUST-004869,70,8046.45,0.3803,2,3,0.6656,111,34,7819.31,1
CUST-004870,58,4869.07,0.5858,0,1,0.3643,70,40,22900.39,1
CUST-004871,31,2798.53,0.8644,3,4,0.7175,176,29,4707.83,1
CUST-004872,72,2814.51,0.224,1,1,0.3442,121,37,5061.95,1
CUST-004873,24,7656.48,0.1838,2,4,0.4154,145,36,8998.04,1
CUST-004874,52,2948.78,0.3365,3,4,0.4168,4,35,4553.24,1
CUST-004875,31,6203.23,0.334,1,2,0.632,66,33,32746.37,0
CUST-004876,56,5474.58,0.4173,4,2,0.4759,111,32,17422.43,1
CUST-004877,43,6161.8,0.1917,1,2,0.4862,67,42,9061.55,1
CUST-004878,44,6429.34,0.0467,1,4,0.7094,154,40,60594.32,0
CUST-004879,57,3416.12,0.2667,1,2,0.4865,146,29,8201.57,1
CUST-004880,61,3352.38,0.3505,2,5,0.8148,87,41,14341.03,1
CUST-004881,41,7173.37,0.6734,3,0,0.3919,68,41,4008.79,1
CUST-004882,74,3917.5,0.3287,2,2,0.1945,17,28,8835.5,1
CUST-004883,47,1800.0,0.806,1,3,0.6963,154,30,17112.8,1
CUST-004884,29,6962.92,0.6128,1,3,0.7583,36,31,16602.72,1
CUST-004885,21,3262.0,0.4787,3,2,0.382,141,37,4055.85,1
CUST-004886,31,6416.48,0.5925,2,5,0.5408,111,31,2838.18,0
CUST-004887,58,9732.09,0.7907,2,2,0.2473,114,38,9826.34,1
CUST-004888,50,5239.37,0.1789,4,0,0.2976,112,36,13044.21,0
CUST-004889,39,8139.7,0.5546,1,2,0.268,91,29,1552.01,1
CUST-004890,46,5572.63,0.6079,5,0,0.4059,28,37,63814.73,1
CUST-004891,66,10622.79,0.4899,3,1,0.2762,166,26,12103.55,1
CUST-004892,51,3224.28,0.3443,2,2,0.1907,113,32,1474.06,1
CUST-004893,24,5180.81,0.6022,1,0,0.4522,169,39,13339.94,1
CUST-004894,23,7039.81,0.4521,4,2,0.5303,57,30,2140.21,1
CUST-004895,47,4772.99,0.5528,3,1,0.3488,47,30,3620.39,1
CUST-004896,42,8733.42,0.4293,5,5,0.4965,21,29,13839.74,1
CUST-004897,66,4281.23,0.409,2,0,0.1252,91,26,2934.02,1
CUST-004898,52,13195.5,0.4117,2,2,0.4027,101,30,3869.76,1
CUST-004899,61,13512.94,0.3993,1,1,0.4554,109,28,19610.49,0
CUST-004900,52,5903.77,0.5002,1,2,0.5543,124,32,8235.09,0
CUST-004901,39,6668.06,0.3862,3,2,0.3454,146,41,6052.93,1
CUST-004902,56,8889.86,0.1348,0,2,0.3766,49,36,7796.58,0
CUST-004903,54,3047.8,0.5314,1,2,0.3674,14,29,42047.01,1
CUST-004904,59,2881.35,0.7209,3,2,0.218,140,32,19417.24,1
CUST-004905,31,9152.68,0.4757,4,1,0.2488,126,35,2614.44,1
CUST-004906,55,5882.33,0.2609,3,5,0.636,14,34,35084.45,1
CUST-004907,36,4696.09,0.5043,2,3,0.3064,114,33,6191.99,0
CUST-004908,63,5226.09,0.6846,2,3,0.3281,50,37,8395.92,1
CUST-004909,64,1800.0,0.0433,2,2,0.205,142,33,3782.66,0
CUST-004910,54,4772.67,0.2252,3,4,0.4035,81,33,5964.23,1
CUST-004911,72,3705.39,0.2476,1,4,0.745,55,44,10793.83,0
CUST-004912,50,7860.03,0.135,3,0,0.644,88,42,9660.56,1
CUST-004913,22,8137.01,0.5223,1,2,0.2748,81,34,42848.47,0
CUST-004914,53,6740.71,0.737,4,5,0.3819,112,31,3252.91,0
CUST-004915,62,6212.82,0.344,1,5,0.3862,131,37,7905.12,0
CUST-004916,26,2650.78,0.1437,4,5,0.6272,58,31,1373.59,1
CUST-004917,26,6783.19,0.3706,4,4,0.3533,78,31,5392.44,1
CUST-004918,35,6902.53,0.5447,3,5,0.412,31,35,22999.89,1
CUST-004919,66,9106.56,0.3311,1,1,0.3525,173,26,35042.96,0
CUST-004920,49,13488.71,0.5494,4,5,0.5415,174,48,37794.72,1
CUST-004921,73,2427.85,0.403,3,5,0.3671,38,32,6399.57,1
CUST-004922,68,4365.99,0.514,2,4,0.5995,23,35,6812.24,1
CUST-004923,50,3723.41,0.6347,2,4,0.358,57,32,3769.42,1
CUST-004924,57,5619.75,0.6374,4,4,0.2739,4,29,7561.55,1
CUST-004925,38,5231.46,0.5613,5,0,0.2985,88,39,26043.9,1
CUST-004926,25,4680.11,0.7834,3,0,0.6325,99,52,19053.94,1
CUST-004927,42,8257.16,0.3499,1,1,0.4357,94,34,5702.38,0
CUST-004928,52,3167.75,0.3967,1,1,0.375,30,36,6725.94,1
CUST-004929,30,3254.88,0.3245,2,0,0.5072,167,30,6950.42,1
CUST-004930,32,3279.72,0.3952,1,4,0.2881,120,42,5505.02,1
CUST-004931,21,4421.64,0.7071,0,0,0.2582,161,39,11103.71,0
CUST-004932,60,2991.55,0.4501,3,2,0.1776,119,47,17525.82,0
CUST-004933,69,5087.58,0.599,2,0,0.5661,58,34,71437.5,1
CUST-004934,65,4826.82,0.2498,0,3,0.3067,92,36,9097.75,0
CUST-004935,41,3650.0,0.5923,0,5,0.509,9,35,16829.41,1
CUST-004936,53,7704.88,0.5402,3,3,0.5261,62,29,3625.88,0
CUST-004937,72,5062.62,0.1917,5,3,0.5684,157,39,9906.93,1
CUST-004938,52,8388.4,0.6666,3,3,0.5338,124,39,7824.02,0
CUST-004939,36,4763.04,0.2213,3,1,0.4563,56,32,16392.59,0
CUST-004940,39,5143.69,0.1975,0,2,0.5182,107,32,13990.18,0
CUST-004941,60,4036.62,0.5937,1,1,0.6699,29,32,16731.23,1
CUST-004942,45,5183.54,0.3233,3,5,0.4395,52,43,7945.85,0
CUST-004943,66,7164.68,0.4552,4,2,0.194,64,35,6609.93,1
CUST-004944,67,4321.31,0.171,2,1,0.235,23,41,3049.93,0
CUST-004945,22,6566.26,0.204,1,3,0.7019,95,32,10856.4,1
CUST-004946,60,3607.17,0.3392,1,4,0.4955,26,32,8233.89,1
CUST-004947,40,7317.23,0.2164,3,2,0.3784,101,30,30821.47,0
CUST-004948,49,4005.63,0.2629,4,0,0.3423,104,31,7775.21,0
CUST-004949,35,7628.68,0.4755,4,2,0.2686,67,29,5538.2,1
CUST-004950,40,5344.66,0.6796,1,5,0.4036,83,39,15024.38,1
CUST-004951,38,10309.73,0.3345,2,5,0.4352,67,46,2617.01,1
CUST-004952,23,3093.58,0.3995,0,4,0.4808,122,26,11677.36,1
CUST-004953,63,2676.15,0.616,0,3,0.4209,97,30,5140.27,1
CUST-004954,28,3940.71,0.3971,0,5,0.4169,10,38,3015.21,1
CUST-004955,41,2788.72,0.3501,2,0,0.1429,143,30,10133.21,1
CUST-004956,31,2791.08,0.205,2,0,0.129,174,37,1048.79,0
CUST-004957,29,6878.2,0.2777,1,4,0.3927,71,33,15108.35,0
CUST-004958,41,5190.23,0.5441,2,4,0.3112,101,26,9734.58,1
CUST-004959,70,4190.43,0.3612,2,1,0.3939,119,42,5240.07,1
CUST-004960,71,4368.96,0.2333,3,1,0.5035,40,31,21109.62,0
CUST-004961,41,3974.51,0.5692,2,1,0.2921,123,33,14230.57,1
CUST-004962,48,10927.96,0.5993,1,1,0.4451,39,40,2865.46,1
CUST-004963,74,3734.75,0.63,0,0,0.3651,20,43,15339.95,0
CUST-004964,33,2868.24,0.2981,1,1,0.3662,157,23,14236.4,0
CUST-004965,72,7440.08,0.6597,3,4,0.6504,137,38,6041.85,1
CUST-004966,26,4718.87,0.3341,2,4,0.484,17,26,7367.51,1
CUST-004967,33,13015.06,0.3388,1,5,0.3179,16,26,39409.27,1
CUST-004968,39,4103.61,0.5055,3,5,0.6143,22,23,13032.86,1
CUST-004969,23,7609.15,0.3744,2,1,0.5889,161,33,2971.7,1
CUST-004970,65,8462.52,0.381,1,3,0.2487,141,36,10100.2,0
CUST-004971,67,4112.61,0.5397,0,2,0.3419,176,36,2277.88,1
CUST-004972,41,3722.31,0.3086,1,1,0.3336,170,42,14336.11,0
CUST-004973,66,7259.23,0.601,3,4,0.3824,146,29,5435.66,0
CUST-004974,62,6735.28,0.3533,0,2,0.5084,81,32,5932.6,1
CUST-004975,64,2756.29,0.4267,2,3,0.4708,149,41,3927.39,1
CUST-004976,64,3129.47,0.1155,4,1,0.5942,20,33,6704.16,1
CUST-004977,51,1800.0,0.4798,2,2,0.6054,30,35,11155.97,1
CUST-004978,26,6797.69,0.0604,0,0,0.6565,125,22,5054.35,0
CUST-004979,70,4622.04,0.4485,1,0,0.2805,3,28,4581.11,1
CUST-004980,53,4834.08,0.2806,3,4,0.4524,51,23,9689.06,1
CUST-004981,69,2429.07,0.7406,4,5,0.5142,57,33,6834.05,1
CUST-004982,72,3172.48,0.3039,4,0,0.4624,171,36,7251.82,0
CUST-004983,31,4193.67,0.3269,3,4,0.6636,26,34,4872.62,1
CUST-004984,42,3842.46,0.4974,2,3,0.4993,162,33,3836.44,1
CUST-004985,31,5483.18,0.4171,3,1,0.3121,138,34,8028.85,0
CUST-004986,23,6761.33,0.1858,2,2,0.1958,158,30,17268.3,0
CUST-004987,73,14439.74,0.3642,5,1,0.281,141,36,8441.43,0
CUST-004988,70,5153.37,0.1996,4,0,0.2794,3,32,6859.63,0
CUST-004989,71,8589.92,0.1412,2,4,0.5558,15,36,2488.6,1
CUST-004990,68,3579.31,0.5501,4,1,0.4176,169,26,5866.34,1
CUST-004991,56,2447.17,0.576,6,3,0.5896,73,31,5554.48,1
CUST-004992,49,4437.64,0.2979,4,0,0.3371,124,40,9721.82,0
CUST-004993,74,2533.71,0.1905,2,0,0.3979,166,27,9382.84,1
CUST-004994,50,5234.45,0.3576,3,3,0.7079,11,33,73072.29,1
CUST-004995,55,3659.97,0.3788,0,2,0.6561,58,27,6506.38,1
CUST-004996,32,2158.12,0.5941,0,4,0.7503,130,29,18560.12,1
CUST-004997,61,11357.4,0.2818,3,5,0.575,101,30,19048.49,1
CUST-004998,65,4082.69,0.2388,5,5,0.7302,165,27,15831.66,1
CUST-004999,57,2488.62,0.1202,5,0,0.2432,89,33,9056.42,0
CUST-005000,47,7789.96,0.3913,2,1,0.6251,63,42,87788.78,1
CUST-005001,31,3746.35,0.4275,4,1,0.4418,58,23,4194.52,0
CUST-005002,22,8492.92,0.2647,0,1,0.3108,123,33,13928.27,0
CUST-005003,54,3738.3,0.2421,2,2,0.5607,45,39,17291.28,1
CUST-005004,57,4076.56,0.6071,1,2,0.6905,61,35,2049.55,1
CUST-005005,62,6072.88,0.1931,3,5,0.6368,76,29,2527.69,0
CUST-005006,72,6791.06,0.8759,4,4,0.8607,119,33,27353.96,1
CUST-005007,47,7348.35,0.5464,3,0,0.1319,6,39,11798.64,0
CUST-005008,65,4994.19,0.6347,4,3,0.6398,96,40,3202.09,1
CUST-005009,59,6596.48,0.3323,2,1,0.787,86,42,26870.92,1
CUST-005010,35,7273.16,0.0897,2,5,0.6676,25,29,7668.82,1
CUST-005011,66,5691.16,0.6562,4,1,0.1473,63,52,21013.39,1
CUST-005012,23,4876.67,0.3089,3,0,0.1249,4,41,41439.69,0
CUST-005013,53,2713.6,0.1538,0,5,0.95,179,30,7565.08,0
CUST-005014,71,6809.28,0.4731,4,4,0.7171,138,53,1578.8,1
CUST-005015,56,5299.63,0.5025,1,4,0.5298,145,36,4477.59,0
CUST-005016,71,4316.87,0.0829,2,3,0.6973,42,45,1478.6,0
CUST-005017,24,9241.03,0.6711,2,4,0.2964,80,35,3975.7,1
CUST-005018,49,2735.01,0.385,0,1,0.558,75,30,31180.18,0
CUST-005019,63,10896.86,0.4257,2,4,0.8277,19,37,4646.02,1
CUST-005020,55,5148.14,0.2486,1,1,0.4408,161,25,3302.4,0
CUST-005021,68,5998.69,0.3438,3,5,0.6191,13,31,36222.84,1
CUST-005022,45,4353.1,0.2106,1,2,0.4,152,40,7521.82,1
CUST-005023,57,2455.86,0.3171,5,5,0.3688,31,42,10998.82,1
CUST-005024,43,4883.36,0.3924,2,1,0.5713,115,33,3349.48,1
CUST-005025,68,6045.38,0.13,3,1,0.3301,179,37,27061.2,0
CUST-005026,27,7049.52,0.2437,1,2,0.766,51,33,9250.05,0
CUST-005027,34,4756.65,0.3898,1,3,0.2015,49,34,18139.46,0
CUST-005028,26,1938.7,0.2807,2,4,0.4029,25,41,2417.82,0
CUST-005029,58,2598.44,0.7095,4,0,0.4242,178,33,28659.74,1
CUST-005030,33,13092.87,0.4416,3,0,0.5049,34,26,11924.43,1
CUST-005031,38,3180.43,0.2076,1,1,0.3164,140,31,4614.69,0
CUST-005032,66,9883.15,0.7505,1,4,0.95,170,25,6088.74,1
CUST-005033,40,3415.49,0.6324,1,1,0.4177,131,32,5532.95,1
CUST-005034,28,4790.11,0.4053,0,2,0.2675,114,45,11222.68,1
CUST-005035,22,6889.53,0.3197,1,5,0.7368,20,28,9921.59,1
CUST-005036,33,3595.1,0.4748,5,1,0.3244,76,35,37352.2,1
CUST-005037,70,10645.69,0.2896,3,1,0.2107,117,41,1432.16,0
CUST-005038,50,5380.26,0.396,2,4,0.4306,170,46,15368.91,0
CUST-005039,74,6398.36,0.2416,8,4,0.8256,57,33,2075.44,1
CUST-005040,32,4610.04,0.5878,3,2,0.5248,97,42,86265.91,1
CUST-005041,39,6994.21,0.098,2,1,0.5261,3,33,34298.32,0
CUST-005042,29,10581.59,0.0865,3,0,0.2151,74,42,8584.45,0
CUST-005043,42,4901.69,0.2955,3,5,0.4615,108,33,13045.97,1
CUST-005044,51,11325.19,0.3555,5,3,0.5718,25,37,9494.4,1
CUST-005045,64,3948.91,0.385,0,2,0.2794,159,34,5116.37,1
CUST-005046,40,7333.86,0.3268,4,1,0.3085,17,38,4607.68,0
CUST-005047,62,6480.26,0.2437,2,0,0.2439,137,32,8617.81,0
CUST-005048,54,3214.9,0.3106,2,1,0.2291,121,40,808.95,0
CUST-005049,36,5725.17,0.3178,3,4,0.6238,154,38,29114.95,1
CUST-005050,70,5217.26,0.1389,2,2,0.3021,12,34,41569.43,0
CUST-005051,44,3542.11,0.5293,4,5,0.6149,170,49,7074.2,1
CUST-005052,29,6108.98,0.5527,3,3,0.5504,17,33,32706.43,1
CUST-005053,72,5553.84,0.4281,1,3,0.4458,174,29,5634.97,1
CUST-005054,70,5032.89,0.4203,3,4,0.1732,173,28,5373.17,0
CUST-005055,23,5041.98,0.0961,1,1,0.7938,34,38,10722.53,1
CUST-005056,69,4993.58,0.1738,6,2,0.3632,107,46,14283.11,1
CUST-005057,72,4407.0,0.2702,0,5,0.567,129,37,4173.29,1
CUST-005058,65,5537.73,0.29,2,3,0.5393,161,34,12085.93,1
CUST-005059,34,3891.9,0.7331,2,1,0.1661,38,41,11537.76,1
CUST-005060,55,17188.2,0.6648,1,3,0.3104,32,30,1172.51,0
CUST-005061,50,2757.87,0.132,2,3,0.6524,109,40,6960.28,1
CUST-005062,54,3996.93,0.355,1,5,0.7546,171,33,7293.51,1
CUST-005063,54,4141.57,0.2776,4,4,0.2543,104,36,5151.4,1
CUST-005064,55,13025.13,0.0314,4,0,0.8017,128,36,5166.03,1
CUST-005065,48,2870.82,0.5264,2,3,0.4503,155,35,13792.44,0
CUST-005066,58,6298.58,0.3091,0,3,0.3682,58,32,2123.07,0
CUST-005067,49,5814.97,0.499,1,4,0.2752,73,30,23730.97,0
CUST-005068,21,6042.27,0.8681,1,0,0.1166,163,36,7973.29,0
CUST-005069,22,9070.37,0.4482,4,1,0.3666,41,38,27346.02,1
CUST-005070,72,8987.02,0.3738,2,1,0.1514,21,26,5077.73,1
CUST-005071,70,4244.94,0.1492,1,1,0.5838,12,40,21462.5,0
CUST-005072,52,5674.41,0.7488,2,4,0.512,161,37,14700.41,1
CUST-005073,30,2247.49,0.2033,3,2,0.3783,132,40,1798.28,0
CUST-005074,63,5437.13,0.1054,0,2,0.5056,120,26,7601.62,1
CUST-005075,28,3637.74,0.7402,1,3,0.292,61,34,87910.5,1
CUST-005076,41,4781.65,0.6902,4,0,0.5412,93,29,19268.29,1
CUST-005077,38,2435.72,0.4346,3,1,0.4957,90,38,3329.77,0
CUST-005078,21,6239.19,0.5091,2,3,0.2648,158,33,5886.69,0
CUST-005079,64,2423.48,0.451,2,1,0.1813,175,30,18957.57,0
CUST-005080,48,5558.82,0.2789,1,2,0.4508,5,29,12201.75,0
CUST-005081,38,2994.36,0.3361,4,1,0.1755,110,47,2300.7,1
CUST-005082,48,3547.77,0.1413,1,5,0.3953,101,34,1846.34,0
CUST-005083,21,8743.3,0.8554,2,5,0.8721,114,38,17061.42,1
CUST-005084,44,6774.88,0.5385,2,5,0.5322,92,28,6982.01,1
CUST-005085,49,8721.58,0.1711,2,2,0.4548,173,36,23551.45,0
CUST-005086,39,10491.19,0.6464,2,1,0.4801,30,26,12249.04,1
CUST-005087,65,3672.53,0.6208,0,3,0.4514,41,41,4308.11,1
CUST-005088,34,10208.25,0.3763,5,4,0.4804,48,44,8682.55,1
CUST-005089,28,2689.03,0.4833,0,4,0.6801,126,37,6129.36,1
CUST-005090,49,7274.71,0.3958,3,3,0.7783,35,31,11670.57,1
CUST-005091,68,4164.75,0.1623,3,3,0.2686,53,32,4008.07,1
CUST-005092,41,3421.31,0.6096,3,3,0.7379,46,32,2294.27,1
CUST-005093,23,6856.31,0.4042,4,2,0.6687,48,29,7791.96,1
CUST-005094,73,7955.69,0.8255,2,0,0.2734,127,40,4158.05,1
CUST-005095,44,7850.12,0.4181,3,2,0.6216,34,33,21065.95,1
CUST-005096,30,5727.88,0.7979,1,5,0.6158,173,33,7257.69,1
CUST-005097,54,5518.13,0.6709,2,5,0.4836,21,37,11385.39,1
CUST-005098,38,6591.29,0.8873,2,3,0.4557,118,40,6410.37,1
CUST-005099,71,5961.68,0.6181,1,5,0.7049,7,28,10394.12,1
CUST-005100,36,6634.4,0.488,0,5,0.4082,100,32,15539.22,1
CUST-005101,50,5699.96,0.8,2,3,0.2753,7,29,11159.33,1
CUST-005102,50,7598.2,0.0376,6,4,0.7525,90,36,2064.05,0
CUST-005103,34,2500.31,0.3338,0,1,0.0875,41,31,6030.58,0
CUST-005104,47,4901.72,0.3385,0,2,0.3514,27,43,56556.41,0
CUST-005105,26,2789.68,0.4496,2,2,0.5381,53,33,12580.3,1
CUST-005106,55,5889.52,0.2949,1,5,0.3511,135,25,6012.53,1
CUST-005107,61,10886.54,0.4877,4,2,0.2257,54,28,5684.26,0
CUST-005108,72,4200.99,0.0612,3,1,0.2898,164,34,31810.86,0
CUST-005109,38,5506.46,0.0785,3,2,0.1074,156,33,14478.0,0
CUST-005110,36,7308.79,0.6653,0,5,0.3033,69,28,2885.64,1
CUST-005111,50,2050.7,0.4843,1,3,0.76,82,35,54388.24,0
CUST-005112,58,4111.18,0.2057,2,0,0.4142,23,36,11603.98,1
CUST-005113,74,6126.91,0.6917,3,0,0.4177,3,40,11361.48,1
CUST-005114,22,1800.0,0.6148,3,2,0.2449,126,24,34092.74,1
CUST-005115,33,3350.45,0.2769,1,4,0.7416,148,37,10419.36,1
CUST-005116,35,8533.89,0.3725,1,5,0.4449,135,32,13202.13,0
CUST-005117,34,8166.23,0.1142,3,0,0.4177,115,34,2291.23,0
CUST-005118,46,6154.0,0.5326,5,0,0.0448,28,38,8306.61,0
CUST-005119,68,7734.17,0.409,4,1,0.4802,118,41,2888.75,0
CUST-005120,22,5728.51,0.5269,3,5,0.4694,45,30,5642.51,1
CUST-005121,65,6676.45,0.3021,4,2,0.7801,161,33,11267.63,1
CUST-005122,54,4511.43,0.3297,2,0,0.3244,63,42,1197.07,0
CUST-005123,54,5478.19,0.2958,5,3,0.6836,11,34,12053.14,1
CUST-005124,57,3912.17,0.5136,2,3,0.2964,60,40,19148.42,1
CUST-005125,27,9181.83,0.3578,2,0,0.6963,76,38,1730.16,0
CUST-005126,61,10312.54,0.311,7,3,0.364,51,45,4883.38,0
CUST-005127,34,9675.72,0.2211,3,4,0.6903,24,30,2303.34,1
CUST-005128,48,4327.59,0.7952,2,0,0.5723,106,33,14357.15,1
CUST-005129,57,3385.36,0.3595,1,0,0.3993,54,33,5725.35,0
CUST-005130,53,9237.74,0.4298,4,5,0.6407,153,28,24751.69,0
CUST-005131,38,6642.02,0.2745,5,2,0.3917,85,26,2763.85,1
CUST-005132,42,6028.64,0.2299,2,0,0.5761,106,31,10746.45,0
CUST-005133,46,3909.95,0.2578,0,0,0.5108,27,38,4242.67,1
CUST-005134,23,6297.84,0.4988,3,5,0.7332,31,30,9135.56,1
CUST-005135,60,3190.84,0.5991,1,5,0.6383,137,30,6699.84,1
CUST-005136,26,6917.03,0.2592,1,5,0.7533,28,34,16943.59,1
CUST-005137,45,9671.25,0.4495,4,4,0.4115,144,35,11664.27,1
CUST-005138,56,10833.35,0.1871,1,4,0.8193,174,34,25286.1,0
CUST-005139,25,7152.73,0.5997,1,5,0.6332,68,35,8251.13,1
CUST-005140,74,2791.97,0.0596,3,5,0.4957,4,35,3957.51,1
CUST-005141,41,5682.87,0.6469,4,0,0.1888,119,40,15630.1,1
CUST-005142,21,13619.67,0.3829,3,3,0.573,168,32,8418.14,1
CUST-005143,56,3517.62,0.6927,2,4,0.6923,92,28,7082.77,1
CUST-005144,51,5063.34,0.6094,1,5,0.6463,85,26,12224.02,1
CUST-005145,55,9823.18,0.5965,2,0,0.5276,138,38,4547.3,1
CUST-005146,61,6864.54,0.5331,2,4,0.3765,4,27,44679.57,0
CUST-005147,46,15874.74,0.337,3,3,0.737,62,37,23174.61,1
CUST-005148,65,3739.18,0.6652,6,4,0.3433,46,37,12506.46,1
CUST-005149,40,3330.99,0.3808,1,5,0.7603,3,32,11329.97,1
CUST-005150,50,9020.64,0.2888,5,5,0.7832,112,34,9346.32,0
CUST-005151,29,3035.92,0.3163,2,1,0.3838,90,29,5640.81,0
CUST-005152,54,4759.36,0.4678,1,2,0.437,39,38,14188.86,0
CUST-005153,35,5048.63,0.191,5,2,0.3335,50,34,6147.07,0
CUST-005154,58,8288.37,0.3386,3,2,0.5711,166,47,39445.46,1
CUST-005155,64,6855.69,0.3917,5,2,0.286,98,37,32752.31,0
CUST-005156,67,6387.47,0.8242,2,5,0.6138,8,24,10976.23,1
CUST-005157,71,4338.66,0.8895,3,5,0.5024,49,29,20693.72,1
CUST-005158,27,8983.69,0.3026,4,4,0.5637,62,40,2323.65,1
CUST-005159,28,31825.87,0.2838,2,3,0.7286,150,41,10450.88,0
CUST-005160,71,7097.45,0.8699,0,0,0.5515,64,32,1858.58,1
CUST-005161,41,5438.54,0.559,0,2,0.3233,89,38,9879.1,0
CUST-005162,22,2899.74,0.413,4,1,0.2601,127,27,4360.41,0
CUST-005163,36,3903.18,0.2997,5,0,0.2864,14,38,20324.82,0
CUST-005164,66,4723.21,0.3242,4,3,0.8573,177,23,9675.24,1
CUST-005165,40,4088.13,0.0757,3,3,0.5006,28,39,6431.6,0
CUST-005166,25,5162.51,0.422,1,0,0.064,171,30,6527.94,0
CUST-005167,59,11574.05,0.4103,1,2,0.5865,112,33,1246.21,1
CUST-005168,31,9114.66,0.3828,4,3,0.6085,77,28,19938.68,1
CUST-005169,40,4841.3,0.5946,1,2,0.4428,170,29,31123.29,0
CUST-005170,21,3019.02,0.4085,4,1,0.2613,115,36,18156.79,0
CUST-005171,53,9492.23,0.3096,5,0,0.03,124,35,5754.47,0
CUST-005172,45,5086.47,0.1987,3,1,0.3581,165,29,4118.41,0
CUST-005173,67,2391.05,0.5705,1,5,0.379,48,19,1992.39,1
CUST-005174,39,7165.32,0.106,0,5,0.3644,135,27,6353.02,0
CUST-005175,32,8250.04,0.1627,2,4,0.6706,41,36,1126.03,1
CUST-005176,29,1800.0,0.702,4,1,0.5678,29,35,1314.57,1
CUST-005177,31,3588.05,0.3809,2,0,0.2014,79,30,21489.2,0
CUST-005178,45,4947.86,0.3927,2,5,0.6801,165,38,38041.37,0
CUST-005179,25,7236.87,0.2294,3,2,0.2794,118,32,5140.99,0
CUST-005180,42,4122.97,0.6235,2,3,0.7294,82,26,13754.0,1
CUST-005181,67,3575.82,0.7259,5,5,0.5262,34,38,5772.14,1
CUST-005182,62,7213.0,0.6119,2,5,0.7353,77,28,25974.28,1
CUST-005183,55,4211.9,0.5191,0,3,0.4855,118,35,11042.51,0
CUST-005184,69,6636.49,0.5702,2,4,0.371,14,30,15673.8,1
CUST-005185,63,3153.39,0.1978,1,3,0.5173,79,20,1753.93,1
CUST-005186,56,2829.52,0.2062,1,2,0.3571,155,44,8272.51,0
CUST-005187,67,7304.79,0.5279,2,1,0.379,9,35,5602.83,1
CUST-005188,27,5825.78,0.4346,1,0,0.4639,164,40,30898.91,0
CUST-005189,65,7875.56,0.2851,2,5,0.3309,118,31,5506.69,0
CUST-005190,36,4091.83,0.2409,2,5,0.4939,161,33,7193.39,0
CUST-005191,60,3635.92,0.3941,0,2,0.4859,114,31,1688.17,0
CUST-005192,70,9592.51,0.2032,2,4,0.4125,37,28,10330.27,0
CUST-005193,47,2620.4,0.7476,4,0,0.5585,141,30,9874.38,1
CUST-005194,25,9132.29,0.3523,2,0,0.6175,22,25,6936.29,0
CUST-005195,40,9420.48,0.2562,2,5,0.3056,13,44,28330.21,0
CUST-005196,42,7657.6,0.4127,4,5,0.763,42,37,9162.93,0
CUST-005197,71,3815.78,0.4788,4,3,0.2806,20,37,5108.75,0
CUST-005198,71,3601.04,0.2743,2,2,0.5243,47,23,4378.62,1
CUST-005199,51,4730.99,0.3132,1,3,0.7553,5,34,17664.25,1
CUST-005200,72,2903.42,0.7301,1,0,0.5657,62,34,2092.35,1
CUST-005201,44,3373.32,0.1234,0,1,0.1784,162,37,4955.71,1
CUST-005202,43,6950.33,0.5208,4,1,0.2367,93,33,8029.74,1
CUST-005203,66,6964.78,0.1034,3,3,0.6992,134,32,6220.29,1
CUST-005204,57,3242.52,0.808,3,5,0.378,177,36,8424.95,1
CUST-005205,49,7049.2,0.3093,6,0,0.3404,90,32,24913.01,0
CUST-005206,45,6379.53,0.2252,4,2,0.4182,68,26,7055.29,0
CUST-005207,59,10258.51,0.1972,0,4,0.5559,114,32,3670.03,0
CUST-005208,61,6717.86,0.4998,3,4,0.4802,42,32,35955.83,0
CUST-005209,47,8373.07,0.3161,4,5,0.7061,173,33,7013.09,0
CUST-005210,22,6445.25,0.0937,1,2,0.5568,39,34,13175.2,1
CUST-005211,26,8081.9,0.8151,1,5,0.8085,166,35,34036.77,1
CUST-005212,28,2913.79,0.6513,5,0,0.2726,107,38,4708.43,1
CUST-005213,45,4922.78,0.0604,4,4,0.4776,59,27,44817.55,0
CUST-005214,54,5109.58,0.5875,2,1,0.3249,124,43,44801.88,1
CUST-005215,64,4659.79,0.333,2,4,0.5529,127,32,4662.5,1
CUST-005216,33,6349.7,0.3432,2,5,0.3335,84,21,5375.06,0
CUST-005217,63,6918.02,0.3288,0,4,0.4054,91,36,17449.26,0
CUST-005218,56,6203.88,0.3517,1,1,0.8658,147,37,33184.2,0
CUST-005219,23,4802.01,0.1604,3,5,0.2709,134,31,18977.37,1
CUST-005220,39,3734.37,0.063,1,5,0.6708,5,40,8671.91,0
CUST-005221,37,8519.8,0.2137,0,2,0.4288,132,30,14566.27,1
CUST-005222,68,6086.29,0.4463,1,1,0.2684,110,42,17093.88,0
CUST-005223,70,3288.01,0.3899,1,3,0.4303,79,28,11943.88,1
CUST-005224,65,4765.96,0.27,1,5,0.4276,110,38,5999.53,1
CUST-005225,49,2373.04,0.3014,3,5,0.7928,55,45,18788.01,1
CUST-005226,47,5283.43,0.052,3,0,0.3072,162,36,7110.91,0
CUST-005227,37,4755.91,0.8945,5,0,0.506,94,26,1643.61,1
CUST-005228,62,4015.45,0.5705,1,3,0.5841,39,37,2640.06,1
CUST-005229,25,10609.28,0.4713,3,5,0.2771,89,32,28937.56,0
CUST-005230,35,3090.67,0.5752,2,0,0.2613,69,29,3446.37,1
CUST-005231,28,7145.88,0.542,5,4,0.8421,34,29,9926.58,1
CUST-005232,47,13910.96,0.2813,1,1,0.1091,90,26,28513.22,0
CUST-005233,37,8443.77,0.1203,4,1,0.2788,50,28,10591.49,0
CUST-005234,31,5126.72,0.2012,1,5,0.6932,95,26,71678.13,1
CUST-005235,41,3121.54,0.0609,3,1,0.4501,22,30,8272.41,1
CUST-005236,67,2817.16,0.5719,1,1,0.4061,53,30,4302.75,1
CUST-005237,51,4320.89,0.717,2,5,0.6364,54,43,2463.11,1
CUST-005238,65,3817.17,0.5231,2,5,0.2397,93,28,1704.48,1
CUST-005239,70,3761.67,0.2112,1,5,0.2977,7,32,36222.6,1
CUST-005240,69,4489.84,0.5556,3,3,0.3449,31,31,3307.34,1
CUST-005241,39,4966.16,0.4276,2,1,0.1486,102,27,2115.51,0
CUST-005242,68,6468.89,0.675,2,4,0.617,68,32,6530.87,1
CUST-005243,70,2979.19,0.8584,3,4,0.6517,11,34,5329.76,1
CUST-005244,72,3825.35,0.3085,3,2,0.6605,170,36,4956.22,1
CUST-005245,39,4839.47,0.1475,1,3,0.2321,151,38,28912.23,0
CUST-005246,33,4762.11,0.445,1,5,0.8543,35,37,11040.86,1
CUST-005247,52,11882.29,0.3197,1,3,0.826,40,47,19780.98,1
CUST-005248,71,5772.87,0.2527,1,4,0.7021,27,40,71072.49,0
CUST-005249,69,2515.68,0.3957,2,0,0.2609,149,43,4414.81,1
CUST-005250,51,6276.67,0.4938,1,5,0.4331,8,26,11104.72,0
CUST-005251,29,6647.28,0.0814,2,5,0.5483,177,36,2576.15,1
CUST-005252,43,4915.29,0.376,2,0,0.5363,132,38,36008.51,0
CUST-005253,59,3012.08,0.473,0,2,0.1653,3,36,7489.1,0
CUST-005254,51,11470.55,0.6971,3,1,0.321,112,39,562.42,1
CUST-005255,39,3213.02,0.3752,1,3,0.7499,135,30,2716.53,1
CUST-005256,39,7000.67,0.4121,2,5,0.5711,38,32,34429.95,1
CUST-005257,24,5689.84,0.2661,4,1,0.4375,20,32,1742.42,1
CUST-005258,36,6814.3,0.0397,3,4,0.4961,74,37,8234.95,0
CUST-005259,57,11209.31,0.1235,1,0,0.4,38,35,14059.4,0
CUST-005260,34,6695.24,0.6428,6,2,0.6884,36,47,14960.87,1
CUST-005261,74,4044.1,0.5016,1,3,0.3774,123,43,90150.5,0
CUST-005262,25,8553.62,0.159,3,2,0.451,126,33,8388.97,1
CUST-005263,52,3914.41,0.4472,1,0,0.1984,160,28,3781.47,1
CUST-005264,47,5597.16,0.2935,4,2,0.4045,27,46,4087.19,1
CUST-005265,65,2905.98,0.0252,2,2,0.6232,13,30,25698.7,1
CUST-005266,68,3266.38,0.3193,2,3,0.3765,136,37,987.78,1
CUST-005267,50,5321.65,0.5274,3,1,0.1899,121,37,11113.83,0
CUST-005268,55,6136.76,0.4782,2,2,0.5989,63,38,39481.65,0
CUST-005269,58,2417.13,0.7202,2,5,0.4409,83,45,9763.17,1
CUST-005270,49,6504.13,0.3068,1,2,0.3368,87,19,29454.44,0
CUST-005271,30,3596.34,0.4184,5,4,0.2287,131,29,1310.6,1
CUST-005272,44,9249.03,0.3553,3,1,0.3087,145,33,28383.49,1
CUST-005273,34,4438.31,0.2858,1,4,0.3312,140,35,10824.41,0
CUST-005274,46,3136.25,0.175,6,2,0.5482,97,38,5536.77,0
CUST-005275,54,5380.44,0.3581,2,3,0.8542,76,26,5616.98,1
CUST-005276,32,3443.03,0.4396,2,1,0.3438,71,30,43199.15,0
CUST-005277,34,9204.42,0.6813,2,5,0.3493,162,36,4253.39,1
CUST-005278,65,5201.24,0.4897,2,1,0.7309,70,38,4456.55,1
CUST-005279,41,4856.92,0.7603,7,1,0.4692,94,37,38492.13,1
CUST-005280,31,6786.73,0.4121,1,4,0.95,95,38,11792.06,1
CUST-005281,59,3308.29,0.5945,4,1,0.2485,146,39,14068.64,1
CUST-005282,59,2911.12,0.3016,3,5,0.694,32,27,3558.83,0
CUST-005283,65,6248.97,0.2834,0,4,0.3217,9,26,3511.0,0
CUST-005284,62,3170.24,0.7305,3,1,0.2686,52,41,43858.31,1
CUST-005285,74,3169.75,0.3824,1,5,0.2983,4,35,12158.56,1
CUST-005286,52,7577.62,0.1767,3,5,0.5887,101,34,8774.12,1
CUST-005287,36,6585.94,0.7894,0,1,0.5334,175,26,6663.04,1
CUST-005288,67,2957.77,0.4208,1,3,0.4089,38,28,7785.57,1
CUST-005289,35,3935.54,0.3442,2,2,0.5827,22,35,4409.57,1
CUST-005290,36,3462.46,0.1133,4,5,0.5478,111,26,12720.15,0
CUST-005291,65,11565.22,0.034,0,5,0.2786,173,29,4902.29,0
CUST-005292,68,7817.49,0.8719,1,2,0.2808,48,27,6114.92,0
CUST-005293,39,4302.85,0.6936,4,5,0.4367,17,37,13550.51,1
CUST-005294,60,6739.23,0.5926,2,4,0.662,115,40,31821.91,1
CUST-005295,70,2824.62,0.446,1,0,0.1745,175,27,27043.14,0
CUST-005296,64,3841.9,0.3533,2,3,0.3942,24,26,4950.61,1
CUST-005297,21,5451.26,0.507,2,2,0.5461,102,39,7345.66,0
CUST-005298,56,6373.59,0.3056,4,5,0.5723,91,31,1929.15,0
CUST-005299,30,4976.87,0.4291,3,1,0.5773,49,34,15576.43,1
CUST-005300,66,5813.98,0.5087,0,0,0.6442,135,31,17235.5,1
CUST-005301,24,5386.58,0.4769,3,0,0.1996,56,35,8908.8,0
CUST-005302,74,4830.98,0.5807,2,0,0.5213,58,33,27691.58,1
CUST-005303,30,4551.21,0.1397,3,2,0.4682,71,31,5145.01,0
CUST-005304,43,4292.37,0.0784,1,5,0.8792,138,34,9578.79,1
CUST-005305,33,5772.07,0.6815,2,2,0.256,11,31,3088.92,1
CUST-005306,64,6255.9,0.7408,0,0,0.3456,61,34,7773.99,0
CUST-005307,42,5685.51,0.4616,2,5,0.4447,136,38,5705.25,1
CUST-005308,61,3059.62,0.3696,4,5,0.3847,139,38,15117.45,1
CUST-005309,24,3317.27,0.482,4,4,0.5501,137,36,6243.28,1
CUST-005310,45,6222.4,0.4972,3,0,0.233,156,23,25731.35,0
CUST-005311,70,10083.61,0.5789,3,1,0.2618,35,34,1902.83,0
CUST-005312,71,5569.17,0.2799,5,0,0.4112,11,25,14636.9,0
CUST-005313,32,4320.66,0.3469,5,3,0.7348,27,36,734.05,1
CUST-005314,42,5752.37,0.3517,5,1,0.6078,49,35,7946.4,1
CUST-005315,43,3117.68,0.7724,4,0,0.2508,70,34,25526.75,1
CUST-005316,51,9371.59,0.6989,3,4,0.4047,174,31,7986.73,1
CUST-005317,50,5655.49,0.4022,4,4,0.559,166,40,26355.65,0
CUST-005318,26,3847.42,0.2823,2,3,0.5392,19,38,3589.6,1
CUST-005319,62,4823.99,0.1686,4,1,0.2717,29,49,10344.91,1
CUST-005320,33,4102.07,0.5859,1,5,0.5533,25,30,4201.3,1
CUST-005321,38,9383.1,0.0924,2,2,0.6681,156,30,33291.67,0
CUST-005322,66,4747.65,0.7815,1,3,0.5032,5,32,4096.87,1
CUST-005323,58,5576.57,0.4858,5,0,0.3321,77,33,3646.24,1
CUST-005324,42,6731.75,0.6752,3,3,0.8275,50,38,27527.83,1
CUST-005325,70,3725.92,0.6418,4,5,0.6638,156,37,2837.8,1
CUST-005326,42,5673.62,0.7051,2,3,0.5634,107,24,4167.71,1
CUST-005327,51,5883.52,0.3617,2,1,0.2216,116,40,14432.78,1
CUST-005328,34,2583.96,0.3954,3,2,0.3989,48,25,10751.33,0
CUST-005329,30,5826.24,0.6132,1,1,0.6174,138,28,4665.41,1
CUST-005330,47,5094.01,0.4573,3,3,0.1448,174,38,7920.28,0
CUST-005331,51,5513.19,0.4495,4,3,0.5242,147,35,43981.32,1
CUST-005332,64,5284.05,0.1506,6,5,0.6705,84,45,3527.31,1
CUST-005333,42,5843.24,0.3958,4,0,0.4132,5,32,8790.95,0
CUST-005334,69,9492.13,0.0813,1,5,0.4816,111,34,6747.4,0
CUST-005335,53,3058.36,0.1027,1,1,0.4787,107,29,21636.65,0
CUST-005336,24,4457.95,0.6087,1,0,0.5583,43,28,2898.86,1
CUST-005337,60,7019.11,0.4308,2,1,0.276,9,31,4768.38,0
CUST-005338,52,6456.42,0.4733,2,2,0.5538,114,32,6497.27,1
CUST-005339,42,6394.2,0.5008,3,4,0.7628,143,28,4729.99,0
CUST-005340,46,17953.2,0.6704,2,3,0.5552,51,36,12925.61,1
CUST-005341,37,6855.28,0.3911,3,1,0.4855,107,40,16432.67,1
CUST-005342,54,8650.18,0.2198,3,4,0.3893,169,23,12802.82,1
CUST-005343,51,4528.89,0.5931,1,0,0.7415,110,36,1784.1,0
CUST-005344,45,3326.26,0.1888,3,1,0.3456,148,36,6483.26,0
CUST-005345,36,4514.14,0.5928,4,5,0.3023,136,28,7003.22,1
CUST-005346,42,7163.8,0.29,3,5,0.7902,5,34,3120.43,1
CUST-005347,47,6244.69,0.2352,2,1,0.1219,120,34,3947.66,0
CUST-005348,46,6234.65,0.5223,8,2,0.3389,75,34,43052.18,1
CUST-005349,37,4721.86,0.3893,3,2,0.7659,28,36,18064.28,1
CUST-005350,52,4394.91,0.2391,2,1,0.3592,76,32,2936.64,1
CUST-005351,33,4795.72,0.3113,2,1,0.4223,36,34,15707.08,0
CUST-005352,48,7204.26,0.4168,0,4,0.5996,99,35,14741.47,1
CUST-005353,27,7591.17,0.8029,1,3,0.6769,68,34,4319.67,1
CUST-005354,46,3306.37,0.2962,4,3,0.479,145,38,13593.68,1
CUST-005355,63,7328.07,0.3797,2,4,0.5515,147,26,5755.19,1
CUST-005356,65,3880.0,0.4536,3,5,0.3315,156,37,1700.19,1
CUST-005357,58,6421.64,0.2626,2,5,0.9352,123,34,5848.35,1
CUST-005358,61,4769.66,0.5923,2,0,0.6476,105,24,3311.17,1
CUST-005359,24,10519.84,0.3568,1,4,0.409,117,32,5052.25,1
CUST-005360,39,4308.22,0.384,3,0,0.1636,126,38,13928.4,0
CUST-005361,56,5635.21,0.6155,4,4,0.6538,92,34,13941.24,1
CUST-005362,64,6832.06,0.3856,5,5,0.7943,53,33,12425.53,1
CUST-005363,52,3509.16,0.7454,5,5,0.7218,149,39,11660.87,1
CUST-005364,67,5032.28,0.4827,3,2,0.547,18,43,3404.72,1
CUST-005365,35,4612.16,0.4939,4,5,0.4287,41,33,4354.68,1
CUST-005366,29,4126.55,0.8763,3,1,0.2972,4,31,25331.44,1
CUST-005367,25,4266.46,0.7941,2,5,0.528,59,37,44364.92,1
CUST-005368,52,8576.84,0.0655,2,4,0.548,7,41,8875.7,0
CUST-005369,56,3972.16,0.4247,5,4,0.3743,48,29,11721.9,1
CUST-005370,36,6709.62,0.5493,6,5,0.416,131,32,60619.64,0
CUST-005371,63,5990.81,0.03,2,4,0.6846,61,37,6105.37,0
CUST-005372,60,2773.24,0.1348,5,5,0.532,39,35,10407.99,1
CUST-005373,40,6568.5,0.1782,2,2,0.5253,59,28,4943.46,1
CUST-005374,33,2752.69,0.1476,2,5,0.7212,128,40,1328.71,1
CUST-005375,61,6898.47,0.4404,5,4,0.5301,10,41,5260.2,1
CUST-005376,57,4138.87,0.4706,1,0,0.2411,19,41,12574.16,0
CUST-005377,30,5219.62,0.5595,1,2,0.5389,158,42,2164.34,0
CUST-005378,34,2904.42,0.4063,3,5,0.5324,146,25,14056.74,1
CUST-005379,47,5494.41,0.248,3,3,0.3256,167,33,2797.98,1
CUST-005380,48,7891.5,0.5492,1,0,0.5979,113,24,5138.11,1
CUST-005381,29,3616.56,0.4203,1,3,0.6394,173,37,7516.96,0
CUST-005382,72,3956.79,0.3969,2,2,0.4952,70,28,3901.79,1
CUST-005383,41,6380.45,0.657,2,0,0.3603,52,30,9212.98,1
CUST-005384,41,6452.62,0.2811,5,1,0.385,148,44,8094.5,1
CUST-005385,24,1800.0,0.3128,1,1,0.5947,176,37,9549.79,1
CUST-005386,68,12878.92,0.3983,4,2,0.1833,125,34,33732.23,0
CUST-005387,33,6596.29,0.3624,2,5,0.5941,178,30,4288.68,1
CUST-005388,74,7115.48,0.5989,4,1,0.4503,150,32,13764.06,1
CUST-005389,47,4874.73,0.2581,2,1,0.5968,43,41,4574.1,0
CUST-005390,68,2256.35,0.7909,4,5,0.3691,128,30,9082.37,1
CUST-005391,30,7044.76,0.3646,2,2,0.1441,57,35,21351.71,0
CUST-005392,29,4032.25,0.7175,1,5,0.3529,11,34,21908.55,1
CUST-005393,64,6642.1,0.1288,3,1,0.2942,66,35,5930.07,0
CUST-005394,65,4712.4,0.568,6,1,0.5508,103,34,20383.08,0
CUST-005395,50,5787.94,0.6032,2,5,0.5723,22,36,11617.96,1
CUST-005396,22,3668.97,0.4265,0,0,0.2185,99,31,10041.04,0
CUST-005397,71,7672.43,0.1471,3,4,0.6344,72,32,11543.55,0
CUST-005398,42,3046.18,0.3566,0,0,0.2965,148,27,8809.89,0
CUST-005399,71,14284.35,0.5917,1,5,0.3073,175,44,4112.61,0
CUST-005400,68,14235.45,0.3042,3,3,0.9471,34,24,7944.32,1
CUST-005401,66,10841.41,0.2151,0,0,0.055,147,39,32627.91,0
CUST-005402,58,9231.52,0.3698,3,5,0.329,42,31,5146.81,0
CUST-005403,57,5005.87,0.6318,1,1,0.3716,80,26,165842.04,0
CUST-005404,49,8789.91,0.119,0,4,0.9447,19,40,4578.97,1
CUST-005405,22,4979.75,0.2425,0,1,0.5495,93,29,19748.34,1
CUST-005406,41,2584.61,0.4958,1,2,0.3903,82,39,2422.88,1
CUST-005407,60,10227.7,0.2129,5,1,0.4487,80,31,13103.41,0
CUST-005408,64,8641.96,0.4208,1,5,0.629,3,33,2017.62,0
CUST-005409,51,5127.18,0.8813,1,0,0.441,83,40,20041.8,1
CUST-005410,59,2996.14,0.9272,3,3,0.8619,112,39,9260.87,1
CUST-005411,22,3994.3,0.5109,1,1,0.6252,12,33,22039.01,1
CUST-005412,46,2291.35,0.3959,6,4,0.6428,29,47,3050.43,1
CUST-005413,48,7956.15,0.7093,4,3,0.5667,57,27,10774.99,0
CUST-005414,69,2527.35,0.3786,5,2,0.7304,29,32,15651.98,1
CUST-005415,37,5916.43,0.4731,3,4,0.6585,144,27,15528.64,1
CUST-005416,33,3557.28,0.0356,2,3,0.6337,20,29,4046.85,0
CUST-005417,40,2736.4,0.7277,0,3,0.5989,58,36,10281.64,1
CUST-005418,30,5788.76,0.2886,0,2,0.6357,83,31,5683.61,1
CUST-005419,51,4474.74,0.6965,3,1,0.3851,3,36,10779.93,1
CUST-005420,55,7582.51,0.2131,2,0,0.4088,41,37,2003.22,0
CUST-005421,64,2939.49,0.3208,1,3,0.337,9,40,34159.29,1
CUST-005422,73,3698.28,0.3025,4,3,0.4586,9,31,5220.41,1
CUST-005423,24,1800.0,0.2117,4,1,0.4053,97,29,13938.07,0
CUST-005424,34,1945.86,0.3843,1,1,0.3366,42,43,3164.28,0
CUST-005425,37,11679.62,0.6679,4,0,0.209,72,29,2016.18,1
CUST-005426,34,13280.25,0.0939,4,3,0.95,131,35,16456.34,1
CUST-005427,65,5421.57,0.3442,4,5,0.8203,172,29,16138.04,1
CUST-005428,28,3589.22,0.5158,2,3,0.7034,3,31,19368.24,1
CUST-005429,22,4546.5,0.408,5,0,0.3574,126,33,12422.92,1
CUST-005430,67,7704.21,0.3367,1,2,0.3196,47,34,26024.97,0
CUST-005431,72,4125.48,0.5263,2,5,0.4929,34,35,12266.44,1
CUST-005432,33,5786.88,0.2361,1,0,0.1331,43,29,3925.61,0
CUST-005433,38,5170.24,0.1275,3,1,0.5425,17,26,78350.12,1
CUST-005434,48,4025.68,0.7568,2,4,0.4372,48,31,4248.27,1
CUST-005435,49,4103.63,0.5318,1,4,0.95,176,26,19214.43,1
CUST-005436,74,5933.73,0.094,3,1,0.2661,42,35,14095.14,0
CUST-005437,42,3350.33,0.1787,5,0,0.3806,55,30,23388.64,0
CUST-005438,21,6372.15,0.3836,2,0,0.2982,65,31,8271.06,1
CUST-005439,43,4205.73,0.4175,5,3,0.6274,115,39,12181.04,1
CUST-005440,51,5506.75,0.109,0,1,0.715,138,29,5118.33,0
CUST-005441,48,9693.37,0.6872,4,1,0.5073,92,31,15173.79,1
CUST-005442,48,4820.96,0.1507,0,0,0.3816,115,34,2834.71,0
CUST-005443,70,7866.16,0.1136,2,0,0.1175,69,39,28225.32,0
CUST-005444,64,2321.57,0.2975,4,2,0.2567,61,28,74682.48,0
CUST-005445,34,4208.03,0.3297,0,1,0.4515,57,39,24250.59,1
CUST-005446,40,5265.2,0.6092,0,4,0.3226,129,30,1392.81,1
CUST-005447,57,12356.19,0.5428,5,4,0.5658,18,34,5576.12,1
CUST-005448,43,2152.61,0.6022,0,4,0.4374,62,30,21784.27,1
CUST-005449,44,4979.67,0.3614,4,4,0.7231,87,33,3293.62,1
CUST-005450,30,10015.85,0.4098,3,2,0.4032,86,47,2678.28,0
CUST-005451,34,3652.45,0.4112,0,1,0.726,127,38,10197.83,1
CUST-005452,61,4725.06,0.3406,2,1,0.1852,109,30,5853.21,1
CUST-005453,66,6037.21,0.2159,3,3,0.332,12,36,5562.79,1
CUST-005454,63,5650.18,0.0545,1,5,0.4936,101,36,2561.78,0
CUST-005455,37,10519.76,0.6995,1,4,0.3741,112,33,41359.23,1
CUST-005456,28,6362.82,0.1827,2,4,0.5409,69,44,3734.82,1
CUST-005457,29,9451.34,0.4066,0,5,0.9137,3,35,6107.85,1
CUST-005458,42,4422.28,0.4009,1,0,0.1816,49,35,13124.78,0
CUST-005459,48,3726.32,0.4052,1,5,0.5241,3,25,7324.71,1
CUST-005460,69,4697.75,0.2923,3,3,0.5164,119,39,5846.68,0
CUST-005461,69,3086.58,0.5084,1,5,0.6391,73,39,20941.63,1
CUST-005462,21,6463.94,0.6936,0,5,0.6659,73,28,12521.05,1
CUST-005463,59,4371.09,0.5572,1,0,0.5848,119,32,12039.51,1
CUST-005464,37,3843.39,0.5509,1,5,0.2823,105,34,6156.42,1
CUST-005465,31,6508.15,0.1302,2,3,0.2165,142,44,2760.26,1
CUST-005466,50,3108.02,0.7314,5,2,0.9119,76,32,25210.8,1
CUST-005467,22,7355.03,0.4613,3,5,0.6553,125,30,4687.42,1
CUST-005468,39,4192.96,0.6173,1,3,0.357,143,45,2631.0,1
CUST-005469,50,8760.49,0.3436,3,3,0.222,50,26,6462.27,1
CUST-005470,35,4357.62,0.9061,3,3,0.702,169,43,8426.82,1
CUST-005471,53,6910.33,0.4864,6,3,0.5869,125,42,2519.18,1
CUST-005472,45,5637.62,0.2221,6,4,0.5614,170,36,5997.86,1
CUST-005473,64,7267.52,0.1474,4,2,0.6344,22,43,8835.03,1
CUST-005474,30,5463.75,0.094,5,5,0.67,9,26,2803.7,0
CUST-005475,24,2459.92,0.523,1,4,0.8512,77,40,24386.93,1
CUST-005476,49,8187.56,0.3431,3,2,0.2365,86,35,2781.82,0
CUST-005477,34,4998.82,0.608,1,3,0.5329,179,25,16083.83,1
CUST-005478,59,7418.23,0.6326,1,0,0.5042,67,28,10295.79,1
CUST-005479,26,7094.14,0.3208,3,0,0.3536,124,36,88366.9,0
CUST-005480,52,3671.78,0.1429,2,4,0.5512,19,53,9482.9,1
CUST-005481,74,3445.26,0.7258,5,2,0.6165,151,30,2541.33,0
CUST-005482,26,6983.63,0.3236,1,5,0.95,151,40,2870.19,1
CUST-005483,37,4536.68,0.5922,3,2,0.4617,84,32,6744.29,1
CUST-005484,66,7925.23,0.2536,3,5,0.6305,121,35,951.34,0
CUST-005485,49,4799.29,0.1383,0,4,0.5997,109,27,2665.45,1
CUST-005486,30,8241.59,0.448,1,0,0.7668,103,36,15764.15,1
CUST-005487,32,6291.16,0.3786,4,2,0.6746,172,36,63046.01,0
CUST-005488,62,5919.47,0.4616,5,5,0.5514,165,33,8203.02,1
CUST-005489,67,4394.5,0.2248,0,4,0.4231,40,47,3463.81,1
CUST-005490,40,5773.34,0.3149,2,0,0.4736,116,27,22713.47,1
CUST-005491,46,8894.58,0.7681,1,1,0.3837,114,40,29118.27,0
CUST-005492,63,5074.67,0.744,1,5,0.4418,165,26,5980.6,1
CUST-005493,30,6604.08,0.377,0,2,0.4621,37,20,15784.4,1
CUST-005494,32,5309.62,0.1131,0,4,0.7423,121,37,29144.75,0
CUST-005495,62,5499.9,0.3261,4,2,0.1447,102,24,12116.41,0
CUST-005496,31,11293.12,0.4809,1,0,0.2944,16,34,4833.81,0
CUST-005497,62,8930.19,0.6173,3,3,0.4696,33,29,5621.47,1
CUST-005498,47,5389.16,0.3671,4,0,0.2623,6,23,2965.83,0
CUST-005499,74,5726.83,0.4896,2,5,0.6197,53,43,4441.46,1
CUST-005500,22,3791.71,0.315,2,1,0.2048,158,45,15761.88,1
CUST-005501,72,4810.6,0.2517,6,5,0.6489,46,37,7374.33,1
CUST-005502,33,5976.81,0.6492,5,1,0.5725,97,28,2286.39,1
CUST-005503,22,7625.02,0.9494,3,0,0.6906,83,27,12237.7,1
CUST-005504,60,7284.93,0.7622,5,0,0.2654,61,35,24268.19,0
CUST-005505,49,3156.59,0.3727,2,0,0.224,62,31,7668.64,0
CUST-005506,66,8071.19,0.5287,2,5,0.482,109,39,8352.8,1
CUST-005507,26,4996.36,0.1288,2,0,0.6746,137,26,33810.7,0
CUST-005508,25,3335.13,0.3358,5,0,0.5244,80,38,25908.87,1
CUST-005509,51,9488.04,0.2641,1,1,0.5128,5,30,14713.98,0
CUST-005510,68,10045.59,0.5321,2,5,0.2808,55,32,32428.62,1
CUST-005511,42,5855.29,0.2778,0,4,0.6674,44,37,25905.18,1
CUST-005512,64,7153.6,0.3539,1,1,0.5851,65,30,8101.83,1
CUST-005513,69,7344.93,0.437,2,2,0.4861,127,43,12756.68,1
CUST-005514,67,9745.02,0.1217,4,3,0.8034,113,23,10043.15,0
CUST-005515,48,7215.92,0.3596,1,1,0.4313,170,32,53458.95,0
CUST-005516,58,2861.08,0.1895,4,4,0.4989,116,27,13270.93,0
CUST-005517,49,12846.51,0.3576,4,1,0.3362,55,40,12390.06,0
CUST-005518,57,8399.77,0.5974,1,1,0.4258,168,35,48517.4,1
CUST-005519,51,4134.53,0.2872,5,5,0.5818,178,33,10525.36,1
CUST-005520,49,3271.76,0.4582,3,2,0.4038,143,29,6663.98,1
CUST-005521,44,6526.2,0.3071,0,5,0.8923,20,38,1288.5,1
CUST-005522,56,4587.99,0.1109,4,4,0.7721,135,42,6120.06,0
CUST-005523,61,6032.47,0.4104,1,1,0.6987,103,46,10699.46,1
CUST-005524,70,7265.9,0.2594,1,0,0.4079,143,32,21815.61,0
CUST-005525,54,4029.97,0.1879,1,0,0.1352,89,41,8950.15,0
CUST-005526,26,3146.88,0.1479,5,2,0.7463,6,32,4141.02,1
CUST-005527,52,6185.93,0.4328,1,4,0.2955,176,39,12874.45,0
CUST-005528,38,4090.36,0.7452,1,4,0.7039,176,32,1836.92,1
CUST-005529,22,5553.35,0.7855,2,2,0.2481,124,34,28957.28,0
CUST-005530,24,2841.02,0.2731,2,1,0.6796,172,29,32692.6,1
CUST-005531,52,4642.14,0.1956,4,4,0.5588,43,36,1859.03,0
CUST-005532,72,7173.45,0.531,4,0,0.3293,44,29,4209.49,0
CUST-005533,48,6830.02,0.4681,0,2,0.2864,122,34,12370.66,1
CUST-005534,45,3646.97,0.447,3,1,0.4226,151,34,43957.32,0
CUST-005535,25,3073.88,0.7044,5,4,0.5641,8,33,8590.28,1
CUST-005536,57,5237.02,0.6385,5,4,0.3511,70,37,12794.16,1
CUST-005537,23,6693.41,0.3929,3,5,0.6437,114,28,11313.61,1
CUST-005538,66,6240.05,0.3716,1,5,0.6255,129,40,2226.29,1
CUST-005539,65,4129.63,0.2898,0,1,0.5586,68,39,6626.48,0
CUST-005540,74,5945.77,0.2157,3,1,0.4042,49,45,4548.21,0
CUST-005541,36,10223.8,0.7816,1,2,0.5146,79,31,11123.98,1
CUST-005542,29,5702.89,0.4582,1,3,0.5784,169,41,4867.64,1
CUST-005543,37,2493.64,0.3794,0,4,0.3659,113,31,9268.07,1
CUST-005544,64,5697.91,0.406,5,1,0.498,161,38,8588.49,1
CUST-005545,32,13045.45,0.5045,1,3,0.6507,61,36,9251.72,0
CUST-005546,68,2913.43,0.3543,3,5,0.771,147,30,23534.29,1
CUST-005547,29,5270.02,0.2229,1,0,0.2954,76,46,12742.28,1
CUST-005548,23,4696.45,0.1197,1,5,0.6821,13,42,7224.73,0
CUST-005549,32,5429.28,0.2876,1,1,0.7208,169,44,14081.81,0
CUST-005550,61,5675.01,0.2403,3,2,0.2041,15,35,5530.62,1
CUST-005551,53,8685.42,0.4964,2,0,0.3468,68,45,3417.76,1
CUST-005552,40,5402.23,0.437,2,0,0.3651,96,29,23656.36,0
CUST-005553,56,9238.92,0.7827,4,1,0.2504,156,32,4979.77,1
CUST-005554,56,4931.85,0.5958,2,3,0.4826,158,40,3621.34,1
CUST-005555,50,4441.97,0.2547,1,2,0.5998,60,26,35322.49,0
CUST-005556,48,3847.9,0.5534,2,3,0.3982,41,37,19855.01,0
CUST-005557,26,2295.54,0.6474,5,4,0.6423,91,42,7626.69,1
CUST-005558,35,5887.08,0.4546,6,3,0.62,26,33,20100.59,1
CUST-005559,49,13104.54,0.4411,3,4,0.7978,29,30,5924.62,0
CUST-005560,28,6390.83,0.3543,2,1,0.413,84,35,13885.84,1
CUST-005561,46,7082.98,0.209,4,4,0.8783,75,39,9463.66,1
CUST-005562,27,4318.01,0.1359,6,0,0.148,168,36,6489.38,0
CUST-005563,63,4658.57,0.2447,2,5,0.5743,59,34,11366.12,1
CUST-005564,26,8099.05,0.1896,2,0,0.2612,170,29,3285.69,0
CUST-005565,25,12840.07,0.1822,3,3,0.7081,139,35,5385.59,1
CUST-005566,55,10157.73,0.2149,1,4,0.23,167,24,1420.8,1
CUST-005567,32,7470.92,0.235,5,5,0.8197,14,31,6709.63,0
CUST-005568,39,5282.91,0.0498,2,3,0.4028,93,32,11312.71,0
CUST-005569,37,5714.64,0.2674,0,4,0.3905,78,43,2457.19,0
CUST-005570,32,3704.62,0.2894,3,1,0.7695,168,42,12680.19,0
CUST-005571,62,2710.09,0.2816,3,1,0.6633,177,35,1245.53,0
CUST-005572,58,3131.77,0.6339,2,5,0.4308,176,38,5297.08,1
CUST-005573,33,5317.85,0.2686,4,3,0.6805,128,39,8232.91,1
CUST-005574,58,4559.72,0.5777,2,5,0.4203,164,34,8825.5,1
CUST-005575,59,2684.27,0.1635,2,3,0.4676,108,34,11093.17,0
CUST-005576,50,5113.39,0.5318,3,4,0.5347,80,24,2023.97,1
CUST-005577,52,4505.8,0.6207,1,1,0.3911,157,34,10450.76,0
CUST-005578,71,3067.54,0.0996,3,3,0.3895,47,31,16598.27,0
CUST-005579,45,4402.08,0.5073,1,1,0.7617,22,33,6017.83,1
CUST-005580,41,4500.69,0.3515,3,3,0.515,136,40,7244.81,1
CUST-005581,50,3939.97,0.6034,2,1,0.4068,128,25,2459.8,0
CUST-005582,66,7890.51,0.5156,2,3,0.4807,49,35,19542.14,0
CUST-005583,59,2208.59,0.6267,4,5,0.3952,40,29,2870.53,1
CUST-005584,25,2127.72,0.6374,2,1,0.4786,65,29,23754.66,1
CUST-005585,45,5207.69,0.3434,1,4,0.3276,145,38,64866.89,1
CUST-005586,60,5429.87,0.3671,2,4,0.7193,98,32,5740.56,1
CUST-005587,33,6237.35,0.1155,2,1,0.296,123,33,4488.41,0
CUST-005588,74,4080.1,0.3781,3,3,0.8204,155,30,7604.85,1
CUST-005589,64,3440.42,0.6833,4,5,0.5515,11,35,22018.85,1
CUST-005590,66,5182.91,0.6844,3,3,0.4345,87,42,3953.37,0
CUST-005591,25,4262.89,0.4125,1,0,0.1743,142,41,1300.13,0
CUST-005592,52,10450.41,0.8004,6,4,0.5863,16,28,24819.25,1
CUST-005593,49,4494.06,0.4761,0,0,0.6418,92,35,9159.28,1
CUST-005594,54,5077.02,0.2401,3,2,0.3846,105,35,7304.95,0
CUST-005595,66,15840.93,0.2095,1,5,0.95,107,29,9420.72,1
CUST-005596,40,4763.66,0.6859,4,4,0.3677,16,43,4281.72,1
CUST-005597,49,6678.74,0.1028,2,4,0.2557,32,30,7530.56,0
CUST-005598,57,6955.26,0.6327,6,1,0.1769,45,31,11330.11,0
CUST-005599,61,7226.75,0.4786,1,0,0.6914,84,38,13860.34,1
CUST-005600,62,5923.5,0.2605,3,5,0.95,22,33,9210.83,0
CUST-005601,39,5673.96,0.9308,5,1,0.4426,143,36,1018.05,1
CUST-005602,74,5440.16,0.4299,3,5,0.8049,105,35,6669.47,1
CUST-005603,21,4012.69,0.3228,1,1,0.4571,154,28,9322.44,1
CUST-005604,47,6020.33,0.3735,3,3,0.8189,46,35,10052.28,1
CUST-005605,53,12955.87,0.517,5,4,0.8394,140,31,6048.87,0
CUST-005606,24,8966.23,0.7189,5,2,0.4629,111,33,51975.55,0
CUST-005607,45,5962.09,0.1868,2,4,0.372,137,35,5951.13,0
CUST-005608,53,7642.94,0.3944,3,1,0.836,120,30,13294.75,0
CUST-005609,53,3516.72,0.4591,2,2,0.491,25,41,5859.36,1
CUST-005610,27,4624.78,0.1968,5,5,0.7647,87,38,13596.39,1
CUST-005611,35,7966.07,0.4833,2,1,0.1329,47,25,2348.81,0
CUST-005612,34,10154.16,0.2979,4,1,0.2697,3,14,34610.7,0
CUST-005613,55,3675.79,0.2296,1,0,0.1917,9,40,12015.6,0
CUST-005614,38,4183.06,0.697,2,4,0.2157,8,33,5515.5,1
CUST-005615,51,13877.62,0.6165,0,0,0.2481,42,32,6186.92,0
CUST-005616,60,5430.2,0.3844,2,2,0.2289,88,36,4572.0,1
CUST-005617,64,11812.66,0.2422,2,1,0.3642,128,30,6450.06,1
CUST-005618,30,5707.29,0.3838,2,5,0.886,40,44,8718.38,1
CUST-005619,69,5809.18,0.0761,4,2,0.2453,103,33,5358.04,1
CUST-005620,29,4532.11,0.6986,4,2,0.3518,88,32,17207.16,1
CUST-005621,22,7947.11,0.2078,2,3,0.2865,119,38,65646.25,1
CUST-005622,23,9579.82,0.342,0,3,0.3312,105,39,7261.54,0
CUST-005623,31,3263.85,0.4192,4,1,0.1465,29,42,1193.89,1
CUST-005624,68,4437.34,0.8236,3,0,0.3945,85,31,6504.36,0
CUST-005625,32,7849.45,0.5043,3,1,0.5005,91,35,8081.54,0
CUST-005626,58,4905.52,0.527,1,5,0.8074,98,31,17554.32,1
CUST-005627,43,4164.66,0.7154,2,0,0.1825,75,34,4693.71,0
CUST-005628,23,8190.32,0.3466,4,3,0.5614,174,37,4769.49,1
CUST-005629,44,8543.86,0.4817,1,4,0.2786,158,38,4660.52,1
CUST-005630,22,4247.45,0.3275,2,3,0.5048,114,30,2792.92,0
CUST-005631,46,5721.46,0.3666,3,4,0.3704,6,22,1787.65,1
CUST-005632,51,3018.76,0.4519,3,0,0.1399,37,26,9591.94,1
CUST-005633,49,3475.34,0.3224,0,2,0.2215,45,30,2412.59,0
CUST-005634,36,5498.82,0.4276,2,4,0.2682,31,28,6756.5,0
CUST-005635,62,5274.01,0.4073,4,0,0.7131,49,24,15983.87,1
CUST-005636,53,3365.46,0.4464,2,2,0.5249,171,41,3894.46,0
CUST-005637,34,3767.72,0.2695,3,4,0.2183,106,30,24877.07,1
CUST-005638,44,3220.02,0.2286,3,2,0.4247,176,20,4600.93,0
CUST-005639,26,6381.71,0.2385,5,4,0.4642,83,32,2257.48,0
CUST-005640,70,2145.17,0.1237,0,2,0.4206,84,29,6105.42,0
CUST-005641,61,3298.44,0.3827,3,0,0.6031,112,39,12089.2,1
CUST-005642,36,2248.66,0.3225,2,3,0.5593,155,39,18273.97,1
CUST-005643,57,6279.04,0.2195,2,2,0.136,3,24,12513.45,0
CUST-005644,57,2310.42,0.2389,2,4,0.659,115,37,43538.6,0
CUST-005645,53,5274.78,0.3281,3,5,0.8433,144,37,10614.1,1
CUST-005646,23,10874.76,0.476,1,2,0.4392,10,28,5537.76,0
CUST-005647,68,11041.97,0.2195,0,5,0.3815,60,37,8492.3,1
CUST-005648,72,2307.12,0.3886,0,5,0.7177,139,30,2769.12,1
CUST-005649,73,5947.33,0.4575,1,2,0.1662,71,30,18957.0,1
CUST-005650,73,3332.16,0.3585,1,0,0.1553,68,27,2567.19,0
CUST-005651,71,3039.67,0.5557,1,4,0.4643,20,31,3516.68,1
CUST-005652,60,4941.15,0.7259,2,3,0.4973,105,29,7900.3,0
CUST-005653,24,9037.56,0.1311,1,3,0.4664,119,34,3799.17,0
CUST-005654,46,6810.77,0.7565,4,4,0.6048,160,35,12494.81,1
CUST-005655,34,3769.13,0.2649,3,4,0.3295,81,35,11605.07,0
CUST-005656,32,7141.51,0.4243,0,5,0.3701,96,34,17173.09,1
CUST-005657,65,1894.57,0.1437,2,1,0.2623,94,34,15045.35,0
CUST-005658,64,3705.55,0.2601,1,2,0.6382,106,35,10954.62,1
CUST-005659,49,3589.12,0.5613,3,1,0.467,21,28,8322.97,0
CUST-005660,60,5386.54,0.5369,4,4,0.7573,145,35,16853.2,1
CUST-005661,27,4746.4,0.4038,2,4,0.7384,15,30,8965.12,1
CUST-005662,32,4879.27,0.1858,4,4,0.3958,145,41,31620.85,0
CUST-005663,67,4806.82,0.4503,2,0,0.3683,108,35,20067.96,0
CUST-005664,45,5252.7,0.8486,5,4,0.5659,114,34,7023.13,1
CUST-005665,50,6630.75,0.3483,2,3,0.2814,79,23,26137.86,1
CUST-005666,45,5561.44,0.4011,2,5,0.677,9,25,34749.7,1
CUST-005667,31,4575.43,0.629,2,0,0.5433,23,37,60510.66,1
CUST-005668,65,6230.43,0.1889,2,2,0.3866,157,41,24950.46,0
CUST-005669,61,7541.45,0.7192,3,5,0.8165,70,35,3437.68,1
CUST-005670,57,4048.91,0.3407,2,5,0.6519,113,37,3798.44,1
CUST-005671,40,5062.84,0.0811,4,3,0.3279,73,39,3493.97,0
CUST-005672,55,8771.58,0.4187,2,5,0.4858,99,26,22235.41,0
CUST-005673,72,3165.83,0.5524,2,3,0.8089,82,34,88529.94,1
CUST-005674,56,11713.88,0.4993,3,2,0.6706,153,39,12502.38,0
CUST-005675,47,2846.35,0.8007,1,1,0.2021,171,35,9349.47,1
CUST-005676,35,4451.52,0.6643,0,4,0.3737,69,36,14146.24,1
CUST-005677,49,3390.82,0.5452,3,3,0.3227,117,34,15016.96,1
CUST-005678,41,13918.6,0.4607,1,1,0.4287,20,26,28115.78,0
CUST-005679,54,4146.03,0.2361,1,0,0.2101,178,29,5310.17,0
CUST-005680,23,4150.71,0.5817,4,1,0.5183,48,30,13581.32,1
CUST-005681,31,4400.96,0.5711,1,3,0.3433,11,42,18789.48,0
CUST-005682,63,5428.59,0.2468,5,1,0.2587,164,28,11300.56,0
CUST-005683,41,4485.54,0.0812,0,3,0.5331,20,30,2205.11,0
CUST-005684,44,4898.16,0.5373,1,0,0.4166,142,40,1652.41,1
CUST-005685,50,1800.0,0.4089,1,2,0.3621,43,29,2598.68,1
CUST-005686,44,5335.49,0.6497,1,3,0.4919,89,37,24405.77,1
CUST-005687,61,5241.83,0.7384,4,4,0.3028,179,29,37113.6,0
CUST-005688,34,8298.0,0.3155,3,5,0.3703,148,33,3343.51,1
CUST-005689,61,9372.09,0.2676,4,0,0.4126,14,40,18726.83,1
CUST-005690,32,4778.8,0.2933,2,1,0.5273,157,37,1440.5,0
CUST-005691,41,7507.94,0.5315,2,3,0.4153,121,32,5152.59,0
CUST-005692,52,3167.53,0.3593,1,0,0.4061,144,50,12549.67,0
CUST-005693,68,7344.58,0.21,5,3,0.8926,67,44,19155.39,1
CUST-005694,33,4019.05,0.2279,2,1,0.5069,179,32,4895.94,1
CUST-005695,52,3051.23,0.187,2,3,0.3282,74,37,8184.63,1
CUST-005696,24,4783.36,0.7497,2,4,0.3364,172,31,8451.84,1
CUST-005697,25,9765.65,0.8033,5,1,0.4397,152,27,2706.86,1
CUST-005698,62,5641.28,0.2851,3,2,0.6526,102,39,23162.57,1
CUST-005699,59,10196.84,0.5675,3,4,0.4191,42,36,10708.56,1
CUST-005700,41,3712.59,0.1853,5,4,0.6958,121,34,4390.28,1
CUST-005701,54,8332.73,0.4476,1,1,0.5044,31,39,8493.95,0
CUST-005702,41,3877.48,0.5356,3,1,0.8273,178,27,24206.89,1
CUST-005703,35,5754.93,0.6154,2,2,0.2729,83,38,4361.54,1
CUST-005704,44,5732.58,0.4403,4,3,0.2982,163,19,3198.56,0
CUST-005705,37,7002.94,0.2568,1,4,0.5748,68,33,3324.86,1
CUST-005706,65,5821.12,0.6789,3,4,0.8486,88,35,78158.64,1
CUST-005707,43,3728.57,0.1725,6,1,0.3858,78,30,20029.06,0
CUST-005708,38,7727.59,0.5134,3,4,0.5031,42,32,3731.3,1
CUST-005709,49,11335.1,0.869,2,4,0.4126,179,27,9958.96,1
CUST-005710,61,3998.61,0.2679,1,4,0.7344,32,23,11304.98,0
CUST-005711,35,2276.88,0.5118,3,4,0.4124,153,42,9478.47,1
CUST-005712,71,6510.08,0.4435,4,5,0.7349,27,33,5384.9,1
CUST-005713,46,4480.02,0.5351,5,4,0.7866,26,38,2563.85,1
CUST-005714,56,4902.09,0.4951,2,0,0.4872,6,32,4683.09,1
CUST-005715,72,6678.8,0.5529,1,4,0.4785,153,23,5668.4,1
CUST-005716,44,4234.57,0.406,3,3,0.7532,136,34,18955.71,1
CUST-005717,31,4607.45,0.4691,3,2,0.6345,139,41,10492.59,0
CUST-005718,61,4970.92,0.6094,1,2,0.4053,97,40,14848.21,0
CUST-005719,21,10074.91,0.858,3,0,0.1182,39,31,3266.74,1
CUST-005720,45,5270.84,0.5321,4,5,0.5787,83,31,7179.99,1
CUST-005721,73,2982.03,0.2963,2,0,0.2914,146,35,23231.69,0
CUST-005722,43,3035.92,0.378,2,3,0.557,3,30,2857.46,1
CUST-005723,57,5536.22,0.4736,2,5,0.5743,108,44,41210.64,1
CUST-005724,49,3128.07,0.3745,2,4,0.6722,86,31,9968.37,1
CUST-005725,32,2574.41,0.1464,1,5,0.4388,30,37,16119.6,1
CUST-005726,38,6921.62,0.333,0,5,0.4476,5,31,1621.07,1
CUST-005727,49,7075.82,0.355,7,0,0.3856,59,26,17240.07,1
CUST-005728,26,4406.13,0.204,1,0,0.3124,125,38,4116.61,1
CUST-005729,43,5934.63,0.2697,4,0,0.4408,64,40,9626.27,0
CUST-005730,43,5659.37,0.0504,2,2,0.418,177,28,3065.18,0
CUST-005731,66,6819.24,0.3307,3,2,0.6566,58,26,22233.11,1
CUST-005732,27,6826.39,0.4021,4,1,0.1578,160,31,3481.52,0
CUST-005733,66,1800.0,0.2887,1,0,0.4579,136,27,13773.12,1
CUST-005734,43,4666.62,0.3471,2,0,0.4664,37,36,12477.51,1
CUST-005735,56,6564.76,0.8542,6,3,0.5955,47,32,11499.18,1
CUST-005736,51,4323.02,0.5014,1,3,0.4554,116,35,7658.77,1
CUST-005737,37,5285.41,0.4229,2,1,0.4674,22,49,14784.33,1
CUST-005738,71,7289.78,0.4543,3,1,0.5972,50,42,8550.91,0
CUST-005739,33,5392.86,0.3604,2,2,0.3049,110,30,7093.64,1
CUST-005740,22,10249.43,0.3489,1,0,0.4569,98,32,17514.5,0
CUST-005741,61,8634.82,0.2966,0,0,0.3007,93,45,57076.7,0
CUST-005742,54,4929.83,0.2348,3,0,0.4783,84,40,8778.44,0
CUST-005743,69,4756.62,0.6072,0,2,0.6072,16,36,2721.37,1
CUST-005744,45,1800.0,0.2073,1,0,0.4356,48,26,7034.02,0
CUST-005745,21,4489.46,0.5229,1,2,0.4549,179,40,15989.66,0
CUST-005746,22,2828.33,0.0671,2,2,0.4037,98,33,6546.62,1
CUST-005747,44,5744.32,0.2965,2,1,0.2642,61,34,2467.17,0
CUST-005748,34,5570.31,0.4642,1,3,0.7694,122,29,11322.06,1
CUST-005749,70,7112.07,0.5348,2,0,0.746,91,41,7518.84,0
CUST-005750,27,9748.96,0.1642,3,1,0.1721,124,30,5115.4,0
CUST-005751,68,5138.89,0.335,1,5,0.4256,128,32,11549.99,0
CUST-005752,32,14510.11,0.5766,2,5,0.6744,35,35,20225.42,1
CUST-005753,27,5773.4,0.1581,1,0,0.2486,39,36,6201.08,0
CUST-005754,35,2883.66,0.2055,0,1,0.4955,6,51,18709.26,0
CUST-005755,28,4037.91,0.2513,2,3,0.6307,104,38,9923.47,1
CUST-005756,42,4397.0,0.4909,2,1,0.1605,143,35,3643.9,0
CUST-005757,38,6787.73,0.4418,3,0,0.8272,105,32,1575.92,1
CUST-005758,49,3395.31,0.4577,6,1,0.4743,119,32,11066.79,1
CUST-005759,50,4547.46,0.1697,3,5,0.385,125,34,8553.33,1
CUST-005760,21,4836.5,0.1094,1,0,0.2749,83,32,4734.53,1
CUST-005761,27,4250.36,0.746,6,3,0.3367,138,26,5280.02,1
CUST-005762,29,7491.7,0.2566,4,5,0.3814,115,33,3142.37,1
CUST-005763,31,6939.66,0.1061,1,4,0.6111,66,32,11439.62,1
CUST-005764,26,8789.99,0.2832,1,4,0.571,159,41,3487.23,1
CUST-005765,37,4480.33,0.5427,3,1,0.3185,101,23,7031.91,0
CUST-005766,50,8933.39,0.6406,1,1,0.4305,67,30,5863.26,1
CUST-005767,37,2814.71,0.6396,2,3,0.5417,54,33,2330.35,1
CUST-005768,38,2783.99,0.2107,2,5,0.6115,82,34,15586.05,1
CUST-005769,46,3011.53,0.5495,3,2,0.3463,104,30,7711.61,0
CUST-005770,50,5221.6,0.1188,1,3,0.4045,95,36,76883.55,1
CUST-005771,38,8932.79,0.1118,2,5,0.57,108,29,4142.08,1
CUST-005772,32,3965.75,0.4677,2,4,0.3448,124,39,44992.86,1
CUST-005773,43,4196.06,0.4211,1,5,0.4186,136,35,9455.95,1
CUST-005774,22,4718.31,0.6784,5,2,0.1908,90,27,5872.41,1
CUST-005775,47,6729.03,0.1701,1,4,0.7828,164,32,3704.87,1
CUST-005776,71,4194.3,0.7197,1,1,0.3919,129,33,2711.5,1
CUST-005777,42,4090.31,0.5807,2,0,0.5946,90,30,5044.87,1
CUST-005778,26,2838.37,0.6029,2,2,0.224,51,29,4627.56,1
CUST-005779,59,4020.41,0.172,1,4,0.4705,11,34,6163.39,0
CUST-005780,27,8833.19,0.5524,0,2,0.4936,24,25,4653.37,1
CUST-005781,31,5417.18,0.6816,0,1,0.5179,116,32,20104.82,1
CUST-005782,28,3727.45,0.2867,3,5,0.6438,14,37,3388.28,1
CUST-005783,68,9069.56,0.7874,1,2,0.3651,3,36,4597.39,1
CUST-005784,73,3996.07,0.1969,1,0,0.3076,17,36,7128.34,0
CUST-005785,51,9851.65,0.1775,2,1,0.6754,121,45,4272.4,0
CUST-005786,54,9779.44,0.2018,2,0,0.3725,6,31,20916.5,0
CUST-005787,55,5332.73,0.1072,2,5,0.902,151,29,3895.04,1
CUST-005788,53,2649.34,0.6873,0,3,0.4915,176,31,6682.04,1
CUST-005789,50,14569.55,0.1274,5,0,0.2651,139,39,6251.06,0
CUST-005790,74,6189.99,0.2637,3,3,0.5116,137,40,6299.83,0
CUST-005791,60,4494.75,0.1782,5,2,0.488,100,36,60758.56,0
CUST-005792,25,7995.8,0.656,4,3,0.1598,98,33,27312.39,1
CUST-005793,42,7132.74,0.5114,1,5,0.4503,38,41,13841.53,1
CUST-005794,73,9380.01,0.2515,0,2,0.2921,49,46,11377.32,0
CUST-005795,42,3859.75,0.2688,2,1,0.2849,43,25,46072.27,0
CUST-005796,32,6001.27,0.6445,2,2,0.238,132,39,7453.88,1
CUST-005797,67,3049.62,0.3737,2,4,0.6752,146,33,6679.62,1
CUST-005798,54,7018.22,0.2831,3,0,0.3456,179,29,8171.02,0
CUST-005799,51,5146.58,0.7466,3,3,0.3417,77,39,7750.66,1
CUST-005800,43,5900.95,0.0916,2,4,0.5461,67,31,11426.01,0
CUST-005801,27,4868.57,0.1474,1,5,0.3974,18,47,9229.03,0
CUST-005802,41,4644.64,0.1957,3,2,0.7768,70,31,1258.73,1
CUST-005803,44,3518.22,0.2214,2,2,0.2677,96,32,10968.47,1
CUST-005804,71,7421.28,0.2403,0,5,0.2283,153,30,13307.73,0
CUST-005805,37,10165.76,0.3509,3,4,0.3742,16,37,13153.86,1
CUST-005806,29,4047.74,0.6169,1,2,0.2991,71,35,4793.2,1
CUST-005807,44,6670.88,0.4399,2,2,0.12,139,28,2487.25,0
CUST-005808,74,6316.35,0.124,1,5,0.8214,158,36,24358.82,0
CUST-005809,47,5218.98,0.3942,2,2,0.6631,120,34,6419.66,1
CUST-005810,41,2616.12,0.1831,1,5,0.77,33,37,5824.85,0
CUST-005811,57,2894.87,0.2185,3,2,0.4938,102,25,5110.91,0
CUST-005812,56,3659.1,0.6714,2,3,0.2537,164,28,13801.01,1
CUST-005813,37,1985.97,0.4894,3,3,0.4662,135,37,19963.61,1
CUST-005814,73,9798.92,0.745,4,4,0.5256,27,33,12631.55,1
CUST-005815,53,6135.71,0.3362,3,4,0.5681,60,43,12247.06,0
CUST-005816,24,5130.36,0.0882,2,0,0.5951,133,28,6315.1,0
CUST-005817,43,1940.71,0.1578,4,5,0.445,130,38,5912.41,1
CUST-005818,70,2288.55,0.7027,1,0,0.5726,59,39,6208.53,1
CUST-005819,42,5194.52,0.5765,2,4,0.6954,166,42,12514.13,1
CUST-005820,51,12621.21,0.5195,1,4,0.3317,146,36,5368.6,1
CUST-005821,54,3797.22,0.6642,5,3,0.4997,70,21,14561.6,1
CUST-005822,59,7670.39,0.4928,1,0,0.2934,32,40,15474.87,0
CUST-005823,68,4190.01,0.3734,4,5,0.6315,105,40,16078.76,1
CUST-005824,29,5330.88,0.3837,4,4,0.9052,115,35,6109.27,1
CUST-005825,48,8982.39,0.1291,1,3,0.3093,6,39,4094.75,0
CUST-005826,49,4450.34,0.6127,2,1,0.4023,92,29,9002.48,1
CUST-005827,29,3811.84,0.2415,2,4,0.2988,173,37,5803.86,0
CUST-005828,57,9843.29,0.0356,3,1,0.3622,53,40,5108.05,0
CUST-005829,27,5307.71,0.3445,4,2,0.5773,170,35,6977.51,0
CUST-005830,45,8496.9,0.4303,4,2,0.486,89,32,15226.96,1
CUST-005831,38,3820.18,0.4273,2,2,0.6694,148,36,4147.4,1
CUST-005832,29,9792.94,0.8129,4,5,0.5157,172,36,40349.81,1
CUST-005833,65,5881.38,0.5393,2,4,0.3411,152,39,14256.83,1
CUST-005834,34,6323.75,0.6157,3,4,0.5593,137,39,5903.97,1
CUST-005835,34,5517.32,0.7464,2,4,0.6816,165,26,17032.62,1
CUST-005836,67,4142.07,0.297,7,4,0.3604,13,32,4036.25,1
CUST-005837,68,5196.06,0.6478,5,4,0.6106,53,43,10331.28,1
CUST-005838,22,4260.95,0.2428,3,4,0.5618,176,36,13257.56,0
CUST-005839,36,8008.11,0.2252,4,0,0.4779,69,32,16135.4,0
CUST-005840,59,4745.91,0.477,0,4,0.5225,130,24,7898.59,0
CUST-005841,63,2651.78,0.3916,3,1,0.0693,60,37,3399.8,0
CUST-005842,74,2442.25,0.7315,7,1,0.4081,47,41,8887.53,1
CUST-005843,50,2390.82,0.2814,2,1,0.4554,17,23,26937.63,1
CUST-005844,21,6867.12,0.2701,1,5,0.8481,172,29,4898.01,1
CUST-005845,68,3097.15,0.328,1,4,0.8388,15,22,4754.76,1
CUST-005846,29,5951.82,0.0835,1,2,0.6631,90,34,7231.12,1
CUST-005847,27,5529.61,0.105,3,5,0.4843,42,31,14946.35,1
CUST-005848,57,5050.77,0.3927,5,3,0.5875,99,24,3343.73,0
CUST-005849,53,6334.06,0.7719,4,5,0.6566,111,32,5165.14,1
CUST-005850,24,5583.94,0.1591,3,4,0.6208,46,35,3585.45,0
CUST-005851,30,1800.0,0.4351,4,1,0.5368,48,36,30649.9,1
CUST-005852,52,4495.28,0.7269,4,5,0.4499,179,40,3867.98,1
CUST-005853,34,6296.26,0.2258,4,5,0.6089,89,40,9972.65,0
CUST-005854,57,10878.47,0.2489,3,3,0.3195,56,34,4919.38,0
CUST-005855,43,11106.88,0.6075,0,1,0.4457,92,41,12667.26,1
CUST-005856,52,2815.78,0.4389,4,3,0.7176,116,31,21065.65,1
CUST-005857,46,4442.79,0.2122,0,5,0.7614,17,32,7671.49,1
CUST-005858,40,2570.0,0.3829,2,2,0.4074,106,41,17706.91,1
CUST-005859,39,10304.77,0.5067,2,0,0.0393,92,29,15055.37,0
CUST-005860,58,8202.54,0.6976,0,0,0.4442,129,33,11103.98,1
CUST-005861,48,6088.63,0.3263,3,4,0.4673,150,30,19724.23,1
CUST-005862,53,5603.56,0.1965,3,3,0.9126,16,26,67527.68,1
CUST-005863,52,9678.85,0.4821,3,1,0.7775,9,31,27212.04,1
CUST-005864,32,8968.83,0.7528,4,4,0.2579,90,37,2145.09,1
CUST-005865,70,8756.35,0.5624,4,1,0.5837,103,26,2596.46,1
CUST-005866,51,6386.36,0.5062,1,2,0.5655,43,39,8261.93,1
CUST-005867,59,4443.78,0.0955,1,1,0.5363,49,31,1446.59,0
CUST-005868,68,7343.86,0.2754,2,0,0.1584,24,33,7831.83,1
CUST-005869,70,7507.31,0.2292,3,5,0.4375,146,32,2285.88,1
CUST-005870,57,4772.51,0.4207,1,3,0.2629,96,36,10337.81,0
CUST-005871,63,4439.74,0.6803,0,5,0.4996,138,32,12657.99,1
CUST-005872,46,8659.44,0.5317,2,0,0.1365,83,33,7810.37,0
CUST-005873,60,10995.77,0.6098,3,2,0.3169,40,34,6537.0,1
CUST-005874,38,3711.48,0.6415,1,2,0.5255,83,26,4728.07,1
CUST-005875,59,4618.82,0.7489,1,0,0.6285,8,35,9729.96,1
CUST-005876,25,6089.58,0.1918,2,4,0.2495,70,28,3000.86,0
CUST-005877,70,6472.93,0.2878,1,5,0.612,138,36,3954.53,1
CUST-005878,34,4110.7,0.4335,3,1,0.2301,58,28,13050.86,1
CUST-005879,56,12136.81,0.3193,2,5,0.317,174,33,6510.88,1
CUST-005880,21,6287.74,0.4716,5,5,0.852,8,41,5857.72,1
CUST-005881,29,6604.7,0.4357,4,2,0.3128,49,36,21054.13,1
CUST-005882,74,11474.84,0.3934,2,4,0.4264,107,28,8570.58,0
CUST-005883,66,4248.56,0.2361,1,2,0.5116,54,33,5823.33,1
CUST-005884,33,4997.13,0.1272,1,1,0.2821,164,34,16371.86,0
CUST-005885,28,2958.44,0.2474,4,1,0.1586,16,29,3974.45,0
CUST-005886,65,4811.94,0.2229,1,1,0.466,89,28,505.43,0
CUST-005887,74,2660.84,0.2822,2,5,0.5923,60,35,30582.91,1
CUST-005888,30,7280.44,0.3314,4,0,0.151,54,41,3076.78,0
CUST-005889,56,6281.8,0.3641,3,2,0.5577,13,44,39923.24,0
CUST-005890,36,4590.45,0.1889,2,5,0.5527,57,29,5400.33,1
CUST-005891,61,4970.24,0.3357,2,3,0.4717,10,33,1638.53,1
CUST-005892,43,7325.19,0.451,4,0,0.1868,49,42,3858.63,0
CUST-005893,27,3119.12,0.3284,1,2,0.6511,150,31,12489.33,1
CUST-005894,38,5700.39,0.3931,1,3,0.7281,80,32,36297.29,1
CUST-005895,50,7123.78,0.5934,1,0,0.2676,49,38,20027.54,1
CUST-005896,64,2331.79,0.6419,1,4,0.6663,12,27,22268.0,1
CUST-005897,22,7077.22,0.4452,1,3,0.6525,55,35,2869.42,1
CUST-005898,72,2448.14,0.5151,3,1,0.6769,44,42,18737.04,0
CUST-005899,56,4931.98,0.2419,4,4,0.4909,83,30,7235.73,1
CUST-005900,68,3080.63,0.5314,1,2,0.7229,169,35,43440.21,0
CUST-005901,71,9901.83,0.2532,0,2,0.2836,11,20,13521.86,0
CUST-005902,29,3089.33,0.4692,1,1,0.5421,83,31,12713.77,0
CUST-005903,26,2474.59,0.8882,1,2,0.4992,85,44,2573.09,1
CUST-005904,62,5521.6,0.6017,5,4,0.4243,11,37,15859.97,1
CUST-005905,31,4316.7,0.7162,2,0,0.2201,48,38,5166.74,0
CUST-005906,28,2642.13,0.815,2,5,0.3556,5,25,16491.28,1
CUST-005907,46,6588.17,0.4284,5,4,0.4035,128,33,7565.78,1
CUST-005908,70,2122.27,0.5711,1,5,0.4363,176,39,5714.39,1
CUST-005909,63,3262.03,0.2232,4,3,0.4452,12,25,14212.99,1
CUST-005910,48,4014.09,0.5371,1,0,0.1838,141,29,10343.48,0
CUST-005911,31,7460.77,0.3474,3,4,0.3379,97,28,2909.61,1
CUST-005912,39,9314.94,0.1247,5,4,0.5598,49,35,35147.03,0
CUST-005913,58,8541.28,0.6187,8,2,0.3518,115,37,7456.14,1
CUST-005914,29,4853.43,0.7458,2,3,0.2922,61,38,19496.82,1
CUST-005915,49,1800.0,0.3401,2,2,0.2085,179,38,8087.02,1
CUST-005916,21,6199.96,0.3057,2,5,0.8971,136,33,4078.85,1
CUST-005917,38,10078.62,0.5549,0,5,0.5365,48,29,7530.21,0
CUST-005918,34,9059.96,0.7314,5,3,0.2654,116,36,14802.73,1
CUST-005919,57,6404.4,0.1162,3,5,0.4717,165,43,78946.5,0
CUST-005920,70,3044.64,0.2789,1,2,0.3489,119,32,22382.28,1
CUST-005921,28,4105.27,0.5747,1,1,0.2452,120,30,5512.71,0
CUST-005922,64,12414.62,0.2232,0,2,0.6492,69,39,2295.49,0
CUST-005923,56,2748.71,0.3773,1,5,0.9001,113,38,9228.84,1
CUST-005924,73,3102.26,0.1482,5,5,0.566,151,35,9457.38,0
CUST-005925,70,7947.1,0.5476,6,0,0.5818,16,33,21903.72,1
CUST-005926,26,4282.93,0.3479,3,4,0.9377,128,41,29538.63,1
CUST-005927,61,3055.27,0.4076,4,4,0.4342,41,33,15843.39,1
CUST-005928,52,10342.33,0.3288,4,0,0.2391,131,35,21160.38,0
CUST-005929,27,6398.95,0.2807,4,3,0.6258,93,24,7517.33,0
CUST-005930,34,4379.12,0.599,2,5,0.5495,37,36,19547.81,1
CUST-005931,71,3105.14,0.5425,0,2,0.3091,179,32,11972.64,0
CUST-005932,50,13065.71,0.1608,3,4,0.5545,56,30,54537.37,0
CUST-005933,39,5143.1,0.633,1,2,0.249,148,38,11048.85,1
CUST-005934,38,9751.84,0.0834,1,0,0.3503,67,37,7608.07,0
CUST-005935,66,7774.07,0.5559,3,2,0.5255,27,29,17972.89,0
CUST-005936,36,4113.41,0.3077,2,2,0.3302,56,42,35515.96,1
CUST-005937,29,4128.17,0.1588,3,2,0.2729,174,34,18742.45,1
CUST-005938,51,9969.2,0.2944,0,1,0.4334,38,42,13309.78,1
CUST-005939,74,10042.15,0.314,5,5,0.6045,149,34,8638.15,1
CUST-005940,30,2234.56,0.3777,1,3,0.4427,122,36,4086.2,1
CUST-005941,34,6659.6,0.5087,0,3,0.5118,79,37,26123.1,1
CUST-005942,46,4923.95,0.2536,2,3,0.3387,118,31,26183.95,1
CUST-005943,31,3266.32,0.3394,3,2,0.2913,105,35,1351.65,1
CUST-005944,56,5850.02,0.4479,2,5,0.633,100,25,4190.12,1
CUST-005945,34,2833.01,0.1482,6,2,0.5367,128,28,17179.26,1
CUST-005946,27,4215.44,0.6896,0,0,0.1016,111,41,5742.7,1
CUST-005947,35,3630.41,0.522,2,2,0.3532,12,26,14865.5,1
CUST-005948,71,4152.67,0.5143,2,2,0.5346,175,26,3689.46,1
CUST-005949,71,5035.4,0.0903,0,2,0.2968,179,32,4246.14,0
CUST-005950,48,3292.52,0.0806,2,1,0.4081,15,27,3198.04,0
CUST-005951,42,10554.89,0.7775,3,2,0.2954,4,34,8125.43,1
CUST-005952,65,6492.42,0.2128,3,0,0.4688,122,36,8983.9,0
CUST-005953,31,11660.56,0.4585,3,2,0.5168,154,26,3026.8,1
CUST-005954,56,4838.59,0.3182,4,4,0.2534,146,31,3555.36,1
CUST-005955,57,4062.11,0.6578,5,4,0.5077,108,36,6109.28,1
CUST-005956,59,11472.42,0.6906,1,4,0.5151,80,29,6591.8,1
CUST-005957,32,4008.96,0.4643,2,0,0.3398,164,30,4485.18,0
CUST-005958,59,4799.09,0.6976,2,5,0.6771,57,30,15390.16,1
CUST-005959,54,7189.92,0.6558,2,1,0.241,159,41,6143.18,0
CUST-005960,68,2979.28,0.1239,1,3,0.4248,100,41,10325.42,0
CUST-005961,30,7161.66,0.4474,5,5,0.5492,98,39,12995.3,1
CUST-005962,54,6760.96,0.2818,4,1,0.2998,137,35,4006.79,0
CUST-005963,65,9206.0,0.1833,2,0,0.3598,105,30,14416.61,0
CUST-005964,36,7761.52,0.5305,1,2,0.5535,156,42,10347.3,0
CUST-005965,61,9333.86,0.4138,4,0,0.0998,157,30,9692.22,0
CUST-005966,26,4947.93,0.5695,2,3,0.4695,120,35,4211.47,1
CUST-005967,59,3527.03,0.0924,2,4,0.3151,66,38,20275.57,1
CUST-005968,53,13438.88,0.4417,3,3,0.4892,116,32,2046.25,1
CUST-005969,31,2616.0,0.7643,4,1,0.5185,176,25,7898.67,1
CUST-005970,24,2736.63,0.3682,2,0,0.2443,161,29,4171.08,0
CUST-005971,61,6705.76,0.4218,6,1,0.5261,157,20,6111.82,1
CUST-005972,34,10803.85,0.1139,1,5,0.3043,97,44,2507.98,0
CUST-005973,47,5663.02,0.4407,1,2,0.2799,173,44,4695.14,1
CUST-005974,24,8152.67,0.1092,2,5,0.425,66,29,3280.15,1
CUST-005975,73,2118.16,0.6318,0,5,0.35,133,38,2311.26,1
CUST-005976,50,4153.13,0.376,1,4,0.5306,36,34,14303.21,1
CUST-005977,71,2237.55,0.235,2,1,0.4799,55,26,4659.02,0
CUST-005978,29,7387.9,0.8123,0,1,0.8219,26,27,7361.21,1
CUST-005979,32,2591.93,0.5822,1,0,0.3157,68,31,12259.21,0
CUST-005980,53,2926.01,0.5645,3,2,0.5658,68,29,11433.09,1
CUST-005981,53,6553.31,0.452,1,2,0.3069,47,30,7766.84,1
CUST-005982,63,8385.3,0.2191,1,4,0.3241,7,42,4770.67,0
CUST-005983,71,4841.01,0.7389,2,0,0.5105,66,31,6217.4,1
CUST-005984,65,6721.0,0.2276,1,1,0.3992,116,42,10498.66,0
CUST-005985,28,6623.76,0.2753,4,2,0.726,154,29,22828.06,1
CUST-005986,37,4719.56,0.3967,0,2,0.7734,157,32,1093.5,1
CUST-005987,70,3177.33,0.3473,2,3,0.2416,69,29,12626.57,1
CUST-005988,50,6705.04,0.3425,3,4,0.6354,116,43,3041.01,1
CUST-005989,67,6852.08,0.5984,1,5,0.7228,17,39,5567.31,1
CUST-005990,51,7775.44,0.2899,2,0,0.1964,176,36,7299.67,0
CUST-005991,23,5984.0,0.0825,2,1,0.5529,56,36,8015.02,1
CUST-005992,46,3073.55,0.6809,5,0,0.1499,166,34,5020.68,1
CUST-005993,65,7094.44,0.471,1,1,0.5711,82,44,24909.15,0
CUST-005994,56,5196.77,0.5136,2,0,0.2133,108,35,14740.57,1
CUST-005995,28,4184.67,0.8272,3,2,0.2563,94,25,5867.74,1
CUST-005996,32,4554.3,0.2989,4,1,0.2468,26,27,36608.38,0
CUST-005997,67,3811.58,0.4427,1,3,0.5675,56,33,4660.26,1
CUST-005998,73,7757.33,0.1638,1,2,0.2971,37,42,4395.7,0
CUST-005999,61,2746.99,0.7074,1,3,0.3865,126,33,9685.24,1
CUST-006000,26,3325.4,0.4811,4,5,0.8438,65,37,5234.36,1
