transaction_id,customer_id,amount,channel,category
TXN-00000001,CUST-004512,249.86,wallet,retail
TXN-00000002,CUST-005038,52.01,branch,grocery
TXN-00000003,CUST-000182,159.07,online,grocery
TXN-00000004,CUST-000256,658.61,atm,education
TXN-00000005,CUST-001841,18.06,online,travel
TXN-00000006,CUST-004392,92.16,branch,education
TXN-00000007,CUST-002380,23.83,card,retail
TXN-00000008,CUST-004513,106.75,card,dining
TXN-00000009,CUST-003664,196.58,card,health
TXN-00000010,CUST-005085,27.41,online,health
TXN-00000011,CUST-001160,42.31,branch,grocery
TXN-00000012,CUST-004874,71.16,card,education
TXN-00000013,CUST-003217,188.07,branch,grocery
TXN-00000014,CUST-000774,218.74,online,grocery
TXN-00000015,CUST-002057,124.94,branch,health
TXN-00000016,CUST-000874,101.8,online,grocery
TXN-00000017,CUST-002126,77.63,card,education
TXN-00000018,CUST-001534,192.17,online,health
TXN-00000019,CUST-001570,130.41,card,dining
TXN-00000020,CUST-003989,162.51,online,grocery
TXN-00000021,CUST-005851,94.83,branch,utilities
TXN-00000022,CUST-004746,21.4,card,travel
TXN-00000023,CUST-004841,24.11,wallet,travel
TXN-00000024,CUST-003397,124.62,card,travel
TXN-00000025,CUST-004086,47.4,atm,education
TXN-00000026,CUST-001954,122.42,online,travel
TXN-00000027,CUST-003062,48.78,online,grocery
TXN-00000028,CUST-005809,34.81,online,dining
TXN-00000029,CUST-000493,153.98,branch,health
TXN-00000030,CUST-005560,20.18,card,dining
TXN-00000031,CUST-001847,134.44,atm,education
TXN-00000032,CUST-000944,51.94,online,utilities
TXN-00000033,CUST-004966,35.26,online,grocery
TXN-00000034,CUST-002306,50.16,branch,grocery
TXN-00000035,CUST-004359,86.13,card,health
TXN-00000036,CUST-002746,435.25,atm,health
TXN-00000037,CUST-004333,121.73,wallet,education
TXN-00000038,CUST-001374,224.58,card,retail
TXN-00000039,CUST-003332,153.19,online,utilities
TXN-00000040,CUST-003834,91.31,atm,utilities
TXN-00000041,CUST-004146,49.65,atm,grocery
TXN-00000042,CUST-000885,49.52,atm,travel
TXN-00000043,CUST-004050,61.67,card,travel
TXN-00000044,CUST-005640,213.14,online,utilities
TXN-00000045,CUST-001069,761.91,online,education
TXN-00000046,CUST-004607,53.63,atm,dining
TXN-00000047,CUST-003485,92.71,branch,dining
TXN-00000048,CUST-003080,81.1,atm,utilities
TXN-00000049,CUST-001317,49.74,branch,utilities
TXN-00000050,CUST-003898,10.36,branch,dining
TXN-00000051,CUST-004163,307.59,online,health
TXN-00000052,CUST-000888,128.51,card,dining
TXN-00000053,CUST-004082,134.81,card,travel
TXN-00000054,CUST-005756,44.78,card,grocery
TXN-00000055,CUST-004733,144.37,card,utilities
TXN-00000056,CUST-004959,23.83,card,education
TXN-00000057,CUST-002934,101.84,atm,health
TXN-00000058,CUST-003505,26.98,card,dining
TXN-00000059,CUST-002055,28.11,card,education
TXN-00000060,CUST-000324,70.69,branch,travel
TXN-00000061,CUST-003586,54.34,online,grocery
TXN-00000062,CUST-005513,374.71,atm,education
TXN-00000063,CUST-004623,13.54,online,grocery
TXN-00000064,CUST-004413,126.28,online,retail
TXN-00000065,CUST-000188,216.3,card,utilities
TXN-00000066,CUST-000494,37.82,atm,education
TXN-00000067,CUST-000744,55.96,online,travel
TXN-00000068,CUST-003525,152.42,online,grocery
TXN-00000069,CUST-001909,29.55,atm,grocery
TXN-00000070,CUST-000846,75.64,online,utilities
TXN-00000071,CUST-003159,65.09,atm,utilities
TXN-00000072,CUST-000726,108.12,online,grocery
TXN-00000073,CUST-001143,87.1,online,retail
TXN-00000074,CUST-003109,67.09,card,health
TXN-00000075,CUST-005114,71.16,card,grocery
TXN-00000076,CUST-004911,47.65,branch,health
TXN-00000077,CUST-000447,163.95,online,utilities
TXN-00000078,CUST-003664,90.69,card,grocery
TXN-00000079,CUST-005914,84.31,atm,education
TXN-00000080,CUST-001322,344.43,branch,dining
TXN-00000081,CUST-002401,168.07,online,education
TXN-00000082,CUST-001234,43.95,atm,travel
TXN-00000083,CUST-000931,660.08,online,dining
TXN-00000084,CUST-002206,50.32,card,travel
TXN-00000085,CUST-005182,1002.26,wallet,education
TXN-00000086,CUST-002606,2.39,online,dining
TXN-00000087,CUST-000802,45.2,branch,dining
TXN-00000088,CUST-005173,66.59,card,education
TXN-00000089,CUST-003976,62.3,card,health
TXN-00000090,CUST-004779,55.64,card,grocery
TXN-00000091,CUST-001810,123.82,online,grocery
TXN-00000092,CUST-002369,43.96,online,utilities
TXN-00000093,CUST-000619,80.82,card,utilities
TXN-00000094,CUST-004630,101.7,atm,travel
TXN-00000095,CUST-002359,1858.79,online,travel
TXN-00000096,CUST-005175,367.18,online,grocery
TXN-00000097,CUST-003349,138.25,card,grocery
TXN-00000098,CUST-002991,326.46,online,health
TXN-00000099,CUST-000751,8.36,online,health
TXN-00000100,CUST-004580,16.92,card,utilities
TXN-00000101,CUST-005744,60.27,wallet,utilities
TXN-00000102,CUST-001841,25.49,atm,grocery
TXN-00000103,CUST-005472,129.52,online,travel
TXN-00000104,CUST-000754,181.54,card,travel
TXN-00000105,CUST-002997,60.44,card,education
TXN-00000106,CUST-004615,34.29,atm,travel
TXN-00000107,CUST-001037,296.5,card,grocery
TXN-00000108,CUST-005218,11.52,atm,retail
TXN-00000109,CUST-002347,55.39,card,utilities
TXN-00000110,CUST-000245,27.18,online,education
TXN-00000111,CUST-000177,70.42,online,dining
TXN-00000112,CUST-003885,52.25,card,grocery
TXN-00000113,CUST-000101,60.7,wallet,utilities
TXN-00000114,CUST-002978,97.95,wallet,grocery
TXN-00000115,CUST-002477,513.34,online,dining
TXN-00000116,CUST-004120,219.11,online,utilities
TXN-00000117,CUST-000420,54.74,atm,health
TXN-00000118,CUST-001619,43.55,wallet,education
TXN-00000119,CUST-001279,113.69,atm,utilities
TXN-00000120,CUST-005425,16.02,card,health
TXN-00000121,CUST-004308,8.83,online,utilities
TXN-00000122,CUST-002604,85.6,atm,utilities
TXN-00000123,CUST-004994,66.85,branch,utilities
TXN-00000124,CUST-000318,304.65,online,education
TXN-00000125,CUST-003377,63.83,online,health
TXN-00000126,CUST-000632,165.27,atm,dining
TXN-00000127,CUST-001287,119.69,wallet,utilities
TXN-00000128,CUST-005950,72.31,atm,dining
TXN-00000129,CUST-003302,24.2,card,health
TXN-00000130,CUST-004453,69.54,online,utilities
TXN-00000131,CUST-004983,22.87,atm,travel
TXN-00000132,CUST-000045,36.62,branch,health
TXN-00000133,CUST-005298,20.18,card,health
TXN-00000134,CUST-002515,249.09,branch,education
TXN-00000135,CUST-003740,65.64,branch,health
TXN-00000136,CUST-005559,26.98,card,health
TXN-00000137,CUST-001653,21.38,online,health
TXN-00000138,CUST-002484,198.25,card,utilities
TXN-00000139,CUST-002095,157.4,card,retail
TXN-00000140,CUST-002794,20.31,online,grocery
TXN-00000141,CUST-001930,131.59,card,grocery
TXN-00000142,CUST-000062,39.5,card,grocery
TXN-00000143,CUST-003331,160.21,atm,retail
TXN-00000144,CUST-005035,15.59,card,utilities
TXN-00000145,CUST-004569,74.04,card,dining
TXN-00000146,CUST-002513,103.2,online,health
TXN-00000147,CUST-003206,340.94,card,utilities
TXN-00000148,CUST-005440,35.88,online,education
TXN-00000149,CUST-000965,27.24,atm,grocery
TXN-00000150,CUST-000047,21.93,online,education
TXN-00000151,CUST-001817,29.74,card,health
TXN-00000152,CUST-000075,266.92,online,grocery
TXN-00000153,CUST-001154,26.68,card,health
TXN-00000154,CUST-003045,94.98,card,retail
TXN-00000155,CUST-005548,93.7,atm,retail
TXN-00000156,CUST-000763,22.8,card,retail
TXN-00000157,CUST-004848,123.07,online,travel
TXN-00000158,CUST-004222,181.22,online,education
TXN-00000159,CUST-003206,42.01,online,grocery
TXN-00000160,CUST-000624,59.74,online,utilities
TXN-00000161,CUST-001177,49.69,card,retail
TXN-00000162,CUST-000117,22.36,online,education
TXN-00000163,CUST-003809,110.12,card,utilities
TXN-00000164,CUST-003976,69.44,atm,education
TXN-00000165,CUST-004119,89.39,atm,health
TXN-00000166,CUST-000361,8.23,online,retail
TXN-00000167,CUST-001202,103.42,wallet,health
TXN-00000168,CUST-001531,263.59,atm,education
TXN-00000169,CUST-001069,39.88,online,grocery
TXN-00000170,CUST-003507,30.04,branch,utilities
TXN-00000171,CUST-003107,149.82,card,health
TXN-00000172,CUST-002219,21.02,atm,utilities
TXN-00000173,CUST-003115,6.18,wallet,retail
TXN-00000174,CUST-001674,85.92,online,grocery
TXN-00000175,CUST-003125,40.02,online,travel
TXN-00000176,CUST-004878,136.92,atm,travel
TXN-00000177,CUST-002112,77.72,card,dining
TXN-00000178,CUST-003040,140.56,branch,education
TXN-00000179,CUST-002320,83.38,card,travel
TXN-00000180,CUST-003656,168.86,card,travel
TXN-00000181,CUST-004908,1689.01,online,utilities
TXN-00000182,CUST-001125,48.06,card,health
TXN-00000183,CUST-000878,60.43,atm,utilities
TXN-00000184,CUST-003119,23.92,online,dining
TXN-00000185,CUST-001882,56.75,branch,dining
TXN-00000186,CUST-005914,73.2,online,retail
TXN-00000187,CUST-000773,48.74,branch,education
TXN-00000188,CUST-005945,79.93,branch,health
TXN-00000189,CUST-001504,82.52,branch,retail
TXN-00000190,CUST-001408,92.85,wallet,utilities
TXN-00000191,CUST-004964,48.09,online,grocery
TXN-00000192,CUST-000985,14.62,online,retail
TXN-00000193,CUST-003556,144.22,online,dining
TXN-00000194,CUST-004625,52.7,card,utilities
TXN-00000195,CUST-004763,157.13,online,utilities
TXN-00000196,CUST-004031,49.82,card,retail
TXN-00000197,CUST-000002,17.89,branch,utilities
TXN-00000198,CUST-000997,52.92,card,dining
TXN-00000199,CUST-000102,10.94,online,retail
TXN-00000200,CUST-005522,27.7,atm,grocery
TXN-00000201,CUST-001994,53.47,online,travel
TXN-00000202,CUST-005276,21.28,card,dining
TXN-00000203,CUST-001976,57.75,online,utilities
TXN-00000204,CUST-003122,27.95,online,travel
TXN-00000205,CUST-004744,128.06,online,health
TXN-00000206,CUST-004756,9.78,card,education
TXN-00000207,CUST-004785,94.24,wallet,travel
TXN-00000208,CUST-001435,63.47,card,retail
TXN-00000209,CUST-002127,35.24,card,travel
TXN-00000210,CUST-003544,60.15,atm,grocery
TXN-00000211,CUST-002239,104.56,card,dining
TXN-00000212,CUST-002783,6.52,card,utilities
TXN-00000213,CUST-000044,132.1,card,retail
TXN-00000214,CUST-004982,361.07,card,retail
TXN-00000215,CUST-002122,18.5,online,utilities
TXN-00000216,CUST-005408,428.94,atm,grocery
TXN-00000217,CUST-002023,180.51,card,grocery
TXN-00000218,CUST-004614,34.43,online,health
TXN-00000219,CUST-002249,81.21,card,grocery
TXN-00000220,CUST-001641,40.08,online,travel
TXN-00000221,CUST-005416,84.29,atm,travel
TXN-00000222,CUST-000123,394.35,branch,retail
TXN-00000223,CUST-003983,126.36,online,dining
TXN-00000224,CUST-005719,53.7,branch,health
TXN-00000225,CUST-003941,108.56,online,travel
TXN-00000226,CUST-002769,18.08,online,utilities
TXN-00000227,CUST-001855,360.42,card,education
TXN-00000228,CUST-000989,58.62,online,education
TXN-00000229,CUST-001260,57.87,card,health
TXN-00000230,CUST-004704,91.17,card,education
TXN-00000231,CUST-003496,44.88,card,health
TXN-00000232,CUST-004897,31.48,card,retail
TXN-00000233,CUST-004941,102.28,card,retail
TXN-00000234,CUST-002668,52.09,online,utilities
TXN-00000235,CUST-004747,23.24,online,travel
TXN-00000236,CUST-005109,198.09,online,utilities
TXN-00000237,CUST-003900,6.21,card,grocery
TXN-00000238,CUST-004552,22.05,branch,dining
TXN-00000239,CUST-005113,163.38,card,utilities
TXN-00000240,CUST-002494,54.94,atm,utilities
TXN-00000241,CUST-005421,250.22,branch,health
TXN-00000242,CUST-000584,229.39,atm,dining
TXN-00000243,CUST-004490,190.27,branch,dining
TXN-00000244,CUST-002232,331.75,card,travel
TXN-00000245,CUST-003350,57.24,atm,retail
TXN-00000246,CUST-005697,64.8,branch,travel
TXN-00000247,CUST-001446,76.39,branch,utilities
TXN-00000248,CUST-003350,201.44,online,travel
TXN-00000249,CUST-002330,41.8,online,grocery
TXN-00000250,CUST-002748,182.01,branch,retail
TXN-00000251,CUST-000496,79.73,atm,education
TXN-00000252,CUST-001204,201.29,card,retail
TXN-00000253,CUST-002716,182.76,atm,dining
TXN-00000254,CUST-001930,63.97,online,utilities
TXN-00000255,CUST-002924,382.16,atm,dining
TXN-00000256,CUST-002537,187.53,online,travel
TXN-00000257,CUST-004298,12.23,card,education
TXN-00000258,CUST-004769,9.26,card,education
TXN-00000259,CUST-004093,26.8,atm,travel
TXN-00000260,CUST-000170,71.82,online,dining
TXN-00000261,CUST-004317,228.82,wallet,travel
TXN-00000262,CUST-005316,52.48,wallet,grocery
TXN-00000263,CUST-003948,53.11,branch,grocery
TXN-00000264,CUST-004609,97.81,branch,health
TXN-00000265,CUST-002887,323.6,card,education
TXN-00000266,CUST-000877,106.53,card,grocery
TXN-00000267,CUST-003470,57.56,online,travel
TXN-00000268,CUST-003588,23.96,online,education
TXN-00000269,CUST-000469,20.7,online,dining
TXN-00000270,CUST-005940,16.54,atm,dining
TXN-00000271,CUST-002212,120.97,card,education
TXN-00000272,CUST-005848,101.73,atm,travel
TXN-00000273,CUST-002466,133.62,atm,dining
TXN-00000274,CUST-004390,178.11,card,travel
TXN-00000275,CUST-005829,87.22,card,retail
TXN-00000276,CUST-005853,28.6,atm,education
TXN-00000277,CUST-001358,37.92,online,dining
TXN-00000278,CUST-002901,82.57,branch,travel
TXN-00000279,CUST-003968,49.88,online,dining
TXN-00000280,CUST-003794,11.78,card,grocery
TXN-00000281,CUST-000428,36.19,wallet,health
TXN-00000282,CUST-002959,300.42,online,utilities
TXN-00000283,CUST-000274,91.96,atm,education
TXN-00000284,CUST-005103,82.36,card,dining
TXN-00000285,CUST-001506,32.84,card,dining
TXN-00000286,CUST-001879,17.49,online,education
TXN-00000287,CUST-004796,78.59,atm,travel
TXN-00000288,CUST-000875,106.61,card,retail
TXN-00000289,CUST-004914,17.47,card,grocery
TXN-00000290,CUST-003092,172.74,atm,education
TXN-00000291,CUST-001872,45.29,wallet,retail
TXN-00000292,CUST-002182,104.36,atm,education
TXN-00000293,CUST-004415,76.93,atm,education
TXN-00000294,CUST-004931,67.34,card,retail
TXN-00000295,CUST-004680,1046.33,branch,health
TXN-00000296,CUST-003073,128.85,card,health
TXN-00000297,CUST-000499,75.99,online,travel
TXN-00000298,CUST-000502,138.81,atm,retail
TXN-00000299,CUST-003666,49.41,online,travel
TXN-00000300,CUST-004281,165.78,card,grocery
TXN-00000301,CUST-000902,96.85,branch,utilities
TXN-00000302,CUST-000948,63.68,card,travel
TXN-00000303,CUST-005659,55.5,card,retail
TXN-00000304,CUST-002475,62.97,card,education
TXN-00000305,CUST-004454,74.49,atm,grocery
TXN-00000306,CUST-001605,245.95,card,retail
TXN-00000307,CUST-003549,113.14,card,travel
TXN-00000308,CUST-002655,9.02,atm,dining
TXN-00000309,CUST-001706,385.43,online,travel
TXN-00000310,CUST-005669,127.78,wallet,retail
TXN-00000311,CUST-004749,905.45,card,retail
TXN-00000312,CUST-003010,69.63,branch,retail
TXN-00000313,CUST-000761,234.24,online,travel
TXN-00000314,CUST-001653,157.72,wallet,education
TXN-00000315,CUST-002907,89.26,atm,travel
TXN-00000316,CUST-003716,280.91,card,health
TXN-00000317,CUST-005482,61.61,online,education
TXN-00000318,CUST-004302,84.41,online,health
TXN-00000319,CUST-004675,24.95,wallet,utilities
TXN-00000320,CUST-005911,59.36,online,retail
TXN-00000321,CUST-003889,30.25,online,grocery
TXN-00000322,CUST-000957,77.39,online,retail
TXN-00000323,CUST-000837,137.31,online,retail
TXN-00000324,CUST-002175,109.96,card,education
TXN-00000325,CUST-003900,92.21,card,utilities
TXN-00000326,CUST-003833,153.4,card,grocery
TXN-00000327,CUST-000218,856.68,atm,education
TXN-00000328,CUST-004623,47.48,online,grocery
TXN-00000329,CUST-000613,843.69,online,grocery
TXN-00000330,CUST-004215,18.33,card,dining
TXN-00000331,CUST-004648,7.18,branch,grocery
TXN-00000332,CUST-003547,250.15,atm,grocery
TXN-00000333,CUST-001234,80.3,card,grocery
TXN-00000334,CUST-002309,15.75,card,dining
TXN-00000335,CUST-003964,77.55,online,health
TXN-00000336,CUST-005562,48.98,atm,travel
TXN-00000337,CUST-005187,110.48,online,health
TXN-00000338,CUST-004830,57.55,online,travel
TXN-00000339,CUST-003174,271.27,branch,dining
TXN-00000340,CUST-003505,87.63,atm,travel
TXN-00000341,CUST-002705,97.93,online,retail
TXN-00000342,CUST-000119,61.28,online,dining
TXN-00000343,CUST-002802,148.03,online,grocery
TXN-00000344,CUST-005443,65.97,card,retail
TXN-00000345,CUST-002827,202.54,card,dining
TXN-00000346,CUST-000209,18.41,card,grocery
TXN-00000347,CUST-005932,83.46,online,health
TXN-00000348,CUST-005210,41.26,online,travel
TXN-00000349,CUST-004939,27.58,online,grocery
TXN-00000350,CUST-004114,19.66,card,retail
TXN-00000351,CUST-004273,31.2,card,travel
TXN-00000352,CUST-000386,105.98,online,utilities
TXN-00000353,CUST-002737,116.15,wallet,health
TXN-00000354,CUST-000757,164.93,card,retail
TXN-00000355,CUST-003624,47.23,online,dining
TXN-00000356,CUST-005928,205.89,online,utilities
TXN-00000357,CUST-002452,69.39,atm,health
TXN-00000358,CUST-002975,144.1,online,education
TXN-00000359,CUST-005785,82.51,online,grocery
TXN-00000360,CUST-002633,35.44,card,retail
TXN-00000361,CUST-002486,18.04,card,health
TXN-00000362,CUST-001264,22.34,card,grocery
TXN-00000363,CUST-004488,28.16,wallet,health
TXN-00000364,CUST-001096,45.09,card,education
TXN-00000365,CUST-001102,140.63,card,education
TXN-00000366,CUST-000059,199.21,online,utilities
TXN-00000367,CUST-001030,214.04,card,health
TXN-00000368,CUST-001718,3.23,online,grocery
TXN-00000369,CUST-002272,46.34,atm,dining
TXN-00000370,CUST-004039,56.58,wallet,health
TXN-00000371,CUST-005292,48.59,card,retail
TXN-00000372,CUST-003956,13.25,branch,travel
TXN-00000373,CUST-000070,205.63,card,dining
TXN-00000374,CUST-004340,454.94,wallet,education
TXN-00000375,CUST-005495,52.35,online,travel
TXN-00000376,CUST-004215,673.84,online,education
TXN-00000377,CUST-000182,7.25,card,retail
TXN-00000378,CUST-002793,24.44,wallet,dining
TXN-00000379,CUST-001465,56.49,atm,travel
TXN-00000380,CUST-005641,140.88,online,health
TXN-00000381,CUST-001228,79.99,card,education
TXN-00000382,CUST-000312,24.69,online,health
TXN-00000383,CUST-001210,154.19,card,travel
TXN-00000384,CUST-003316,131.94,card,health
TXN-00000385,CUST-000185,42.93,wallet,utilities
TXN-00000386,CUST-005095,50.6,wallet,education
TXN-00000387,CUST-002458,23.87,online,grocery
TXN-00000388,CUST-002144,125.77,atm,grocery
TXN-00000389,CUST-001302,22.46,card,grocery
TXN-00000390,CUST-003065,20.02,online,retail
TXN-00000391,CUST-001510,374.1,card,travel
TXN-00000392,CUST-004217,80.87,card,utilities
TXN-00000393,CUST-002322,35.86,atm,grocery
TXN-00000394,CUST-004984,10.75,branch,utilities
TXN-00000395,CUST-001356,82.6,online,dining
TXN-00000396,CUST-001390,74.84,wallet,travel
TXN-00000397,CUST-004261,223.84,online,travel
TXN-00000398,CUST-001847,7.0,card,dining
TXN-00000399,CUST-001360,34.72,card,education
TXN-00000400,CUST-000072,127.66,card,dining
TXN-00000401,CUST-001697,62.5,card,dining
TXN-00000402,CUST-004701,150.48,card,grocery
TXN-00000403,CUST-003355,96.34,online,dining
TXN-00000404,CUST-001450,91.44,branch,utilities
TXN-00000405,CUST-002036,135.87,atm,retail
TXN-00000406,CUST-001943,21.65,card,utilities
TXN-00000407,CUST-001744,103.5,atm,travel
TXN-00000408,CUST-000254,108.69,online,travel
TXN-00000409,CUST-003935,604.77,branch,utilities
TXN-00000410,CUST-002760,9.14,branch,travel
TXN-00000411,CUST-002200,49.64,online,travel
TXN-00000412,CUST-005388,126.8,card,health
TXN-00000413,CUST-000767,178.49,wallet,dining
TXN-00000414,CUST-001080,59.61,card,utilities
TXN-00000415,CUST-005138,52.6,branch,dining
TXN-00000416,CUST-004923,58.73,online,utilities
TXN-00000417,CUST-001098,303.62,online,health
TXN-00000418,CUST-001984,70.41,card,grocery
TXN-00000419,CUST-001641,36.12,online,education
TXN-00000420,CUST-000602,40.03,card,grocery
TXN-00000421,CUST-000482,35.0,branch,travel
TXN-00000422,CUST-005507,170.03,branch,retail
TXN-00000423,CUST-005847,219.59,card,grocery
TXN-00000424,CUST-005085,13.49,branch,grocery
TXN-00000425,CUST-000518,44.33,atm,grocery
TXN-00000426,CUST-002844,129.66,card,utilities
TXN-00000427,CUST-000071,95.25,atm,utilities
TXN-00000428,CUST-004604,54.74,atm,dining
TXN-00000429,CUST-000520,170.93,branch,retail
TXN-00000430,CUST-001324,299.06,online,utilities
TXN-00000431,CUST-000235,36.14,card,health
TXN-00000432,CUST-001702,15.04,online,education
TXN-00000433,CUST-005476,67.18,card,utilities
TXN-00000434,CUST-004699,24.9,atm,retail
TXN-00000435,CUST-001672,150.81,card,travel
TXN-00000436,CUST-000122,26.27,card,grocery
TXN-00000437,CUST-004240,527.65,card,health
TXN-00000438,CUST-000116,23.29,card,retail
TXN-00000439,CUST-003615,65.47,atm,travel
TXN-00000440,CUST-003457,90.21,card,utilities
TXN-00000441,CUST-003214,38.48,wallet,education
TXN-00000442,CUST-005014,61.68,atm,travel
TXN-00000443,CUST-005012,90.01,card,retail
TXN-00000444,CUST-001316,509.7,branch,grocery
TXN-00000445,CUST-005916,104.86,wallet,travel
TXN-00000446,CUST-000465,79.08,online,education
TXN-00000447,CUST-004343,258.4,atm,travel
TXN-00000448,CUST-000700,146.25,card,travel
TXN-00000449,CUST-003949,255.33,atm,travel
TXN-00000450,CUST-003037,31.88,atm,health
TXN-00000451,CUST-002365,17.52,online,utilities
TXN-00000452,CUST-000015,413.15,card,utilities
TXN-00000453,CUST-002092,122.29,card,grocery
TXN-00000454,CUST-005561,42.91,wallet,dining
TXN-00000455,CUST-002390,24.82,online,utilities
TXN-00000456,CUST-001402,48.6,branch,education
TXN-00000457,CUST-001968,488.02,card,grocery
TXN-00000458,CUST-005518,21.57,branch,dining
TXN-00000459,CUST-005446,471.55,online,education
TXN-00000460,CUST-002216,40.93,card,utilities
TXN-00000461,CUST-004981,73.12,card,retail
TXN-00000462,CUST-001194,75.23,online,retail
TXN-00000463,CUST-000262,85.59,card,utilities
TXN-00000464,CUST-000936,16.28,online,education
TXN-00000465,CUST-004158,892.42,atm,education
TXN-00000466,CUST-005651,153.29,card,retail
TXN-00000467,CUST-005742,169.42,branch,retail
TXN-00000468,CUST-004162,82.18,card,retail
TXN-00000469,CUST-001250,96.32,branch,education
TXN-00000470,CUST-004259,118.23,card,grocery
TXN-00000471,CUST-001448,105.5,atm,dining
TXN-00000472,CUST-001238,30.62,branch,education
TXN-00000473,CUST-000847,38.6,wallet,health
TXN-00000474,CUST-003787,197.84,atm,grocery
TXN-00000475,CUST-003062,304.36,atm,utilities
TXN-00000476,CUST-000506,33.51,wallet,retail
TXN-00000477,CUST-002821,58.77,card,travel
TXN-00000478,CUST-000799,56.85,online,retail
TXN-00000479,CUST-002283,180.15,card,grocery
TXN-00000480,CUST-000184,64.97,card,grocery
TXN-00000481,CUST-000322,53.51,atm,dining
TXN-00000482,CUST-003639,33.7,online,utilities
TXN-00000483,CUST-002499,191.11,wallet,travel
TXN-00000484,CUST-005362,69.64,online,retail
TXN-00000485,CUST-002181,54.05,online,utilities
TXN-00000486,CUST-004422,68.66,atm,dining
TXN-00000487,CUST-000763,371.16,card,dining
TXN-00000488,CUST-000611,98.68,online,retail
TXN-00000489,CUST-003292,337.62,online,travel
TXN-00000490,CUST-000437,28.93,card,utilities
TXN-00000491,CUST-005374,86.37,atm,dining
TXN-00000492,CUST-001702,67.23,card,utilities
TXN-00000493,CUST-002137,1079.89,atm,grocery
TXN-00000494,CUST-002664,75.94,card,health
TXN-00000495,CUST-005009,31.71,card,dining
TXN-00000496,CUST-001187,106.96,online,education
TXN-00000497,CUST-001748,130.1,online,travel
TXN-00000498,CUST-000200,355.71,card,grocery
TXN-00000499,CUST-005871,51.09,online,education
TXN-00000500,CUST-004612,285.89,online,education
TXN-00000501,CUST-002222,89.6,branch,travel
TXN-00000502,CUST-004795,126.94,atm,retail
TXN-00000503,CUST-002910,150.3,online,travel
TXN-00000504,CUST-002479,71.18,online,education
TXN-00000505,CUST-001143,18.14,online,health
TXN-00000506,CUST-003766,94.63,online,health
TXN-00000507,CUST-001177,46.58,online,dining
TXN-00000508,CUST-000379,24.26,card,health
TXN-00000509,CUST-003584,91.71,branch,education
TXN-00000510,CUST-001706,29.69,online,grocery
TXN-00000511,CUST-003633,90.36,online,education
TXN-00000512,CUST-001497,80.48,card,education
TXN-00000513,CUST-002112,63.86,atm,utilities
TXN-00000514,CUST-000314,29.43,branch,utilities
TXN-00000515,CUST-003024,18.83,branch,travel
TXN-00000516,CUST-004593,92.1,branch,health
TXN-00000517,CUST-000983,264.38,atm,health
TXN-00000518,CUST-003056,166.12,branch,health
TXN-00000519,CUST-001136,21.32,branch,retail
TXN-00000520,CUST-002633,51.02,branch,retail
TXN-00000521,CUST-004460,58.05,wallet,dining
TXN-00000522,CUST-000450,21.56,branch,utilities
TXN-00000523,CUST-000337,42.09,branch,grocery
TXN-00000524,CUST-003578,28.83,online,utilities
TXN-00000525,CUST-000632,363.3,card,retail
TXN-00000526,CUST-003179,91.61,online,travel
TXN-00000527,CUST-003307,328.87,card,travel
TXN-00000528,CUST-003479,98.6,card,retail
TXN-00000529,CUST-003912,314.6,atm,health
TXN-00000530,CUST-002420,18.7,branch,retail
TXN-00000531,CUST-000797,269.35,online,travel
TXN-00000532,CUST-002129,67.92,card,travel
TXN-00000533,CUST-002313,66.52,card,health
TXN-00000534,CUST-000397,207.71,wallet,dining
TXN-00000535,CUST-005178,70.31,online,utilities
TXN-00000536,CUST-004603,122.98,atm,grocery
TXN-00000537,CUST-004472,30.3,online,travel
TXN-00000538,CUST-002814,508.15,online,utilities
TXN-00000539,CUST-005106,33.61,card,health
TXN-00000540,CUST-001352,25.58,card,dining
TXN-00000541,CUST-002148,30.88,online,education
TXN-00000542,CUST-001057,21.58,card,retail
TXN-00000543,CUST-002885,12.09,branch,travel
TXN-00000544,CUST-001868,81.17,wallet,education
TXN-00000545,CUST-001367,22.06,branch,education
TXN-00000546,CUST-005702,37.05,card,travel
TXN-00000547,CUST-000148,8.9,atm,travel
TXN-00000548,CUST-002743,358.13,online,health
TXN-00000549,CUST-003486,123.27,atm,retail
TXN-00000550,CUST-002745,9.19,card,utilities
TXN-00000551,CUST-002842,61.8,online,dining
TXN-00000552,CUST-000919,60.96,card,utilities
TXN-00000553,CUST-002761,63.08,card,dining
TXN-00000554,CUST-005217,105.92,card,dining
TXN-00000555,CUST-000018,16.23,atm,grocery
TXN-00000556,CUST-002407,27.65,card,travel
TXN-00000557,CUST-002832,44.04,atm,travel
TXN-00000558,CUST-000545,124.14,online,travel
TXN-00000559,CUST-002115,51.51,card,grocery
TXN-00000560,CUST-000619,90.58,online,dining
TXN-00000561,CUST-001046,21.06,wallet,dining
TXN-00000562,CUST-001924,35.3,online,retail
TXN-00000563,CUST-001997,149.63,atm,travel
TXN-00000564,CUST-001133,126.25,online,dining
TXN-00000565,CUST-003211,99.24,online,health
TXN-00000566,CUST-002873,161.21,branch,retail
TXN-00000567,CUST-003784,132.05,online,travel
TXN-00000568,CUST-003306,43.95,atm,grocery
TXN-00000569,CUST-004773,128.78,atm,dining
TXN-00000570,CUST-005033,83.55,online,grocery
TXN-00000571,CUST-003805,56.71,online,retail
TXN-00000572,CUST-001887,50.09,card,education
TXN-00000573,CUST-001619,212.31,card,utilities
TXN-00000574,CUST-002362,155.2,card,travel
TXN-00000575,CUST-002068,46.2,wallet,dining
TXN-00000576,CUST-001794,37.5,card,grocery
TXN-00000577,CUST-005393,43.53,card,retail
TXN-00000578,CUST-005730,156.02,wallet,dining
TXN-00000579,CUST-000870,27.51,branch,health
TXN-00000580,CUST-005420,66.28,card,education
TXN-00000581,CUST-003083,140.55,online,health
TXN-00000582,CUST-001301,112.84,atm,dining
TXN-00000583,CUST-005936,117.54,card,travel
TXN-00000584,CUST-003940,16.48,atm,utilities
TXN-00000585,CUST-001952,109.48,card,health
TXN-00000586,CUST-000783,34.83,branch,dining
TXN-00000587,CUST-002507,47.0,atm,travel
TXN-00000588,CUST-004457,15.36,card,retail
TXN-00000589,CUST-000721,197.74,card,education
TXN-00000590,CUST-004933,128.61,atm,travel
TXN-00000591,CUST-003235,37.93,online,dining
TXN-00000592,CUST-001462,109.99,atm,education
TXN-00000593,CUST-000049,162.61,atm,retail
TXN-00000594,CUST-005836,259.68,wallet,retail
TXN-00000595,CUST-005357,128.13,online,travel
TXN-00000596,CUST-004984,46.27,atm,health
TXN-00000597,CUST-004456,25.34,online,dining
TXN-00000598,CUST-002982,640.89,card,dining
TXN-00000599,CUST-004226,52.61,branch,health
TXN-00000600,CUST-000582,72.55,atm,dining
TXN-00000601,CUST-004281,112.67,atm,education
TXN-00000602,CUST-002374,180.62,wallet,grocery
TXN-00000603,CUST-002052,62.88,branch,health
TXN-00000604,CUST-002861,197.3,atm,health
TXN-00000605,CUST-004702,979.13,online,education
TXN-00000606,CUST-005033,57.88,card,dining
TXN-00000607,CUST-001629,135.51,wallet,health
TXN-00000608,CUST-002607,30.72,wallet,dining
TXN-00000609,CUST-002147,52.72,online,health
TXN-00000610,CUST-000084,35.37,branch,health
TXN-00000611,CUST-002519,27.28,branch,retail
TXN-00000612,CUST-002187,27.6,card,education
TXN-00000613,CUST-005911,303.76,card,education
TXN-00000614,CUST-002151,427.64,card,dining
TXN-00000615,CUST-002886,279.97,branch,education
TXN-00000616,CUST-004001,68.77,card,education
TXN-00000617,CUST-005663,178.66,card,education
TXN-00000618,CUST-001467,19.59,online,utilities
TXN-00000619,CUST-004889,5.09,card,grocery
TXN-00000620,CUST-000921,55.21,online,travel
TXN-00000621,CUST-002216,93.45,wallet,utilities
TXN-00000622,CUST-002474,58.41,card,retail
TXN-00000623,CUST-004066,94.68,card,grocery
TXN-00000624,CUST-003637,82.09,card,travel
TXN-00000625,CUST-005778,48.1,online,dining
TXN-00000626,CUST-001663,49.32,card,retail
TXN-00000627,CUST-004150,111.06,branch,grocery
TXN-00000628,CUST-002648,457.89,card,grocery
TXN-00000629,CUST-000022,51.86,online,travel
TXN-00000630,CUST-004201,282.34,card,health
TXN-00000631,CUST-004115,39.27,online,retail
TXN-00000632,CUST-003739,37.3,atm,dining
TXN-00000633,CUST-000225,184.28,online,retail
TXN-00000634,CUST-000016,376.19,online,grocery
TXN-00000635,CUST-000514,28.37,atm,travel
TXN-00000636,CUST-000379,11.28,branch,utilities
TXN-00000637,CUST-000093,51.99,card,retail
TXN-00000638,CUST-002842,273.88,online,education
TXN-00000639,CUST-004666,111.01,atm,retail
TXN-00000640,CUST-000498,14.08,card,health
TXN-00000641,CUST-002796,41.25,atm,retail
TXN-00000642,CUST-004888,98.14,online,travel
TXN-00000643,CUST-001136,233.13,online,travel
TXN-00000644,CUST-003645,56.76,online,retail
TXN-00000645,CUST-003421,145.74,atm,dining
TXN-00000646,CUST-000254,158.84,card,health
TXN-00000647,CUST-002396,85.3,card,grocery
TXN-00000648,CUST-003229,60.38,online,utilities
TXN-00000649,CUST-000962,151.47,card,utilities
TXN-00000650,CUST-002194,49.82,online,education
TXN-00000651,CUST-004801,41.74,card,travel
TXN-00000652,CUST-000225,17.36,online,health
TXN-00000653,CUST-003906,6.56,wallet,health
TXN-00000654,CUST-005183,19.12,online,utilities
TXN-00000655,CUST-005229,71.45,online,health
TXN-00000656,CUST-000593,268.31,card,dining
TXN-00000657,CUST-000078,111.83,branch,retail
TXN-00000658,CUST-005644,267.51,atm,education
TXN-00000659,CUST-001601,60.66,online,retail
TXN-00000660,CUST-004077,102.48,atm,retail
TXN-00000661,CUST-000857,44.93,card,health
TXN-00000662,CUST-003575,8.76,atm,education
TXN-00000663,CUST-004782,21.48,atm,education
TXN-00000664,CUST-003727,40.53,online,education
TXN-00000665,CUST-000561,97.18,branch,utilities
TXN-00000666,CUST-004852,17.07,wallet,utilities
TXN-00000667,CUST-000825,105.41,wallet,utilities
TXN-00000668,CUST-002429,110.09,branch,dining
TXN-00000669,CUST-004286,16.69,online,grocery
TXN-00000670,CUST-000153,145.37,card,travel
TXN-00000671,CUST-000190,60.57,wallet,utilities
TXN-00000672,CUST-004662,17.6,branch,travel
TXN-00000673,CUST-003947,71.9,card,grocery
TXN-00000674,CUST-000075,22.48,online,retail
TXN-00000675,CUST-000576,230.13,online,grocery
TXN-00000676,CUST-000607,11.78,online,health
TXN-00000677,CUST-000016,189.6,online,education
TXN-00000678,CUST-001832,373.08,online,dining
TXN-00000679,CUST-005765,300.22,card,education
TXN-00000680,CUST-005382,246.32,online,utilities
TXN-00000681,CUST-002964,46.86,wallet,dining
TXN-00000682,CUST-000027,70.56,branch,grocery
TXN-00000683,CUST-003236,85.81,atm,health
TXN-00000684,CUST-000583,20.84,card,education
TXN-00000685,CUST-003680,158.58,atm,travel
TXN-00000686,CUST-003593,139.81,atm,travel
TXN-00000687,CUST-004474,103.34,branch,education
TXN-00000688,CUST-001362,14.92,branch,utilities
TXN-00000689,CUST-002622,157.28,branch,dining
TXN-00000690,CUST-001690,110.57,online,dining
TXN-00000691,CUST-003388,31.95,card,grocery
TXN-00000692,CUST-003595,76.42,branch,grocery
TXN-00000693,CUST-003110,351.26,card,utilities
TXN-00000694,CUST-001071,138.54,branch,utilities
TXN-00000695,CUST-002804,271.19,atm,health
TXN-00000696,CUST-004130,407.19,atm,retail
TXN-00000697,CUST-004489,54.09,online,education
TXN-00000698,CUST-003496,53.02,atm,utilities
TXN-00000699,CUST-000518,75.73,atm,travel
TXN-00000700,CUST-002926,8.7,card,health
TXN-00000701,CUST-004410,191.16,branch,travel
TXN-00000702,CUST-002855,109.45,card,travel
TXN-00000703,CUST-002081,34.1,atm,grocery
TXN-00000704,CUST-004966,57.43,card,education
TXN-00000705,CUST-000665,18.67,wallet,grocery
TXN-00000706,CUST-002163,216.41,card,travel
TXN-00000707,CUST-005224,74.27,atm,health
TXN-00000708,CUST-002715,128.94,card,dining
TXN-00000709,CUST-000545,77.18,card,utilities
TXN-00000710,CUST-001539,397.67,online,utilities
TXN-00000711,CUST-001506,25.82,online,health
TXN-00000712,CUST-001856,28.0,card,education
TXN-00000713,CUST-000929,20.27,online,health
TXN-00000714,CUST-004920,171.23,wallet,dining
TXN-00000715,CUST-002432,10.01,card,health
TXN-00000716,CUST-003993,12.01,atm,retail
TXN-00000717,CUST-004553,38.39,card,dining
TXN-00000718,CUST-005648,190.22,branch,education
TXN-00000719,CUST-001680,163.13,branch,health
TXN-00000720,CUST-000172,23.99,card,dining
TXN-00000721,CUST-004181,10.81,card,grocery
TXN-00000722,CUST-004496,408.57,card,dining
TXN-00000723,CUST-001110,43.29,online,retail
TXN-00000724,CUST-005512,172.6,online,utilities
TXN-00000725,CUST-004400,174.02,online,dining
TXN-00000726,CUST-003375,25.4,branch,grocery
TXN-00000727,CUST-003086,47.57,branch,utilities
TXN-00000728,CUST-001882,168.23,card,education
TXN-00000729,CUST-001542,60.23,online,utilities
TXN-00000730,CUST-003796,17.28,atm,grocery
TXN-00000731,CUST-001651,66.64,online,utilities
TXN-00000732,CUST-000643,46.01,card,education
TXN-00000733,CUST-003802,193.2,online,health
TXN-00000734,CUST-000542,154.01,online,health
TXN-00000735,CUST-001581,26.43,wallet,grocery
TXN-00000736,CUST-005828,84.54,online,travel
TXN-00000737,CUST-001833,12.23,atm,travel
TXN-00000738,CUST-004749,28.39,card,grocery
TXN-00000739,CUST-004726,369.39,atm,dining
TXN-00000740,CUST-002982,80.46,card,education
TXN-00000741,CUST-002525,297.02,online,retail
TXN-00000742,CUST-005407,101.55,atm,education
TXN-00000743,CUST-000677,138.84,wallet,utilities
TXN-00000744,CUST-001955,80.38,card,utilities
TXN-00000745,CUST-001366,9.87,online,health
TXN-00000746,CUST-005872,113.14,card,education
TXN-00000747,CUST-002482,262.24,atm,dining
TXN-00000748,CUST-000434,166.0,branch,dining
TXN-00000749,CUST-003109,9.96,wallet,education
TXN-00000750,CUST-003789,173.51,card,utilities
TXN-00000751,CUST-005835,64.36,branch,utilities
TXN-00000752,CUST-000112,47.87,card,retail
TXN-00000753,CUST-002220,52.33,atm,health
TXN-00000754,CUST-003837,76.71,online,utilities
TXN-00000755,CUST-001225,32.84,card,travel
TXN-00000756,CUST-005068,73.64,wallet,grocery
TXN-00000757,CUST-001346,140.77,card,utilities
TXN-00000758,CUST-005479,107.4,wallet,dining
TXN-00000759,CUST-004250,128.79,branch,dining
TXN-00000760,CUST-005213,323.11,online,education
TXN-00000761,CUST-000398,75.21,card,travel
TXN-00000762,CUST-005119,133.16,card,retail
TXN-00000763,CUST-003114,45.6,atm,travel
TXN-00000764,CUST-004759,107.03,online,dining
TXN-00000765,CUST-003391,106.59,card,education
TXN-00000766,CUST-001669,29.18,card,utilities
TXN-00000767,CUST-002924,45.16,card,dining
TXN-00000768,CUST-003767,26.57,atm,retail
TXN-00000769,CUST-003987,85.79,card,retail
TXN-00000770,CUST-005626,69.31,online,retail
TXN-00000771,CUST-000462,215.08,online,health
TXN-00000772,CUST-002147,153.2,card,utilities
TXN-00000773,CUST-002472,95.71,online,travel
TXN-00000774,CUST-000875,156.94,online,dining
TXN-00000775,CUST-001265,128.03,card,travel
TXN-00000776,CUST-004544,195.44,card,grocery
TXN-00000777,CUST-001783,208.07,online,grocery
TXN-00000778,CUST-005980,536.51,card,grocery
TXN-00000779,CUST-005271,180.95,card,travel
TXN-00000780,CUST-000068,25.71,online,education
TXN-00000781,CUST-002388,295.46,card,dining
TXN-00000782,CUST-002967,42.32,card,education
TXN-00000783,CUST-003639,508.53,card,education
TXN-00000784,CUST-000022,57.01,branch,grocery
TXN-00000785,CUST-003499,398.02,card,retail
TXN-00000786,CUST-003538,27.6,card,travel
TXN-00000787,CUST-002992,368.22,online,utilities
TXN-00000788,CUST-000385,467.17,card,utilities
TXN-00000789,CUST-001697,567.47,online,education
TXN-00000790,CUST-004165,350.37,online,education
TXN-00000791,CUST-004323,112.75,online,travel
TXN-00000792,CUST-001370,89.81,card,utilities
TXN-00000793,CUST-002297,109.16,card,grocery
TXN-00000794,CUST-004694,29.51,online,health
TXN-00000795,CUST-002220,70.74,card,dining
TXN-00000796,CUST-004759,229.42,atm,education
TXN-00000797,CUST-002610,482.66,card,travel
TXN-00000798,CUST-005670,61.59,card,health
TXN-00000799,CUST-005893,63.01,card,travel
TXN-00000800,CUST-004277,430.5,atm,health
TXN-00000801,CUST-004614,72.3,branch,dining
TXN-00000802,CUST-001469,37.72,atm,dining
TXN-00000803,CUST-002589,277.24,online,health
TXN-00000804,CUST-001984,86.33,atm,dining
TXN-00000805,CUST-004027,124.82,wallet,health
TXN-00000806,CUST-004668,68.25,card,utilities
TXN-00000807,CUST-004277,140.03,card,retail
TXN-00000808,CUST-002946,26.21,online,grocery
TXN-00000809,CUST-003914,61.6,online,retail
TXN-00000810,CUST-004549,86.32,card,travel
TXN-00000811,CUST-004940,47.26,atm,retail
TXN-00000812,CUST-005411,167.49,atm,grocery
TXN-00000813,CUST-002309,462.29,card,health
TXN-00000814,CUST-004129,157.59,online,utilities
TXN-00000815,CUST-000194,70.62,online,health
TXN-00000816,CUST-000512,50.0,atm,retail
TXN-00000817,CUST-004629,11.89,branch,utilities
TXN-00000818,CUST-003809,33.66,card,dining
TXN-00000819,CUST-004150,53.58,online,dining
TXN-00000820,CUST-003656,163.84,branch,grocery
TXN-00000821,CUST-005936,37.37,card,health
TXN-00000822,CUST-000862,136.66,card,education
TXN-00000823,CUST-000123,269.15,branch,health
TXN-00000824,CUST-002778,42.32,online,health
TXN-00000825,CUST-001050,102.9,atm,utilities
TXN-00000826,CUST-001750,266.45,card,utilities
TXN-00000827,CUST-004230,78.03,atm,grocery
TXN-00000828,CUST-004467,75.29,card,education
TXN-00000829,CUST-001382,50.19,online,education
TXN-00000830,CUST-000446,41.39,online,dining
TXN-00000831,CUST-002849,21.87,card,travel
TXN-00000832,CUST-000620,40.53,online,education
TXN-00000833,CUST-001185,64.59,online,dining
TXN-00000834,CUST-003383,106.86,card,travel
TXN-00000835,CUST-000982,243.71,card,travel
TXN-00000836,CUST-004516,20.91,online,retail
TXN-00000837,CUST-002870,23.42,card,education
TXN-00000838,CUST-004071,290.24,card,utilities
TXN-00000839,CUST-004867,51.89,online,retail
TXN-00000840,CUST-004813,138.45,card,education
TXN-00000841,CUST-005635,204.76,online,education
TXN-00000842,CUST-001516,124.82,card,utilities
TXN-00000843,CUST-003551,75.54,online,retail
TXN-00000844,CUST-003247,160.66,atm,retail
TXN-00000845,CUST-000445,88.23,card,retail
TXN-00000846,CUST-004404,48.71,atm,travel
TXN-00000847,CUST-000984,75.37,branch,retail
TXN-00000848,CUST-001117,58.46,atm,health
TXN-00000849,CUST-004198,94.56,atm,utilities
TXN-00000850,CUST-002399,29.25,card,grocery
TXN-00000851,CUST-004619,222.22,card,retail
TXN-00000852,CUST-003239,70.9,atm,education
TXN-00000853,CUST-002315,28.97,card,dining
TXN-00000854,CUST-005790,39.61,branch,utilities
TXN-00000855,CUST-003347,32.46,online,education
TXN-00000856,CUST-005517,27.09,online,grocery
TXN-00000857,CUST-001047,365.98,card,health
TXN-00000858,CUST-000173,257.73,wallet,travel
TXN-00000859,CUST-001455,25.82,atm,health
TXN-00000860,CUST-002195,29.68,card,retail
TXN-00000861,CUST-002544,29.43,online,health
TXN-00000862,CUST-003736,120.97,card,education
TXN-00000863,CUST-005518,90.23,card,travel
TXN-00000864,CUST-004971,109.37,atm,retail
TXN-00000865,CUST-002955,28.62,card,travel
TXN-00000866,CUST-005557,23.21,card,retail
TXN-00000867,CUST-005217,43.25,atm,health
TXN-00000868,CUST-000286,157.99,card,utilities
TXN-00000869,CUST-000775,744.94,atm,utilities
TXN-00000870,CUST-005897,21.56,wallet,travel
TXN-00000871,CUST-005338,256.19,branch,health
TXN-00000872,CUST-003529,140.45,card,grocery
TXN-00000873,CUST-004436,30.41,branch,health
TXN-00000874,CUST-001393,119.05,card,dining
TXN-00000875,CUST-004974,89.23,card,retail
TXN-00000876,CUST-004816,94.12,atm,dining
TXN-00000877,CUST-002643,155.58,wallet,retail
TXN-00000878,CUST-000464,451.35,card,health
TXN-00000879,CUST-002688,149.52,card,education
TXN-00000880,CUST-004272,85.29,online,health
TXN-00000881,CUST-003038,42.37,card,health
TXN-00000882,CUST-005907,68.71,online,grocery
TXN-00000883,CUST-000571,98.5,card,education
TXN-00000884,CUST-005768,55.72,wallet,retail
TXN-00000885,CUST-002783,166.35,atm,travel
TXN-00000886,CUST-000135,432.22,online,education
TXN-00000887,CUST-003741,16.75,card,grocery
TXN-00000888,CUST-002675,41.99,online,grocery
TXN-00000889,CUST-002884,417.86,card,utilities
TXN-00000890,CUST-001551,83.14,online,dining
TXN-00000891,CUST-002242,243.27,card,utilities
TXN-00000892,CUST-004926,27.24,online,retail
TXN-00000893,CUST-003395,115.96,online,dining
TXN-00000894,CUST-005579,57.15,online,health
TXN-00000895,CUST-001452,71.69,card,travel
TXN-00000896,CUST-003380,53.83,atm,retail
TXN-00000897,CUST-001020,378.67,branch,education
TXN-00000898,CUST-000502,45.62,card,health
TXN-00000899,CUST-002561,230.91,card,dining
TXN-00000900,CUST-004758,79.02,card,grocery
TXN-00000901,CUST-003780,441.22,card,utilities
TXN-00000902,CUST-001909,139.58,online,utilities
TXN-00000903,CUST-000177,19.96,atm,retail
TXN-00000904,CUST-004719,84.65,wallet,travel
TXN-00000905,CUST-003615,62.79,card,grocery
TXN-00000906,CUST-000390,139.18,online,grocery
TXN-00000907,CUST-004361,88.71,card,travel
TXN-00000908,CUST-001988,16.36,card,dining
TXN-00000909,CUST-000016,53.09,card,retail
TXN-00000910,CUST-005438,47.22,branch,health
TXN-00000911,CUST-000735,73.91,online,grocery
TXN-00000912,CUST-000843,102.17,wallet,education
TXN-00000913,CUST-005042,153.47,online,dining
TXN-00000914,CUST-005432,130.89,card,grocery
TXN-00000915,CUST-001348,6.66,card,travel
TXN-00000916,CUST-005283,126.64,branch,education
TXN-00000917,CUST-002477,290.74,card,health
TXN-00000918,CUST-001280,87.59,card,utilities
TXN-00000919,CUST-005271,40.43,card,health
TXN-00000920,CUST-002111,31.19,card,utilities
TXN-00000921,CUST-002060,180.72,card,education
TXN-00000922,CUST-001419,104.31,online,grocery
TXN-00000923,CUST-003308,42.18,online,travel
TXN-00000924,CUST-005441,87.69,card,grocery
TXN-00000925,CUST-004816,49.68,online,retail
TXN-00000926,CUST-005614,47.97,card,health
TXN-00000927,CUST-003437,76.75,atm,health
TXN-00000928,CUST-000103,89.44,branch,utilities
TXN-00000929,CUST-004091,35.12,online,dining
TXN-00000930,CUST-004938,51.97,online,grocery
TXN-00000931,CUST-000480,411.23,online,grocery
TXN-00000932,CUST-004937,29.48,card,travel
TXN-00000933,CUST-001452,91.63,branch,travel
TXN-00000934,CUST-002042,133.82,wallet,utilities
TXN-00000935,CUST-003281,41.08,wallet,education
TXN-00000936,CUST-005494,43.39,online,grocery
TXN-00000937,CUST-004988,36.3,branch,retail
TXN-00000938,CUST-003343,27.23,online,health
TXN-00000939,CUST-001530,311.0,online,retail
TXN-00000940,CUST-002639,47.61,card,health
TXN-00000941,CUST-002243,73.11,branch,education
TXN-00000942,CUST-001020,29.98,branch,education
TXN-00000943,CUST-002377,107.72,online,health
TXN-00000944,CUST-000621,41.42,branch,dining
TXN-00000945,CUST-003642,154.68,card,utilities
TXN-00000946,CUST-005992,29.7,online,travel
TXN-00000947,CUST-000571,369.83,wallet,retail
TXN-00000948,CUST-001782,41.1,wallet,dining
TXN-00000949,CUST-005722,101.44,online,utilities
TXN-00000950,CUST-003380,104.15,card,health
TXN-00000951,CUST-003083,176.83,card,utilities
TXN-00000952,CUST-001280,17.29,card,health
TXN-00000953,CUST-000413,29.2,online,grocery
TXN-00000954,CUST-000133,50.9,card,utilities
TXN-00000955,CUST-000299,226.16,online,retail
TXN-00000956,CUST-001444,60.61,online,education
TXN-00000957,CUST-001266,399.31,online,grocery
TXN-00000958,CUST-004692,567.2,card,retail
TXN-00000959,CUST-001906,71.2,card,dining
TXN-00000960,CUST-003204,621.25,online,travel
TXN-00000961,CUST-005242,51.89,branch,education
TXN-00000962,CUST-005422,93.91,branch,grocery
TXN-00000963,CUST-005530,105.5,atm,utilities
TXN-00000964,CUST-003655,296.06,branch,dining
TXN-00000965,CUST-000578,218.89,online,education
TXN-00000966,CUST-004878,70.4,card,education
TXN-00000967,CUST-001435,41.24,wallet,health
TXN-00000968,CUST-004425,109.12,online,grocery
TXN-00000969,CUST-004903,139.64,card,grocery
TXN-00000970,CUST-000468,258.36,branch,dining
TXN-00000971,CUST-003244,380.39,card,grocery
TXN-00000972,CUST-002461,56.86,online,utilities
TXN-00000973,CUST-005749,43.15,wallet,retail
TXN-00000974,CUST-003016,119.47,card,retail
TXN-00000975,CUST-003749,20.41,atm,utilities
TXN-00000976,CUST-003737,352.65,card,retail
TXN-00000977,CUST-005033,32.74,atm,retail
TXN-00000978,CUST-004843,82.89,online,utilities
TXN-00000979,CUST-003602,19.25,online,utilities
TXN-00000980,CUST-002958,36.4,atm,retail
TXN-00000981,CUST-000845,139.88,branch,utilities
TXN-00000982,CUST-003585,28.28,online,utilities
TXN-00000983,CUST-002165,50.02,online,retail
TXN-00000984,CUST-005160,400.7,atm,retail
TXN-00000985,CUST-000273,118.95,atm,utilities
TXN-00000986,CUST-000616,51.02,card,retail
TXN-00000987,CUST-004701,18.64,atm,grocery
TXN-00000988,CUST-001283,255.55,card,utilities
TXN-00000989,CUST-003551,403.67,online,dining
TXN-00000990,CUST-003554,8.0,branch,dining
TXN-00000991,CUST-002066,18.25,atm,retail
TXN-00000992,CUST-002616,173.27,atm,utilities
TXN-00000993,CUST-001604,37.53,card,retail
TXN-00000994,CUST-004799,192.18,online,health
TXN-00000995,CUST-003009,42.43,online,education
TXN-00000996,CUST-002750,286.11,atm,travel
TXN-00000997,CUST-005406,18.74,card,dining
TXN-00000998,CUST-005942,56.33,wallet,education
TXN-00000999,CUST-001506,56.05,branch,travel
TXN-00001000,CUST-002669,147.2,card,education
TXN-00001001,CUST-000264,74.42,online,grocery
TXN-00001002,CUST-000574,56.51,online,utilities
TXN-00001003,CUST-001073,51.01,online,education
TXN-00001004,CUST-002828,10.66,online,grocery
TXN-00001005,CUST-002977,47.3,card,utilities
TXN-00001006,CUST-004735,33.01,branch,grocery
TXN-00001007,CUST-003047,119.95,branch,health
TXN-00001008,CUST-000317,38.71,wallet,health
TXN-00001009,CUST-001059,149.49,card,education
TXN-00001010,CUST-002385,45.32,card,travel
TXN-00001011,CUST-003718,61.88,online,retail
TXN-00001012,CUST-002606,72.88,card,health
TXN-00001013,CUST-003323,38.37,online,travel
TXN-00001014,CUST-005713,81.67,card,health
TXN-00001015,CUST-003262,16.08,online,dining
TXN-00001016,CUST-000555,116.67,online,grocery
TXN-00001017,CUST-004675,85.92,atm,grocery
TXN-00001018,CUST-000914,120.65,branch,retail
TXN-00001019,CUST-005661,236.47,wallet,education
TXN-00001020,CUST-002920,516.76,online,dining
TXN-00001021,CUST-000022,55.03,branch,health
TXN-00001022,CUST-005383,34.65,online,retail
TXN-00001023,CUST-004923,48.26,card,health
TXN-00001024,CUST-002652,326.98,online,utilities
TXN-00001025,CUST-000233,27.46,branch,dining
TXN-00001026,CUST-004970,950.0,card,education
TXN-00001027,CUST-002340,83.91,online,grocery
TXN-00001028,CUST-001531,105.07,atm,retail
TXN-00001029,CUST-004273,349.62,card,travel
TXN-00001030,CUST-001059,51.85,branch,grocery
TXN-00001031,CUST-005042,109.88,online,dining
TXN-00001032,CUST-005155,253.76,wallet,dining
TXN-00001033,CUST-003594,28.12,atm,grocery
TXN-00001034,CUST-002470,14.47,atm,grocery
TXN-00001035,CUST-000988,91.53,atm,grocery
TXN-00001036,CUST-004805,22.83,card,dining
TXN-00001037,CUST-000367,112.7,card,education
TXN-00001038,CUST-005161,61.81,atm,health
TXN-00001039,CUST-004776,203.09,online,dining
TXN-00001040,CUST-002178,184.62,branch,retail
TXN-00001041,CUST-000993,15.1,online,education
TXN-00001042,CUST-000114,49.48,card,retail
TXN-00001043,CUST-002857,22.69,card,travel
TXN-00001044,CUST-004778,110.27,card,dining
TXN-00001045,CUST-001291,22.65,card,health
TXN-00001046,CUST-002116,211.61,branch,health
TXN-00001047,CUST-005292,14.67,online,education
TXN-00001048,CUST-004466,66.45,online,retail
TXN-00001049,CUST-004877,33.91,card,health
TXN-00001050,CUST-003233,47.32,online,retail
TXN-00001051,CUST-004649,44.13,atm,retail
TXN-00001052,CUST-004217,74.72,card,utilities
TXN-00001053,CUST-003483,24.51,online,education
TXN-00001054,CUST-003060,45.86,card,utilities
TXN-00001055,CUST-000026,415.64,wallet,dining
TXN-00001056,CUST-002516,78.27,card,education
TXN-00001057,CUST-005145,366.09,wallet,health
TXN-00001058,CUST-002963,67.8,card,health
TXN-00001059,CUST-004649,43.59,atm,grocery
TXN-00001060,CUST-004492,22.98,card,grocery
TXN-00001061,CUST-001675,121.37,online,utilities
TXN-00001062,CUST-001984,345.15,online,dining
TXN-00001063,CUST-000333,218.89,wallet,retail
TXN-00001064,CUST-005212,142.53,branch,health
TXN-00001065,CUST-002642,277.94,atm,travel
TXN-00001066,CUST-002258,156.84,card,travel
TXN-00001067,CUST-000366,192.51,online,travel
TXN-00001068,CUST-004816,170.41,online,dining
TXN-00001069,CUST-001519,182.23,branch,dining
TXN-00001070,CUST-001291,26.04,online,travel
TXN-00001071,CUST-002820,42.41,wallet,dining
TXN-00001072,CUST-000339,461.49,card,utilities
TXN-00001073,CUST-003745,40.62,card,retail
TXN-00001074,CUST-000302,25.66,card,health
TXN-00001075,CUST-005882,127.91,card,utilities
TXN-00001076,CUST-002572,62.34,online,grocery
TXN-00001077,CUST-002120,346.42,atm,grocery
TXN-00001078,CUST-005958,18.48,card,utilities
TXN-00001079,CUST-001951,22.72,card,utilities
TXN-00001080,CUST-005622,524.52,online,grocery
TXN-00001081,CUST-003066,30.1,card,grocery
TXN-00001082,CUST-004417,41.01,card,retail
TXN-00001083,CUST-003620,54.83,card,retail
TXN-00001084,CUST-000226,7.76,online,health
TXN-00001085,CUST-002478,123.21,atm,grocery
TXN-00001086,CUST-005982,19.16,card,dining
TXN-00001087,CUST-001079,134.42,online,dining
TXN-00001088,CUST-003583,15.96,card,dining
TXN-00001089,CUST-002841,151.1,card,education
TXN-00001090,CUST-002471,59.79,card,travel
TXN-00001091,CUST-002402,62.4,branch,retail
TXN-00001092,CUST-003682,136.59,card,education
TXN-00001093,CUST-000244,179.77,card,education
TXN-00001094,CUST-002222,80.65,atm,health
TXN-00001095,CUST-003152,72.77,online,dining
TXN-00001096,CUST-003628,44.48,online,education
TXN-00001097,CUST-005348,109.7,branch,utilities
TXN-00001098,CUST-000518,299.54,atm,health
TXN-00001099,CUST-005449,124.83,online,health
TXN-00001100,CUST-002633,23.76,card,education
TXN-00001101,CUST-001065,74.93,card,grocery
TXN-00001102,CUST-004764,38.47,online,education
TXN-00001103,CUST-003551,24.47,card,utilities
TXN-00001104,CUST-001426,55.92,branch,retail
TXN-00001105,CUST-005565,110.23,online,retail
TXN-00001106,CUST-001462,142.41,online,dining
TXN-00001107,CUST-000643,119.95,atm,utilities
TXN-00001108,CUST-001263,36.77,online,grocery
TXN-00001109,CUST-005670,29.55,online,dining
TXN-00001110,CUST-002309,20.36,card,grocery
TXN-00001111,CUST-002385,64.97,card,grocery
TXN-00001112,CUST-004359,129.24,online,dining
TXN-00001113,CUST-005650,117.35,card,health
TXN-00001114,CUST-001655,28.94,atm,dining
TXN-00001115,CUST-000656,377.42,card,retail
TXN-00001116,CUST-002650,92.55,atm,utilities
TXN-00001117,CUST-004714,155.84,card,utilities
TXN-00001118,CUST-002713,126.13,card,dining
TXN-00001119,CUST-003342,17.97,branch,health
TXN-00001120,CUST-002844,153.4,card,retail
TXN-00001121,CUST-004437,322.44,online,health
TXN-00001122,CUST-002632,27.95,card,utilities
TXN-00001123,CUST-000217,28.7,atm,grocery
TXN-00001124,CUST-000341,112.53,card,dining
TXN-00001125,CUST-000912,79.87,card,travel
TXN-00001126,CUST-003348,123.48,online,utilities
TXN-00001127,CUST-002397,26.33,online,travel
TXN-00001128,CUST-001880,147.9,online,education
TXN-00001129,CUST-003295,15.44,online,dining
TXN-00001130,CUST-004949,53.11,atm,utilities
TXN-00001131,CUST-000329,100.85,online,dining
TXN-00001132,CUST-000220,35.99,branch,health
TXN-00001133,CUST-005071,79.14,atm,health
TXN-00001134,CUST-002286,214.0,branch,utilities
TXN-00001135,CUST-005380,33.14,branch,grocery
TXN-00001136,CUST-001259,50.62,card,grocery
TXN-00001137,CUST-003177,7.3,card,grocery
TXN-00001138,CUST-002918,86.97,card,retail
TXN-00001139,CUST-000281,270.43,online,travel
TXN-00001140,CUST-001652,26.47,card,dining
TXN-00001141,CUST-005986,45.49,online,dining
TXN-00001142,CUST-002126,205.06,card,travel
TXN-00001143,CUST-001419,312.94,card,grocery
TXN-00001144,CUST-000478,69.37,wallet,grocery
TXN-00001145,CUST-005938,29.45,card,health
TXN-00001146,CUST-000753,47.58,atm,retail
TXN-00001147,CUST-000339,126.28,online,education
TXN-00001148,CUST-001558,37.78,card,dining
TXN-00001149,CUST-000163,45.48,card,travel
TXN-00001150,CUST-004075,35.61,online,grocery
TXN-00001151,CUST-005370,187.74,online,retail
TXN-00001152,CUST-002126,85.8,card,utilities
TXN-00001153,CUST-003394,42.41,branch,utilities
TXN-00001154,CUST-003045,81.03,card,retail
TXN-00001155,CUST-001655,116.86,wallet,retail
TXN-00001156,CUST-000268,14.58,branch,retail
TXN-00001157,CUST-004373,113.49,branch,dining
TXN-00001158,CUST-004340,264.87,card,dining
TXN-00001159,CUST-000983,35.12,online,dining
TXN-00001160,CUST-003545,35.28,online,grocery
TXN-00001161,CUST-000070,221.61,branch,grocery
TXN-00001162,CUST-004690,11.24,branch,dining
TXN-00001163,CUST-005667,706.51,atm,utilities
TXN-00001164,CUST-000083,25.61,atm,retail
TXN-00001165,CUST-002489,45.78,online,travel
TXN-00001166,CUST-004087,28.56,card,travel
TXN-00001167,CUST-003502,22.45,online,dining
TXN-00001168,CUST-004251,105.21,atm,utilities
TXN-00001169,CUST-001453,120.95,atm,utilities
TXN-00001170,CUST-002217,36.96,card,grocery
TXN-00001171,CUST-001648,17.56,card,education
TXN-00001172,CUST-004361,45.85,wallet,health
TXN-00001173,CUST-000296,117.69,card,utilities
TXN-00001174,CUST-005515,72.31,online,health
TXN-00001175,CUST-004221,95.05,online,dining
TXN-00001176,CUST-001609,52.73,online,dining
TXN-00001177,CUST-000442,7.61,card,dining
TXN-00001178,CUST-002028,14.68,branch,travel
TXN-00001179,CUST-000854,213.75,online,education
TXN-00001180,CUST-000401,93.19,wallet,health
TXN-00001181,CUST-002413,25.28,online,travel
TXN-00001182,CUST-004696,66.74,wallet,grocery
TXN-00001183,CUST-005971,439.8,card,retail
TXN-00001184,CUST-004338,40.65,online,health
TXN-00001185,CUST-002230,74.21,card,grocery
TXN-00001186,CUST-000870,137.98,atm,travel
TXN-00001187,CUST-005237,38.96,card,health
TXN-00001188,CUST-004878,959.88,card,utilities
TXN-00001189,CUST-003902,63.54,wallet,education
TXN-00001190,CUST-004709,237.72,atm,health
TXN-00001191,CUST-000691,160.05,branch,retail
TXN-00001192,CUST-003355,164.07,card,dining
TXN-00001193,CUST-001016,145.31,online,education
TXN-00001194,CUST-005566,15.26,atm,utilities
TXN-00001195,CUST-001636,18.72,branch,grocery
TXN-00001196,CUST-002582,353.3,card,utilities
TXN-00001197,CUST-001049,28.31,branch,utilities
TXN-00001198,CUST-002560,470.87,atm,grocery
TXN-00001199,CUST-000382,18.47,card,travel
TXN-00001200,CUST-002885,50.38,branch,health
TXN-00001201,CUST-003918,88.33,atm,retail
TXN-00001202,CUST-003033,51.36,online,grocery
TXN-00001203,CUST-004433,160.83,branch,travel
TXN-00001204,CUST-001453,529.75,card,grocery
TXN-00001205,CUST-001906,35.41,online,travel
TXN-00001206,CUST-004772,27.93,branch,health
TXN-00001207,CUST-000683,111.94,online,travel
TXN-00001208,CUST-001730,119.26,card,utilities
TXN-00001209,CUST-000436,27.5,branch,retail
TXN-00001210,CUST-000127,408.91,branch,grocery
TXN-00001211,CUST-003746,33.07,atm,travel
TXN-00001212,CUST-003892,152.79,wallet,health
TXN-00001213,CUST-005392,76.82,card,dining
TXN-00001214,CUST-005379,210.83,online,health
TXN-00001215,CUST-002049,27.33,online,dining
TXN-00001216,CUST-005281,136.93,online,health
TXN-00001217,CUST-005712,9.98,online,dining
TXN-00001218,CUST-000465,65.28,card,education
TXN-00001219,CUST-004816,39.12,branch,travel
TXN-00001220,CUST-004814,113.62,atm,health
TXN-00001221,CUST-000212,475.83,branch,utilities
TXN-00001222,CUST-001811,33.01,card,health
TXN-00001223,CUST-001592,97.1,card,grocery
TXN-00001224,CUST-001026,45.33,online,health
TXN-00001225,CUST-005189,302.0,card,dining
TXN-00001226,CUST-004907,109.38,atm,utilities
TXN-00001227,CUST-003365,50.14,card,utilities
TXN-00001228,CUST-000736,163.84,online,dining
TXN-00001229,CUST-000036,25.48,wallet,travel
TXN-00001230,CUST-002897,96.19,card,education
TXN-00001231,CUST-003491,60.31,branch,travel
TXN-00001232,CUST-000341,148.43,atm,dining
TXN-00001233,CUST-002046,10.65,online,grocery
TXN-00001234,CUST-003515,34.16,card,grocery
TXN-00001235,CUST-001784,55.66,branch,utilities
TXN-00001236,CUST-000591,15.61,card,education
TXN-00001237,CUST-000081,12.41,card,utilities
TXN-00001238,CUST-000247,231.6,online,grocery
TXN-00001239,CUST-001236,62.38,card,travel
TXN-00001240,CUST-004690,290.91,online,retail
TXN-00001241,CUST-002015,72.26,wallet,grocery
TXN-00001242,CUST-005017,240.86,card,dining
TXN-00001243,CUST-004744,24.07,online,travel
TXN-00001244,CUST-003772,145.17,card,travel
TXN-00001245,CUST-004325,17.58,card,education
TXN-00001246,CUST-002300,112.48,online,dining
TXN-00001247,CUST-004171,714.64,online,health
TXN-00001248,CUST-005771,52.48,online,retail
TXN-00001249,CUST-002450,101.35,card,dining
TXN-00001250,CUST-003139,56.54,card,retail
TXN-00001251,CUST-000005,107.73,atm,health
TXN-00001252,CUST-002397,69.31,card,utilities
TXN-00001253,CUST-005415,803.8,online,retail
TXN-00001254,CUST-004828,106.95,card,health
TXN-00001255,CUST-000978,30.68,atm,dining
TXN-00001256,CUST-003929,39.66,branch,retail
TXN-00001257,CUST-005209,294.24,atm,utilities
TXN-00001258,CUST-005449,54.91,card,health
TXN-00001259,CUST-001664,260.23,online,travel
TXN-00001260,CUST-005027,195.12,card,utilities
TXN-00001261,CUST-004467,51.97,online,dining
TXN-00001262,CUST-004723,40.46,branch,education
TXN-00001263,CUST-003842,125.41,card,utilities
TXN-00001264,CUST-004048,25.46,online,travel
TXN-00001265,CUST-005526,241.64,wallet,retail
TXN-00001266,CUST-005131,40.08,card,health
TXN-00001267,CUST-004537,63.95,card,retail
TXN-00001268,CUST-005031,105.77,card,education
TXN-00001269,CUST-001665,111.17,atm,health
TXN-00001270,CUST-002809,27.77,atm,education
TXN-00001271,CUST-002838,10.27,atm,grocery
TXN-00001272,CUST-002786,40.06,online,retail
TXN-00001273,CUST-001972,100.41,card,retail
TXN-00001274,CUST-003976,194.26,online,grocery
TXN-00001275,CUST-001633,17.67,card,education
TXN-00001276,CUST-001674,68.84,online,utilities
TXN-00001277,CUST-001366,13.91,online,utilities
TXN-00001278,CUST-005481,6.76,atm,retail
TXN-00001279,CUST-002203,663.04,branch,education
TXN-00001280,CUST-003861,44.65,branch,education
TXN-00001281,CUST-005340,86.89,wallet,utilities
TXN-00001282,CUST-000768,159.88,online,travel
TXN-00001283,CUST-000060,440.03,branch,education
TXN-00001284,CUST-005325,59.25,card,grocery
TXN-00001285,CUST-004791,35.65,card,retail
TXN-00001286,CUST-001901,40.3,card,health
TXN-00001287,CUST-003783,56.98,branch,education
TXN-00001288,CUST-004865,72.83,card,grocery
TXN-00001289,CUST-001376,73.77,atm,travel
TXN-00001290,CUST-001142,39.8,card,grocery
TXN-00001291,CUST-003762,24.44,online,travel
TXN-00001292,CUST-005379,384.51,card,travel
TXN-00001293,CUST-004640,70.87,online,education
TXN-00001294,CUST-000339,30.28,branch,grocery
TXN-00001295,CUST-003803,10.53,online,health
TXN-00001296,CUST-001317,90.37,card,retail
TXN-00001297,CUST-004373,56.72,card,education
TXN-00001298,CUST-002100,30.15,card,retail
TXN-00001299,CUST-002332,159.26,online,dining
TXN-00001300,CUST-005492,21.59,wallet,retail
TXN-00001301,CUST-002822,80.87,online,health
TXN-00001302,CUST-004196,120.1,card,utilities
TXN-00001303,CUST-005109,24.8,card,retail
TXN-00001304,CUST-001075,82.18,online,travel
TXN-00001305,CUST-005161,55.94,card,travel
TXN-00001306,CUST-005906,131.32,branch,education
TXN-00001307,CUST-004815,153.13,card,health
TXN-00001308,CUST-001647,6.13,atm,retail
TXN-00001309,CUST-000067,114.05,online,travel
TXN-00001310,CUST-003570,114.3,card,health
TXN-00001311,CUST-003270,433.28,branch,grocery
TXN-00001312,CUST-000343,148.5,atm,dining
TXN-00001313,CUST-000863,88.97,atm,travel
TXN-00001314,CUST-005039,49.34,wallet,grocery
TXN-00001315,CUST-000499,23.1,branch,grocery
TXN-00001316,CUST-005110,108.95,online,education
TXN-00001317,CUST-001416,39.91,card,travel
TXN-00001318,CUST-002909,35.98,branch,utilities
TXN-00001319,CUST-004203,62.13,branch,utilities
TXN-00001320,CUST-002713,105.79,online,health
TXN-00001321,CUST-004617,206.23,card,retail
TXN-00001322,CUST-004852,91.24,branch,retail
TXN-00001323,CUST-004477,96.49,card,education
TXN-00001324,CUST-000891,50.58,card,grocery
TXN-00001325,CUST-005308,46.41,card,retail
TXN-00001326,CUST-004621,56.4,branch,education
TXN-00001327,CUST-005078,89.7,online,retail
TXN-00001328,CUST-005246,22.06,card,grocery
TXN-00001329,CUST-003727,27.73,online,education
TXN-00001330,CUST-003776,194.01,atm,health
TXN-00001331,CUST-004845,78.72,online,travel
TXN-00001332,CUST-001541,4.64,online,education
TXN-00001333,CUST-001745,120.14,online,education
TXN-00001334,CUST-001707,77.67,online,health
TXN-00001335,CUST-003683,89.13,branch,education
TXN-00001336,CUST-002879,72.0,atm,retail
TXN-00001337,CUST-004071,397.68,online,utilities
TXN-00001338,CUST-004819,71.75,wallet,travel
TXN-00001339,CUST-000958,7.18,card,travel
TXN-00001340,CUST-001070,301.92,wallet,dining
TXN-00001341,CUST-003527,206.58,card,health
TXN-00001342,CUST-000112,37.6,card,utilities
TXN-00001343,CUST-004653,43.47,online,dining
TXN-00001344,CUST-005846,190.78,atm,travel
TXN-00001345,CUST-004558,1090.95,atm,utilities
TXN-00001346,CUST-002453,126.7,atm,retail
TXN-00001347,CUST-004393,35.9,card,utilities
TXN-00001348,CUST-004367,141.18,wallet,travel
TXN-00001349,CUST-005556,36.31,atm,retail
TXN-00001350,CUST-003599,33.79,card,dining
TXN-00001351,CUST-001278,61.5,card,retail
TXN-00001352,CUST-004575,163.35,card,dining
TXN-00001353,CUST-003655,204.07,atm,dining
TXN-00001354,CUST-000505,18.95,online,retail
TXN-00001355,CUST-004727,38.49,card,utilities
TXN-00001356,CUST-004640,13.77,card,health
TXN-00001357,CUST-005570,213.92,online,utilities
TXN-00001358,CUST-005268,106.98,card,dining
TXN-00001359,CUST-001117,107.86,atm,health
TXN-00001360,CUST-000378,74.16,online,education
TXN-00001361,CUST-005445,95.56,card,travel
TXN-00001362,CUST-002923,97.96,online,travel
TXN-00001363,CUST-005888,103.73,card,grocery
TXN-00001364,CUST-005082,31.86,branch,health
TXN-00001365,CUST-002889,178.92,card,retail
TXN-00001366,CUST-003670,250.36,card,travel
TXN-00001367,CUST-001268,94.43,online,health
TXN-00001368,CUST-001312,58.75,online,grocery
TXN-00001369,CUST-002081,494.17,online,travel
TXN-00001370,CUST-001165,154.09,online,grocery
TXN-00001371,CUST-000002,14.61,online,education
TXN-00001372,CUST-001647,142.27,branch,health
TXN-00001373,CUST-000582,231.12,online,dining
TXN-00001374,CUST-003511,62.39,card,health
TXN-00001375,CUST-002912,20.29,online,dining
TXN-00001376,CUST-004427,255.16,online,travel
TXN-00001377,CUST-005720,100.13,branch,retail
TXN-00001378,CUST-003544,253.79,card,education
TXN-00001379,CUST-000225,92.53,card,retail
TXN-00001380,CUST-003073,13.58,card,retail
TXN-00001381,CUST-002723,154.54,atm,travel
TXN-00001382,CUST-002245,147.76,atm,utilities
TXN-00001383,CUST-002051,28.28,card,health
TXN-00001384,CUST-000474,930.84,card,utilities
TXN-00001385,CUST-001895,29.53,card,health
TXN-00001386,CUST-005221,35.78,online,dining
TXN-00001387,CUST-001925,355.69,online,education
TXN-00001388,CUST-000992,19.43,wallet,education
TXN-00001389,CUST-000035,67.24,atm,health
TXN-00001390,CUST-003229,37.23,atm,health
TXN-00001391,CUST-003277,72.68,card,education
TXN-00001392,CUST-005441,27.23,branch,grocery
TXN-00001393,CUST-000686,549.23,online,retail
TXN-00001394,CUST-000642,30.14,wallet,health
TXN-00001395,CUST-000268,155.19,atm,utilities
TXN-00001396,CUST-002420,17.46,wallet,education
TXN-00001397,CUST-002588,61.9,online,utilities
TXN-00001398,CUST-000707,280.34,wallet,grocery
TXN-00001399,CUST-005129,85.97,card,dining
TXN-00001400,CUST-004354,279.31,online,education
TXN-00001401,CUST-001843,61.11,online,grocery
TXN-00001402,CUST-003888,142.96,branch,education
TXN-00001403,CUST-003209,90.45,wallet,health
TXN-00001404,CUST-002334,28.16,card,health
TXN-00001405,CUST-005312,237.54,online,education
TXN-00001406,CUST-004732,32.63,atm,retail
TXN-00001407,CUST-002030,118.36,card,dining
TXN-00001408,CUST-005831,62.37,online,travel
TXN-00001409,CUST-002946,101.67,online,education
TXN-00001410,CUST-004254,77.06,card,travel
TXN-00001411,CUST-001314,586.68,online,education
TXN-00001412,CUST-005842,151.7,wallet,travel
TXN-00001413,CUST-002342,51.39,card,utilities
TXN-00001414,CUST-002633,60.52,card,education
TXN-00001415,CUST-000490,74.18,online,retail
TXN-00001416,CUST-002067,49.28,atm,dining
TXN-00001417,CUST-000466,20.71,atm,utilities
TXN-00001418,CUST-001194,582.11,wallet,retail
TXN-00001419,CUST-002059,187.92,wallet,education
TXN-00001420,CUST-004344,38.33,card,grocery
TXN-00001421,CUST-005761,91.46,card,grocery
TXN-00001422,CUST-005756,261.68,atm,utilities
TXN-00001423,CUST-003982,47.73,card,education
TXN-00001424,CUST-002196,12.18,online,dining
TXN-00001425,CUST-001255,32.25,online,education
TXN-00001426,CUST-002098,22.71,card,education
TXN-00001427,CUST-001347,70.04,online,dining
TXN-00001428,CUST-000502,20.08,atm,dining
TXN-00001429,CUST-000017,172.72,online,grocery
TXN-00001430,CUST-005097,89.64,card,retail
TXN-00001431,CUST-001181,145.84,card,grocery
TXN-00001432,CUST-001676,134.23,card,travel
TXN-00001433,CUST-003769,24.74,card,dining
TXN-00001434,CUST-000261,7.94,card,grocery
TXN-00001435,CUST-002847,171.18,branch,education
TXN-00001436,CUST-002577,36.34,online,retail
TXN-00001437,CUST-005124,148.12,atm,dining
TXN-00001438,CUST-002860,64.76,online,retail
TXN-00001439,CUST-000648,90.06,card,travel
TXN-00001440,CUST-004772,189.21,wallet,health
TXN-00001441,CUST-002036,33.73,atm,utilities
TXN-00001442,CUST-004342,35.56,card,grocery
TXN-00001443,CUST-003141,283.13,card,travel
TXN-00001444,CUST-005000,186.51,wallet,education
TXN-00001445,CUST-004305,111.67,card,health
TXN-00001446,CUST-004413,19.11,atm,travel
TXN-00001447,CUST-001072,59.63,card,retail
TXN-00001448,CUST-000307,26.06,atm,health
TXN-00001449,CUST-005299,39.07,online,health
TXN-00001450,CUST-004780,32.6,card,utilities
TXN-00001451,CUST-000245,25.7,card,grocery
TXN-00001452,CUST-004057,72.41,card,education
TXN-00001453,CUST-004781,30.3,card,dining
TXN-00001454,CUST-003741,45.99,card,health
TXN-00001455,CUST-002701,31.57,branch,education
TXN-00001456,CUST-003778,272.71,atm,utilities
TXN-00001457,CUST-001269,93.18,card,utilities
TXN-00001458,CUST-002893,121.63,card,education
TXN-00001459,CUST-000122,64.43,card,dining
TXN-00001460,CUST-004660,71.27,online,utilities
TXN-00001461,CUST-004801,93.18,card,grocery
TXN-00001462,CUST-001712,335.47,online,grocery
TXN-00001463,CUST-005375,222.25,wallet,health
TXN-00001464,CUST-001803,81.73,card,grocery
TXN-00001465,CUST-003351,28.81,card,health
TXN-00001466,CUST-000234,145.23,card,utilities
TXN-00001467,CUST-002053,45.84,online,education
TXN-00001468,CUST-005357,47.4,online,education
TXN-00001469,CUST-005914,61.12,card,grocery
TXN-00001470,CUST-001493,85.32,online,grocery
TXN-00001471,CUST-001762,194.85,atm,utilities
TXN-00001472,CUST-005986,27.41,online,dining
TXN-00001473,CUST-002309,127.05,online,dining
TXN-00001474,CUST-004793,54.45,online,retail
TXN-00001475,CUST-005264,1562.07,online,retail
TXN-00001476,CUST-004928,64.41,card,dining
TXN-00001477,CUST-000343,215.73,branch,retail
TXN-00001478,CUST-000795,420.55,card,health
TXN-00001479,CUST-005619,26.97,atm,health
TXN-00001480,CUST-003661,72.48,online,dining
TXN-00001481,CUST-000402,121.83,card,health
TXN-00001482,CUST-000605,30.34,card,grocery
TXN-00001483,CUST-002864,49.26,card,dining
TXN-00001484,CUST-001189,55.42,online,utilities
TXN-00001485,CUST-005831,163.6,card,utilities
TXN-00001486,CUST-005938,375.22,wallet,retail
TXN-00001487,CUST-001479,61.13,card,retail
TXN-00001488,CUST-001617,28.36,online,retail
TXN-00001489,CUST-000619,647.22,branch,grocery
TXN-00001490,CUST-004246,130.29,online,health
TXN-00001491,CUST-002447,162.82,branch,dining
TXN-00001492,CUST-003294,13.8,atm,utilities
TXN-00001493,CUST-000921,14.7,card,health
TXN-00001494,CUST-002046,51.27,card,travel
TXN-00001495,CUST-002873,132.23,online,utilities
TXN-00001496,CUST-005271,75.84,online,education
TXN-00001497,CUST-003907,39.8,online,dining
TXN-00001498,CUST-005053,24.22,card,retail
TXN-00001499,CUST-001284,172.4,atm,grocery
TXN-00001500,CUST-004905,123.68,card,dining
TXN-00001501,CUST-003303,38.82,branch,grocery
TXN-00001502,CUST-005776,68.05,card,travel
TXN-00001503,CUST-001664,32.23,card,travel
TXN-00001504,CUST-002486,31.44,wallet,retail
TXN-00001505,CUST-002886,90.3,online,utilities
TXN-00001506,CUST-002137,561.2,online,health
TXN-00001507,CUST-000669,99.7,branch,grocery
TXN-00001508,CUST-004932,132.16,card,health
TXN-00001509,CUST-000568,56.5,wallet,health
TXN-00001510,CUST-002789,58.51,card,education
TXN-00001511,CUST-001846,134.68,branch,dining
TXN-00001512,CUST-005646,93.45,branch,education
TXN-00001513,CUST-004576,126.41,card,education
TXN-00001514,CUST-000097,22.71,wallet,health
TXN-00001515,CUST-004115,65.45,card,dining
TXN-00001516,CUST-003173,73.0,branch,travel
TXN-00001517,CUST-001325,133.63,card,utilities
TXN-00001518,CUST-000505,106.25,online,travel
TXN-00001519,CUST-002402,36.41,atm,utilities
TXN-00001520,CUST-005684,229.02,atm,health
TXN-00001521,CUST-003268,286.85,atm,education
TXN-00001522,CUST-002442,41.52,card,grocery
TXN-00001523,CUST-003053,27.68,card,health
TXN-00001524,CUST-005251,36.96,card,grocery
TXN-00001525,CUST-005314,37.86,card,health
TXN-00001526,CUST-002796,72.97,card,retail
TXN-00001527,CUST-004980,211.03,card,utilities
TXN-00001528,CUST-004715,67.12,card,dining
TXN-00001529,CUST-001957,244.77,online,travel
TXN-00001530,CUST-001854,388.11,card,dining
TXN-00001531,CUST-004243,205.35,online,grocery
TXN-00001532,CUST-001855,196.64,card,travel
TXN-00001533,CUST-001166,180.74,card,utilities
TXN-00001534,CUST-004809,78.84,wallet,dining
TXN-00001535,CUST-001463,24.74,branch,travel
TXN-00001536,CUST-000224,232.59,online,retail
TXN-00001537,CUST-005475,174.02,online,utilities
TXN-00001538,CUST-001237,18.07,wallet,education
TXN-00001539,CUST-003827,60.7,wallet,retail
TXN-00001540,CUST-000882,73.24,online,utilities
TXN-00001541,CUST-004805,49.58,card,retail
TXN-00001542,CUST-004076,192.44,branch,travel
TXN-00001543,CUST-003531,166.3,atm,education
TXN-00001544,CUST-002657,150.69,card,utilities
TXN-00001545,CUST-000925,60.66,card,travel
TXN-00001546,CUST-005202,35.0,card,health
TXN-00001547,CUST-001655,259.66,online,grocery
TXN-00001548,CUST-002440,30.02,online,utilities
TXN-00001549,CUST-003028,17.58,wallet,travel
TXN-00001550,CUST-004971,61.49,wallet,health
TXN-00001551,CUST-005370,62.99,online,grocery
TXN-00001552,CUST-001701,93.02,card,utilities
TXN-00001553,CUST-004831,168.7,card,education
TXN-00001554,CUST-002902,188.89,branch,retail
TXN-00001555,CUST-005142,145.54,card,grocery
TXN-00001556,CUST-002882,43.58,card,travel
TXN-00001557,CUST-001873,80.3,card,utilities
TXN-00001558,CUST-004293,71.85,branch,travel
TXN-00001559,CUST-004561,349.42,branch,utilities
TXN-00001560,CUST-004345,27.95,online,travel
TXN-00001561,CUST-003240,44.15,online,utilities
TXN-00001562,CUST-002122,489.28,card,education
TXN-00001563,CUST-001536,291.45,online,utilities
TXN-00001564,CUST-003978,76.92,online,education
TXN-00001565,CUST-000348,61.59,card,dining
TXN-00001566,CUST-002777,186.56,online,dining
TXN-00001567,CUST-004829,216.27,card,grocery
TXN-00001568,CUST-004632,73.59,branch,travel
TXN-00001569,CUST-002030,519.14,card,dining
TXN-00001570,CUST-005717,64.24,online,grocery
TXN-00001571,CUST-002987,89.29,atm,utilities
TXN-00001572,CUST-001287,333.85,card,utilities
TXN-00001573,CUST-001694,64.49,card,travel
TXN-00001574,CUST-003524,453.3,branch,education
TXN-00001575,CUST-002910,161.82,online,utilities
TXN-00001576,CUST-005414,40.37,card,travel
TXN-00001577,CUST-005528,326.31,online,education
TXN-00001578,CUST-004004,45.3,online,utilities
TXN-00001579,CUST-005492,23.57,online,dining
TXN-00001580,CUST-000252,75.8,online,retail
TXN-00001581,CUST-003525,40.44,online,dining
TXN-00001582,CUST-002447,57.33,card,education
TXN-00001583,CUST-000825,47.1,card,grocery
TXN-00001584,CUST-001909,31.42,branch,education
TXN-00001585,CUST-001769,14.39,card,dining
TXN-00001586,CUST-005429,166.29,atm,travel
TXN-00001587,CUST-000578,137.24,card,health
TXN-00001588,CUST-003255,135.96,atm,travel
TXN-00001589,CUST-005668,97.18,online,grocery
TXN-00001590,CUST-001143,30.99,online,travel
TXN-00001591,CUST-002966,111.71,card,grocery
TXN-00001592,CUST-002952,40.54,online,retail
TXN-00001593,CUST-001815,35.61,atm,utilities
TXN-00001594,CUST-003896,10.5,card,retail
TXN-00001595,CUST-003193,198.95,wallet,grocery
TXN-00001596,CUST-002275,34.39,card,utilities
TXN-00001597,CUST-003666,136.12,card,education
TXN-00001598,CUST-000874,19.4,online,health
TXN-00001599,CUST-000975,35.47,card,health
TXN-00001600,CUST-002463,234.01,branch,retail
TXN-00001601,CUST-000688,177.06,card,utilities
TXN-00001602,CUST-000699,259.91,online,health
TXN-00001603,CUST-002786,46.7,card,retail
TXN-00001604,CUST-005263,25.83,online,grocery
TXN-00001605,CUST-000927,115.32,online,retail
TXN-00001606,CUST-003532,15.36,online,utilities
TXN-00001607,CUST-002998,40.23,card,utilities
TXN-00001608,CUST-000437,34.72,online,health
TXN-00001609,CUST-000768,336.06,branch,dining
TXN-00001610,CUST-003910,38.46,card,utilities
TXN-00001611,CUST-000891,87.25,branch,retail
TXN-00001612,CUST-002658,20.01,card,grocery
TXN-00001613,CUST-005532,212.84,branch,utilities
TXN-00001614,CUST-001413,151.62,online,travel
TXN-00001615,CUST-001999,48.67,online,travel
TXN-00001616,CUST-001187,201.99,card,dining
TXN-00001617,CUST-001307,304.01,card,grocery
TXN-00001618,CUST-000008,47.35,card,retail
TXN-00001619,CUST-005969,226.74,online,utilities
TXN-00001620,CUST-002059,73.07,card,grocery
TXN-00001621,CUST-005446,19.11,card,travel
TXN-00001622,CUST-005417,107.38,card,health
TXN-00001623,CUST-000089,43.91,atm,travel
TXN-00001624,CUST-002167,20.34,wallet,grocery
TXN-00001625,CUST-004313,92.18,online,health
TXN-00001626,CUST-004354,109.15,online,grocery
TXN-00001627,CUST-003601,537.73,wallet,education
TXN-00001628,CUST-000174,64.33,card,education
TXN-00001629,CUST-001790,21.41,wallet,grocery
TXN-00001630,CUST-003344,47.06,atm,education
TXN-00001631,CUST-004972,211.45,card,travel
TXN-00001632,CUST-004466,494.69,branch,education
TXN-00001633,CUST-004147,179.0,wallet,health
TXN-00001634,CUST-005170,113.64,card,travel
TXN-00001635,CUST-001552,48.1,online,dining
TXN-00001636,CUST-002115,44.55,online,education
TXN-00001637,CUST-002584,122.71,card,grocery
TXN-00001638,CUST-001428,91.75,atm,grocery
TXN-00001639,CUST-004134,15.56,branch,retail
TXN-00001640,CUST-002268,21.25,online,grocery
TXN-00001641,CUST-004701,58.06,online,travel
TXN-00001642,CUST-000952,78.11,atm,education
TXN-00001643,CUST-001881,39.71,card,retail
TXN-00001644,CUST-003194,104.68,online,dining
TXN-00001645,CUST-003321,96.13,atm,grocery
TXN-00001646,CUST-000547,109.44,wallet,utilities
TXN-00001647,CUST-002254,177.78,atm,grocery
TXN-00001648,CUST-003221,24.66,online,dining
TXN-00001649,CUST-002956,83.48,card,dining
TXN-00001650,CUST-002344,90.8,atm,health
TXN-00001651,CUST-001782,148.35,wallet,utilities
TXN-00001652,CUST-005413,73.09,card,education
TXN-00001653,CUST-001219,31.6,online,dining
TXN-00001654,CUST-004585,69.28,card,retail
TXN-00001655,CUST-000121,71.74,atm,utilities
TXN-00001656,CUST-000796,79.04,card,health
TXN-00001657,CUST-000599,312.02,online,dining
TXN-00001658,CUST-005632,41.45,online,dining
TXN-00001659,CUST-004271,95.52,wallet,dining
TXN-00001660,CUST-004884,11.58,atm,travel
TXN-00001661,CUST-003197,32.01,online,utilities
TXN-00001662,CUST-004592,44.11,online,education
TXN-00001663,CUST-001066,51.66,card,retail
TXN-00001664,CUST-001815,205.93,card,utilities
TXN-00001665,CUST-001718,203.47,card,dining
TXN-00001666,CUST-003902,10.22,branch,dining
TXN-00001667,CUST-002886,59.12,atm,education
TXN-00001668,CUST-003361,200.5,online,retail
TXN-00001669,CUST-001025,94.46,online,travel
TXN-00001670,CUST-000312,64.37,online,retail
TXN-00001671,CUST-005684,46.37,wallet,grocery
TXN-00001672,CUST-004621,3.87,online,education
TXN-00001673,CUST-005109,74.88,branch,utilities
TXN-00001674,CUST-005920,13.27,card,travel
TXN-00001675,CUST-002832,59.02,card,utilities
TXN-00001676,CUST-001751,263.94,atm,dining
TXN-00001677,CUST-004369,135.56,online,education
TXN-00001678,CUST-003096,29.69,card,education
TXN-00001679,CUST-003132,82.65,card,education
TXN-00001680,CUST-004699,270.87,card,travel
TXN-00001681,CUST-003529,56.14,card,retail
TXN-00001682,CUST-005436,113.8,card,retail
TXN-00001683,CUST-003988,111.58,online,dining
TXN-00001684,CUST-000024,84.64,card,health
TXN-00001685,CUST-001762,52.13,online,retail
TXN-00001686,CUST-003638,702.57,online,dining
TXN-00001687,CUST-003801,344.95,atm,education
TXN-00001688,CUST-004154,83.08,card,dining
TXN-00001689,CUST-001495,53.74,card,health
TXN-00001690,CUST-003449,118.76,branch,utilities
TXN-00001691,CUST-003604,538.07,branch,dining
TXN-00001692,CUST-002160,103.97,online,dining
TXN-00001693,CUST-003853,216.58,card,health
TXN-00001694,CUST-003142,32.7,online,health
TXN-00001695,CUST-005944,122.91,atm,travel
TXN-00001696,CUST-002144,360.59,card,dining
TXN-00001697,CUST-000745,209.62,wallet,health
TXN-00001698,CUST-005562,278.44,online,dining
TXN-00001699,CUST-002291,61.9,online,grocery
TXN-00001700,CUST-004749,45.5,card,health
TXN-00001701,CUST-004820,211.08,branch,dining
TXN-00001702,CUST-003635,37.33,atm,grocery
TXN-00001703,CUST-001701,337.31,card,education
TXN-00001704,CUST-002248,207.07,card,grocery
TXN-00001705,CUST-002925,521.41,online,utilities
TXN-00001706,CUST-001342,46.71,wallet,grocery
TXN-00001707,CUST-000194,28.88,atm,grocery
TXN-00001708,CUST-001657,149.64,card,retail
TXN-00001709,CUST-004283,98.19,branch,utilities
TXN-00001710,CUST-002445,29.1,card,health
TXN-00001711,CUST-003332,167.7,card,retail
TXN-00001712,CUST-002540,434.57,online,retail
TXN-00001713,CUST-005161,447.31,atm,grocery
TXN-00001714,CUST-001643,69.01,card,retail
TXN-00001715,CUST-002419,21.29,card,dining
TXN-00001716,CUST-001639,39.73,atm,grocery
TXN-00001717,CUST-005211,29.44,card,education
TXN-00001718,CUST-003270,34.46,atm,utilities
TXN-00001719,CUST-005263,94.07,branch,utilities
TXN-00001720,CUST-004598,32.67,online,travel
TXN-00001721,CUST-003677,13.91,online,utilities
TXN-00001722,CUST-001696,28.63,online,health
TXN-00001723,CUST-002557,325.45,branch,dining
TXN-00001724,CUST-005005,155.35,card,health
TXN-00001725,CUST-002431,26.0,card,retail
TXN-00001726,CUST-003630,126.24,online,grocery
TXN-00001727,CUST-000653,74.97,branch,travel
TXN-00001728,CUST-002578,56.42,card,education
TXN-00001729,CUST-003731,54.76,wallet,utilities
TXN-00001730,CUST-004391,287.49,wallet,retail
TXN-00001731,CUST-005454,30.38,online,grocery
TXN-00001732,CUST-001290,90.11,online,dining
TXN-00001733,CUST-000493,46.62,online,travel
TXN-00001734,CUST-003631,21.06,online,utilities
TXN-00001735,CUST-000167,207.85,card,education
TXN-00001736,CUST-004184,265.71,card,utilities
TXN-00001737,CUST-005197,80.96,online,retail
TXN-00001738,CUST-005827,182.63,online,utilities
TXN-00001739,CUST-001163,45.15,branch,retail
TXN-00001740,CUST-003030,156.87,card,travel
TXN-00001741,CUST-001773,71.85,atm,utilities
TXN-00001742,CUST-003606,35.61,card,dining
TXN-00001743,CUST-003418,65.26,card,health
TXN-00001744,CUST-003973,73.8,card,utilities
TXN-00001745,CUST-003511,119.57,wallet,grocery
TXN-00001746,CUST-000705,6.82,online,retail
TXN-00001747,CUST-000893,48.8,online,retail
TXN-00001748,CUST-005524,249.38,card,dining
TXN-00001749,CUST-005542,66.52,card,dining
TXN-00001750,CUST-004202,20.64,card,dining
TXN-00001751,CUST-003244,203.44,online,health
TXN-00001752,CUST-002570,132.73,atm,utilities
TXN-00001753,CUST-002669,33.72,online,education
TXN-00001754,CUST-000506,19.3,card,health
TXN-00001755,CUST-005864,150.34,wallet,travel
TXN-00001756,CUST-002820,51.07,online,travel
TXN-00001757,CUST-004700,3.93,branch,education
TXN-00001758,CUST-004144,21.96,card,retail
TXN-00001759,CUST-002627,50.73,card,education
TXN-00001760,CUST-001991,445.19,card,grocery
TXN-00001761,CUST-003920,151.32,card,dining
TXN-00001762,CUST-003623,15.45,atm,travel
TXN-00001763,CUST-000290,35.89,card,grocery
TXN-00001764,CUST-001407,310.4,card,health
TXN-00001765,CUST-002356,23.24,atm,grocery
TXN-00001766,CUST-000716,151.28,online,retail
TXN-00001767,CUST-004071,31.12,card,education
TXN-00001768,CUST-005357,50.06,online,utilities
TXN-00001769,CUST-001700,12.14,card,health
TXN-00001770,CUST-001244,55.38,online,grocery
TXN-00001771,CUST-005994,54.47,branch,utilities
TXN-00001772,CUST-003791,50.16,branch,health
TXN-00001773,CUST-004750,537.8,card,travel
TXN-00001774,CUST-003887,170.13,card,retail
TXN-00001775,CUST-005957,31.25,atm,retail
TXN-00001776,CUST-005070,27.87,atm,education
TXN-00001777,CUST-002815,167.9,wallet,health
TXN-00001778,CUST-002285,24.39,card,retail
TXN-00001779,CUST-003584,46.71,atm,retail
TXN-00001780,CUST-001636,205.94,card,travel
TXN-00001781,CUST-000369,47.99,branch,health
TXN-00001782,CUST-000546,36.82,online,utilities
TXN-00001783,CUST-005395,36.6,wallet,grocery
TXN-00001784,CUST-004745,30.55,online,health
TXN-00001785,CUST-001039,212.14,atm,health
TXN-00001786,CUST-005526,88.28,wallet,travel
TXN-00001787,CUST-001497,55.37,atm,grocery
TXN-00001788,CUST-002395,62.11,online,retail
TXN-00001789,CUST-002618,149.08,card,health
TXN-00001790,CUST-001748,44.26,card,dining
TXN-00001791,CUST-000128,72.99,branch,travel
TXN-00001792,CUST-001583,28.78,card,education
TXN-00001793,CUST-003609,351.51,card,dining
TXN-00001794,CUST-005466,111.78,online,education
TXN-00001795,CUST-002587,20.12,branch,education
TXN-00001796,CUST-002361,41.09,branch,travel
TXN-00001797,CUST-005891,38.39,online,health
TXN-00001798,CUST-004391,60.08,card,utilities
TXN-00001799,CUST-005331,458.53,card,travel
TXN-00001800,CUST-003726,46.07,online,education
TXN-00001801,CUST-002742,60.49,atm,travel
TXN-00001802,CUST-002934,34.92,card,travel
TXN-00001803,CUST-000599,83.62,online,travel
TXN-00001804,CUST-001692,36.41,online,retail
TXN-00001805,CUST-002355,34.08,atm,grocery
TXN-00001806,CUST-004368,44.21,card,grocery
TXN-00001807,CUST-004166,78.69,card,grocery
TXN-00001808,CUST-002625,60.27,card,health
TXN-00001809,CUST-004007,68.29,atm,travel
TXN-00001810,CUST-000808,167.67,card,utilities
TXN-00001811,CUST-000910,20.61,card,travel
TXN-00001812,CUST-002686,84.77,wallet,education
TXN-00001813,CUST-001187,231.44,wallet,education
TXN-00001814,CUST-005381,218.19,online,retail
TXN-00001815,CUST-001356,84.95,online,education
TXN-00001816,CUST-002949,137.82,card,retail
TXN-00001817,CUST-003929,247.76,online,health
TXN-00001818,CUST-005052,33.44,online,utilities
TXN-00001819,CUST-000248,49.69,card,utilities
TXN-00001820,CUST-002579,40.24,branch,retail
TXN-00001821,CUST-000466,57.76,card,dining
TXN-00001822,CUST-000146,31.22,online,retail
TXN-00001823,CUST-001768,46.59,online,utilities
TXN-00001824,CUST-002874,122.9,online,utilities
TXN-00001825,CUST-001663,49.03,card,dining
TXN-00001826,CUST-000159,83.77,wallet,education
TXN-00001827,CUST-001833,33.87,branch,education
TXN-00001828,CUST-001287,160.63,card,health
TXN-00001829,CUST-001449,15.58,atm,dining
TXN-00001830,CUST-001108,57.7,card,grocery
TXN-00001831,CUST-004792,188.9,card,retail
TXN-00001832,CUST-001428,52.51,wallet,utilities
TXN-00001833,CUST-004518,31.13,branch,health
TXN-00001834,CUST-001425,222.62,card,grocery
TXN-00001835,CUST-004274,34.92,online,education
TXN-00001836,CUST-005165,54.55,branch,retail
TXN-00001837,CUST-001754,51.99,online,retail
TXN-00001838,CUST-002277,45.19,online,health
TXN-00001839,CUST-001208,224.96,online,dining
TXN-00001840,CUST-004747,16.24,card,health
TXN-00001841,CUST-000052,37.1,card,health
TXN-00001842,CUST-000323,65.18,card,health
TXN-00001843,CUST-002166,122.51,card,travel
TXN-00001844,CUST-000608,23.39,branch,travel
TXN-00001845,CUST-004406,136.87,wallet,utilities
TXN-00001846,CUST-001031,110.98,online,education
TXN-00001847,CUST-005524,19.12,card,dining
TXN-00001848,CUST-001833,40.48,online,education
TXN-00001849,CUST-001201,56.76,wallet,health
TXN-00001850,CUST-000160,225.95,atm,utilities
TXN-00001851,CUST-000607,262.23,atm,retail
TXN-00001852,CUST-000146,158.49,atm,utilities
TXN-00001853,CUST-000035,42.46,card,health
TXN-00001854,CUST-003925,94.07,wallet,health
TXN-00001855,CUST-005391,97.58,branch,dining
TXN-00001856,CUST-005928,22.73,online,utilities
TXN-00001857,CUST-005370,61.71,online,retail
TXN-00001858,CUST-003559,334.27,online,utilities
TXN-00001859,CUST-005742,24.04,card,education
TXN-00001860,CUST-003479,101.44,online,dining
TXN-00001861,CUST-000687,75.55,card,grocery
TXN-00001862,CUST-000275,29.91,atm,health
TXN-00001863,CUST-003516,151.7,online,retail
TXN-00001864,CUST-004239,42.69,card,travel
TXN-00001865,CUST-005909,246.77,online,education
TXN-00001866,CUST-004323,740.47,atm,health
TXN-00001867,CUST-002631,78.17,card,utilities
TXN-00001868,CUST-002478,453.89,atm,health
TXN-00001869,CUST-001165,83.39,online,dining
TXN-00001870,CUST-004692,8.49,online,education
TXN-00001871,CUST-002771,54.62,online,dining
TXN-00001872,CUST-003127,69.53,branch,travel
TXN-00001873,CUST-003769,428.08,card,dining
TXN-00001874,CUST-000203,82.34,atm,dining
TXN-00001875,CUST-005070,8.31,branch,grocery
TXN-00001876,CUST-000034,113.57,card,health
TXN-00001877,CUST-004041,81.63,atm,education
TXN-00001878,CUST-000455,61.49,atm,grocery
TXN-00001879,CUST-004664,73.32,card,travel
TXN-00001880,CUST-000738,233.28,card,utilities
TXN-00001881,CUST-005451,86.44,online,retail
TXN-00001882,CUST-004733,89.35,card,education
TXN-00001883,CUST-000830,44.66,card,dining
TXN-00001884,CUST-005654,20.83,wallet,travel
TXN-00001885,CUST-001797,89.06,online,grocery
TXN-00001886,CUST-000416,42.05,online,education
TXN-00001887,CUST-001647,85.55,online,travel
TXN-00001888,CUST-004089,9.8,card,retail
TXN-00001889,CUST-003060,82.01,online,education
TXN-00001890,CUST-003530,69.64,card,grocery
TXN-00001891,CUST-005319,78.49,online,grocery
TXN-00001892,CUST-000594,93.07,branch,retail
TXN-00001893,CUST-005118,119.09,atm,travel
TXN-00001894,CUST-002339,128.87,atm,travel
TXN-00001895,CUST-004291,61.03,card,grocery
TXN-00001896,CUST-003556,188.7,online,health
TXN-00001897,CUST-000514,68.04,branch,grocery
TXN-00001898,CUST-000576,19.08,branch,grocery
TXN-00001899,CUST-000583,148.93,atm,education
TXN-00001900,CUST-001155,60.54,atm,travel
TXN-00001901,CUST-002577,50.88,card,grocery
TXN-00001902,CUST-002169,322.69,wallet,education
TXN-00001903,CUST-000948,59.17,card,health
TXN-00001904,CUST-000088,98.62,online,grocery
TXN-00001905,CUST-001629,209.09,card,retail
TXN-00001906,CUST-003931,43.5,online,dining
TXN-00001907,CUST-001462,154.41,branch,travel
TXN-00001908,CUST-001720,87.56,card,dining
TXN-00001909,CUST-002424,272.46,atm,grocery
TXN-00001910,CUST-000429,41.99,card,dining
TXN-00001911,CUST-000942,38.99,branch,grocery
TXN-00001912,CUST-000599,98.44,online,utilities
TXN-00001913,CUST-005208,27.87,card,health
TXN-00001914,CUST-001353,257.45,online,travel
TXN-00001915,CUST-002821,55.6,wallet,retail
TXN-00001916,CUST-002242,413.53,card,education
TXN-00001917,CUST-002741,27.24,online,health
TXN-00001918,CUST-003729,209.5,branch,education
TXN-00001919,CUST-002077,57.47,online,grocery
TXN-00001920,CUST-005277,40.44,card,retail
TXN-00001921,CUST-000737,114.94,online,health
TXN-00001922,CUST-005674,84.82,online,education
TXN-00001923,CUST-003227,129.23,card,travel
TXN-00001924,CUST-004135,36.49,online,travel
TXN-00001925,CUST-001874,15.66,online,dining
TXN-00001926,CUST-003597,141.18,card,retail
TXN-00001927,CUST-001896,37.7,card,dining
TXN-00001928,CUST-000191,77.63,online,education
TXN-00001929,CUST-002224,136.3,card,utilities
TXN-00001930,CUST-000097,86.17,card,travel
TXN-00001931,CUST-004082,60.41,card,retail
TXN-00001932,CUST-000864,42.24,wallet,utilities
TXN-00001933,CUST-004357,219.98,card,grocery
TXN-00001934,CUST-000545,158.91,online,health
TXN-00001935,CUST-001534,233.24,card,health
TXN-00001936,CUST-002788,24.25,online,education
TXN-00001937,CUST-003660,38.49,wallet,grocery
TXN-00001938,CUST-002771,50.13,card,grocery
TXN-00001939,CUST-004117,103.96,branch,retail
TXN-00001940,CUST-005972,395.09,online,travel
TXN-00001941,CUST-002395,78.02,online,retail
TXN-00001942,CUST-005546,47.97,online,grocery
TXN-00001943,CUST-002870,94.57,online,retail
TXN-00001944,CUST-000862,18.83,wallet,dining
TXN-00001945,CUST-002378,8.91,atm,health
TXN-00001946,CUST-005549,22.53,card,travel
TXN-00001947,CUST-002616,48.59,card,health
TXN-00001948,CUST-005052,113.11,card,dining
TXN-00001949,CUST-001938,224.97,card,health
TXN-00001950,CUST-004340,277.48,card,health
TXN-00001951,CUST-003119,181.46,online,health
TXN-00001952,CUST-002895,19.93,online,travel
TXN-00001953,CUST-003522,59.3,branch,dining
TXN-00001954,CUST-005610,303.96,online,retail
TXN-00001955,CUST-004778,18.11,branch,education
TXN-00001956,CUST-001157,74.36,branch,grocery
TXN-00001957,CUST-003951,75.42,card,utilities
TXN-00001958,CUST-000372,163.56,wallet,education
TXN-00001959,CUST-004502,4.42,online,retail
TXN-00001960,CUST-004649,134.96,atm,dining
TXN-00001961,CUST-001102,21.82,online,health
TXN-00001962,CUST-002902,175.5,atm,dining
TXN-00001963,CUST-001944,20.9,card,travel
TXN-00001964,CUST-002813,82.3,online,health
TXN-00001965,CUST-002797,10.35,online,retail
TXN-00001966,CUST-002317,26.21,online,health
TXN-00001967,CUST-000202,118.38,online,utilities
TXN-00001968,CUST-005979,37.34,atm,travel
TXN-00001969,CUST-001940,133.93,wallet,utilities
TXN-00001970,CUST-002477,99.69,wallet,retail
TXN-00001971,CUST-001568,62.75,card,travel
TXN-00001972,CUST-001349,8.44,online,utilities
TXN-00001973,CUST-003821,86.14,card,retail
TXN-00001974,CUST-002633,148.34,card,dining
TXN-00001975,CUST-002046,121.85,online,education
TXN-00001976,CUST-003566,31.34,online,utilities
TXN-00001977,CUST-002440,92.46,atm,grocery
TXN-00001978,CUST-000271,60.02,online,dining
TXN-00001979,CUST-005428,84.24,card,grocery
TXN-00001980,CUST-002247,245.7,online,health
TXN-00001981,CUST-004231,96.5,card,grocery
TXN-00001982,CUST-002039,43.24,online,travel
TXN-00001983,CUST-000180,124.27,atm,grocery
TXN-00001984,CUST-003472,80.12,online,health
TXN-00001985,CUST-002220,197.86,card,dining
TXN-00001986,CUST-003606,24.04,online,travel
TXN-00001987,CUST-003045,22.56,card,travel
TXN-00001988,CUST-002419,57.3,card,utilities
TXN-00001989,CUST-004295,12.89,card,retail
TXN-00001990,CUST-004737,47.78,online,grocery
TXN-00001991,CUST-003822,88.21,wallet,dining
TXN-00001992,CUST-004198,217.89,card,travel
TXN-00001993,CUST-002245,50.35,online,dining
TXN-00001994,CUST-005678,172.68,online,health
TXN-00001995,CUST-004920,90.27,branch,education
TXN-00001996,CUST-004211,63.58,card,grocery
TXN-00001997,CUST-005302,27.21,online,utilities
TXN-00001998,CUST-005348,40.39,online,grocery
TXN-00001999,CUST-004240,42.23,card,health
TXN-00002000,CUST-001898,53.03,card,travel
TXN-00002001,CUST-000373,42.49,atm,education
TXN-00002002,CUST-005568,169.09,online,education
TXN-00002003,CUST-005158,62.91,atm,travel
TXN-00002004,CUST-004391,370.88,branch,utilities
TXN-00002005,CUST-001142,29.34,card,grocery
TXN-00002006,CUST-001907,160.7,card,education
TXN-00002007,CUST-004781,23.19,card,dining
TXN-00002008,CUST-003543,56.35,online,retail
TXN-00002009,CUST-001083,56.86,card,health
TXN-00002010,CUST-005607,58.56,card,utilities
TXN-00002011,CUST-004822,210.84,card,health
TXN-00002012,CUST-004480,79.55,atm,education
TXN-00002013,CUST-001331,383.89,card,retail
TXN-00002014,CUST-003995,253.41,online,education
TXN-00002015,CUST-003790,66.6,online,health
TXN-00002016,CUST-005032,193.69,card,education
TXN-00002017,CUST-004002,21.83,online,grocery
TXN-00002018,CUST-001509,67.02,wallet,travel
TXN-00002019,CUST-004010,61.35,online,health
TXN-00002020,CUST-005976,110.26,wallet,utilities
TXN-00002021,CUST-005293,131.11,card,health
TXN-00002022,CUST-000076,31.08,online,dining
TXN-00002023,CUST-000722,106.66,branch,education
TXN-00002024,CUST-005611,247.5,online,grocery
TXN-00002025,CUST-004005,143.51,atm,dining
TXN-00002026,CUST-002994,104.28,atm,education
TXN-00002027,CUST-004010,168.98,online,grocery
TXN-00002028,CUST-005762,7.77,card,utilities
TXN-00002029,CUST-005940,12.15,online,travel
TXN-00002030,CUST-000750,346.86,card,health
TXN-00002031,CUST-000308,130.22,card,travel
TXN-00002032,CUST-005352,95.07,card,utilities
TXN-00002033,CUST-000603,81.24,online,health
TXN-00002034,CUST-003827,69.33,card,travel
TXN-00002035,CUST-002246,108.26,card,education
TXN-00002036,CUST-005670,94.01,online,dining
TXN-00002037,CUST-001020,49.53,branch,grocery
TXN-00002038,CUST-000063,90.31,card,retail
TXN-00002039,CUST-002236,88.55,card,health
TXN-00002040,CUST-003626,40.8,card,health
TXN-00002041,CUST-004808,205.39,branch,education
TXN-00002042,CUST-004331,40.64,card,utilities
TXN-00002043,CUST-005204,36.45,branch,retail
TXN-00002044,CUST-004225,47.4,card,dining
TXN-00002045,CUST-000580,18.56,online,health
TXN-00002046,CUST-005683,63.74,card,education
TXN-00002047,CUST-004311,48.88,card,retail
TXN-00002048,CUST-001083,129.43,card,grocery
TXN-00002049,CUST-004531,65.95,online,education
TXN-00002050,CUST-003095,15.4,online,education
TXN-00002051,CUST-000290,47.62,online,retail
TXN-00002052,CUST-004121,19.24,card,education
TXN-00002053,CUST-005985,186.24,card,utilities
TXN-00002054,CUST-002659,195.37,wallet,health
TXN-00002055,CUST-003717,104.29,atm,dining
TXN-00002056,CUST-001792,141.94,wallet,utilities
TXN-00002057,CUST-003563,79.61,online,retail
TXN-00002058,CUST-002887,94.31,atm,dining
TXN-00002059,CUST-000164,40.65,wallet,travel
TXN-00002060,CUST-003537,51.98,online,retail
TXN-00002061,CUST-003566,147.7,atm,grocery
TXN-00002062,CUST-004956,31.35,branch,retail
TXN-00002063,CUST-001063,83.83,card,dining
TXN-00002064,CUST-001949,40.97,online,retail
TXN-00002065,CUST-005272,39.34,online,dining
TXN-00002066,CUST-002715,204.69,card,health
TXN-00002067,CUST-004651,119.63,online,utilities
TXN-00002068,CUST-001198,94.05,wallet,retail
TXN-00002069,CUST-004649,29.3,atm,travel
TXN-00002070,CUST-003639,73.81,card,dining
TXN-00002071,CUST-001227,54.92,wallet,travel
TXN-00002072,CUST-003453,23.44,card,grocery
TXN-00002073,CUST-005052,120.86,card,retail
TXN-00002074,CUST-003504,112.67,card,grocery
TXN-00002075,CUST-002523,11.32,card,travel
TXN-00002076,CUST-000829,61.45,online,health
TXN-00002077,CUST-003031,348.61,online,dining
TXN-00002078,CUST-003338,90.94,atm,health
TXN-00002079,CUST-002804,347.28,online,dining
TXN-00002080,CUST-004611,101.85,atm,dining
TXN-00002081,CUST-004927,121.89,card,health
TXN-00002082,CUST-001268,60.97,online,utilities
TXN-00002083,CUST-001285,32.96,online,health
TXN-00002084,CUST-001222,31.04,card,education
TXN-00002085,CUST-004000,199.13,branch,education
TXN-00002086,CUST-004419,59.59,branch,utilities
TXN-00002087,CUST-001341,46.02,online,health
TXN-00002088,CUST-005165,399.12,online,utilities
TXN-00002089,CUST-005990,503.39,online,travel
TXN-00002090,CUST-004724,88.93,online,utilities
TXN-00002091,CUST-005378,15.65,card,utilities
TXN-00002092,CUST-002134,66.76,online,grocery
TXN-00002093,CUST-001462,29.0,card,education
TXN-00002094,CUST-002579,24.5,branch,travel
TXN-00002095,CUST-003187,257.09,atm,dining
TXN-00002096,CUST-003113,23.64,card,grocery
TXN-00002097,CUST-001605,39.29,atm,retail
TXN-00002098,CUST-002521,61.63,online,retail
TXN-00002099,CUST-000026,25.75,card,travel
TXN-00002100,CUST-000111,42.78,atm,dining
TXN-00002101,CUST-004151,26.72,online,travel
TXN-00002102,CUST-001965,22.94,online,dining
TXN-00002103,CUST-000323,65.61,online,retail
TXN-00002104,CUST-004818,70.62,atm,dining
TXN-00002105,CUST-002853,20.67,card,utilities
TXN-00002106,CUST-001531,21.97,online,health
TXN-00002107,CUST-005881,22.29,online,dining
TXN-00002108,CUST-004714,22.03,atm,education
TXN-00002109,CUST-005228,64.53,card,utilities
TXN-00002110,CUST-005089,93.65,branch,grocery
TXN-00002111,CUST-001408,46.9,branch,travel
TXN-00002112,CUST-004173,239.21,card,travel
TXN-00002113,CUST-005405,257.69,online,health
TXN-00002114,CUST-003413,13.37,branch,health
TXN-00002115,CUST-000412,80.46,branch,dining
TXN-00002116,CUST-003387,13.53,online,retail
TXN-00002117,CUST-001474,80.46,online,travel
TXN-00002118,CUST-002209,189.4,card,education
TXN-00002119,CUST-003905,101.22,card,health
TXN-00002120,CUST-003165,32.74,online,utilities
TXN-00002121,CUST-001989,214.59,online,education
TXN-00002122,CUST-001768,34.88,card,health
TXN-00002123,CUST-005683,89.62,atm,grocery
TXN-00002124,CUST-004058,29.62,atm,utilities
TXN-00002125,CUST-003111,97.9,atm,retail
TXN-00002126,CUST-003057,55.09,branch,dining
TXN-00002127,CUST-000447,13.34,online,utilities
TXN-00002128,CUST-004183,49.64,online,dining
TXN-00002129,CUST-001993,143.25,online,dining
TXN-00002130,CUST-004696,237.65,online,retail
TXN-00002131,CUST-001540,49.93,online,utilities
TXN-00002132,CUST-003716,204.31,online,utilities
TXN-00002133,CUST-004663,43.41,branch,travel
TXN-00002134,CUST-000939,574.97,online,health
TXN-00002135,CUST-003970,36.23,atm,utilities
TXN-00002136,CUST-003189,77.99,card,grocery
TXN-00002137,CUST-000966,22.09,wallet,health
TXN-00002138,CUST-004338,59.3,online,education
TXN-00002139,CUST-003742,133.43,atm,health
TXN-00002140,CUST-003262,1228.87,card,travel
TXN-00002141,CUST-000679,37.59,card,dining
TXN-00002142,CUST-000038,8.41,card,health
TXN-00002143,CUST-001430,236.17,wallet,retail
TXN-00002144,CUST-002250,77.36,online,education
TXN-00002145,CUST-000716,280.88,branch,health
TXN-00002146,CUST-004325,23.95,online,grocery
TXN-00002147,CUST-001502,550.19,card,education
TXN-00002148,CUST-000602,40.63,wallet,retail
TXN-00002149,CUST-000292,60.61,online,grocery
TXN-00002150,CUST-003506,81.74,wallet,education
TXN-00002151,CUST-003833,23.79,card,utilities
TXN-00002152,CUST-000870,52.0,card,grocery
TXN-00002153,CUST-003132,13.39,online,travel
TXN-00002154,CUST-004246,137.05,atm,grocery
TXN-00002155,CUST-003857,46.78,card,retail
TXN-00002156,CUST-003353,5.15,online,retail
TXN-00002157,CUST-002276,50.27,card,grocery
TXN-00002158,CUST-005691,98.26,online,retail
TXN-00002159,CUST-000354,101.04,card,education
TXN-00002160,CUST-000054,409.45,card,dining
TXN-00002161,CUST-004913,88.47,card,education
TXN-00002162,CUST-002033,57.43,online,dining
TXN-00002163,CUST-002302,64.36,atm,retail
TXN-00002164,CUST-002279,377.36,online,travel
TXN-00002165,CUST-005317,28.95,card,dining
TXN-00002166,CUST-003492,47.76,online,travel
TXN-00002167,CUST-002280,153.52,atm,travel
TXN-00002168,CUST-005694,90.51,wallet,grocery
TXN-00002169,CUST-003789,24.76,card,education
TXN-00002170,CUST-004605,93.88,online,grocery
TXN-00002171,CUST-005688,434.81,wallet,health
TXN-00002172,CUST-004754,67.69,branch,utilities
TXN-00002173,CUST-005313,47.89,card,education
TXN-00002174,CUST-001383,73.35,branch,education
TXN-00002175,CUST-003081,60.57,card,utilities
TXN-00002176,CUST-001162,661.8,atm,dining
TXN-00002177,CUST-000202,177.33,online,education
TXN-00002178,CUST-002447,9.06,atm,utilities
TXN-00002179,CUST-001405,276.71,branch,dining
TXN-00002180,CUST-001823,45.94,card,grocery
TXN-00002181,CUST-004793,93.57,atm,dining
TXN-00002182,CUST-004522,193.21,online,health
TXN-00002183,CUST-002026,318.66,online,utilities
TXN-00002184,CUST-002777,111.63,atm,education
TXN-00002185,CUST-003763,76.74,online,health
TXN-00002186,CUST-004574,50.65,atm,grocery
TXN-00002187,CUST-004931,74.61,online,education
TXN-00002188,CUST-000675,465.53,card,dining
TXN-00002189,CUST-005423,17.21,online,health
TXN-00002190,CUST-005353,62.04,card,dining
TXN-00002191,CUST-003420,155.07,online,travel
TXN-00002192,CUST-003062,643.84,card,education
TXN-00002193,CUST-005238,498.09,online,health
TXN-00002194,CUST-005948,103.81,wallet,retail
TXN-00002195,CUST-001352,164.68,wallet,utilities
TXN-00002196,CUST-002909,202.44,card,grocery
TXN-00002197,CUST-001789,56.7,card,dining
TXN-00002198,CUST-001424,180.43,online,retail
TXN-00002199,CUST-001064,46.85,card,health
TXN-00002200,CUST-000995,21.17,branch,education
TXN-00002201,CUST-003382,150.72,card,health
TXN-00002202,CUST-003802,76.96,online,dining
TXN-00002203,CUST-003167,196.79,card,grocery
TXN-00002204,CUST-004782,109.27,online,grocery
TXN-00002205,CUST-002864,35.68,online,utilities
TXN-00002206,CUST-005516,302.0,card,retail
TXN-00002207,CUST-001927,158.18,wallet,utilities
TXN-00002208,CUST-001020,173.48,card,dining
TXN-00002209,CUST-002545,26.13,online,travel
TXN-00002210,CUST-001141,40.29,card,travel
TXN-00002211,CUST-004662,48.03,online,retail
TXN-00002212,CUST-002690,78.29,branch,health
TXN-00002213,CUST-000853,642.96,card,health
TXN-00002214,CUST-001432,20.63,online,grocery
TXN-00002215,CUST-001362,84.47,online,utilities
TXN-00002216,CUST-004850,29.75,online,health
TXN-00002217,CUST-001781,32.25,online,grocery
TXN-00002218,CUST-001959,56.26,wallet,retail
TXN-00002219,CUST-004871,124.41,atm,education
TXN-00002220,CUST-002501,6.68,online,retail
TXN-00002221,CUST-001236,17.41,online,health
TXN-00002222,CUST-000058,44.8,branch,retail
TXN-00002223,CUST-001062,60.35,wallet,travel
TXN-00002224,CUST-000294,29.64,card,travel
TXN-00002225,CUST-004318,52.46,wallet,education
TXN-00002226,CUST-003491,50.66,online,retail
TXN-00002227,CUST-004085,131.71,wallet,travel
TXN-00002228,CUST-005147,99.01,card,grocery
TXN-00002229,CUST-003130,69.83,branch,travel
TXN-00002230,CUST-002690,246.62,card,education
TXN-00002231,CUST-005289,176.38,online,retail
TXN-00002232,CUST-005341,57.51,card,travel
TXN-00002233,CUST-002992,20.06,online,retail
TXN-00002234,CUST-000267,61.22,wallet,dining
TXN-00002235,CUST-004196,17.57,atm,education
TXN-00002236,CUST-005355,133.72,atm,retail
TXN-00002237,CUST-001787,517.09,card,dining
TXN-00002238,CUST-003514,111.2,card,travel
TXN-00002239,CUST-002581,185.27,atm,retail
TXN-00002240,CUST-002037,28.89,branch,utilities
TXN-00002241,CUST-000689,89.23,online,retail
TXN-00002242,CUST-000603,62.77,atm,travel
TXN-00002243,CUST-001636,31.14,online,travel
TXN-00002244,CUST-001421,63.55,card,education
TXN-00002245,CUST-005297,23.72,online,utilities
TXN-00002246,CUST-004967,177.43,online,travel
TXN-00002247,CUST-000799,46.19,card,utilities
TXN-00002248,CUST-005907,31.51,atm,grocery
TXN-00002249,CUST-005353,90.06,card,dining
TXN-00002250,CUST-000428,150.88,online,dining
TXN-00002251,CUST-002198,203.8,card,utilities
TXN-00002252,CUST-000939,36.86,card,utilities
TXN-00002253,CUST-004260,74.43,online,education
TXN-00002254,CUST-002212,213.91,online,utilities
TXN-00002255,CUST-001196,26.18,branch,education
TXN-00002256,CUST-005867,80.07,card,retail
TXN-00002257,CUST-001950,79.72,online,health
TXN-00002258,CUST-000790,27.59,card,education
TXN-00002259,CUST-001843,228.12,wallet,health
TXN-00002260,CUST-005627,54.86,atm,grocery
TXN-00002261,CUST-000962,271.97,wallet,utilities
TXN-00002262,CUST-001817,25.71,online,grocery
TXN-00002263,CUST-001257,6.42,card,travel
TXN-00002264,CUST-002813,42.4,card,health
TXN-00002265,CUST-001289,112.59,atm,utilities
TXN-00002266,CUST-001775,44.78,branch,health
TXN-00002267,CUST-004706,81.7,card,education
TXN-00002268,CUST-004261,71.81,wallet,travel
TXN-00002269,CUST-005127,30.19,online,retail
TXN-00002270,CUST-000450,1212.76,card,retail
TXN-00002271,CUST-004511,66.26,card,travel
TXN-00002272,CUST-005061,38.73,card,grocery
TXN-00002273,CUST-004127,1060.42,branch,dining
TXN-00002274,CUST-002968,29.53,online,dining
TXN-00002275,CUST-005229,84.09,card,utilities
TXN-00002276,CUST-000718,42.26,online,dining
TXN-00002277,CUST-003250,22.27,atm,grocery
TXN-00002278,CUST-001578,192.71,card,dining
TXN-00002279,CUST-002679,77.66,online,travel
TXN-00002280,CUST-000648,21.52,card,travel
TXN-00002281,CUST-001390,560.53,card,dining
TXN-00002282,CUST-003394,78.65,card,retail
TXN-00002283,CUST-002684,285.04,branch,utilities
TXN-00002284,CUST-005567,307.98,online,dining
TXN-00002285,CUST-004958,16.34,card,education
TXN-00002286,CUST-001474,163.1,card,grocery
TXN-00002287,CUST-005826,224.37,card,utilities
TXN-00002288,CUST-005566,89.95,wallet,education
TXN-00002289,CUST-000393,223.0,atm,health
TXN-00002290,CUST-001520,48.8,online,health
TXN-00002291,CUST-004514,389.36,card,retail
TXN-00002292,CUST-000971,47.46,branch,education
TXN-00002293,CUST-004317,384.32,card,utilities
TXN-00002294,CUST-005167,126.04,online,health
TXN-00002295,CUST-003258,118.52,online,health
TXN-00002296,CUST-003260,21.54,online,health
TXN-00002297,CUST-003707,355.12,card,education
TXN-00002298,CUST-002100,31.72,wallet,retail
TXN-00002299,CUST-003907,449.2,card,grocery
TXN-00002300,CUST-004184,114.52,branch,retail
TXN-00002301,CUST-001378,123.41,online,dining
TXN-00002302,CUST-002750,47.49,atm,health
TXN-00002303,CUST-002416,53.44,card,travel
TXN-00002304,CUST-000408,14.7,online,grocery
TXN-00002305,CUST-002888,182.49,online,health
TXN-00002306,CUST-003984,116.57,card,travel
TXN-00002307,CUST-003141,402.64,branch,travel
TXN-00002308,CUST-004073,60.5,atm,utilities
TXN-00002309,CUST-002205,628.88,atm,health
TXN-00002310,CUST-002997,28.59,online,retail
TXN-00002311,CUST-000259,107.7,online,retail
TXN-00002312,CUST-003351,161.44,online,health
TXN-00002313,CUST-003316,134.42,atm,utilities
TXN-00002314,CUST-000143,54.66,online,education
TXN-00002315,CUST-002072,20.48,card,retail
TXN-00002316,CUST-001640,82.73,card,health
TXN-00002317,CUST-005767,46.75,card,retail
TXN-00002318,CUST-001166,538.65,online,grocery
TXN-00002319,CUST-005080,138.67,card,travel
TXN-00002320,CUST-004888,91.63,branch,retail
TXN-00002321,CUST-001136,345.16,card,education
TXN-00002322,CUST-001120,173.78,online,health
TXN-00002323,CUST-004717,11.94,card,education
TXN-00002324,CUST-004574,219.66,card,retail
TXN-00002325,CUST-003588,127.73,card,dining
TXN-00002326,CUST-003454,121.6,wallet,retail
TXN-00002327,CUST-003481,79.22,online,travel
TXN-00002328,CUST-002335,47.97,card,utilities
TXN-00002329,CUST-003391,27.93,atm,retail
TXN-00002330,CUST-004466,181.67,card,dining
TXN-00002331,CUST-005843,49.17,atm,utilities
TXN-00002332,CUST-002698,40.16,branch,dining
TXN-00002333,CUST-002532,1714.9,card,health
TXN-00002334,CUST-004403,49.41,atm,utilities
TXN-00002335,CUST-005338,41.55,atm,education
TXN-00002336,CUST-004949,146.49,wallet,utilities
TXN-00002337,CUST-004858,57.16,atm,retail
TXN-00002338,CUST-001654,342.71,card,travel
TXN-00002339,CUST-000295,132.39,online,dining
TXN-00002340,CUST-004942,90.59,atm,education
TXN-00002341,CUST-002616,169.7,card,utilities
TXN-00002342,CUST-002924,116.94,online,education
TXN-00002343,CUST-004053,35.85,atm,education
TXN-00002344,CUST-004315,110.72,branch,dining
TXN-00002345,CUST-005846,23.49,online,utilities
TXN-00002346,CUST-005782,22.1,branch,education
TXN-00002347,CUST-005125,41.44,online,utilities
TXN-00002348,CUST-001191,59.9,online,retail
TXN-00002349,CUST-004123,84.15,card,retail
TXN-00002350,CUST-004127,4.71,card,education
TXN-00002351,CUST-002970,48.93,atm,education
TXN-00002352,CUST-005792,16.13,atm,health
TXN-00002353,CUST-004982,135.69,online,utilities
TXN-00002354,CUST-000595,47.31,card,travel
TXN-00002355,CUST-002324,59.43,online,utilities
TXN-00002356,CUST-002422,25.72,online,education
TXN-00002357,CUST-001251,134.15,card,retail
TXN-00002358,CUST-001262,17.5,card,travel
TXN-00002359,CUST-005169,54.13,card,retail
TXN-00002360,CUST-004130,43.38,card,dining
TXN-00002361,CUST-003261,411.94,card,retail
TXN-00002362,CUST-000215,10.94,branch,travel
TXN-00002363,CUST-005442,353.78,atm,grocery
TXN-00002364,CUST-005744,53.5,online,education
TXN-00002365,CUST-003556,58.81,online,education
TXN-00002366,CUST-001163,253.72,branch,dining
TXN-00002367,CUST-005003,183.94,card,utilities
TXN-00002368,CUST-004543,90.83,online,grocery
TXN-00002369,CUST-000874,131.44,card,travel
TXN-00002370,CUST-005861,12.73,card,grocery
TXN-00002371,CUST-005453,24.39,atm,travel
TXN-00002372,CUST-002408,127.06,online,travel
TXN-00002373,CUST-002688,26.28,atm,health
TXN-00002374,CUST-003597,77.82,online,retail
TXN-00002375,CUST-004809,50.82,atm,health
TXN-00002376,CUST-005133,19.9,online,grocery
TXN-00002377,CUST-005235,216.28,online,retail
TXN-00002378,CUST-001332,155.59,card,education
TXN-00002379,CUST-002209,64.69,branch,grocery
TXN-00002380,CUST-004076,390.71,branch,travel
TXN-00002381,CUST-005624,16.7,atm,dining
TXN-00002382,CUST-005444,31.07,card,retail
TXN-00002383,CUST-000590,35.62,card,utilities
TXN-00002384,CUST-000896,55.91,card,dining
TXN-00002385,CUST-004354,62.62,online,education
TXN-00002386,CUST-003509,179.71,online,health
TXN-00002387,CUST-000096,718.2,card,health
TXN-00002388,CUST-005440,139.83,card,retail
TXN-00002389,CUST-001393,78.58,card,grocery
TXN-00002390,CUST-005975,332.63,atm,grocery
TXN-00002391,CUST-001785,90.7,online,utilities
TXN-00002392,CUST-003344,80.45,card,travel
TXN-00002393,CUST-002755,104.47,online,health
TXN-00002394,CUST-002962,106.01,card,education
TXN-00002395,CUST-003144,192.29,online,dining
TXN-00002396,CUST-001344,9.04,card,grocery
TXN-00002397,CUST-003523,129.21,wallet,health
TXN-00002398,CUST-002296,93.17,online,utilities
TXN-00002399,CUST-002301,61.17,card,grocery
TXN-00002400,CUST-004450,196.08,card,retail
TXN-00002401,CUST-002981,168.26,online,utilities
TXN-00002402,CUST-003516,42.9,online,education
TXN-00002403,CUST-002765,80.36,online,travel
TXN-00002404,CUST-005036,137.22,card,health
TXN-00002405,CUST-001297,64.65,card,grocery
TXN-00002406,CUST-002278,31.34,card,health
TXN-00002407,CUST-002725,85.68,atm,dining
TXN-00002408,CUST-003919,320.56,wallet,retail
TXN-00002409,CUST-002658,60.55,branch,grocery
TXN-00002410,CUST-001185,128.1,card,dining
TXN-00002411,CUST-005984,825.54,card,grocery
TXN-00002412,CUST-000505,8.41,branch,travel
TXN-00002413,CUST-003946,176.14,branch,health
TXN-00002414,CUST-000761,33.48,card,travel
TXN-00002415,CUST-002559,39.16,card,utilities
TXN-00002416,CUST-004721,55.89,wallet,dining
TXN-00002417,CUST-001030,35.26,card,utilities
TXN-00002418,CUST-005925,137.01,online,utilities
TXN-00002419,CUST-004667,21.48,atm,travel
TXN-00002420,CUST-005951,166.6,card,retail
TXN-00002421,CUST-001614,217.42,online,dining
TXN-00002422,CUST-004985,14.91,online,travel
TXN-00002423,CUST-002458,16.56,wallet,utilities
TXN-00002424,CUST-005406,42.97,card,grocery
TXN-00002425,CUST-001638,216.65,card,retail
TXN-00002426,CUST-004077,35.61,online,retail
TXN-00002427,CUST-000707,89.4,online,grocery
TXN-00002428,CUST-002710,16.86,wallet,education
TXN-00002429,CUST-002236,32.62,atm,education
TXN-00002430,CUST-005143,25.73,branch,grocery
TXN-00002431,CUST-003753,33.29,branch,grocery
TXN-00002432,CUST-000688,66.43,card,retail
TXN-00002433,CUST-005813,87.5,online,travel
TXN-00002434,CUST-001036,100.94,card,utilities
TXN-00002435,CUST-000456,21.64,atm,health
TXN-00002436,CUST-002585,299.46,card,utilities
TXN-00002437,CUST-005322,55.66,card,dining
TXN-00002438,CUST-004083,241.52,wallet,dining
TXN-00002439,CUST-005556,161.71,branch,travel
TXN-00002440,CUST-004438,138.13,online,utilities
TXN-00002441,CUST-005738,296.17,online,retail
TXN-00002442,CUST-003591,35.12,atm,travel
TXN-00002443,CUST-005094,128.69,card,health
TXN-00002444,CUST-003446,5.91,atm,utilities
TXN-00002445,CUST-000597,98.7,atm,utilities
TXN-00002446,CUST-002585,121.6,wallet,retail
TXN-00002447,CUST-001329,33.45,card,retail
TXN-00002448,CUST-002706,83.98,atm,health
TXN-00002449,CUST-002975,12.79,card,education
TXN-00002450,CUST-001603,24.57,atm,travel
TXN-00002451,CUST-002280,72.58,card,dining
TXN-00002452,CUST-004411,20.58,card,retail
TXN-00002453,CUST-000518,531.89,card,utilities
TXN-00002454,CUST-000335,128.49,atm,education
TXN-00002455,CUST-002010,67.68,card,retail
TXN-00002456,CUST-005973,93.25,card,education
TXN-00002457,CUST-004745,111.28,branch,travel
TXN-00002458,CUST-001984,23.22,card,utilities
TXN-00002459,CUST-005179,123.12,online,retail
TXN-00002460,CUST-002864,110.35,online,travel
TXN-00002461,CUST-003511,40.68,online,travel
TXN-00002462,CUST-003113,120.22,card,health
TXN-00002463,CUST-000037,57.68,wallet,dining
TXN-00002464,CUST-001664,124.36,online,education
TXN-00002465,CUST-000633,248.13,branch,travel
TXN-00002466,CUST-003503,72.33,card,education
TXN-00002467,CUST-002435,481.43,online,health
TXN-00002468,CUST-005646,48.52,wallet,utilities
TXN-00002469,CUST-001731,25.95,online,health
TXN-00002470,CUST-001354,92.64,wallet,health
TXN-00002471,CUST-000642,26.39,online,education
TXN-00002472,CUST-005972,113.56,card,travel
TXN-00002473,CUST-000101,23.35,wallet,grocery
TXN-00002474,CUST-002945,151.76,online,dining
TXN-00002475,CUST-003591,58.87,card,health
TXN-00002476,CUST-000022,437.61,card,dining
TXN-00002477,CUST-001623,359.54,branch,health
TXN-00002478,CUST-001255,218.93,branch,health
TXN-00002479,CUST-002652,27.29,atm,dining
TXN-00002480,CUST-003201,32.27,atm,education
TXN-00002481,CUST-002706,83.76,card,health
TXN-00002482,CUST-001722,133.27,online,health
TXN-00002483,CUST-001895,73.61,wallet,grocery
TXN-00002484,CUST-003806,60.8,card,grocery
TXN-00002485,CUST-000399,129.99,wallet,health
TXN-00002486,CUST-005016,314.11,card,retail
TXN-00002487,CUST-000060,471.42,online,dining
TXN-00002488,CUST-001140,427.0,atm,health
TXN-00002489,CUST-005773,12.64,card,dining
TXN-00002490,CUST-005829,3.71,online,education
TXN-00002491,CUST-002468,141.5,atm,grocery
TXN-00002492,CUST-001781,213.33,online,travel
TXN-00002493,CUST-003711,200.87,online,education
TXN-00002494,CUST-005245,195.59,card,grocery
TXN-00002495,CUST-005983,214.52,online,utilities
TXN-00002496,CUST-002908,75.31,online,utilities
TXN-00002497,CUST-000468,110.18,card,grocery
TXN-00002498,CUST-001353,148.74,card,dining
TXN-00002499,CUST-002583,156.48,wallet,utilities
TXN-00002500,CUST-001364,56.5,wallet,dining
TXN-00002501,CUST-002508,26.66,card,health
TXN-00002502,CUST-000693,16.01,card,travel
TXN-00002503,CUST-000665,50.1,card,travel
TXN-00002504,CUST-005263,21.65,card,utilities
TXN-00002505,CUST-004496,72.24,online,education
TXN-00002506,CUST-001717,170.14,card,dining
TXN-00002507,CUST-002770,102.8,wallet,retail
TXN-00002508,CUST-002460,70.63,card,dining
TXN-00002509,CUST-003258,129.69,atm,grocery
TXN-00002510,CUST-000593,28.49,branch,health
TXN-00002511,CUST-000320,165.8,card,travel
TXN-00002512,CUST-000899,94.41,online,grocery
TXN-00002513,CUST-003398,41.83,card,dining
TXN-00002514,CUST-001953,170.09,atm,education
TXN-00002515,CUST-005515,3.41,online,health
TXN-00002516,CUST-003801,76.42,branch,dining
TXN-00002517,CUST-003074,48.13,online,dining
TXN-00002518,CUST-004380,35.63,card,grocery
TXN-00002519,CUST-003549,44.04,atm,dining
TXN-00002520,CUST-001179,126.21,online,health
TXN-00002521,CUST-002616,51.96,online,utilities
TXN-00002522,CUST-005327,259.61,online,grocery
TXN-00002523,CUST-004116,19.4,atm,education
TXN-00002524,CUST-002137,85.4,online,travel
TXN-00002525,CUST-000945,26.5,online,education
TXN-00002526,CUST-004445,312.98,card,dining
TXN-00002527,CUST-004977,132.18,card,dining
TXN-00002528,CUST-000715,26.13,atm,utilities
TXN-00002529,CUST-005473,143.19,atm,utilities
TXN-00002530,CUST-003233,252.89,card,health
TXN-00002531,CUST-003547,61.88,atm,education
TXN-00002532,CUST-005253,72.56,atm,education
TXN-00002533,CUST-004478,106.31,card,health
TXN-00002534,CUST-003113,73.01,branch,dining
TXN-00002535,CUST-005826,248.99,branch,health
TXN-00002536,CUST-002751,94.94,branch,education
TXN-00002537,CUST-005817,117.15,card,utilities
TXN-00002538,CUST-003105,137.56,card,grocery
TXN-00002539,CUST-000339,102.36,online,retail
TXN-00002540,CUST-001909,80.47,online,utilities
TXN-00002541,CUST-004455,53.97,online,dining
TXN-00002542,CUST-000950,104.56,card,retail
TXN-00002543,CUST-002756,111.43,branch,dining
TXN-00002544,CUST-003560,111.31,branch,utilities
TXN-00002545,CUST-002202,13.09,online,health
TXN-00002546,CUST-003714,128.28,branch,utilities
TXN-00002547,CUST-003274,103.97,online,utilities
TXN-00002548,CUST-000506,144.53,branch,travel
TXN-00002549,CUST-005178,21.03,atm,retail
TXN-00002550,CUST-002839,68.88,card,dining
TXN-00002551,CUST-000808,108.71,online,retail
TXN-00002552,CUST-000790,87.65,online,retail
TXN-00002553,CUST-002378,153.37,card,dining
TXN-00002554,CUST-004564,69.35,card,health
TXN-00002555,CUST-004008,17.38,card,travel
TXN-00002556,CUST-003865,5.12,branch,retail
TXN-00002557,CUST-005988,26.82,branch,grocery
TXN-00002558,CUST-005304,29.32,wallet,travel
TXN-00002559,CUST-000713,215.52,card,education
TXN-00002560,CUST-004451,231.62,online,health
TXN-00002561,CUST-003106,189.36,online,health
TXN-00002562,CUST-003982,69.31,card,grocery
TXN-00002563,CUST-005105,14.79,card,utilities
TXN-00002564,CUST-003762,44.97,online,retail
TXN-00002565,CUST-003937,410.18,card,health
TXN-00002566,CUST-003051,27.32,card,travel
TXN-00002567,CUST-001897,128.72,online,grocery
TXN-00002568,CUST-005092,72.66,atm,dining
TXN-00002569,CUST-000216,52.18,card,travel
TXN-00002570,CUST-002635,59.89,card,dining
TXN-00002571,CUST-004055,186.2,atm,education
TXN-00002572,CUST-003361,14.59,online,utilities
TXN-00002573,CUST-003852,90.06,wallet,education
TXN-00002574,CUST-004779,9.07,online,health
TXN-00002575,CUST-002566,55.22,atm,grocery
TXN-00002576,CUST-004987,136.48,atm,utilities
TXN-00002577,CUST-003504,154.37,atm,education
TXN-00002578,CUST-002877,110.79,card,dining
TXN-00002579,CUST-001574,61.12,branch,retail
TXN-00002580,CUST-005134,128.58,wallet,grocery
TXN-00002581,CUST-004231,439.84,wallet,dining
TXN-00002582,CUST-003343,124.83,wallet,health
TXN-00002583,CUST-005002,7.37,online,dining
TXN-00002584,CUST-002431,104.52,card,education
TXN-00002585,CUST-003361,221.28,atm,grocery
TXN-00002586,CUST-005775,87.95,card,grocery
TXN-00002587,CUST-005732,36.21,card,education
TXN-00002588,CUST-004194,256.87,atm,education
TXN-00002589,CUST-005493,65.83,online,utilities
TXN-00002590,CUST-002027,21.07,wallet,utilities
TXN-00002591,CUST-005098,73.44,online,retail
TXN-00002592,CUST-002055,182.95,atm,retail
TXN-00002593,CUST-002381,75.55,card,travel
TXN-00002594,CUST-005563,39.43,card,retail
TXN-00002595,CUST-005293,135.22,branch,education
TXN-00002596,CUST-001991,142.79,atm,health
TXN-00002597,CUST-004119,28.76,atm,travel
TXN-00002598,CUST-003388,51.69,branch,utilities
TXN-00002599,CUST-005392,33.02,wallet,retail
TXN-00002600,CUST-001646,89.37,branch,retail
TXN-00002601,CUST-004039,395.59,card,education
TXN-00002602,CUST-004130,313.52,atm,travel
TXN-00002603,CUST-004510,77.85,card,grocery
TXN-00002604,CUST-003202,15.38,card,health
TXN-00002605,CUST-005185,76.91,card,education
TXN-00002606,CUST-002529,58.66,card,dining
TXN-00002607,CUST-005292,27.31,atm,dining
TXN-00002608,CUST-004512,197.4,branch,retail
TXN-00002609,CUST-003730,189.96,online,retail
TXN-00002610,CUST-001265,77.6,atm,education
TXN-00002611,CUST-002838,61.07,card,grocery
TXN-00002612,CUST-005126,28.7,wallet,utilities
TXN-00002613,CUST-003203,104.06,branch,dining
TXN-00002614,CUST-000412,149.37,wallet,grocery
TXN-00002615,CUST-004247,132.79,branch,dining
TXN-00002616,CUST-000847,89.69,online,education
TXN-00002617,CUST-000986,433.78,card,health
TXN-00002618,CUST-003324,111.48,online,dining
TXN-00002619,CUST-000246,55.67,wallet,health
TXN-00002620,CUST-002845,41.24,online,education
TXN-00002621,CUST-002036,25.16,card,utilities
TXN-00002622,CUST-002645,633.12,card,education
TXN-00002623,CUST-000735,166.91,online,utilities
TXN-00002624,CUST-005896,272.88,card,health
TXN-00002625,CUST-000457,87.0,card,grocery
TXN-00002626,CUST-001595,97.14,online,grocery
TXN-00002627,CUST-004896,30.6,card,travel
TXN-00002628,CUST-003817,55.45,online,health
TXN-00002629,CUST-002174,54.14,online,retail
TXN-00002630,CUST-003485,27.09,branch,education
TXN-00002631,CUST-003032,122.67,online,retail
TXN-00002632,CUST-001416,2814.7,card,dining
TXN-00002633,CUST-002618,20.43,card,travel
TXN-00002634,CUST-003390,126.91,card,education
TXN-00002635,CUST-001976,43.83,card,grocery
TXN-00002636,CUST-005950,97.74,branch,retail
TXN-00002637,CUST-001253,394.22,card,dining
TXN-00002638,CUST-001024,13.31,atm,grocery
TXN-00002639,CUST-002143,23.65,online,travel
TXN-00002640,CUST-001076,54.05,card,utilities
TXN-00002641,CUST-001358,75.92,card,grocery
TXN-00002642,CUST-001667,38.45,online,travel
TXN-00002643,CUST-001240,56.5,card,utilities
TXN-00002644,CUST-003241,184.29,online,grocery
TXN-00002645,CUST-005405,23.25,card,education
TXN-00002646,CUST-002833,39.9,online,utilities
TXN-00002647,CUST-002559,35.8,wallet,health
TXN-00002648,CUST-004580,239.43,card,grocery
TXN-00002649,CUST-003728,51.34,card,health
TXN-00002650,CUST-005516,41.99,card,retail
TXN-00002651,CUST-003588,57.08,online,grocery
TXN-00002652,CUST-004233,76.32,card,dining
TXN-00002653,CUST-004344,265.51,online,grocery
TXN-00002654,CUST-003353,114.76,online,grocery
TXN-00002655,CUST-001843,507.85,online,travel
TXN-00002656,CUST-000709,43.97,card,retail
TXN-00002657,CUST-000188,178.56,atm,grocery
TXN-00002658,CUST-001262,305.66,card,dining
TXN-00002659,CUST-000903,21.09,card,retail
TXN-00002660,CUST-004522,18.16,online,travel
TXN-00002661,CUST-005119,48.17,wallet,travel
TXN-00002662,CUST-003633,452.9,branch,education
TXN-00002663,CUST-000767,88.22,branch,education
TXN-00002664,CUST-000088,99.71,online,education
TXN-00002665,CUST-005600,57.86,atm,education
TXN-00002666,CUST-003765,119.31,online,health
TXN-00002667,CUST-003787,85.1,wallet,utilities
TXN-00002668,CUST-002573,18.79,wallet,dining
TXN-00002669,CUST-004315,7.62,branch,retail
TXN-00002670,CUST-005000,262.41,branch,utilities
TXN-00002671,CUST-002289,6.66,card,grocery
TXN-00002672,CUST-002374,44.73,branch,utilities
TXN-00002673,CUST-003758,41.11,card,dining
TXN-00002674,CUST-003024,58.55,online,education
TXN-00002675,CUST-001953,68.79,online,travel
TXN-00002676,CUST-003729,289.33,atm,retail
TXN-00002677,CUST-005425,103.11,online,retail
TXN-00002678,CUST-003741,274.15,online,utilities
TXN-00002679,CUST-004201,47.98,card,retail
TXN-00002680,CUST-005704,61.9,card,retail
TXN-00002681,CUST-005413,22.56,branch,education
TXN-00002682,CUST-002811,48.0,atm,retail
TXN-00002683,CUST-001565,114.69,atm,utilities
TXN-00002684,CUST-004945,9.61,wallet,health
TXN-00002685,CUST-003351,102.4,online,retail
TXN-00002686,CUST-004836,20.07,online,utilities
TXN-00002687,CUST-004147,35.53,online,health
TXN-00002688,CUST-004779,207.12,branch,utilities
TXN-00002689,CUST-004936,26.89,atm,retail
TXN-00002690,CUST-000272,32.18,branch,retail
TXN-00002691,CUST-002044,157.61,card,grocery
TXN-00002692,CUST-002746,82.54,online,health
TXN-00002693,CUST-001016,14.24,atm,retail
TXN-00002694,CUST-004448,52.02,online,education
TXN-00002695,CUST-005291,49.11,wallet,travel
TXN-00002696,CUST-002686,72.53,card,utilities
TXN-00002697,CUST-002665,83.13,atm,utilities
TXN-00002698,CUST-003379,38.84,card,retail
TXN-00002699,CUST-001438,1538.83,card,grocery
TXN-00002700,CUST-005656,51.23,branch,health
TXN-00002701,CUST-002118,109.45,card,education
TXN-00002702,CUST-003973,10.39,card,utilities
TXN-00002703,CUST-005163,39.48,atm,health
TXN-00002704,CUST-005280,75.66,wallet,travel
TXN-00002705,CUST-000984,20.61,card,grocery
TXN-00002706,CUST-003259,48.46,branch,health
TXN-00002707,CUST-003181,90.82,card,grocery
TXN-00002708,CUST-000568,18.33,card,retail
TXN-00002709,CUST-003900,37.66,card,education
TXN-00002710,CUST-004086,75.0,online,utilities
TXN-00002711,CUST-003173,140.93,atm,dining
TXN-00002712,CUST-003070,139.55,wallet,travel
TXN-00002713,CUST-003125,73.54,card,education
TXN-00002714,CUST-004048,62.39,online,retail
TXN-00002715,CUST-002145,297.2,online,health
TXN-00002716,CUST-004183,418.22,online,utilities
TXN-00002717,CUST-001902,422.18,online,health
TXN-00002718,CUST-004122,91.05,online,education
TXN-00002719,CUST-005959,57.78,atm,grocery
TXN-00002720,CUST-004731,80.0,wallet,health
TXN-00002721,CUST-004633,24.7,branch,retail
TXN-00002722,CUST-005475,39.34,branch,education
TXN-00002723,CUST-001692,54.65,card,grocery
TXN-00002724,CUST-004054,103.88,online,education
TXN-00002725,CUST-000506,158.53,card,grocery
TXN-00002726,CUST-002914,309.22,card,grocery
TXN-00002727,CUST-005566,387.03,card,dining
TXN-00002728,CUST-003648,51.09,card,retail
TXN-00002729,CUST-005606,87.0,atm,health
TXN-00002730,CUST-003825,262.87,online,travel
TXN-00002731,CUST-001718,87.66,card,health
TXN-00002732,CUST-001523,24.58,card,dining
TXN-00002733,CUST-004506,201.6,card,grocery
TXN-00002734,CUST-003315,43.3,atm,health
TXN-00002735,CUST-003708,18.33,atm,travel
TXN-00002736,CUST-004999,33.03,card,grocery
TXN-00002737,CUST-003414,120.49,online,utilities
TXN-00002738,CUST-001010,93.06,online,retail
TXN-00002739,CUST-002256,45.31,online,utilities
TXN-00002740,CUST-000904,861.8,online,dining
TXN-00002741,CUST-002844,23.02,card,health
TXN-00002742,CUST-004547,40.44,card,retail
TXN-00002743,CUST-004819,55.54,card,utilities
TXN-00002744,CUST-005830,19.0,card,grocery
TXN-00002745,CUST-001670,50.8,wallet,utilities
TXN-00002746,CUST-003469,15.13,branch,utilities
TXN-00002747,CUST-003703,138.63,branch,health
TXN-00002748,CUST-001835,91.76,online,health
TXN-00002749,CUST-005949,90.07,online,retail
TXN-00002750,CUST-004444,266.46,card,travel
TXN-00002751,CUST-001810,70.91,atm,health
TXN-00002752,CUST-004951,14.33,atm,travel
TXN-00002753,CUST-002180,49.5,card,utilities
TXN-00002754,CUST-000790,160.08,online,retail
TXN-00002755,CUST-003675,32.78,card,education
TXN-00002756,CUST-002609,84.6,card,health
TXN-00002757,CUST-005019,33.89,card,dining
TXN-00002758,CUST-004616,31.68,online,health
TXN-00002759,CUST-000284,77.75,branch,retail
TXN-00002760,CUST-003580,209.6,online,dining
TXN-00002761,CUST-003118,41.69,card,education
TXN-00002762,CUST-005199,267.54,online,education
TXN-00002763,CUST-001464,63.57,online,dining
TXN-00002764,CUST-001295,46.01,card,dining
TXN-00002765,CUST-000669,29.95,atm,dining
TXN-00002766,CUST-005676,79.49,online,retail
TXN-00002767,CUST-005237,76.71,online,retail
TXN-00002768,CUST-003518,49.37,atm,dining
TXN-00002769,CUST-002507,26.8,card,education
TXN-00002770,CUST-001618,8.17,atm,dining
TXN-00002771,CUST-002390,53.15,branch,grocery
TXN-00002772,CUST-004310,71.61,atm,dining
TXN-00002773,CUST-003245,307.54,atm,utilities
TXN-00002774,CUST-004506,75.19,online,education
TXN-00002775,CUST-004462,215.27,wallet,health
TXN-00002776,CUST-002227,39.21,card,education
TXN-00002777,CUST-005409,28.35,online,utilities
TXN-00002778,CUST-002998,3.26,card,dining
TXN-00002779,CUST-003857,53.17,online,health
TXN-00002780,CUST-003654,206.89,card,dining
TXN-00002781,CUST-003041,8.67,card,utilities
TXN-00002782,CUST-005696,66.57,online,travel
TXN-00002783,CUST-004345,145.6,card,health
TXN-00002784,CUST-003588,22.12,card,health
TXN-00002785,CUST-001459,125.32,online,utilities
TXN-00002786,CUST-001331,34.9,card,travel
TXN-00002787,CUST-002075,381.03,card,health
TXN-00002788,CUST-005950,22.23,branch,retail
TXN-00002789,CUST-001438,186.07,atm,education
TXN-00002790,CUST-005233,8.53,online,travel
TXN-00002791,CUST-002905,178.07,branch,retail
TXN-00002792,CUST-001891,58.98,atm,retail
TXN-00002793,CUST-001234,110.91,atm,dining
TXN-00002794,CUST-000846,14.68,wallet,retail
TXN-00002795,CUST-000150,46.33,online,health
TXN-00002796,CUST-005076,154.8,card,retail
TXN-00002797,CUST-005276,66.69,card,retail
TXN-00002798,CUST-000833,35.72,branch,travel
TXN-00002799,CUST-001309,305.24,card,health
TXN-00002800,CUST-002161,76.34,online,retail
TXN-00002801,CUST-003499,168.9,card,education
TXN-00002802,CUST-005760,15.99,card,health
TXN-00002803,CUST-001660,56.23,card,travel
TXN-00002804,CUST-000994,32.02,online,travel
TXN-00002805,CUST-000420,42.72,branch,grocery
TXN-00002806,CUST-003876,737.33,online,retail
TXN-00002807,CUST-000095,158.68,atm,dining
TXN-00002808,CUST-002148,66.48,branch,dining
TXN-00002809,CUST-002947,52.19,online,health
TXN-00002810,CUST-003907,17.81,online,health
TXN-00002811,CUST-001010,23.61,wallet,education
TXN-00002812,CUST-002503,141.36,branch,dining
TXN-00002813,CUST-002825,59.1,wallet,utilities
TXN-00002814,CUST-005475,45.75,online,health
TXN-00002815,CUST-002325,6.62,online,travel
TXN-00002816,CUST-005268,59.03,online,travel
TXN-00002817,CUST-000299,1018.33,atm,health
TXN-00002818,CUST-001311,137.55,card,utilities
TXN-00002819,CUST-003112,45.8,online,grocery
TXN-00002820,CUST-005923,87.54,online,utilities
TXN-00002821,CUST-004356,37.78,wallet,grocery
TXN-00002822,CUST-003964,467.18,online,education
TXN-00002823,CUST-000293,185.49,online,education
TXN-00002824,CUST-002683,96.11,online,dining
TXN-00002825,CUST-005291,37.72,online,grocery
TXN-00002826,CUST-000830,149.74,atm,education
TXN-00002827,CUST-003151,114.17,card,grocery
TXN-00002828,CUST-003775,126.46,card,utilities
TXN-00002829,CUST-001317,129.0,online,grocery
TXN-00002830,CUST-002840,67.23,wallet,utilities
TXN-00002831,CUST-002124,14.34,card,retail
TXN-00002832,CUST-005141,84.26,online,dining
TXN-00002833,CUST-002406,43.98,atm,travel
TXN-00002834,CUST-003599,19.02,online,education
TXN-00002835,CUST-001832,12.44,atm,education
TXN-00002836,CUST-002674,58.74,online,travel
TXN-00002837,CUST-003679,20.77,card,grocery
TXN-00002838,CUST-005232,13.01,wallet,utilities
TXN-00002839,CUST-004989,179.76,card,grocery
TXN-00002840,CUST-000753,225.77,online,travel
TXN-00002841,CUST-000983,159.94,atm,travel
TXN-00002842,CUST-001968,234.71,online,utilities
TXN-00002843,CUST-003974,20.68,branch,utilities
TXN-00002844,CUST-002758,61.53,online,dining
TXN-00002845,CUST-000924,73.23,online,education
TXN-00002846,CUST-002203,104.37,atm,education
TXN-00002847,CUST-003308,78.38,branch,education
TXN-00002848,CUST-002848,14.1,atm,education
TXN-00002849,CUST-002205,39.6,online,utilities
TXN-00002850,CUST-002541,80.0,card,dining
TXN-00002851,CUST-004170,47.9,atm,retail
TXN-00002852,CUST-002495,143.45,card,health
TXN-00002853,CUST-003665,114.73,card,grocery
TXN-00002854,CUST-004039,419.1,online,dining
TXN-00002855,CUST-003421,126.86,online,education
TXN-00002856,CUST-003320,240.54,card,health
TXN-00002857,CUST-001487,33.81,card,utilities
TXN-00002858,CUST-001158,322.16,card,utilities
TXN-00002859,CUST-004465,266.32,atm,health
TXN-00002860,CUST-004706,57.75,card,travel
TXN-00002861,CUST-003824,48.63,wallet,utilities
TXN-00002862,CUST-005297,54.79,wallet,utilities
TXN-00002863,CUST-003481,15.46,wallet,health
TXN-00002864,CUST-000465,29.39,atm,retail
TXN-00002865,CUST-004971,120.35,card,dining
TXN-00002866,CUST-005952,249.19,atm,travel
TXN-00002867,CUST-004514,171.58,card,retail
TXN-00002868,CUST-004640,27.39,atm,health
TXN-00002869,CUST-005371,247.03,online,health
TXN-00002870,CUST-002645,197.82,card,dining
TXN-00002871,CUST-000017,96.23,wallet,education
TXN-00002872,CUST-004725,262.96,online,grocery
TXN-00002873,CUST-002693,812.96,branch,retail
TXN-00002874,CUST-001642,60.13,card,grocery
TXN-00002875,CUST-003673,50.85,atm,grocery
TXN-00002876,CUST-001253,42.54,wallet,education
TXN-00002877,CUST-005752,50.4,online,travel
TXN-00002878,CUST-000431,172.56,card,grocery
TXN-00002879,CUST-003000,16.51,online,grocery
TXN-00002880,CUST-004418,16.36,card,dining
TXN-00002881,CUST-001428,111.58,online,retail
TXN-00002882,CUST-004331,62.25,card,dining
TXN-00002883,CUST-000382,218.17,card,travel
TXN-00002884,CUST-000752,18.59,wallet,education
TXN-00002885,CUST-003341,47.18,online,utilities
TXN-00002886,CUST-001987,59.26,card,travel
TXN-00002887,CUST-002238,151.08,card,grocery
TXN-00002888,CUST-004329,63.96,atm,grocery
TXN-00002889,CUST-005054,31.46,card,utilities
TXN-00002890,CUST-001542,110.65,wallet,education
TXN-00002891,CUST-003565,74.15,branch,dining
TXN-00002892,CUST-002938,43.96,wallet,education
TXN-00002893,CUST-000976,20.87,atm,health
TXN-00002894,CUST-000390,188.12,branch,health
TXN-00002895,CUST-004260,53.53,card,utilities
TXN-00002896,CUST-001762,73.15,online,travel
TXN-00002897,CUST-002778,130.57,online,dining
TXN-00002898,CUST-001198,27.8,card,retail
TXN-00002899,CUST-001156,138.73,online,utilities
TXN-00002900,CUST-005858,153.07,online,travel
TXN-00002901,CUST-004808,35.99,card,utilities
TXN-00002902,CUST-004473,47.15,branch,retail
TXN-00002903,CUST-001319,31.94,online,retail
TXN-00002904,CUST-003427,55.25,online,dining
TXN-00002905,CUST-005643,128.76,atm,health
TXN-00002906,CUST-000794,19.9,wallet,health
TXN-00002907,CUST-001477,73.68,atm,utilities
TXN-00002908,CUST-003397,92.91,wallet,utilities
TXN-00002909,CUST-005119,119.01,branch,dining
TXN-00002910,CUST-004170,21.39,wallet,travel
TXN-00002911,CUST-001489,41.45,online,grocery
TXN-00002912,CUST-000666,67.84,card,health
TXN-00002913,CUST-005569,32.96,card,health
TXN-00002914,CUST-003809,14.95,card,grocery
TXN-00002915,CUST-003840,233.89,card,dining
TXN-00002916,CUST-004561,52.45,wallet,travel
TXN-00002917,CUST-003095,56.05,atm,education
TXN-00002918,CUST-003221,75.8,card,retail
TXN-00002919,CUST-004822,260.53,card,utilities
TXN-00002920,CUST-003002,180.86,atm,dining
TXN-00002921,CUST-004799,101.71,branch,travel
TXN-00002922,CUST-001941,12.06,atm,health
TXN-00002923,CUST-000158,405.09,branch,retail
TXN-00002924,CUST-002271,73.27,card,dining
TXN-00002925,CUST-000513,10.06,wallet,health
TXN-00002926,CUST-004702,179.66,wallet,utilities
TXN-00002927,CUST-003853,27.13,card,utilities
TXN-00002928,CUST-001639,35.24,card,utilities
TXN-00002929,CUST-003808,32.06,atm,retail
TXN-00002930,CUST-004709,5.84,online,travel
TXN-00002931,CUST-000814,50.36,card,dining
TXN-00002932,CUST-001719,194.61,online,travel
TXN-00002933,CUST-002999,70.24,card,health
TXN-00002934,CUST-004759,42.74,online,health
TXN-00002935,CUST-005588,37.97,wallet,dining
TXN-00002936,CUST-004340,49.13,card,retail
TXN-00002937,CUST-000789,21.47,card,grocery
TXN-00002938,CUST-005679,112.62,card,education
TXN-00002939,CUST-003254,166.42,atm,utilities
TXN-00002940,CUST-002045,177.03,atm,utilities
TXN-00002941,CUST-000821,146.05,card,grocery
TXN-00002942,CUST-000395,117.47,card,retail
TXN-00002943,CUST-004838,53.67,card,travel
TXN-00002944,CUST-001747,128.46,wallet,education
TXN-00002945,CUST-001081,98.75,online,health
TXN-00002946,CUST-001290,15.24,card,dining
TXN-00002947,CUST-001540,42.41,online,utilities
TXN-00002948,CUST-001342,112.03,branch,utilities
TXN-00002949,CUST-005343,98.44,card,health
TXN-00002950,CUST-004221,38.92,branch,grocery
TXN-00002951,CUST-000786,55.24,online,grocery
TXN-00002952,CUST-000096,51.88,atm,grocery
TXN-00002953,CUST-005893,76.0,branch,grocery
TXN-00002954,CUST-002425,196.77,branch,retail
TXN-00002955,CUST-002902,393.1,online,travel
TXN-00002956,CUST-001055,111.0,card,health
TXN-00002957,CUST-005860,8.38,branch,dining
TXN-00002958,CUST-005737,27.06,card,education
TXN-00002959,CUST-001337,68.34,wallet,utilities
TXN-00002960,CUST-000084,265.1,atm,grocery
TXN-00002961,CUST-002454,311.83,branch,grocery
TXN-00002962,CUST-005339,257.2,card,dining
TXN-00002963,CUST-002838,42.52,atm,health
TXN-00002964,CUST-004016,57.53,card,retail
TXN-00002965,CUST-002673,196.91,card,dining
TXN-00002966,CUST-004156,7.27,online,retail
TXN-00002967,CUST-000266,38.47,card,dining
TXN-00002968,CUST-000450,345.28,branch,travel
TXN-00002969,CUST-005012,108.52,card,retail
TXN-00002970,CUST-004021,66.95,online,health
TXN-00002971,CUST-003083,93.59,card,education
TXN-00002972,CUST-002481,574.04,online,retail
TXN-00002973,CUST-004051,109.59,card,grocery
TXN-00002974,CUST-003679,192.35,branch,grocery
TXN-00002975,CUST-002904,218.74,online,health
TXN-00002976,CUST-001411,1130.76,atm,travel
TXN-00002977,CUST-005753,72.9,card,education
TXN-00002978,CUST-001528,116.32,card,education
TXN-00002979,CUST-001730,153.14,card,utilities
TXN-00002980,CUST-001171,28.44,wallet,dining
TXN-00002981,CUST-002902,443.72,card,dining
TXN-00002982,CUST-003254,56.29,atm,health
TXN-00002983,CUST-002802,30.03,branch,grocery
TXN-00002984,CUST-001682,96.02,card,health
TXN-00002985,CUST-002625,19.91,card,retail
TXN-00002986,CUST-000907,51.73,online,travel
TXN-00002987,CUST-003098,109.65,branch,grocery
TXN-00002988,CUST-002940,13.72,card,travel
TXN-00002989,CUST-003005,90.75,branch,utilities
TXN-00002990,CUST-005605,22.54,atm,travel
TXN-00002991,CUST-003629,84.77,atm,education
TXN-00002992,CUST-005330,89.47,online,grocery
TXN-00002993,CUST-005609,71.3,branch,travel
TXN-00002994,CUST-005823,70.57,card,education
TXN-00002995,CUST-004860,248.89,wallet,grocery
TXN-00002996,CUST-003688,10.29,card,dining
TXN-00002997,CUST-002177,64.18,online,grocery
TXN-00002998,CUST-002767,129.14,card,retail
TXN-00002999,CUST-002955,442.43,online,grocery
TXN-00003000,CUST-004377,41.46,card,education
TXN-00003001,CUST-003907,74.36,online,utilities
TXN-00003002,CUST-002877,309.36,online,utilities
TXN-00003003,CUST-003416,60.98,card,retail
TXN-00003004,CUST-004474,216.81,branch,utilities
TXN-00003005,CUST-002150,174.32,online,health
TXN-00003006,CUST-002191,287.21,card,grocery
TXN-00003007,CUST-005705,40.49,card,travel
TXN-00003008,CUST-005474,43.2,online,education
TXN-00003009,CUST-004889,12.83,atm,dining
TXN-00003010,CUST-000110,42.02,online,health
TXN-00003011,CUST-005800,98.56,online,utilities
TXN-00003012,CUST-003852,242.2,online,grocery
TXN-00003013,CUST-001312,95.38,card,retail
TXN-00003014,CUST-003384,122.18,card,grocery
TXN-00003015,CUST-004588,27.17,card,dining
TXN-00003016,CUST-005939,9.72,wallet,retail
TXN-00003017,CUST-000392,263.95,wallet,utilities
TXN-00003018,CUST-002131,145.3,online,dining
TXN-00003019,CUST-004518,179.9,online,health
TXN-00003020,CUST-000497,15.53,online,grocery
TXN-00003021,CUST-000739,36.35,atm,utilities
TXN-00003022,CUST-000483,29.08,card,dining
TXN-00003023,CUST-001959,50.82,card,retail
TXN-00003024,CUST-004351,142.07,online,dining
TXN-00003025,CUST-004927,179.74,card,grocery
TXN-00003026,CUST-000181,134.86,wallet,health
TXN-00003027,CUST-004745,37.78,wallet,health
TXN-00003028,CUST-004336,68.61,online,education
TXN-00003029,CUST-000229,113.94,online,retail
TXN-00003030,CUST-003636,20.59,wallet,travel
TXN-00003031,CUST-005684,47.74,card,dining
TXN-00003032,CUST-001814,66.07,card,health
TXN-00003033,CUST-005716,95.61,branch,health
TXN-00003034,CUST-001146,108.17,online,travel
TXN-00003035,CUST-001392,14.65,card,grocery
TXN-00003036,CUST-004265,20.23,online,education
TXN-00003037,CUST-005799,21.43,card,travel
TXN-00003038,CUST-005829,152.05,atm,utilities
TXN-00003039,CUST-000744,29.04,atm,education
TXN-00003040,CUST-005508,38.88,wallet,education
TXN-00003041,CUST-002991,13.06,branch,utilities
TXN-00003042,CUST-004918,146.76,branch,dining
TXN-00003043,CUST-005288,69.0,atm,retail
TXN-00003044,CUST-000553,481.82,online,grocery
TXN-00003045,CUST-000966,4.15,atm,utilities
TXN-00003046,CUST-002143,19.08,online,education
TXN-00003047,CUST-005730,108.14,branch,education
TXN-00003048,CUST-005582,436.75,branch,retail
TXN-00003049,CUST-003318,20.48,card,grocery
TXN-00003050,CUST-004874,9.51,online,dining
TXN-00003051,CUST-005876,66.43,card,health
TXN-00003052,CUST-001954,35.5,atm,education
TXN-00003053,CUST-004750,94.82,card,grocery
TXN-00003054,CUST-003042,404.84,card,retail
TXN-00003055,CUST-003321,42.9,branch,health
TXN-00003056,CUST-001587,56.58,branch,utilities
TXN-00003057,CUST-005570,53.64,online,dining
TXN-00003058,CUST-003990,127.36,card,education
TXN-00003059,CUST-002777,64.78,online,retail
TXN-00003060,CUST-004119,28.33,online,travel
TXN-00003061,CUST-000497,212.26,wallet,health
TXN-00003062,CUST-005712,18.93,card,utilities
TXN-00003063,CUST-002095,45.64,wallet,travel
TXN-00003064,CUST-000072,55.46,online,health
TXN-00003065,CUST-005275,17.91,branch,grocery
TXN-00003066,CUST-001564,219.6,online,dining
TXN-00003067,CUST-004458,37.45,online,education
TXN-00003068,CUST-002794,26.44,branch,utilities
TXN-00003069,CUST-002008,330.15,branch,utilities
TXN-00003070,CUST-003954,91.64,card,utilities
TXN-00003071,CUST-002318,35.99,branch,health
TXN-00003072,CUST-004829,63.89,wallet,education
TXN-00003073,CUST-003068,83.7,card,utilities
TXN-00003074,CUST-000578,80.21,online,health
TXN-00003075,CUST-000968,105.36,card,travel
TXN-00003076,CUST-003141,80.23,card,education
TXN-00003077,CUST-002898,395.41,card,health
TXN-00003078,CUST-004828,108.38,online,grocery
TXN-00003079,CUST-002231,110.07,card,education
TXN-00003080,CUST-000761,24.49,online,grocery
TXN-00003081,CUST-001152,72.3,atm,utilities
TXN-00003082,CUST-002595,16.92,atm,grocery
TXN-00003083,CUST-005982,149.76,online,utilities
TXN-00003084,CUST-001760,91.37,card,education
TXN-00003085,CUST-001083,87.43,online,travel
TXN-00003086,CUST-001632,183.53,card,dining
TXN-00003087,CUST-004950,250.27,card,retail
TXN-00003088,CUST-001676,13.7,card,travel
TXN-00003089,CUST-002756,44.86,card,education
TXN-00003090,CUST-000575,80.79,card,retail
TXN-00003091,CUST-004679,23.69,online,utilities
TXN-00003092,CUST-000728,118.15,card,travel
TXN-00003093,CUST-003717,137.38,atm,education
TXN-00003094,CUST-005563,50.27,card,dining
TXN-00003095,CUST-004586,143.61,wallet,dining
TXN-00003096,CUST-004682,72.29,card,utilities
TXN-00003097,CUST-005819,25.94,branch,travel
TXN-00003098,CUST-001017,62.82,atm,dining
TXN-00003099,CUST-003487,15.26,card,retail
TXN-00003100,CUST-003225,72.32,card,grocery
TXN-00003101,CUST-004635,140.73,online,education
TXN-00003102,CUST-004579,140.64,card,travel
TXN-00003103,CUST-001413,57.22,online,travel
TXN-00003104,CUST-001835,55.71,atm,grocery
TXN-00003105,CUST-002959,175.86,atm,utilities
TXN-00003106,CUST-000427,37.95,online,health
TXN-00003107,CUST-005638,28.36,online,utilities
TXN-00003108,CUST-002863,373.16,card,health
TXN-00003109,CUST-003345,38.55,online,dining
TXN-00003110,CUST-005228,22.76,card,utilities
TXN-00003111,CUST-005647,111.39,branch,health
TXN-00003112,CUST-001726,26.74,online,travel
TXN-00003113,CUST-003808,213.62,atm,retail
TXN-00003114,CUST-003384,45.86,online,grocery
TXN-00003115,CUST-004142,48.97,wallet,retail
TXN-00003116,CUST-000926,116.17,branch,dining
TXN-00003117,CUST-000922,379.61,online,dining
TXN-00003118,CUST-000935,103.06,online,grocery
TXN-00003119,CUST-000730,98.24,atm,grocery
TXN-00003120,CUST-004505,71.95,online,utilities
TXN-00003121,CUST-004113,504.66,card,retail
TXN-00003122,CUST-001464,123.31,card,health
TXN-00003123,CUST-002890,27.0,atm,education
TXN-00003124,CUST-002041,22.35,online,grocery
TXN-00003125,CUST-003952,126.04,wallet,health
TXN-00003126,CUST-005411,105.99,online,travel
TXN-00003127,CUST-003105,56.68,atm,travel
TXN-00003128,CUST-003873,17.24,atm,education
TXN-00003129,CUST-003426,99.74,online,grocery
TXN-00003130,CUST-002926,39.88,card,grocery
TXN-00003131,CUST-003719,31.84,card,retail
TXN-00003132,CUST-003079,205.79,online,grocery
TXN-00003133,CUST-000027,51.82,card,travel
TXN-00003134,CUST-001383,36.14,atm,education
TXN-00003135,CUST-002672,67.13,card,education
TXN-00003136,CUST-002812,57.51,online,education
TXN-00003137,CUST-000891,138.71,branch,grocery
TXN-00003138,CUST-004345,64.04,wallet,dining
TXN-00003139,CUST-000897,52.74,branch,dining
TXN-00003140,CUST-003419,276.96,atm,dining
TXN-00003141,CUST-002234,116.29,online,retail
TXN-00003142,CUST-004272,168.4,online,dining
TXN-00003143,CUST-002512,167.5,atm,retail
TXN-00003144,CUST-004448,51.72,online,dining
TXN-00003145,CUST-003502,68.61,branch,dining
TXN-00003146,CUST-001882,76.59,atm,retail
TXN-00003147,CUST-005604,421.71,atm,grocery
TXN-00003148,CUST-003902,12.86,card,education
TXN-00003149,CUST-000072,63.51,branch,utilities
TXN-00003150,CUST-003300,86.39,card,retail
TXN-00003151,CUST-004451,20.05,card,education
TXN-00003152,CUST-002090,12.82,online,dining
TXN-00003153,CUST-004640,40.39,online,utilities
TXN-00003154,CUST-002189,101.18,branch,retail
TXN-00003155,CUST-003393,154.49,wallet,travel
TXN-00003156,CUST-005865,249.03,branch,retail
TXN-00003157,CUST-000047,104.66,card,retail
TXN-00003158,CUST-004939,45.14,atm,dining
TXN-00003159,CUST-001323,72.87,branch,health
TXN-00003160,CUST-004052,44.21,atm,retail
TXN-00003161,CUST-000052,104.97,online,education
TXN-00003162,CUST-004050,50.92,card,utilities
TXN-00003163,CUST-003449,63.84,card,utilities
TXN-00003164,CUST-005707,133.49,online,grocery
TXN-00003165,CUST-001502,32.95,online,utilities
TXN-00003166,CUST-000767,209.7,branch,retail
TXN-00003167,CUST-001832,21.29,card,retail
TXN-00003168,CUST-001256,95.36,card,dining
TXN-00003169,CUST-005151,32.89,card,utilities
TXN-00003170,CUST-004951,253.36,card,dining
TXN-00003171,CUST-000113,60.91,branch,health
TXN-00003172,CUST-004790,76.95,online,utilities
TXN-00003173,CUST-005277,59.33,card,retail
TXN-00003174,CUST-005319,109.76,card,education
TXN-00003175,CUST-005039,61.83,branch,utilities
TXN-00003176,CUST-005160,16.2,card,travel
TXN-00003177,CUST-003518,57.6,branch,utilities
TXN-00003178,CUST-000889,184.59,online,utilities
TXN-00003179,CUST-000236,79.55,online,utilities
TXN-00003180,CUST-000978,11.52,atm,dining
TXN-00003181,CUST-003939,83.83,branch,dining
TXN-00003182,CUST-001582,73.08,card,travel
TXN-00003183,CUST-004647,138.17,atm,health
TXN-00003184,CUST-001928,171.33,card,grocery
TXN-00003185,CUST-000902,34.07,online,dining
TXN-00003186,CUST-000929,58.82,branch,health
TXN-00003187,CUST-005675,29.95,atm,grocery
TXN-00003188,CUST-002345,65.05,online,travel
TXN-00003189,CUST-001927,45.46,card,health
TXN-00003190,CUST-004374,60.37,card,retail
TXN-00003191,CUST-000440,49.74,online,dining
TXN-00003192,CUST-003816,128.17,online,retail
TXN-00003193,CUST-004485,440.14,online,utilities
TXN-00003194,CUST-004810,53.38,card,dining
TXN-00003195,CUST-005716,137.68,card,utilities
TXN-00003196,CUST-000357,42.09,card,retail
TXN-00003197,CUST-001471,2.44,online,dining
TXN-00003198,CUST-000051,87.26,card,travel
TXN-00003199,CUST-000675,88.13,online,utilities
TXN-00003200,CUST-005499,447.79,card,health
TXN-00003201,CUST-002997,129.69,wallet,travel
TXN-00003202,CUST-002063,51.48,wallet,travel
TXN-00003203,CUST-002059,12.92,card,dining
TXN-00003204,CUST-001109,95.44,online,retail
TXN-00003205,CUST-000691,182.14,card,education
TXN-00003206,CUST-001254,970.65,card,grocery
TXN-00003207,CUST-000314,81.62,card,grocery
TXN-00003208,CUST-002500,158.07,card,travel
TXN-00003209,CUST-000093,77.61,card,health
TXN-00003210,CUST-004133,142.33,card,grocery
TXN-00003211,CUST-004175,100.52,atm,grocery
TXN-00003212,CUST-002430,19.79,atm,utilities
TXN-00003213,CUST-003005,76.62,atm,education
TXN-00003214,CUST-003872,56.81,online,utilities
TXN-00003215,CUST-002738,87.67,card,utilities
TXN-00003216,CUST-000312,174.28,card,travel
TXN-00003217,CUST-003916,164.64,online,utilities
TXN-00003218,CUST-003996,49.42,card,health
TXN-00003219,CUST-001848,88.09,card,education
TXN-00003220,CUST-002033,36.61,card,retail
TXN-00003221,CUST-003385,21.9,online,retail
TXN-00003222,CUST-002251,39.78,atm,health
TXN-00003223,CUST-004682,58.7,atm,education
TXN-00003224,CUST-003782,110.69,branch,dining
TXN-00003225,CUST-002580,1276.53,online,grocery
TXN-00003226,CUST-002916,111.4,online,grocery
TXN-00003227,CUST-005275,24.46,online,grocery
TXN-00003228,CUST-004616,89.08,atm,dining
TXN-00003229,CUST-005096,60.84,wallet,utilities
TXN-00003230,CUST-002801,257.06,online,travel
TXN-00003231,CUST-004825,40.41,card,utilities
TXN-00003232,CUST-004754,105.28,online,utilities
TXN-00003233,CUST-004022,220.49,card,health
TXN-00003234,CUST-002241,69.13,wallet,education
TXN-00003235,CUST-004395,39.26,branch,education
TXN-00003236,CUST-005667,181.07,atm,dining
TXN-00003237,CUST-003810,58.39,atm,health
TXN-00003238,CUST-000639,375.85,online,retail
TXN-00003239,CUST-001886,65.01,online,travel
TXN-00003240,CUST-000495,65.37,online,grocery
TXN-00003241,CUST-002102,134.65,card,dining
TXN-00003242,CUST-005672,92.36,wallet,grocery
TXN-00003243,CUST-001625,23.36,online,retail
TXN-00003244,CUST-005011,39.41,branch,retail
TXN-00003245,CUST-005078,40.64,atm,retail
TXN-00003246,CUST-004600,19.3,online,utilities
TXN-00003247,CUST-003789,33.83,online,travel
TXN-00003248,CUST-003776,93.58,online,health
TXN-00003249,CUST-002916,142.09,card,dining
TXN-00003250,CUST-002150,65.26,atm,grocery
TXN-00003251,CUST-002340,175.55,wallet,retail
TXN-00003252,CUST-001049,32.18,card,utilities
TXN-00003253,CUST-004662,468.78,online,dining
TXN-00003254,CUST-004129,269.14,card,dining
TXN-00003255,CUST-000991,152.53,atm,retail
TXN-00003256,CUST-005936,104.99,online,education
TXN-00003257,CUST-003091,13.49,branch,retail
TXN-00003258,CUST-002446,319.24,atm,grocery
TXN-00003259,CUST-005413,35.16,online,grocery
TXN-00003260,CUST-005087,63.95,card,health
TXN-00003261,CUST-004373,45.18,branch,dining
TXN-00003262,CUST-005282,61.46,card,health
TXN-00003263,CUST-004881,72.81,branch,health
TXN-00003264,CUST-002534,663.02,online,dining
TXN-00003265,CUST-003172,61.77,wallet,health
TXN-00003266,CUST-002635,63.33,online,travel
TXN-00003267,CUST-003449,131.99,branch,utilities
TXN-00003268,CUST-001539,96.09,online,retail
TXN-00003269,CUST-003109,147.53,card,dining
TXN-00003270,CUST-000234,334.02,branch,dining
TXN-00003271,CUST-001462,51.04,branch,education
TXN-00003272,CUST-004205,276.89,card,grocery
TXN-00003273,CUST-004719,75.01,wallet,grocery
TXN-00003274,CUST-005342,40.69,online,health
TXN-00003275,CUST-004720,32.99,online,grocery
TXN-00003276,CUST-000519,131.85,branch,education
TXN-00003277,CUST-002743,112.47,atm,retail
TXN-00003278,CUST-001412,61.76,online,dining
TXN-00003279,CUST-005939,117.24,card,utilities
TXN-00003280,CUST-005468,44.26,atm,utilities
TXN-00003281,CUST-002344,383.76,card,grocery
TXN-00003282,CUST-003049,38.35,card,health
TXN-00003283,CUST-003062,76.65,card,health
TXN-00003284,CUST-000239,11.72,online,retail
TXN-00003285,CUST-005433,300.02,online,utilities
TXN-00003286,CUST-002551,311.1,card,dining
TXN-00003287,CUST-001116,61.2,online,travel
TXN-00003288,CUST-004533,71.62,online,grocery
TXN-00003289,CUST-005310,19.94,online,education
TXN-00003290,CUST-002060,46.42,branch,retail
TXN-00003291,CUST-001329,73.42,atm,utilities
TXN-00003292,CUST-003898,63.48,card,education
TXN-00003293,CUST-002706,10.77,card,retail
TXN-00003294,CUST-002558,72.5,online,travel
TXN-00003295,CUST-004044,43.96,branch,grocery
TXN-00003296,CUST-000835,20.69,online,health
TXN-00003297,CUST-005883,22.84,card,travel
TXN-00003298,CUST-002537,22.64,online,utilities
TXN-00003299,CUST-003799,137.02,card,health
TXN-00003300,CUST-000337,462.43,card,travel
TXN-00003301,CUST-003636,2158.61,card,education
TXN-00003302,CUST-000530,40.77,card,education
TXN-00003303,CUST-004241,14.73,online,retail
TXN-00003304,CUST-003787,38.85,online,retail
TXN-00003305,CUST-001760,23.38,atm,education
TXN-00003306,CUST-004945,5.77,wallet,education
TXN-00003307,CUST-005958,118.63,card,retail
TXN-00003308,CUST-000163,37.79,online,retail
TXN-00003309,CUST-000374,71.01,card,travel
TXN-00003310,CUST-002457,64.84,card,retail
TXN-00003311,CUST-002313,39.9,card,grocery
TXN-00003312,CUST-002178,5.53,wallet,travel
TXN-00003313,CUST-005850,25.02,online,travel
TXN-00003314,CUST-001900,18.49,atm,grocery
TXN-00003315,CUST-001482,26.84,online,travel
TXN-00003316,CUST-001084,37.54,card,health
TXN-00003317,CUST-003411,97.87,branch,grocery
TXN-00003318,CUST-005366,54.13,card,utilities
TXN-00003319,CUST-003290,34.69,online,retail
TXN-00003320,CUST-003103,66.03,wallet,health
TXN-00003321,CUST-005115,65.2,atm,education
TXN-00003322,CUST-003892,229.36,card,education
TXN-00003323,CUST-000566,1158.76,online,education
TXN-00003324,CUST-000249,12.11,online,utilities
TXN-00003325,CUST-000450,127.4,online,utilities
TXN-00003326,CUST-004216,12.77,card,utilities
TXN-00003327,CUST-000785,121.01,online,dining
TXN-00003328,CUST-000471,11.07,card,education
TXN-00003329,CUST-001997,46.62,online,travel
TXN-00003330,CUST-004421,25.0,atm,utilities
TXN-00003331,CUST-005162,69.59,online,travel
TXN-00003332,CUST-003903,30.96,online,health
TXN-00003333,CUST-002078,62.21,card,utilities
TXN-00003334,CUST-000606,51.19,online,dining
TXN-00003335,CUST-000017,153.83,online,grocery
TXN-00003336,CUST-000890,55.09,online,grocery
TXN-00003337,CUST-003756,451.02,card,dining
TXN-00003338,CUST-003293,43.78,online,travel
TXN-00003339,CUST-002912,105.35,online,dining
TXN-00003340,CUST-003625,18.19,atm,dining
TXN-00003341,CUST-005445,61.6,wallet,education
TXN-00003342,CUST-001454,36.34,online,education
TXN-00003343,CUST-003381,153.07,branch,education
TXN-00003344,CUST-001511,103.6,card,grocery
TXN-00003345,CUST-001476,73.95,branch,education
TXN-00003346,CUST-005931,33.15,card,grocery
TXN-00003347,CUST-004606,146.87,card,education
TXN-00003348,CUST-003790,105.23,online,travel
TXN-00003349,CUST-005139,297.0,card,health
TXN-00003350,CUST-002231,2.21,card,utilities
TXN-00003351,CUST-001584,134.09,branch,utilities
TXN-00003352,CUST-000458,111.48,online,travel
TXN-00003353,CUST-003510,63.16,atm,grocery
TXN-00003354,CUST-003534,188.77,card,travel
TXN-00003355,CUST-002462,138.64,card,utilities
TXN-00003356,CUST-003911,38.53,online,grocery
TXN-00003357,CUST-000667,19.77,online,grocery
TXN-00003358,CUST-004100,113.71,wallet,utilities
TXN-00003359,CUST-003413,151.42,online,education
TXN-00003360,CUST-001259,18.07,card,retail
TXN-00003361,CUST-003699,61.63,online,dining
TXN-00003362,CUST-002195,27.25,card,education
TXN-00003363,CUST-001797,178.44,card,grocery
TXN-00003364,CUST-002750,147.46,card,utilities
TXN-00003365,CUST-003519,53.64,atm,dining
TXN-00003366,CUST-001288,46.67,online,education
TXN-00003367,CUST-002746,116.99,online,travel
TXN-00003368,CUST-004073,73.57,online,dining
TXN-00003369,CUST-002987,46.55,branch,grocery
TXN-00003370,CUST-002102,9.96,atm,dining
TXN-00003371,CUST-005622,27.58,online,health
TXN-00003372,CUST-001813,234.46,card,education
TXN-00003373,CUST-005481,377.84,atm,education
TXN-00003374,CUST-003456,50.06,online,grocery
TXN-00003375,CUST-000313,89.91,card,dining
TXN-00003376,CUST-001102,56.48,online,retail
TXN-00003377,CUST-002754,41.24,branch,health
TXN-00003378,CUST-004526,38.87,branch,utilities
TXN-00003379,CUST-004145,13.55,card,travel
TXN-00003380,CUST-004911,71.36,atm,education
TXN-00003381,CUST-000481,98.64,atm,travel
TXN-00003382,CUST-004987,50.51,atm,education
TXN-00003383,CUST-003653,217.98,branch,health
TXN-00003384,CUST-001421,27.11,online,retail
TXN-00003385,CUST-002002,31.76,card,health
TXN-00003386,CUST-001298,20.02,branch,retail
TXN-00003387,CUST-002770,337.95,online,travel
TXN-00003388,CUST-000418,31.91,atm,utilities
TXN-00003389,CUST-001568,65.29,atm,health
TXN-00003390,CUST-000322,29.3,online,retail
TXN-00003391,CUST-004898,163.59,online,dining
TXN-00003392,CUST-002849,148.27,atm,dining
TXN-00003393,CUST-004888,75.4,atm,utilities
TXN-00003394,CUST-005491,73.39,card,retail
TXN-00003395,CUST-000520,97.05,card,health
TXN-00003396,CUST-003639,94.95,online,health
TXN-00003397,CUST-005510,162.51,atm,education
TXN-00003398,CUST-003983,24.81,atm,utilities
TXN-00003399,CUST-000116,176.2,card,education
TXN-00003400,CUST-000187,29.27,card,travel
TXN-00003401,CUST-000483,73.45,card,health
TXN-00003402,CUST-002003,31.98,atm,education
TXN-00003403,CUST-004610,69.84,card,grocery
TXN-00003404,CUST-004902,90.59,atm,utilities
TXN-00003405,CUST-003814,152.25,card,utilities
TXN-00003406,CUST-003040,269.31,wallet,health
TXN-00003407,CUST-004355,89.99,card,health
TXN-00003408,CUST-002452,23.41,card,grocery
TXN-00003409,CUST-003022,35.92,online,retail
TXN-00003410,CUST-002002,31.68,atm,health
TXN-00003411,CUST-000525,181.44,online,travel
TXN-00003412,CUST-000503,8.73,online,grocery
TXN-00003413,CUST-000666,66.05,online,utilities
TXN-00003414,CUST-000503,65.53,card,grocery
TXN-00003415,CUST-003110,196.31,card,grocery
TXN-00003416,CUST-002308,51.46,branch,grocery
TXN-00003417,CUST-003338,43.63,online,travel
TXN-00003418,CUST-002107,149.99,wallet,retail
TXN-00003419,CUST-001595,107.8,online,education
TXN-00003420,CUST-002244,294.6,card,travel
TXN-00003421,CUST-001017,55.64,card,retail
TXN-00003422,CUST-005087,44.09,online,education
TXN-00003423,CUST-004224,36.89,online,dining
TXN-00003424,CUST-005813,127.58,branch,dining
TXN-00003425,CUST-002019,318.28,online,utilities
TXN-00003426,CUST-001463,12.92,online,grocery
TXN-00003427,CUST-003540,119.18,online,grocery
TXN-00003428,CUST-002185,65.15,atm,retail
TXN-00003429,CUST-005830,77.1,branch,travel
TXN-00003430,CUST-001439,271.64,branch,retail
TXN-00003431,CUST-001022,188.43,atm,grocery
TXN-00003432,CUST-002530,210.25,card,health
TXN-00003433,CUST-003916,110.35,card,grocery
TXN-00003434,CUST-002564,95.25,card,utilities
TXN-00003435,CUST-003542,141.94,atm,utilities
TXN-00003436,CUST-005749,893.08,card,travel
TXN-00003437,CUST-003140,81.7,card,grocery
TXN-00003438,CUST-000734,96.85,online,dining
TXN-00003439,CUST-004329,37.72,branch,utilities
TXN-00003440,CUST-001587,13.25,online,education
TXN-00003441,CUST-004606,252.09,card,retail
TXN-00003442,CUST-001082,59.58,branch,dining
TXN-00003443,CUST-000621,139.68,atm,utilities
TXN-00003444,CUST-005496,100.09,online,health
TXN-00003445,CUST-001056,316.45,card,retail
TXN-00003446,CUST-004577,54.16,branch,grocery
TXN-00003447,CUST-000018,18.77,branch,travel
TXN-00003448,CUST-003358,283.65,card,travel
TXN-00003449,CUST-005884,98.12,card,grocery
TXN-00003450,CUST-000260,83.19,wallet,health
TXN-00003451,CUST-003285,8.69,online,education
TXN-00003452,CUST-005516,131.61,card,grocery
TXN-00003453,CUST-002925,12.56,card,travel
TXN-00003454,CUST-003566,179.27,online,grocery
TXN-00003455,CUST-004382,53.62,online,utilities
TXN-00003456,CUST-005885,123.55,online,education
TXN-00003457,CUST-002595,74.75,atm,grocery
TXN-00003458,CUST-004152,52.43,atm,education
TXN-00003459,CUST-005887,33.49,branch,dining
TXN-00003460,CUST-005534,9.39,online,education
TXN-00003461,CUST-003496,59.81,card,utilities
TXN-00003462,CUST-001214,95.67,atm,education
TXN-00003463,CUST-002087,109.18,online,dining
TXN-00003464,CUST-005674,160.62,card,utilities
TXN-00003465,CUST-004122,108.93,card,grocery
TXN-00003466,CUST-002356,527.87,card,utilities
TXN-00003467,CUST-003418,43.94,atm,dining
TXN-00003468,CUST-001264,427.92,atm,retail
TXN-00003469,CUST-004387,88.01,atm,grocery
TXN-00003470,CUST-002497,138.52,online,dining
TXN-00003471,CUST-004107,192.49,online,health
TXN-00003472,CUST-004291,2.47,wallet,grocery
TXN-00003473,CUST-003907,389.26,online,health
TXN-00003474,CUST-002971,124.5,atm,dining
TXN-00003475,CUST-001775,36.06,online,dining
TXN-00003476,CUST-000216,46.12,wallet,retail
TXN-00003477,CUST-001965,167.79,online,grocery
TXN-00003478,CUST-000873,52.23,card,health
TXN-00003479,CUST-005205,37.81,online,retail
TXN-00003480,CUST-003581,60.48,branch,travel
TXN-00003481,CUST-002214,29.82,online,health
TXN-00003482,CUST-002578,20.93,online,utilities
TXN-00003483,CUST-002561,68.9,card,health
TXN-00003484,CUST-001519,5.21,card,dining
TXN-00003485,CUST-004063,113.51,atm,dining
TXN-00003486,CUST-000237,25.22,atm,utilities
TXN-00003487,CUST-003051,549.73,card,education
TXN-00003488,CUST-000594,125.25,online,dining
TXN-00003489,CUST-002787,173.67,online,utilities
TXN-00003490,CUST-003295,16.27,card,retail
TXN-00003491,CUST-005907,195.34,card,grocery
TXN-00003492,CUST-003091,13.16,card,education
TXN-00003493,CUST-005151,52.59,online,utilities
TXN-00003494,CUST-002552,13.69,branch,retail
TXN-00003495,CUST-004302,57.03,online,education
TXN-00003496,CUST-001858,100.56,card,health
TXN-00003497,CUST-002178,55.23,branch,education
TXN-00003498,CUST-000719,33.89,wallet,retail
TXN-00003499,CUST-002513,144.14,online,retail
TXN-00003500,CUST-004317,72.66,branch,retail
TXN-00003501,CUST-003053,63.48,card,health
TXN-00003502,CUST-003446,99.88,online,grocery
TXN-00003503,CUST-003567,23.87,atm,utilities
TXN-00003504,CUST-000014,171.05,online,health
TXN-00003505,CUST-005503,172.9,branch,grocery
TXN-00003506,CUST-005591,49.3,branch,health
TXN-00003507,CUST-003061,98.16,online,health
TXN-00003508,CUST-000075,87.06,atm,travel
TXN-00003509,CUST-000791,213.29,card,grocery
TXN-00003510,CUST-005492,932.15,atm,health
TXN-00003511,CUST-004270,292.47,branch,grocery
TXN-00003512,CUST-004505,22.18,card,grocery
TXN-00003513,CUST-002434,176.07,card,grocery
TXN-00003514,CUST-003934,1164.49,card,travel
TXN-00003515,CUST-000667,27.14,wallet,health
TXN-00003516,CUST-004185,309.86,online,grocery
TXN-00003517,CUST-005702,144.63,card,education
TXN-00003518,CUST-003444,91.96,atm,grocery
TXN-00003519,CUST-002949,97.33,online,utilities
TXN-00003520,CUST-005875,52.28,card,travel
TXN-00003521,CUST-000059,16.73,branch,utilities
TXN-00003522,CUST-000712,202.84,card,utilities
TXN-00003523,CUST-005288,13.29,online,utilities
TXN-00003524,CUST-003927,59.86,branch,health
TXN-00003525,CUST-002824,75.79,branch,dining
TXN-00003526,CUST-001803,52.64,wallet,grocery
TXN-00003527,CUST-000719,90.67,online,utilities
TXN-00003528,CUST-005651,511.63,card,retail
TXN-00003529,CUST-000307,92.61,card,education
TXN-00003530,CUST-002053,97.79,card,retail
TXN-00003531,CUST-000895,200.83,atm,utilities
TXN-00003532,CUST-000664,123.37,branch,dining
TXN-00003533,CUST-000755,83.98,online,education
TXN-00003534,CUST-004158,52.99,card,grocery
TXN-00003535,CUST-000799,82.3,online,travel
TXN-00003536,CUST-005681,128.23,atm,dining
TXN-00003537,CUST-002867,127.62,online,dining
TXN-00003538,CUST-003058,27.99,atm,travel
TXN-00003539,CUST-002904,18.03,atm,education
TXN-00003540,CUST-000933,125.0,wallet,dining
TXN-00003541,CUST-002160,33.45,card,grocery
TXN-00003542,CUST-001286,81.99,card,grocery
TXN-00003543,CUST-005165,58.02,branch,education
TXN-00003544,CUST-005894,45.78,online,grocery
TXN-00003545,CUST-005789,127.32,branch,health
TXN-00003546,CUST-003059,80.89,branch,utilities
TXN-00003547,CUST-003978,252.46,online,education
TXN-00003548,CUST-000948,162.25,online,health
TXN-00003549,CUST-001335,30.58,online,retail
TXN-00003550,CUST-005975,47.85,online,dining
TXN-00003551,CUST-004760,57.5,card,utilities
TXN-00003552,CUST-002983,38.65,card,retail
TXN-00003553,CUST-005760,238.31,card,education
TXN-00003554,CUST-002959,45.48,online,education
TXN-00003555,CUST-000253,72.41,card,health
TXN-00003556,CUST-002279,107.74,online,dining
TXN-00003557,CUST-004460,23.72,card,grocery
TXN-00003558,CUST-003017,75.52,card,travel
TXN-00003559,CUST-005857,373.8,online,health
TXN-00003560,CUST-005433,78.44,card,utilities
TXN-00003561,CUST-002586,53.26,online,retail
TXN-00003562,CUST-005212,167.51,wallet,grocery
TXN-00003563,CUST-005535,163.34,online,retail
TXN-00003564,CUST-002456,7.24,online,dining
TXN-00003565,CUST-005992,64.16,atm,grocery
TXN-00003566,CUST-002947,107.44,branch,retail
TXN-00003567,CUST-002171,171.87,card,grocery
TXN-00003568,CUST-002383,236.53,card,health
TXN-00003569,CUST-000963,56.51,online,travel
TXN-00003570,CUST-003188,76.29,card,education
TXN-00003571,CUST-001000,37.95,card,retail
TXN-00003572,CUST-003351,249.42,atm,grocery
TXN-00003573,CUST-005382,8.67,wallet,health
TXN-00003574,CUST-000816,18.07,branch,education
TXN-00003575,CUST-003758,361.03,card,grocery
TXN-00003576,CUST-005958,70.18,card,travel
TXN-00003577,CUST-004821,47.42,branch,education
TXN-00003578,CUST-005037,200.81,atm,retail
TXN-00003579,CUST-004061,13.6,branch,education
TXN-00003580,CUST-002254,92.77,online,health
TXN-00003581,CUST-002483,152.01,card,travel
TXN-00003582,CUST-001792,78.94,branch,retail
TXN-00003583,CUST-002949,2.52,wallet,health
TXN-00003584,CUST-001416,50.36,card,retail
TXN-00003585,CUST-000127,27.53,branch,grocery
TXN-00003586,CUST-001540,452.85,card,dining
TXN-00003587,CUST-002625,219.42,online,dining
TXN-00003588,CUST-001816,55.19,atm,grocery
TXN-00003589,CUST-004945,12.13,card,health
TXN-00003590,CUST-004668,73.6,atm,education
TXN-00003591,CUST-001692,22.67,card,retail
TXN-00003592,CUST-001869,122.55,card,dining
TXN-00003593,CUST-003586,101.07,card,travel
TXN-00003594,CUST-000619,50.01,card,health
TXN-00003595,CUST-004969,105.76,branch,utilities
TXN-00003596,CUST-004168,969.89,card,health
TXN-00003597,CUST-000928,14.14,card,dining
TXN-00003598,CUST-005176,23.31,wallet,dining
TXN-00003599,CUST-000243,95.44,card,retail
TXN-00003600,CUST-001674,32.02,atm,education
TXN-00003601,CUST-003436,109.04,card,retail
TXN-00003602,CUST-004653,20.13,card,education
TXN-00003603,CUST-001819,77.88,wallet,grocery
TXN-00003604,CUST-001954,72.26,online,health
TXN-00003605,CUST-002626,140.84,online,dining
TXN-00003606,CUST-002624,60.38,online,travel
TXN-00003607,CUST-003818,202.71,atm,grocery
TXN-00003608,CUST-002351,27.09,atm,travel
TXN-00003609,CUST-000010,102.18,card,education
TXN-00003610,CUST-001636,12.55,card,dining
TXN-00003611,CUST-003890,7.64,online,education
TXN-00003612,CUST-000337,18.62,card,retail
TXN-00003613,CUST-005735,568.48,wallet,travel
TXN-00003614,CUST-004730,319.63,card,dining
TXN-00003615,CUST-001710,106.24,card,grocery
TXN-00003616,CUST-004587,32.03,atm,utilities
TXN-00003617,CUST-001845,179.8,atm,health
TXN-00003618,CUST-001342,14.57,card,retail
TXN-00003619,CUST-001471,9.81,atm,health
TXN-00003620,CUST-004073,63.72,wallet,education
TXN-00003621,CUST-003770,69.89,card,travel
TXN-00003622,CUST-000906,117.32,online,health
TXN-00003623,CUST-001662,37.92,online,dining
TXN-00003624,CUST-000141,39.8,wallet,health
TXN-00003625,CUST-005650,439.77,online,retail
TXN-00003626,CUST-002647,62.01,card,health
TXN-00003627,CUST-004171,42.38,card,grocery
TXN-00003628,CUST-003867,107.85,card,grocery
TXN-00003629,CUST-003089,44.83,online,travel
TXN-00003630,CUST-001702,439.7,card,travel
TXN-00003631,CUST-005043,102.87,card,retail
TXN-00003632,CUST-004675,51.2,atm,retail
TXN-00003633,CUST-004556,32.6,online,health
TXN-00003634,CUST-002502,10.15,wallet,retail
TXN-00003635,CUST-001712,92.4,online,education
TXN-00003636,CUST-004304,32.22,card,travel
TXN-00003637,CUST-002984,12.27,card,grocery
TXN-00003638,CUST-005166,21.97,wallet,dining
TXN-00003639,CUST-000043,264.43,atm,health
TXN-00003640,CUST-001621,59.14,card,health
TXN-00003641,CUST-002499,89.59,atm,travel
TXN-00003642,CUST-001854,91.36,branch,grocery
TXN-00003643,CUST-000763,483.26,online,health
TXN-00003644,CUST-004424,36.72,online,retail
TXN-00003645,CUST-005434,64.98,card,education
TXN-00003646,CUST-002438,194.76,card,retail
TXN-00003647,CUST-003276,73.59,card,grocery
TXN-00003648,CUST-004758,101.37,atm,travel
TXN-00003649,CUST-003741,62.52,online,utilities
TXN-00003650,CUST-002384,33.0,online,health
TXN-00003651,CUST-004878,226.46,card,utilities
TXN-00003652,CUST-000137,56.54,atm,grocery
TXN-00003653,CUST-001635,116.53,online,retail
TXN-00003654,CUST-001439,98.12,atm,education
TXN-00003655,CUST-004001,1.86,online,utilities
TXN-00003656,CUST-000122,66.81,atm,grocery
TXN-00003657,CUST-000962,78.1,card,grocery
TXN-00003658,CUST-002342,7.3,online,dining
TXN-00003659,CUST-003890,19.56,card,health
TXN-00003660,CUST-005574,57.33,branch,utilities
TXN-00003661,CUST-002236,44.87,online,grocery
TXN-00003662,CUST-002707,181.83,online,retail
TXN-00003663,CUST-005457,336.44,online,utilities
TXN-00003664,CUST-003194,39.85,online,utilities
TXN-00003665,CUST-002497,30.31,card,travel
TXN-00003666,CUST-005904,68.98,card,dining
TXN-00003667,CUST-002999,209.74,branch,retail
TXN-00003668,CUST-000472,72.69,card,travel
TXN-00003669,CUST-005186,212.59,atm,dining
TXN-00003670,CUST-002379,215.99,branch,dining
TXN-00003671,CUST-005138,133.02,card,utilities
TXN-00003672,CUST-000352,69.59,wallet,education
TXN-00003673,CUST-002779,24.99,wallet,grocery
TXN-00003674,CUST-000637,87.9,online,travel
TXN-00003675,CUST-004022,40.37,card,dining
TXN-00003676,CUST-002243,415.84,branch,health
TXN-00003677,CUST-004801,221.17,online,health
TXN-00003678,CUST-004375,63.49,wallet,retail
TXN-00003679,CUST-004188,66.41,online,dining
TXN-00003680,CUST-000437,17.44,branch,utilities
TXN-00003681,CUST-001353,45.62,atm,utilities
TXN-00003682,CUST-000188,575.53,branch,dining
TXN-00003683,CUST-003791,109.1,online,health
TXN-00003684,CUST-003437,66.2,branch,dining
TXN-00003685,CUST-000930,112.19,wallet,travel
TXN-00003686,CUST-003252,55.73,card,health
TXN-00003687,CUST-005635,70.82,branch,grocery
TXN-00003688,CUST-004216,72.43,branch,travel
TXN-00003689,CUST-002139,419.43,online,utilities
TXN-00003690,CUST-000188,7.9,card,health
TXN-00003691,CUST-001687,35.74,online,utilities
TXN-00003692,CUST-003159,7.41,online,dining
TXN-00003693,CUST-004036,46.89,card,grocery
TXN-00003694,CUST-003501,65.76,online,health
TXN-00003695,CUST-002791,135.51,online,retail
TXN-00003696,CUST-005206,22.86,online,travel
TXN-00003697,CUST-003267,30.8,branch,grocery
TXN-00003698,CUST-001406,142.28,atm,health
TXN-00003699,CUST-003351,119.63,card,dining
TXN-00003700,CUST-003595,54.17,online,travel
TXN-00003701,CUST-000509,6.97,online,dining
TXN-00003702,CUST-003610,71.0,card,dining
TXN-00003703,CUST-000881,90.0,online,travel
TXN-00003704,CUST-000415,82.17,card,dining
TXN-00003705,CUST-000358,14.16,atm,health
TXN-00003706,CUST-005026,23.21,card,travel
TXN-00003707,CUST-002338,174.58,card,dining
TXN-00003708,CUST-004667,350.62,wallet,education
TXN-00003709,CUST-005639,167.88,card,utilities
TXN-00003710,CUST-004836,44.52,card,education
TXN-00003711,CUST-001553,52.39,card,education
TXN-00003712,CUST-000087,27.19,card,education
TXN-00003713,CUST-003137,117.28,wallet,retail
TXN-00003714,CUST-000413,243.54,card,education
TXN-00003715,CUST-003606,159.41,branch,education
TXN-00003716,CUST-000179,137.69,card,health
TXN-00003717,CUST-004534,35.3,card,utilities
TXN-00003718,CUST-004536,54.49,card,grocery
TXN-00003719,CUST-005235,44.74,online,education
TXN-00003720,CUST-002717,165.8,card,utilities
TXN-00003721,CUST-002807,75.61,online,utilities
TXN-00003722,CUST-002026,194.41,card,education
TXN-00003723,CUST-002667,109.84,online,retail
TXN-00003724,CUST-003655,31.07,online,dining
TXN-00003725,CUST-003271,16.38,card,dining
TXN-00003726,CUST-000336,526.71,card,dining
TXN-00003727,CUST-004318,48.23,card,dining
TXN-00003728,CUST-004352,82.52,card,utilities
TXN-00003729,CUST-005623,421.55,card,dining
TXN-00003730,CUST-005349,122.36,card,dining
TXN-00003731,CUST-001272,26.18,card,health
TXN-00003732,CUST-002206,78.12,branch,utilities
TXN-00003733,CUST-003622,322.24,card,utilities
TXN-00003734,CUST-003830,104.7,wallet,health
TXN-00003735,CUST-001585,2144.74,online,travel
TXN-00003736,CUST-000597,9.78,wallet,education
TXN-00003737,CUST-002448,49.99,card,health
TXN-00003738,CUST-003759,18.91,online,retail
TXN-00003739,CUST-001160,151.77,wallet,education
TXN-00003740,CUST-003403,20.36,atm,health
TXN-00003741,CUST-003151,33.64,card,grocery
TXN-00003742,CUST-004205,40.1,online,education
TXN-00003743,CUST-001358,88.12,card,dining
TXN-00003744,CUST-003367,61.03,atm,travel
TXN-00003745,CUST-000134,195.3,online,education
TXN-00003746,CUST-004641,25.3,atm,health
TXN-00003747,CUST-003176,109.97,branch,dining
TXN-00003748,CUST-000646,59.48,online,dining
TXN-00003749,CUST-000022,10.66,card,utilities
TXN-00003750,CUST-005868,223.51,wallet,retail
TXN-00003751,CUST-005275,35.28,online,dining
TXN-00003752,CUST-001801,85.47,online,dining
TXN-00003753,CUST-003900,29.38,card,travel
TXN-00003754,CUST-003867,1230.09,online,grocery
TXN-00003755,CUST-001726,371.68,online,health
TXN-00003756,CUST-001413,45.33,card,education
TXN-00003757,CUST-001436,96.87,card,dining
TXN-00003758,CUST-003537,98.3,online,utilities
TXN-00003759,CUST-000469,18.06,atm,education
TXN-00003760,CUST-003689,139.26,card,utilities
TXN-00003761,CUST-005192,76.78,online,grocery
TXN-00003762,CUST-004117,216.46,online,dining
TXN-00003763,CUST-002645,63.06,online,grocery
TXN-00003764,CUST-003665,23.36,atm,travel
TXN-00003765,CUST-001192,34.31,atm,retail
TXN-00003766,CUST-002943,21.83,atm,education
TXN-00003767,CUST-003251,85.36,card,grocery
TXN-00003768,CUST-002569,151.39,online,travel
TXN-00003769,CUST-005572,17.78,card,retail
TXN-00003770,CUST-004092,108.17,card,utilities
TXN-00003771,CUST-000417,152.08,card,utilities
TXN-00003772,CUST-003980,115.64,card,dining
TXN-00003773,CUST-005304,18.94,card,health
TXN-00003774,CUST-002219,402.63,online,utilities
TXN-00003775,CUST-005457,104.56,atm,utilities
TXN-00003776,CUST-004286,14.86,card,dining
TXN-00003777,CUST-001304,41.5,card,travel
TXN-00003778,CUST-003583,40.25,card,health
TXN-00003779,CUST-005960,58.02,atm,grocery
TXN-00003780,CUST-004393,318.62,card,travel
TXN-00003781,CUST-000968,94.26,atm,retail
TXN-00003782,CUST-003984,63.74,atm,health
TXN-00003783,CUST-002182,355.72,card,health
TXN-00003784,CUST-002785,120.1,branch,travel
TXN-00003785,CUST-004452,609.56,branch,dining
TXN-00003786,CUST-004261,82.24,atm,utilities
TXN-00003787,CUST-002095,370.39,card,utilities
TXN-00003788,CUST-004567,9.24,card,health
TXN-00003789,CUST-004069,155.72,online,travel
TXN-00003790,CUST-005915,61.85,online,dining
TXN-00003791,CUST-005479,97.64,branch,health
TXN-00003792,CUST-003643,113.67,card,retail
TXN-00003793,CUST-003105,143.07,online,utilities
TXN-00003794,CUST-003794,381.25,atm,utilities
TXN-00003795,CUST-003928,130.39,online,grocery
TXN-00003796,CUST-001256,74.66,online,retail
TXN-00003797,CUST-005928,122.89,atm,utilities
TXN-00003798,CUST-003389,30.42,card,dining
TXN-00003799,CUST-000978,506.25,card,travel
TXN-00003800,CUST-004234,38.65,online,health
TXN-00003801,CUST-004193,165.19,card,utilities
TXN-00003802,CUST-002609,260.99,online,education
TXN-00003803,CUST-005994,134.89,branch,utilities
TXN-00003804,CUST-003877,40.02,online,dining
TXN-00003805,CUST-003106,36.75,atm,retail
TXN-00003806,CUST-000774,235.23,card,dining
TXN-00003807,CUST-005551,111.1,card,dining
TXN-00003808,CUST-001826,47.77,card,retail
TXN-00003809,CUST-000440,33.22,card,health
TXN-00003810,CUST-004300,38.73,online,retail
TXN-00003811,CUST-005767,89.7,card,utilities
TXN-00003812,CUST-005569,829.48,online,health
TXN-00003813,CUST-003298,21.96,card,utilities
TXN-00003814,CUST-003049,7.2,branch,health
TXN-00003815,CUST-002403,76.45,online,health
TXN-00003816,CUST-000688,39.62,online,travel
TXN-00003817,CUST-005507,51.54,atm,education
TXN-00003818,CUST-002334,23.77,online,grocery
TXN-00003819,CUST-000761,266.0,online,retail
TXN-00003820,CUST-005987,45.68,branch,education
TXN-00003821,CUST-000262,119.96,branch,retail
TXN-00003822,CUST-001458,353.81,atm,grocery
TXN-00003823,CUST-001209,58.78,branch,dining
TXN-00003824,CUST-004809,32.5,card,health
TXN-00003825,CUST-004520,64.47,wallet,health
TXN-00003826,CUST-003431,66.73,card,health
TXN-00003827,CUST-002949,125.03,atm,grocery
TXN-00003828,CUST-005577,73.99,wallet,utilities
TXN-00003829,CUST-001131,81.03,online,travel
TXN-00003830,CUST-003264,46.47,branch,travel
TXN-00003831,CUST-001301,90.45,wallet,utilities
TXN-00003832,CUST-004861,102.56,branch,grocery
TXN-00003833,CUST-001582,128.02,online,travel
TXN-00003834,CUST-003720,13.94,card,health
TXN-00003835,CUST-005946,22.54,card,retail
TXN-00003836,CUST-000768,17.88,online,retail
TXN-00003837,CUST-000826,191.36,card,education
TXN-00003838,CUST-003127,23.12,online,travel
TXN-00003839,CUST-000636,47.86,online,travel
TXN-00003840,CUST-002943,72.38,online,education
TXN-00003841,CUST-001609,17.23,branch,dining
TXN-00003842,CUST-005080,44.52,online,retail
TXN-00003843,CUST-002191,923.58,online,health
TXN-00003844,CUST-005654,77.67,card,travel
TXN-00003845,CUST-004331,441.21,branch,travel
TXN-00003846,CUST-004276,44.93,online,travel
TXN-00003847,CUST-004660,139.22,wallet,education
TXN-00003848,CUST-002531,46.4,online,retail
TXN-00003849,CUST-003082,94.5,card,utilities
TXN-00003850,CUST-001482,163.49,card,dining
TXN-00003851,CUST-000392,46.9,branch,retail
TXN-00003852,CUST-001777,124.64,card,education
TXN-00003853,CUST-000630,53.5,card,grocery
TXN-00003854,CUST-001227,95.34,atm,utilities
TXN-00003855,CUST-004016,203.16,online,utilities
TXN-00003856,CUST-000930,298.48,online,dining
TXN-00003857,CUST-005442,210.43,branch,travel
TXN-00003858,CUST-000516,71.25,online,retail
TXN-00003859,CUST-003873,267.29,card,education
TXN-00003860,CUST-003485,184.27,online,health
TXN-00003861,CUST-003354,45.17,online,dining
TXN-00003862,CUST-005960,25.84,online,education
TXN-00003863,CUST-000500,13.44,card,dining
TXN-00003864,CUST-003976,429.05,online,grocery
TXN-00003865,CUST-003961,15.61,card,education
TXN-00003866,CUST-005678,59.04,atm,grocery
TXN-00003867,CUST-005236,108.74,card,health
TXN-00003868,CUST-003033,22.24,branch,travel
TXN-00003869,CUST-005969,392.82,atm,health
TXN-00003870,CUST-003912,806.36,atm,grocery
TXN-00003871,CUST-000403,84.45,online,grocery
TXN-00003872,CUST-001138,60.19,card,utilities
TXN-00003873,CUST-004245,35.88,card,travel
TXN-00003874,CUST-000068,108.31,atm,education
TXN-00003875,CUST-004115,9.09,card,travel
TXN-00003876,CUST-000558,79.76,card,health
TXN-00003877,CUST-005884,153.03,card,education
TXN-00003878,CUST-002168,39.95,branch,grocery
TXN-00003879,CUST-001642,94.48,atm,utilities
TXN-00003880,CUST-005852,121.06,atm,education
TXN-00003881,CUST-002129,103.05,atm,education
TXN-00003882,CUST-002393,48.97,card,health
TXN-00003883,CUST-000447,144.68,online,utilities
TXN-00003884,CUST-000388,32.16,card,travel
TXN-00003885,CUST-003134,26.56,online,dining
TXN-00003886,CUST-001191,38.01,card,education
TXN-00003887,CUST-004907,95.71,atm,grocery
TXN-00003888,CUST-003053,12.08,card,retail
TXN-00003889,CUST-002094,22.79,online,dining
TXN-00003890,CUST-003684,24.08,card,education
TXN-00003891,CUST-002874,85.07,card,travel
TXN-00003892,CUST-005433,32.4,branch,education
TXN-00003893,CUST-005263,24.36,card,education
TXN-00003894,CUST-004843,19.94,card,utilities
TXN-00003895,CUST-005611,28.29,card,travel
TXN-00003896,CUST-002445,41.47,online,education
TXN-00003897,CUST-005882,22.59,wallet,dining
TXN-00003898,CUST-004187,87.93,wallet,dining
TXN-00003899,CUST-000295,61.04,atm,education
TXN-00003900,CUST-002584,241.77,card,travel
TXN-00003901,CUST-004958,401.81,online,utilities
TXN-00003902,CUST-003563,61.86,atm,education
TXN-00003903,CUST-005325,119.24,card,dining
TXN-00003904,CUST-004356,138.52,wallet,grocery
TXN-00003905,CUST-002621,80.74,branch,dining
TXN-00003906,CUST-000761,34.26,atm,education
TXN-00003907,CUST-003649,105.13,atm,health
TXN-00003908,CUST-001902,20.56,branch,grocery
TXN-00003909,CUST-004703,108.59,card,health
TXN-00003910,CUST-002097,63.27,atm,dining
TXN-00003911,CUST-002987,87.61,atm,utilities
TXN-00003912,CUST-001940,81.6,card,retail
TXN-00003913,CUST-005840,291.62,atm,utilities
TXN-00003914,CUST-005073,34.5,card,grocery
TXN-00003915,CUST-002069,169.35,card,education
TXN-00003916,CUST-005895,80.15,card,grocery
TXN-00003917,CUST-005085,312.4,online,health
TXN-00003918,CUST-001794,20.03,branch,retail
TXN-00003919,CUST-002592,66.16,card,travel
TXN-00003920,CUST-000172,105.2,card,utilities
TXN-00003921,CUST-004153,72.59,online,health
TXN-00003922,CUST-004526,15.7,card,education
TXN-00003923,CUST-000386,38.55,card,retail
TXN-00003924,CUST-002573,31.75,online,health
TXN-00003925,CUST-000242,466.89,wallet,education
TXN-00003926,CUST-003084,81.7,online,travel
TXN-00003927,CUST-001281,26.6,card,dining
TXN-00003928,CUST-002715,156.14,card,travel
TXN-00003929,CUST-000994,48.43,atm,travel
TXN-00003930,CUST-000706,268.46,card,health
TXN-00003931,CUST-002517,33.07,card,utilities
TXN-00003932,CUST-004592,25.37,card,education
TXN-00003933,CUST-000680,42.89,atm,travel
TXN-00003934,CUST-005393,120.98,online,retail
TXN-00003935,CUST-005685,120.64,atm,retail
TXN-00003936,CUST-003068,284.68,online,travel
TXN-00003937,CUST-001164,535.92,branch,retail
TXN-00003938,CUST-003034,137.2,online,dining
TXN-00003939,CUST-005705,37.09,online,utilities
TXN-00003940,CUST-001159,183.34,card,grocery
TXN-00003941,CUST-000926,78.63,online,utilities
TXN-00003942,CUST-005267,76.07,card,dining
TXN-00003943,CUST-001126,67.0,online,grocery
TXN-00003944,CUST-004167,26.74,online,grocery
TXN-00003945,CUST-003705,32.83,online,retail
TXN-00003946,CUST-004349,21.88,online,education
TXN-00003947,CUST-000537,12.61,card,travel
TXN-00003948,CUST-002604,93.63,card,grocery
TXN-00003949,CUST-005366,320.38,card,utilities
TXN-00003950,CUST-005676,110.85,branch,retail
TXN-00003951,CUST-000736,144.36,wallet,travel
TXN-00003952,CUST-005062,561.18,wallet,dining
TXN-00003953,CUST-002655,26.23,online,travel
TXN-00003954,CUST-001277,355.81,online,health
TXN-00003955,CUST-005402,253.87,branch,utilities
TXN-00003956,CUST-004102,73.58,branch,travel
TXN-00003957,CUST-001003,24.08,wallet,health
TXN-00003958,CUST-003966,121.06,card,dining
TXN-00003959,CUST-004679,848.92,online,utilities
TXN-00003960,CUST-004680,197.74,card,travel
TXN-00003961,CUST-004578,32.92,card,retail
TXN-00003962,CUST-000939,152.19,atm,utilities
TXN-00003963,CUST-002500,57.49,atm,dining
TXN-00003964,CUST-003218,135.33,wallet,dining
TXN-00003965,CUST-004588,27.11,wallet,dining
TXN-00003966,CUST-002910,128.59,online,grocery
TXN-00003967,CUST-002666,45.72,online,utilities
TXN-00003968,CUST-000859,10.01,online,travel
TXN-00003969,CUST-002785,75.68,wallet,grocery
TXN-00003970,CUST-004648,33.98,card,grocery
TXN-00003971,CUST-000037,23.67,card,retail
TXN-00003972,CUST-000184,17.03,online,grocery
TXN-00003973,CUST-004406,41.51,online,grocery
TXN-00003974,CUST-000482,49.86,online,education
TXN-00003975,CUST-003484,86.29,online,travel
TXN-00003976,CUST-004276,37.8,card,health
TXN-00003977,CUST-004695,30.48,card,retail
TXN-00003978,CUST-005509,44.36,card,grocery
TXN-00003979,CUST-003523,76.59,online,grocery
TXN-00003980,CUST-000452,64.91,wallet,education
TXN-00003981,CUST-000332,79.47,card,education
TXN-00003982,CUST-003256,25.6,atm,retail
TXN-00003983,CUST-000649,19.02,online,health
TXN-00003984,CUST-003670,124.99,atm,dining
TXN-00003985,CUST-000820,102.54,card,education
TXN-00003986,CUST-002668,10.11,card,retail
TXN-00003987,CUST-005854,82.8,branch,travel
TXN-00003988,CUST-002858,57.42,branch,education
TXN-00003989,CUST-000155,19.92,online,dining
TXN-00003990,CUST-002716,399.23,card,utilities
TXN-00003991,CUST-004168,13.28,card,health
TXN-00003992,CUST-005013,174.3,card,grocery
TXN-00003993,CUST-005118,27.15,atm,health
TXN-00003994,CUST-005463,21.63,card,health
TXN-00003995,CUST-001079,75.54,atm,travel
TXN-00003996,CUST-000443,24.56,card,dining
TXN-00003997,CUST-005114,239.01,branch,retail
TXN-00003998,CUST-000641,215.26,branch,grocery
TXN-00003999,CUST-004173,48.83,branch,travel
TXN-00004000,CUST-002764,90.46,online,grocery
TXN-00004001,CUST-001501,141.73,card,travel
TXN-00004002,CUST-003896,22.28,card,education
TXN-00004003,CUST-005021,288.02,branch,utilities
TXN-00004004,CUST-003882,36.96,atm,grocery
TXN-00004005,CUST-003925,62.8,wallet,health
TXN-00004006,CUST-004975,57.1,atm,utilities
TXN-00004007,CUST-000351,37.92,branch,utilities
TXN-00004008,CUST-005402,39.45,card,dining
TXN-00004009,CUST-004584,102.67,online,dining
TXN-00004010,CUST-002854,118.01,online,dining
TXN-00004011,CUST-000349,22.32,atm,health
TXN-00004012,CUST-004957,62.23,card,grocery
TXN-00004013,CUST-000073,25.62,online,grocery
TXN-00004014,CUST-002884,25.49,online,travel
TXN-00004015,CUST-001400,375.22,branch,travel
TXN-00004016,CUST-005883,54.31,card,education
TXN-00004017,CUST-002894,20.64,online,grocery
TXN-00004018,CUST-002401,104.81,card,retail
TXN-00004019,CUST-005522,44.74,wallet,health
TXN-00004020,CUST-001825,75.02,atm,dining
TXN-00004021,CUST-002522,25.29,card,health
TXN-00004022,CUST-004575,69.15,online,dining
TXN-00004023,CUST-002262,163.57,card,health
TXN-00004024,CUST-000738,168.83,branch,grocery
TXN-00004025,CUST-005829,245.13,branch,utilities
TXN-00004026,CUST-005262,49.71,online,utilities
TXN-00004027,CUST-000776,37.33,card,travel
TXN-00004028,CUST-004821,70.14,card,education
TXN-00004029,CUST-004449,63.61,atm,retail
TXN-00004030,CUST-004646,52.38,online,dining
TXN-00004031,CUST-005016,25.18,wallet,travel
TXN-00004032,CUST-002202,502.83,card,travel
TXN-00004033,CUST-003705,91.32,wallet,retail
TXN-00004034,CUST-003449,12.79,card,utilities
TXN-00004035,CUST-000883,70.92,online,health
TXN-00004036,CUST-005850,175.74,online,grocery
TXN-00004037,CUST-003499,897.33,atm,travel
TXN-00004038,CUST-000808,84.48,card,dining
TXN-00004039,CUST-002188,161.92,branch,dining
TXN-00004040,CUST-001817,109.91,online,travel
TXN-00004041,CUST-004961,40.15,wallet,travel
TXN-00004042,CUST-005262,104.65,card,grocery
TXN-00004043,CUST-001190,59.0,card,travel
TXN-00004044,CUST-004068,33.8,wallet,dining
TXN-00004045,CUST-004546,88.48,card,health
TXN-00004046,CUST-000691,91.52,card,dining
TXN-00004047,CUST-004324,152.49,online,health
TXN-00004048,CUST-003640,181.94,atm,grocery
TXN-00004049,CUST-005971,12.05,card,travel
TXN-00004050,CUST-001552,29.24,online,utilities
TXN-00004051,CUST-000254,301.12,card,retail
TXN-00004052,CUST-005363,38.58,wallet,education
TXN-00004053,CUST-005208,24.73,online,travel
TXN-00004054,CUST-004167,11.84,wallet,education
TXN-00004055,CUST-003107,238.48,atm,utilities
TXN-00004056,CUST-003090,57.14,wallet,education
TXN-00004057,CUST-002177,22.13,online,grocery
TXN-00004058,CUST-002683,31.72,branch,education
TXN-00004059,CUST-000562,28.9,atm,education
TXN-00004060,CUST-003839,503.88,branch,travel
TXN-00004061,CUST-001837,143.0,online,retail
TXN-00004062,CUST-005644,115.62,atm,retail
TXN-00004063,CUST-002814,120.36,card,education
TXN-00004064,CUST-001294,284.17,card,education
TXN-00004065,CUST-000827,681.34,atm,retail
TXN-00004066,CUST-002794,86.83,card,utilities
TXN-00004067,CUST-003225,53.37,wallet,health
TXN-00004068,CUST-002643,471.06,online,utilities
TXN-00004069,CUST-002142,40.27,card,utilities
TXN-00004070,CUST-005827,211.82,online,health
TXN-00004071,CUST-005064,24.65,online,retail
TXN-00004072,CUST-001420,99.46,online,dining
TXN-00004073,CUST-005831,71.29,atm,utilities
TXN-00004074,CUST-001716,57.09,card,travel
TXN-00004075,CUST-000001,92.48,online,education
TXN-00004076,CUST-005889,46.9,atm,retail
TXN-00004077,CUST-001802,11.17,card,retail
TXN-00004078,CUST-003501,169.55,card,utilities
TXN-00004079,CUST-002642,53.16,online,health
TXN-00004080,CUST-005131,65.53,online,travel
TXN-00004081,CUST-004987,372.66,card,grocery
TXN-00004082,CUST-005578,58.05,branch,education
TXN-00004083,CUST-005548,105.97,online,health
TXN-00004084,CUST-000770,32.05,card,retail
TXN-00004085,CUST-000207,688.04,card,utilities
TXN-00004086,CUST-005415,38.25,card,health
TXN-00004087,CUST-005632,24.47,branch,retail
TXN-00004088,CUST-004880,5.13,online,retail
TXN-00004089,CUST-001921,138.1,wallet,grocery
TXN-00004090,CUST-000114,117.36,card,utilities
TXN-00004091,CUST-000508,57.83,wallet,travel
TXN-00004092,CUST-003584,57.58,online,health
TXN-00004093,CUST-000176,48.28,card,health
TXN-00004094,CUST-003311,391.96,online,health
TXN-00004095,CUST-002438,36.19,wallet,retail
TXN-00004096,CUST-001359,57.93,card,travel
TXN-00004097,CUST-003763,10.27,card,education
TXN-00004098,CUST-002774,123.92,card,grocery
TXN-00004099,CUST-004655,69.93,atm,retail
TXN-00004100,CUST-001443,127.42,card,retail
TXN-00004101,CUST-005214,113.66,card,utilities
TXN-00004102,CUST-005074,96.01,card,retail
TXN-00004103,CUST-002172,35.87,card,travel
TXN-00004104,CUST-000241,37.49,atm,grocery
TXN-00004105,CUST-000185,129.32,online,education
TXN-00004106,CUST-004634,42.32,card,dining
TXN-00004107,CUST-002995,131.99,online,travel
TXN-00004108,CUST-001384,85.01,card,education
TXN-00004109,CUST-005004,148.18,atm,health
TXN-00004110,CUST-004619,23.93,card,health
TXN-00004111,CUST-000536,46.29,atm,utilities
TXN-00004112,CUST-005275,73.76,online,health
TXN-00004113,CUST-004033,33.44,branch,dining
TXN-00004114,CUST-005386,48.58,card,health
TXN-00004115,CUST-000054,44.23,card,retail
TXN-00004116,CUST-002419,99.68,atm,grocery
TXN-00004117,CUST-002367,94.12,branch,dining
TXN-00004118,CUST-000611,77.31,atm,utilities
TXN-00004119,CUST-001378,24.95,branch,education
TXN-00004120,CUST-004908,37.7,branch,travel
TXN-00004121,CUST-004769,34.11,online,utilities
TXN-00004122,CUST-001817,321.58,card,health
TXN-00004123,CUST-004952,17.5,card,travel
TXN-00004124,CUST-005465,24.02,card,grocery
TXN-00004125,CUST-000656,70.09,online,retail
TXN-00004126,CUST-001150,25.84,card,education
TXN-00004127,CUST-002033,37.82,online,grocery
TXN-00004128,CUST-001802,34.4,online,education
TXN-00004129,CUST-004814,10.79,atm,grocery
TXN-00004130,CUST-003515,73.61,card,dining
TXN-00004131,CUST-003552,15.23,online,health
TXN-00004132,CUST-003175,580.17,branch,health
TXN-00004133,CUST-005701,42.6,atm,retail
TXN-00004134,CUST-003747,49.64,card,grocery
TXN-00004135,CUST-004908,29.49,branch,health
TXN-00004136,CUST-004314,74.97,wallet,utilities
TXN-00004137,CUST-003371,97.03,branch,dining
TXN-00004138,CUST-002922,12.11,online,health
TXN-00004139,CUST-000548,98.07,online,health
TXN-00004140,CUST-005541,97.82,atm,education
TXN-00004141,CUST-001641,15.83,card,utilities
TXN-00004142,CUST-003943,108.19,card,dining
TXN-00004143,CUST-001210,20.18,card,travel
TXN-00004144,CUST-000337,43.09,branch,education
TXN-00004145,CUST-001029,41.11,card,education
TXN-00004146,CUST-005664,19.38,card,grocery
TXN-00004147,CUST-001909,23.11,online,grocery
TXN-00004148,CUST-000547,640.71,atm,education
TXN-00004149,CUST-004782,12.09,card,dining
TXN-00004150,CUST-005648,173.68,online,education
TXN-00004151,CUST-001809,61.29,atm,health
TXN-00004152,CUST-000250,350.78,atm,health
TXN-00004153,CUST-003547,229.52,online,utilities
TXN-00004154,CUST-002735,20.28,online,education
TXN-00004155,CUST-003908,35.82,card,education
TXN-00004156,CUST-003006,176.36,online,utilities
TXN-00004157,CUST-004940,70.94,card,health
TXN-00004158,CUST-002106,26.79,branch,health
TXN-00004159,CUST-004105,32.6,card,health
TXN-00004160,CUST-001349,638.77,atm,utilities
TXN-00004161,CUST-003266,68.76,wallet,utilities
TXN-00004162,CUST-002093,71.24,card,retail
TXN-00004163,CUST-000637,143.19,card,grocery
TXN-00004164,CUST-002257,19.95,branch,health
TXN-00004165,CUST-001553,339.73,online,health
TXN-00004166,CUST-001399,8.26,online,grocery
TXN-00004167,CUST-000244,284.38,online,health
TXN-00004168,CUST-002522,122.73,online,utilities
TXN-00004169,CUST-005422,163.72,online,travel
TXN-00004170,CUST-003772,41.26,online,travel
TXN-00004171,CUST-002809,36.57,atm,utilities
TXN-00004172,CUST-001762,369.46,card,dining
TXN-00004173,CUST-000086,1172.8,online,grocery
TXN-00004174,CUST-005478,88.93,card,health
TXN-00004175,CUST-005517,268.47,online,health
TXN-00004176,CUST-005062,97.05,branch,travel
TXN-00004177,CUST-001492,39.09,card,health
TXN-00004178,CUST-005528,462.46,online,dining
TXN-00004179,CUST-005920,57.24,card,travel
TXN-00004180,CUST-001218,145.14,branch,grocery
TXN-00004181,CUST-004450,86.75,online,grocery
TXN-00004182,CUST-005481,121.85,card,travel
TXN-00004183,CUST-004856,48.11,card,health
TXN-00004184,CUST-002056,94.6,wallet,education
TXN-00004185,CUST-002323,28.81,online,education
TXN-00004186,CUST-002080,435.9,online,travel
TXN-00004187,CUST-000302,102.4,atm,utilities
TXN-00004188,CUST-002423,69.9,card,health
TXN-00004189,CUST-002182,135.06,online,grocery
TXN-00004190,CUST-003427,147.35,card,retail
TXN-00004191,CUST-004507,39.26,atm,utilities
TXN-00004192,CUST-000459,22.3,online,education
TXN-00004193,CUST-004826,45.76,branch,utilities
TXN-00004194,CUST-005695,174.49,wallet,health
TXN-00004195,CUST-002481,56.75,card,education
TXN-00004196,CUST-000419,23.18,card,travel
TXN-00004197,CUST-000517,86.53,online,travel
TXN-00004198,CUST-000560,394.97,card,grocery
TXN-00004199,CUST-004751,68.73,atm,retail
TXN-00004200,CUST-003394,13.9,wallet,education
TXN-00004201,CUST-005141,30.9,online,education
TXN-00004202,CUST-001626,42.86,card,utilities
TXN-00004203,CUST-004620,73.34,atm,health
TXN-00004204,CUST-002549,123.45,card,dining
TXN-00004205,CUST-000626,159.22,atm,health
TXN-00004206,CUST-002956,64.96,online,travel
TXN-00004207,CUST-002159,29.01,atm,dining
TXN-00004208,CUST-002507,13.52,branch,travel
TXN-00004209,CUST-004726,90.97,online,grocery
TXN-00004210,CUST-000105,13.18,online,dining
TXN-00004211,CUST-002600,405.23,atm,grocery
TXN-00004212,CUST-000362,221.58,card,retail
TXN-00004213,CUST-004918,306.73,wallet,utilities
TXN-00004214,CUST-002481,57.59,branch,utilities
TXN-00004215,CUST-005436,77.32,atm,dining
TXN-00004216,CUST-003829,21.44,branch,grocery
TXN-00004217,CUST-004226,167.89,online,dining
TXN-00004218,CUST-004244,14.74,atm,retail
TXN-00004219,CUST-002891,57.14,online,travel
TXN-00004220,CUST-002935,27.88,card,education
TXN-00004221,CUST-005344,314.5,card,health
TXN-00004222,CUST-002551,107.77,card,utilities
TXN-00004223,CUST-004565,94.73,branch,grocery
TXN-00004224,CUST-003042,52.56,online,dining
TXN-00004225,CUST-005882,148.55,card,travel
TXN-00004226,CUST-005811,332.61,online,grocery
TXN-00004227,CUST-003529,344.78,atm,retail
TXN-00004228,CUST-002831,966.95,wallet,education
TXN-00004229,CUST-004794,26.3,card,travel
TXN-00004230,CUST-005143,39.74,online,travel
TXN-00004231,CUST-001365,157.6,card,grocery
TXN-00004232,CUST-005800,74.3,online,travel
TXN-00004233,CUST-005452,99.89,card,health
TXN-00004234,CUST-001786,16.32,online,grocery
TXN-00004235,CUST-000139,165.17,online,utilities
TXN-00004236,CUST-002149,45.0,atm,education
TXN-00004237,CUST-005505,111.53,online,dining
TXN-00004238,CUST-004449,60.73,card,travel
TXN-00004239,CUST-000238,24.48,wallet,education
TXN-00004240,CUST-004245,401.13,card,travel
TXN-00004241,CUST-001991,134.63,branch,education
TXN-00004242,CUST-001385,72.3,card,education
TXN-00004243,CUST-000683,27.05,card,retail
TXN-00004244,CUST-003752,154.89,card,grocery
TXN-00004245,CUST-004094,117.52,branch,education
TXN-00004246,CUST-002912,29.54,branch,health
TXN-00004247,CUST-001170,116.42,wallet,utilities
TXN-00004248,CUST-005464,65.83,online,travel
TXN-00004249,CUST-005347,112.05,wallet,health
TXN-00004250,CUST-005936,124.5,card,travel
TXN-00004251,CUST-002238,37.85,card,travel
TXN-00004252,CUST-000873,116.03,atm,grocery
TXN-00004253,CUST-004003,314.98,card,retail
TXN-00004254,CUST-001117,146.48,branch,retail
TXN-00004255,CUST-000304,74.49,card,grocery
TXN-00004256,CUST-002162,78.09,card,utilities
TXN-00004257,CUST-004767,343.75,card,utilities
TXN-00004258,CUST-005119,326.52,atm,travel
TXN-00004259,CUST-003134,25.36,online,retail
TXN-00004260,CUST-005964,122.12,card,travel
TXN-00004261,CUST-005563,56.82,atm,travel
TXN-00004262,CUST-003947,21.2,card,utilities
TXN-00004263,CUST-004499,168.97,branch,travel
TXN-00004264,CUST-005226,128.63,card,education
TXN-00004265,CUST-005304,40.8,card,dining
TXN-00004266,CUST-002355,57.01,card,education
TXN-00004267,CUST-005209,237.96,online,dining
TXN-00004268,CUST-001682,49.14,online,grocery
TXN-00004269,CUST-001850,40.5,atm,utilities
TXN-00004270,CUST-000833,23.77,online,travel
TXN-00004271,CUST-001911,130.09,atm,travel
TXN-00004272,CUST-000897,17.28,atm,grocery
TXN-00004273,CUST-000433,17.27,online,education
TXN-00004274,CUST-002369,58.13,online,dining
TXN-00004275,CUST-005464,39.4,online,utilities
TXN-00004276,CUST-000639,18.84,branch,health
TXN-00004277,CUST-002960,24.43,card,travel
TXN-00004278,CUST-001146,13.89,online,grocery
TXN-00004279,CUST-004916,85.86,branch,travel
TXN-00004280,CUST-005467,19.82,card,retail
TXN-00004281,CUST-002468,21.19,card,travel
TXN-00004282,CUST-004411,62.99,online,grocery
TXN-00004283,CUST-003456,58.36,online,utilities
TXN-00004284,CUST-001324,81.16,atm,education
TXN-00004285,CUST-003845,509.47,card,utilities
TXN-00004286,CUST-000566,38.39,card,travel
TXN-00004287,CUST-002537,3.74,online,utilities
TXN-00004288,CUST-002194,174.92,online,dining
TXN-00004289,CUST-001366,20.18,atm,travel
TXN-00004290,CUST-000714,149.44,wallet,utilities
TXN-00004291,CUST-002781,28.88,wallet,dining
TXN-00004292,CUST-000151,75.33,card,utilities
TXN-00004293,CUST-004508,50.65,card,education
TXN-00004294,CUST-004892,45.15,atm,utilities
TXN-00004295,CUST-004277,12.17,card,health
TXN-00004296,CUST-005667,41.23,card,utilities
TXN-00004297,CUST-004882,22.78,wallet,health
TXN-00004298,CUST-003029,101.17,card,retail
TXN-00004299,CUST-003739,561.88,atm,dining
TXN-00004300,CUST-005120,67.36,branch,retail
TXN-00004301,CUST-001307,398.91,card,retail
TXN-00004302,CUST-002496,12.07,online,health
TXN-00004303,CUST-000677,87.72,card,grocery
TXN-00004304,CUST-005743,48.66,wallet,dining
TXN-00004305,CUST-003158,34.81,online,grocery
TXN-00004306,CUST-004715,9.35,atm,dining
TXN-00004307,CUST-001775,112.76,online,utilities
TXN-00004308,CUST-005025,168.29,online,health
TXN-00004309,CUST-001644,79.17,wallet,dining
TXN-00004310,CUST-001188,14.91,card,utilities
TXN-00004311,CUST-000495,27.72,online,health
TXN-00004312,CUST-004033,45.4,wallet,education
TXN-00004313,CUST-000013,226.55,card,utilities
TXN-00004314,CUST-005975,20.24,card,retail
TXN-00004315,CUST-002012,140.81,card,health
TXN-00004316,CUST-005456,258.96,atm,travel
TXN-00004317,CUST-005382,65.97,card,travel
TXN-00004318,CUST-005700,93.07,online,grocery
TXN-00004319,CUST-005446,58.51,wallet,grocery
TXN-00004320,CUST-005894,19.09,branch,education
TXN-00004321,CUST-001463,76.46,card,education
TXN-00004322,CUST-002427,29.41,card,retail
TXN-00004323,CUST-000615,183.16,card,utilities
TXN-00004324,CUST-001132,180.25,online,retail
TXN-00004325,CUST-005063,74.94,card,education
TXN-00004326,CUST-001510,45.55,online,travel
TXN-00004327,CUST-003230,127.6,atm,travel
TXN-00004328,CUST-003263,35.57,online,retail
TXN-00004329,CUST-003863,5.21,card,grocery
TXN-00004330,CUST-004560,26.72,atm,utilities
TXN-00004331,CUST-005134,46.22,card,utilities
TXN-00004332,CUST-002204,22.8,atm,utilities
TXN-00004333,CUST-003975,260.42,wallet,dining
TXN-00004334,CUST-001273,15.51,card,health
TXN-00004335,CUST-004939,102.0,wallet,health
TXN-00004336,CUST-000086,73.86,wallet,utilities
TXN-00004337,CUST-000552,22.92,card,utilities
TXN-00004338,CUST-001928,70.66,wallet,dining
TXN-00004339,CUST-000557,23.51,wallet,dining
TXN-00004340,CUST-001363,76.59,branch,retail
TXN-00004341,CUST-002003,74.13,card,utilities
TXN-00004342,CUST-005632,11.29,wallet,health
TXN-00004343,CUST-002393,10.75,card,health
TXN-00004344,CUST-005461,308.9,online,dining
TXN-00004345,CUST-004351,104.97,online,utilities
TXN-00004346,CUST-001722,38.31,atm,retail
TXN-00004347,CUST-003135,50.51,online,travel
TXN-00004348,CUST-002138,44.76,atm,utilities
TXN-00004349,CUST-003660,184.35,branch,retail
TXN-00004350,CUST-001624,45.97,card,retail
TXN-00004351,CUST-005662,16.52,online,health
TXN-00004352,CUST-002051,43.45,online,education
TXN-00004353,CUST-005998,31.32,online,dining
TXN-00004354,CUST-002363,58.16,online,utilities
TXN-00004355,CUST-000524,278.2,atm,education
TXN-00004356,CUST-001347,17.26,atm,grocery
TXN-00004357,CUST-001958,23.06,branch,travel
TXN-00004358,CUST-000300,133.49,wallet,grocery
TXN-00004359,CUST-001219,29.03,card,retail
TXN-00004360,CUST-004670,209.42,wallet,dining
TXN-00004361,CUST-004691,188.78,card,dining
TXN-00004362,CUST-001225,142.2,online,grocery
TXN-00004363,CUST-005997,237.13,atm,travel
TXN-00004364,CUST-005109,176.36,atm,grocery
TXN-00004365,CUST-004707,37.98,atm,retail
TXN-00004366,CUST-005628,783.8,branch,dining
TXN-00004367,CUST-001918,18.8,online,health
TXN-00004368,CUST-003387,70.66,atm,dining
TXN-00004369,CUST-005374,53.93,atm,education
TXN-00004370,CUST-003275,351.78,branch,health
TXN-00004371,CUST-001363,135.77,atm,education
TXN-00004372,CUST-001226,148.16,atm,education
TXN-00004373,CUST-000748,135.17,card,retail
TXN-00004374,CUST-002610,33.88,atm,retail
TXN-00004375,CUST-005481,33.63,online,utilities
TXN-00004376,CUST-002717,490.29,card,education
TXN-00004377,CUST-001028,322.31,card,retail
TXN-00004378,CUST-004850,63.68,card,dining
TXN-00004379,CUST-004576,34.92,card,health
TXN-00004380,CUST-002126,94.71,atm,education
TXN-00004381,CUST-002146,273.19,wallet,health
TXN-00004382,CUST-001959,112.81,branch,education
TXN-00004383,CUST-002963,44.99,atm,utilities
TXN-00004384,CUST-005917,74.38,card,travel
TXN-00004385,CUST-004091,80.13,card,retail
TXN-00004386,CUST-003276,371.22,card,health
TXN-00004387,CUST-004061,28.05,online,grocery
TXN-00004388,CUST-004402,84.19,online,education
TXN-00004389,CUST-004456,160.79,card,utilities
TXN-00004390,CUST-003856,26.22,card,grocery
TXN-00004391,CUST-001951,43.33,online,retail
TXN-00004392,CUST-003739,175.48,atm,grocery
TXN-00004393,CUST-002268,103.35,card,health
TXN-00004394,CUST-003202,142.5,online,travel
TXN-00004395,CUST-004071,262.03,online,retail
TXN-00004396,CUST-001268,66.37,branch,travel
TXN-00004397,CUST-005849,458.04,card,grocery
TXN-00004398,CUST-001590,352.84,online,retail
TXN-00004399,CUST-004000,66.8,online,travel
TXN-00004400,CUST-005316,142.39,card,education
TXN-00004401,CUST-004300,98.07,card,dining
TXN-00004402,CUST-003763,15.47,card,education
TXN-00004403,CUST-004225,357.35,card,dining
TXN-00004404,CUST-004443,28.05,card,grocery
TXN-00004405,CUST-003775,177.73,online,health
TXN-00004406,CUST-005662,69.75,online,education
TXN-00004407,CUST-000942,22.41,branch,grocery
TXN-00004408,CUST-001384,217.29,atm,travel
TXN-00004409,CUST-003135,143.03,online,health
TXN-00004410,CUST-005955,36.1,card,utilities
TXN-00004411,CUST-000418,21.47,atm,grocery
TXN-00004412,CUST-001746,82.63,wallet,dining
TXN-00004413,CUST-002751,93.91,online,health
TXN-00004414,CUST-001408,150.44,online,travel
TXN-00004415,CUST-003047,7.91,atm,health
TXN-00004416,CUST-000959,281.02,online,travel
TXN-00004417,CUST-005808,59.89,card,retail
TXN-00004418,CUST-004326,133.37,card,utilities
TXN-00004419,CUST-001882,65.22,branch,utilities
TXN-00004420,CUST-003479,164.87,online,retail
TXN-00004421,CUST-001164,19.61,wallet,retail
TXN-00004422,CUST-005716,20.01,atm,grocery
TXN-00004423,CUST-004372,129.38,card,retail
TXN-00004424,CUST-001298,268.9,wallet,dining
TXN-00004425,CUST-005684,111.93,wallet,health
TXN-00004426,CUST-002017,27.84,atm,utilities
TXN-00004427,CUST-003832,260.06,card,grocery
TXN-00004428,CUST-001163,79.37,card,dining
TXN-00004429,CUST-005702,52.78,card,travel
TXN-00004430,CUST-002097,115.98,card,grocery
TXN-00004431,CUST-005993,72.7,online,education
TXN-00004432,CUST-002316,28.31,card,health
TXN-00004433,CUST-005939,109.09,card,utilities
TXN-00004434,CUST-000146,29.54,online,retail
TXN-00004435,CUST-000252,161.65,online,education
TXN-00004436,CUST-001739,70.21,atm,grocery
TXN-00004437,CUST-005812,71.94,card,dining
TXN-00004438,CUST-005103,171.75,card,dining
TXN-00004439,CUST-000450,24.72,card,grocery
TXN-00004440,CUST-000695,59.29,online,dining
TXN-00004441,CUST-000677,176.3,branch,utilities
TXN-00004442,CUST-004500,54.9,atm,health
TXN-00004443,CUST-004881,1.75,branch,health
TXN-00004444,CUST-000842,87.15,branch,education
TXN-00004445,CUST-004412,148.64,atm,dining
TXN-00004446,CUST-004122,121.75,branch,dining
TXN-00004447,CUST-001142,121.37,card,education
TXN-00004448,CUST-001009,48.95,wallet,utilities
TXN-00004449,CUST-002604,33.24,atm,travel
TXN-00004450,CUST-004290,127.87,card,health
TXN-00004451,CUST-003921,75.4,branch,retail
TXN-00004452,CUST-001356,52.41,card,health
TXN-00004453,CUST-002482,47.74,branch,health
TXN-00004454,CUST-000147,82.83,atm,education
TXN-00004455,CUST-002992,95.25,card,education
TXN-00004456,CUST-002466,40.03,online,health
TXN-00004457,CUST-002282,74.58,online,education
TXN-00004458,CUST-000766,16.26,card,dining
TXN-00004459,CUST-001953,132.89,branch,utilities
TXN-00004460,CUST-000462,97.36,card,retail
TXN-00004461,CUST-000672,88.06,card,education
TXN-00004462,CUST-003983,54.47,wallet,dining
TXN-00004463,CUST-003925,331.19,online,utilities
TXN-00004464,CUST-003472,44.28,card,retail
TXN-00004465,CUST-005652,16.45,online,travel
TXN-00004466,CUST-004433,47.25,online,dining
TXN-00004467,CUST-005653,21.44,wallet,health
TXN-00004468,CUST-000498,3.74,card,education
TXN-00004469,CUST-001831,455.84,card,education
TXN-00004470,CUST-001472,39.49,atm,travel
TXN-00004471,CUST-004586,223.33,online,retail
TXN-00004472,CUST-003622,105.33,card,dining
TXN-00004473,CUST-005843,236.92,card,dining
TXN-00004474,CUST-004962,30.07,card,dining
TXN-00004475,CUST-004464,596.59,online,health
TXN-00004476,CUST-002409,25.7,online,health
TXN-00004477,CUST-005096,87.93,atm,travel
TXN-00004478,CUST-002838,47.52,card,dining
TXN-00004479,CUST-003501,231.0,card,dining
TXN-00004480,CUST-002056,124.79,online,utilities
TXN-00004481,CUST-002736,10.27,atm,grocery
TXN-00004482,CUST-004430,56.7,card,grocery
TXN-00004483,CUST-000076,281.79,card,grocery
TXN-00004484,CUST-000461,34.41,card,utilities
TXN-00004485,CUST-004588,52.24,branch,dining
TXN-00004486,CUST-005286,71.09,online,utilities
TXN-00004487,CUST-003891,48.02,card,health
TXN-00004488,CUST-005520,252.19,online,dining
TXN-00004489,CUST-004351,38.56,online,grocery
TXN-00004490,CUST-001756,77.86,online,health
TXN-00004491,CUST-003505,162.83,card,retail
TXN-00004492,CUST-004517,99.2,card,education
TXN-00004493,CUST-000257,173.25,card,education
TXN-00004494,CUST-002856,50.46,online,utilities
TXN-00004495,CUST-003167,45.72,online,dining
TXN-00004496,CUST-002365,86.2,branch,dining
TXN-00004497,CUST-000048,65.87,card,retail
TXN-00004498,CUST-001053,79.35,online,travel
TXN-00004499,CUST-005119,77.29,online,dining
TXN-00004500,CUST-005893,102.64,card,grocery
TXN-00004501,CUST-003823,87.72,wallet,dining
TXN-00004502,CUST-004482,130.65,branch,dining
TXN-00004503,CUST-004689,52.41,branch,utilities
TXN-00004504,CUST-005060,150.25,card,retail
TXN-00004505,CUST-004364,51.85,online,utilities
TXN-00004506,CUST-003242,698.9,atm,education
TXN-00004507,CUST-004705,248.6,atm,grocery
TXN-00004508,CUST-003199,444.96,card,dining
TXN-00004509,CUST-000361,72.2,online,retail
TXN-00004510,CUST-005112,30.53,branch,health
TXN-00004511,CUST-004899,5.07,card,education
TXN-00004512,CUST-002549,26.12,branch,education
TXN-00004513,CUST-000883,81.3,online,utilities
TXN-00004514,CUST-005888,310.97,atm,retail
TXN-00004515,CUST-005470,41.28,card,health
TXN-00004516,CUST-004123,48.23,online,utilities
TXN-00004517,CUST-003323,147.12,card,retail
TXN-00004518,CUST-003271,9.73,wallet,grocery
TXN-00004519,CUST-000294,159.63,wallet,education
TXN-00004520,CUST-005263,238.32,online,education
TXN-00004521,CUST-000034,396.68,atm,education
TXN-00004522,CUST-001317,91.04,online,education
TXN-00004523,CUST-000360,76.19,branch,utilities
TXN-00004524,CUST-000265,117.64,card,education
TXN-00004525,CUST-001265,181.14,online,dining
TXN-00004526,CUST-002406,206.95,atm,utilities
TXN-00004527,CUST-004854,80.0,online,education
TXN-00004528,CUST-000978,44.37,atm,retail
TXN-00004529,CUST-000399,31.96,online,utilities
TXN-00004530,CUST-000765,111.06,card,travel
TXN-00004531,CUST-005430,112.35,atm,grocery
TXN-00004532,CUST-000255,37.82,card,retail
TXN-00004533,CUST-001721,68.82,card,dining
TXN-00004534,CUST-005192,795.92,atm,travel
TXN-00004535,CUST-004398,305.44,wallet,grocery
TXN-00004536,CUST-002667,561.47,branch,grocery
TXN-00004537,CUST-005459,166.62,atm,utilities
TXN-00004538,CUST-001826,348.49,card,grocery
TXN-00004539,CUST-003130,38.11,online,dining
TXN-00004540,CUST-005449,232.51,wallet,travel
TXN-00004541,CUST-004874,118.14,wallet,retail
TXN-00004542,CUST-001676,220.84,card,retail
TXN-00004543,CUST-001130,82.14,card,travel
TXN-00004544,CUST-000145,24.63,card,utilities
TXN-00004545,CUST-000882,43.65,branch,grocery
TXN-00004546,CUST-004194,360.53,online,dining
TXN-00004547,CUST-000262,29.68,online,utilities
TXN-00004548,CUST-001021,104.23,card,retail
TXN-00004549,CUST-004779,58.87,online,health
TXN-00004550,CUST-005298,225.23,atm,retail
TXN-00004551,CUST-001601,17.11,card,grocery
TXN-00004552,CUST-004642,40.67,card,utilities
TXN-00004553,CUST-000806,16.48,card,retail
TXN-00004554,CUST-000580,41.51,card,grocery
TXN-00004555,CUST-000189,166.21,atm,grocery
TXN-00004556,CUST-005308,12.98,branch,utilities
TXN-00004557,CUST-003074,28.48,online,utilities
TXN-00004558,CUST-001364,33.1,online,dining
TXN-00004559,CUST-000756,54.19,card,utilities
TXN-00004560,CUST-000074,45.15,card,utilities
TXN-00004561,CUST-002882,83.67,card,dining
TXN-00004562,CUST-001113,156.72,online,travel
TXN-00004563,CUST-004924,11.98,atm,grocery
TXN-00004564,CUST-001410,110.16,branch,utilities
TXN-00004565,CUST-004668,58.13,card,health
TXN-00004566,CUST-002274,98.24,online,grocery
TXN-00004567,CUST-004125,50.38,online,health
TXN-00004568,CUST-001535,225.42,online,education
TXN-00004569,CUST-001766,56.32,atm,dining
TXN-00004570,CUST-003817,303.29,online,retail
TXN-00004571,CUST-002037,343.06,online,education
TXN-00004572,CUST-002321,57.89,card,education
TXN-00004573,CUST-005556,116.43,card,grocery
TXN-00004574,CUST-002701,92.16,atm,travel
TXN-00004575,CUST-004186,94.62,atm,retail
TXN-00004576,CUST-004083,9.42,atm,utilities
TXN-00004577,CUST-003332,3.87,card,dining
TXN-00004578,CUST-003317,84.46,card,retail
TXN-00004579,CUST-005433,206.53,branch,grocery
TXN-00004580,CUST-001395,111.45,branch,utilities
TXN-00004581,CUST-005607,131.84,card,travel
TXN-00004582,CUST-005272,98.82,card,utilities
TXN-00004583,CUST-001694,79.26,card,education
TXN-00004584,CUST-000335,202.64,card,dining
TXN-00004585,CUST-001273,47.64,atm,health
TXN-00004586,CUST-003347,179.2,atm,education
TXN-00004587,CUST-005137,58.4,atm,utilities
TXN-00004588,CUST-002384,71.17,card,education
TXN-00004589,CUST-002403,282.6,branch,retail
TXN-00004590,CUST-004750,87.57,online,dining
TXN-00004591,CUST-005195,119.21,atm,retail
TXN-00004592,CUST-005967,188.89,branch,dining
TXN-00004593,CUST-000427,6.33,branch,education
TXN-00004594,CUST-003542,110.19,card,utilities
TXN-00004595,CUST-002276,83.07,atm,grocery
TXN-00004596,CUST-002517,17.11,atm,retail
TXN-00004597,CUST-000696,50.03,online,utilities
TXN-00004598,CUST-003020,102.88,card,education
TXN-00004599,CUST-002696,27.65,card,dining
TXN-00004600,CUST-002918,95.13,atm,education
TXN-00004601,CUST-004895,33.6,online,education
TXN-00004602,CUST-004403,35.07,online,retail
TXN-00004603,CUST-000970,40.74,online,travel
TXN-00004604,CUST-000033,161.04,card,dining
TXN-00004605,CUST-001710,294.35,online,education
TXN-00004606,CUST-004955,132.27,atm,retail
TXN-00004607,CUST-005751,43.51,card,education
TXN-00004608,CUST-002923,122.47,atm,grocery
TXN-00004609,CUST-000099,159.36,card,education
TXN-00004610,CUST-003070,66.67,wallet,dining
TXN-00004611,CUST-004366,28.75,card,grocery
TXN-00004612,CUST-005002,430.2,card,grocery
TXN-00004613,CUST-000547,54.59,branch,health
TXN-00004614,CUST-000178,69.31,wallet,grocery
TXN-00004615,CUST-005709,40.81,wallet,education
TXN-00004616,CUST-005541,410.57,online,utilities
TXN-00004617,CUST-004753,274.2,card,grocery
TXN-00004618,CUST-000360,106.6,wallet,health
TXN-00004619,CUST-001710,204.25,wallet,education
TXN-00004620,CUST-002430,64.35,online,utilities
TXN-00004621,CUST-004902,207.63,atm,health
TXN-00004622,CUST-005499,73.61,online,dining
TXN-00004623,CUST-003347,94.66,wallet,education
TXN-00004624,CUST-005428,39.1,wallet,travel
TXN-00004625,CUST-003019,10.64,wallet,retail
TXN-00004626,CUST-001898,36.54,atm,education
TXN-00004627,CUST-004165,75.23,online,grocery
TXN-00004628,CUST-000401,36.22,card,grocery
TXN-00004629,CUST-002906,883.58,card,travel
TXN-00004630,CUST-003633,182.43,wallet,travel
TXN-00004631,CUST-002936,105.05,card,health
TXN-00004632,CUST-004393,81.6,online,retail
TXN-00004633,CUST-002468,98.64,atm,utilities
TXN-00004634,CUST-005431,231.27,branch,education
TXN-00004635,CUST-004110,75.26,online,retail
TXN-00004636,CUST-000210,41.17,atm,grocery
TXN-00004637,CUST-001083,47.16,atm,travel
TXN-00004638,CUST-001766,22.91,atm,utilities
TXN-00004639,CUST-001152,30.94,card,travel
TXN-00004640,CUST-004799,168.55,wallet,dining
TXN-00004641,CUST-000099,157.59,online,grocery
TXN-00004642,CUST-004799,169.23,card,grocery
TXN-00004643,CUST-002293,23.74,online,health
TXN-00004644,CUST-003468,207.63,card,dining
TXN-00004645,CUST-001164,49.89,card,education
TXN-00004646,CUST-000375,50.6,online,grocery
TXN-00004647,CUST-005885,28.79,online,utilities
TXN-00004648,CUST-003520,18.55,branch,retail
TXN-00004649,CUST-003167,27.33,online,utilities
TXN-00004650,CUST-004951,30.35,atm,travel
TXN-00004651,CUST-001839,45.98,card,education
TXN-00004652,CUST-000124,180.84,branch,health
TXN-00004653,CUST-002634,172.99,atm,utilities
TXN-00004654,CUST-001273,169.77,atm,retail
TXN-00004655,CUST-000234,44.99,online,travel
TXN-00004656,CUST-005094,43.66,atm,dining
TXN-00004657,CUST-004720,206.33,card,health
TXN-00004658,CUST-001407,16.24,online,utilities
TXN-00004659,CUST-005525,9.32,atm,grocery
TXN-00004660,CUST-000349,20.81,wallet,travel
TXN-00004661,CUST-000444,98.11,card,grocery
TXN-00004662,CUST-004315,69.75,card,dining
TXN-00004663,CUST-001390,20.74,online,dining
TXN-00004664,CUST-004649,85.77,online,travel
TXN-00004665,CUST-003657,138.63,card,dining
TXN-00004666,CUST-002398,959.11,online,grocery
TXN-00004667,CUST-002770,278.52,online,retail
TXN-00004668,CUST-004328,97.62,branch,grocery
TXN-00004669,CUST-005684,183.41,online,travel
TXN-00004670,CUST-003429,947.22,online,utilities
TXN-00004671,CUST-004088,31.2,atm,dining
TXN-00004672,CUST-001479,18.25,online,health
TXN-00004673,CUST-001426,234.52,card,travel
TXN-00004674,CUST-002496,61.54,card,retail
TXN-00004675,CUST-002388,25.75,card,dining
TXN-00004676,CUST-003663,66.53,online,education
TXN-00004677,CUST-005546,31.31,online,travel
TXN-00004678,CUST-005098,24.7,card,grocery
TXN-00004679,CUST-005252,144.4,online,travel
TXN-00004680,CUST-001438,41.07,online,travel
TXN-00004681,CUST-001584,16.5,online,grocery
TXN-00004682,CUST-000781,77.06,card,grocery
TXN-00004683,CUST-004679,50.13,card,retail
TXN-00004684,CUST-005211,111.59,branch,utilities
TXN-00004685,CUST-002052,58.87,wallet,dining
TXN-00004686,CUST-005715,41.99,online,grocery
TXN-00004687,CUST-005301,260.21,card,utilities
TXN-00004688,CUST-000314,23.89,card,health
TXN-00004689,CUST-003725,224.53,card,grocery
TXN-00004690,CUST-005774,77.34,wallet,travel
TXN-00004691,CUST-000054,200.03,atm,dining
TXN-00004692,CUST-004453,75.85,online,grocery
TXN-00004693,CUST-001105,102.33,card,utilities
TXN-00004694,CUST-005538,107.0,card,travel
TXN-00004695,CUST-005907,307.28,card,travel
TXN-00004696,CUST-000149,105.02,branch,education
TXN-00004697,CUST-004383,21.06,atm,health
TXN-00004698,CUST-005653,93.17,online,health
TXN-00004699,CUST-002581,220.52,branch,dining
TXN-00004700,CUST-001087,239.64,branch,health
TXN-00004701,CUST-004317,51.0,card,health
TXN-00004702,CUST-000475,41.33,wallet,grocery
TXN-00004703,CUST-005847,23.52,online,utilities
TXN-00004704,CUST-005167,177.0,atm,health
TXN-00004705,CUST-005862,161.93,card,retail
TXN-00004706,CUST-004775,330.88,card,dining
TXN-00004707,CUST-004172,40.02,card,dining
TXN-00004708,CUST-002685,91.66,card,travel
TXN-00004709,CUST-000473,63.3,wallet,utilities
TXN-00004710,CUST-005087,43.64,branch,retail
TXN-00004711,CUST-002242,70.85,online,dining
TXN-00004712,CUST-005302,23.58,online,dining
TXN-00004713,CUST-001383,154.86,wallet,grocery
TXN-00004714,CUST-000056,198.07,online,retail
TXN-00004715,CUST-001980,147.6,online,grocery
TXN-00004716,CUST-000369,74.35,card,grocery
TXN-00004717,CUST-004558,178.04,atm,retail
TXN-00004718,CUST-003514,50.55,atm,retail
TXN-00004719,CUST-001091,18.57,card,travel
TXN-00004720,CUST-000254,54.97,online,retail
TXN-00004721,CUST-000088,41.18,branch,travel
TXN-00004722,CUST-003838,819.61,card,health
TXN-00004723,CUST-004012,163.63,atm,health
TXN-00004724,CUST-002065,76.11,online,retail
TXN-00004725,CUST-005248,238.65,atm,grocery
TXN-00004726,CUST-003020,145.35,online,retail
TXN-00004727,CUST-003762,82.42,online,retail
TXN-00004728,CUST-005502,64.99,card,utilities
TXN-00004729,CUST-000712,32.9,online,retail
TXN-00004730,CUST-004462,109.33,wallet,health
TXN-00004731,CUST-002943,188.86,card,health
TXN-00004732,CUST-002160,20.1,atm,utilities
TXN-00004733,CUST-003949,120.76,online,grocery
TXN-00004734,CUST-005410,113.76,atm,dining
TXN-00004735,CUST-005653,33.93,branch,grocery
TXN-00004736,CUST-002894,75.16,atm,education
TXN-00004737,CUST-003180,17.36,branch,grocery
TXN-00004738,CUST-002285,91.95,online,retail
TXN-00004739,CUST-005616,119.69,atm,utilities
TXN-00004740,CUST-005641,151.05,card,health
TXN-00004741,CUST-003005,112.84,atm,travel
TXN-00004742,CUST-000125,217.83,card,retail
TXN-00004743,CUST-002186,37.99,wallet,health
TXN-00004744,CUST-003299,152.53,card,education
TXN-00004745,CUST-004894,52.42,branch,dining
TXN-00004746,CUST-005618,33.14,wallet,health
TXN-00004747,CUST-000414,43.65,online,utilities
TXN-00004748,CUST-005610,23.97,atm,travel
TXN-00004749,CUST-001263,103.75,atm,dining
TXN-00004750,CUST-000936,24.27,card,education
TXN-00004751,CUST-005643,176.72,card,education
TXN-00004752,CUST-004915,109.1,atm,utilities
TXN-00004753,CUST-005489,118.94,branch,health
TXN-00004754,CUST-002243,59.02,card,grocery
TXN-00004755,CUST-003009,9.2,card,grocery
TXN-00004756,CUST-004622,52.87,card,travel
TXN-00004757,CUST-003932,80.63,atm,grocery
TXN-00004758,CUST-000029,47.55,card,education
TXN-00004759,CUST-004941,168.53,branch,health
TXN-00004760,CUST-000150,53.63,card,utilities
TXN-00004761,CUST-000588,132.12,branch,retail
TXN-00004762,CUST-001251,35.59,card,grocery
TXN-00004763,CUST-004118,187.44,online,dining
TXN-00004764,CUST-003457,252.45,atm,grocery
TXN-00004765,CUST-005174,38.41,card,utilities
TXN-00004766,CUST-005645,193.26,card,travel
TXN-00004767,CUST-000731,95.95,card,utilities
TXN-00004768,CUST-004882,28.26,card,retail
TXN-00004769,CUST-004605,87.03,branch,grocery
TXN-00004770,CUST-001063,117.19,online,grocery
TXN-00004771,CUST-000125,13.36,branch,dining
TXN-00004772,CUST-001114,36.89,online,utilities
TXN-00004773,CUST-004159,96.72,card,education
TXN-00004774,CUST-005326,20.83,wallet,retail
TXN-00004775,CUST-001739,14.99,card,travel
TXN-00004776,CUST-004451,208.36,online,education
TXN-00004777,CUST-001440,549.15,card,travel
TXN-00004778,CUST-003470,143.41,card,utilities
TXN-00004779,CUST-005424,63.85,online,grocery
TXN-00004780,CUST-000292,44.42,card,dining
TXN-00004781,CUST-001465,183.76,branch,dining
TXN-00004782,CUST-000885,45.79,online,retail
TXN-00004783,CUST-002379,301.32,atm,health
TXN-00004784,CUST-003424,110.38,card,travel
TXN-00004785,CUST-004013,156.86,online,grocery
TXN-00004786,CUST-005071,138.67,online,health
TXN-00004787,CUST-000924,37.95,card,education
TXN-00004788,CUST-003887,249.54,card,retail
TXN-00004789,CUST-004845,129.72,card,education
TXN-00004790,CUST-002968,21.24,online,grocery
TXN-00004791,CUST-003740,25.09,card,travel
TXN-00004792,CUST-005511,8.4,wallet,travel
TXN-00004793,CUST-005468,68.08,online,travel
TXN-00004794,CUST-000301,62.95,online,utilities
TXN-00004795,CUST-003614,192.6,branch,retail
TXN-00004796,CUST-000854,418.61,wallet,utilities
TXN-00004797,CUST-000123,131.09,online,utilities
TXN-00004798,CUST-001396,12.42,wallet,dining
TXN-00004799,CUST-001091,139.04,card,health
TXN-00004800,CUST-000056,45.4,branch,dining
TXN-00004801,CUST-002970,89.56,branch,education
TXN-00004802,CUST-002669,307.73,online,utilities
TXN-00004803,CUST-002869,34.54,online,dining
TXN-00004804,CUST-002346,18.61,card,travel
TXN-00004805,CUST-003627,72.31,wallet,utilities
TXN-00004806,CUST-000833,16.5,card,grocery
TXN-00004807,CUST-001250,68.62,atm,health
TXN-00004808,CUST-000345,79.27,atm,health
TXN-00004809,CUST-001841,13.19,atm,grocery
TXN-00004810,CUST-000486,38.64,card,travel
TXN-00004811,CUST-003838,202.52,card,health
TXN-00004812,CUST-002721,311.5,online,education
TXN-00004813,CUST-003110,265.55,card,dining
TXN-00004814,CUST-004321,233.02,online,retail
TXN-00004815,CUST-001527,96.32,card,travel
TXN-00004816,CUST-000856,15.02,wallet,travel
TXN-00004817,CUST-002194,163.45,wallet,grocery
TXN-00004818,CUST-004447,60.7,online,education
TXN-00004819,CUST-000726,7.17,wallet,education
TXN-00004820,CUST-001013,105.09,card,travel
TXN-00004821,CUST-005718,65.39,branch,travel
TXN-00004822,CUST-003455,80.63,card,health
TXN-00004823,CUST-005139,33.1,card,grocery
TXN-00004824,CUST-001918,32.32,card,dining
TXN-00004825,CUST-004046,88.57,card,grocery
TXN-00004826,CUST-000691,56.8,atm,grocery
TXN-00004827,CUST-005580,56.68,wallet,utilities
TXN-00004828,CUST-004479,27.87,online,health
TXN-00004829,CUST-005878,21.93,online,health
TXN-00004830,CUST-002976,36.05,card,health
TXN-00004831,CUST-000491,160.18,card,health
TXN-00004832,CUST-002893,145.29,card,education
TXN-00004833,CUST-002125,12.92,card,health
TXN-00004834,CUST-002825,73.84,wallet,grocery
TXN-00004835,CUST-004835,40.3,atm,education
TXN-00004836,CUST-001440,551.3,branch,dining
TXN-00004837,CUST-003035,34.63,online,grocery
TXN-00004838,CUST-002254,29.09,wallet,health
TXN-00004839,CUST-004335,31.54,online,dining
TXN-00004840,CUST-003534,266.42,online,dining
TXN-00004841,CUST-004073,12.43,online,travel
TXN-00004842,CUST-000071,24.65,wallet,health
TXN-00004843,CUST-005499,79.03,card,education
TXN-00004844,CUST-005956,118.85,branch,retail
TXN-00004845,CUST-001993,128.09,online,retail
TXN-00004846,CUST-000527,7.16,online,dining
TXN-00004847,CUST-000491,34.66,branch,travel
TXN-00004848,CUST-005634,118.49,online,dining
TXN-00004849,CUST-005084,32.05,card,health
TXN-00004850,CUST-005882,22.07,branch,health
TXN-00004851,CUST-003583,147.83,card,health
TXN-00004852,CUST-005832,237.3,branch,grocery
TXN-00004853,CUST-003584,42.76,card,grocery
TXN-00004854,CUST-005449,54.38,online,utilities
TXN-00004855,CUST-005893,29.0,card,grocery
TXN-00004856,CUST-003767,156.66,card,travel
TXN-00004857,CUST-002300,453.4,card,utilities
TXN-00004858,CUST-001714,80.58,wallet,utilities
TXN-00004859,CUST-002491,64.12,card,dining
TXN-00004860,CUST-002217,66.6,online,health
TXN-00004861,CUST-002032,82.98,card,utilities
TXN-00004862,CUST-005101,5.98,atm,education
TXN-00004863,CUST-004691,13.69,online,travel
TXN-00004864,CUST-001215,291.02,card,health
TXN-00004865,CUST-003405,451.87,wallet,grocery
TXN-00004866,CUST-000624,48.97,online,travel
TXN-00004867,CUST-003109,32.98,card,health
TXN-00004868,CUST-000813,234.19,atm,grocery
TXN-00004869,CUST-002546,187.17,atm,health
TXN-00004870,CUST-005508,185.31,card,travel
TXN-00004871,CUST-005443,21.35,card,utilities
TXN-00004872,CUST-002812,15.12,wallet,travel
TXN-00004873,CUST-004958,16.7,branch,grocery
TXN-00004874,CUST-005598,44.47,online,health
TXN-00004875,CUST-005397,43.21,online,utilities
TXN-00004876,CUST-003555,105.89,card,grocery
TXN-00004877,CUST-002491,229.61,atm,education
TXN-00004878,CUST-002576,21.69,online,health
TXN-00004879,CUST-000219,167.78,branch,dining
TXN-00004880,CUST-001613,226.18,card,grocery
TXN-00004881,CUST-001306,1070.39,wallet,education
TXN-00004882,CUST-002036,87.52,online,retail
TXN-00004883,CUST-004785,73.29,branch,grocery
TXN-00004884,CUST-001985,58.21,card,health
TXN-00004885,CUST-004409,85.99,branch,health
TXN-00004886,CUST-001684,666.54,card,health
TXN-00004887,CUST-001861,165.77,wallet,retail
TXN-00004888,CUST-000920,89.74,online,education
TXN-00004889,CUST-002526,13.73,card,health
TXN-00004890,CUST-000973,109.36,atm,travel
TXN-00004891,CUST-004061,25.79,atm,dining
TXN-00004892,CUST-003256,285.02,online,utilities
TXN-00004893,CUST-001113,55.63,atm,dining
TXN-00004894,CUST-004189,11.73,wallet,health
TXN-00004895,CUST-005171,18.72,online,grocery
TXN-00004896,CUST-000126,36.91,online,health
TXN-00004897,CUST-001203,67.72,card,utilities
TXN-00004898,CUST-002140,54.93,online,health
TXN-00004899,CUST-001448,47.4,card,health
TXN-00004900,CUST-001729,405.06,branch,retail
TXN-00004901,CUST-005820,42.95,online,travel
TXN-00004902,CUST-003518,37.11,online,education
TXN-00004903,CUST-001285,75.26,atm,health
TXN-00004904,CUST-004124,48.28,online,retail
TXN-00004905,CUST-005282,87.64,online,retail
TXN-00004906,CUST-004352,26.87,card,utilities
TXN-00004907,CUST-004566,84.72,wallet,dining
TXN-00004908,CUST-003329,11.41,card,grocery
TXN-00004909,CUST-003087,28.92,wallet,dining
TXN-00004910,CUST-001896,46.45,atm,education
TXN-00004911,CUST-000151,43.85,card,travel
TXN-00004912,CUST-005638,73.33,card,utilities
TXN-00004913,CUST-003078,26.73,card,travel
TXN-00004914,CUST-001766,70.57,online,education
TXN-00004915,CUST-001758,105.33,card,education
TXN-00004916,CUST-002611,53.92,online,dining
TXN-00004917,CUST-002745,80.11,atm,grocery
TXN-00004918,CUST-003927,47.4,atm,travel
TXN-00004919,CUST-003999,63.85,branch,retail
TXN-00004920,CUST-003838,49.88,online,health
TXN-00004921,CUST-001905,1072.39,online,retail
TXN-00004922,CUST-003154,72.31,branch,dining
TXN-00004923,CUST-000891,24.89,card,dining
TXN-00004924,CUST-001477,54.59,card,education
TXN-00004925,CUST-001308,19.78,card,health
TXN-00004926,CUST-005668,7.35,online,travel
TXN-00004927,CUST-002070,78.23,card,dining
TXN-00004928,CUST-002117,202.37,atm,utilities
TXN-00004929,CUST-002183,119.94,branch,health
TXN-00004930,CUST-004207,81.44,online,travel
TXN-00004931,CUST-003465,175.6,online,education
TXN-00004932,CUST-002448,45.99,online,dining
TXN-00004933,CUST-005044,6.12,online,grocery
TXN-00004934,CUST-001087,119.24,online,health
TXN-00004935,CUST-001611,51.4,wallet,travel
TXN-00004936,CUST-001207,119.05,card,travel
TXN-00004937,CUST-002094,117.96,branch,health
TXN-00004938,CUST-001667,74.21,online,dining
TXN-00004939,CUST-004093,85.29,online,dining
TXN-00004940,CUST-000695,125.57,card,utilities
TXN-00004941,CUST-000381,51.72,branch,dining
TXN-00004942,CUST-003865,151.92,card,retail
TXN-00004943,CUST-001218,710.44,branch,health
TXN-00004944,CUST-005352,89.91,branch,education
TXN-00004945,CUST-003862,105.83,card,dining
TXN-00004946,CUST-003732,272.01,card,health
TXN-00004947,CUST-002705,226.22,online,utilities
TXN-00004948,CUST-004652,65.27,card,retail
TXN-00004949,CUST-003839,12.95,atm,dining
TXN-00004950,CUST-002554,28.8,card,retail
TXN-00004951,CUST-005563,91.09,wallet,grocery
TXN-00004952,CUST-001698,48.76,card,grocery
TXN-00004953,CUST-004022,32.95,card,health
TXN-00004954,CUST-001200,103.48,online,education
TXN-00004955,CUST-000712,37.42,online,dining
TXN-00004956,CUST-003764,274.07,atm,education
TXN-00004957,CUST-000229,35.25,card,dining
TXN-00004958,CUST-000108,74.7,atm,utilities
TXN-00004959,CUST-003106,51.54,card,grocery
TXN-00004960,CUST-000730,49.58,card,health
TXN-00004961,CUST-004911,97.94,card,dining
TXN-00004962,CUST-004701,6.24,branch,education
TXN-00004963,CUST-002202,72.95,online,utilities
TXN-00004964,CUST-004799,163.69,card,education
TXN-00004965,CUST-005728,174.62,atm,education
TXN-00004966,CUST-004158,116.77,wallet,dining
TXN-00004967,CUST-001406,124.85,online,utilities
TXN-00004968,CUST-001496,123.09,atm,utilities
TXN-00004969,CUST-005158,281.69,card,education
TXN-00004970,CUST-002663,94.76,branch,grocery
TXN-00004971,CUST-001450,62.85,online,utilities
TXN-00004972,CUST-000830,34.86,branch,grocery
TXN-00004973,CUST-003806,57.08,card,travel
TXN-00004974,CUST-003657,134.4,atm,dining
TXN-00004975,CUST-003035,161.77,atm,dining
TXN-00004976,CUST-003224,45.7,online,grocery
TXN-00004977,CUST-003154,45.27,card,dining
TXN-00004978,CUST-005224,123.66,card,education
TXN-00004979,CUST-001043,247.51,atm,health
TXN-00004980,CUST-004593,684.94,card,travel
TXN-00004981,CUST-002809,127.72,online,education
TXN-00004982,CUST-001598,42.92,card,health
TXN-00004983,CUST-003160,28.85,atm,utilities
TXN-00004984,CUST-000433,382.53,card,health
TXN-00004985,CUST-002454,106.55,branch,grocery
TXN-00004986,CUST-002866,54.58,card,dining
TXN-00004987,CUST-001641,43.11,wallet,utilities
TXN-00004988,CUST-004175,335.75,card,travel
TXN-00004989,CUST-003878,55.96,online,retail
TXN-00004990,CUST-002287,251.9,online,dining
TXN-00004991,CUST-004608,160.93,atm,utilities
TXN-00004992,CUST-005968,55.85,atm,travel
TXN-00004993,CUST-002441,425.46,online,grocery
TXN-00004994,CUST-003563,73.72,card,dining
TXN-00004995,CUST-002352,47.24,branch,dining
TXN-00004996,CUST-005639,308.06,atm,grocery
TXN-00004997,CUST-000190,168.58,branch,health
TXN-00004998,CUST-005363,48.54,card,travel
TXN-00004999,CUST-005859,173.95,atm,dining
TXN-00005000,CUST-003155,226.3,wallet,education
TXN-00005001,CUST-000885,145.65,online,dining
TXN-00005002,CUST-005425,43.9,branch,travel
TXN-00005003,CUST-000446,102.25,branch,grocery
TXN-00005004,CUST-002951,25.87,card,health
TXN-00005005,CUST-003468,51.66,online,retail
TXN-00005006,CUST-004791,53.82,atm,health
TXN-00005007,CUST-004484,169.01,branch,grocery
TXN-00005008,CUST-003191,189.58,atm,grocery
TXN-00005009,CUST-002143,19.15,wallet,grocery
TXN-00005010,CUST-004962,115.54,online,education
TXN-00005011,CUST-005279,70.52,branch,dining
TXN-00005012,CUST-004219,108.04,atm,retail
TXN-00005013,CUST-005906,351.11,atm,health
TXN-00005014,CUST-002115,49.61,online,health
TXN-00005015,CUST-004572,56.77,online,travel
TXN-00005016,CUST-001861,152.03,atm,retail
TXN-00005017,CUST-004289,81.39,wallet,dining
TXN-00005018,CUST-004641,16.33,atm,grocery
TXN-00005019,CUST-005482,426.32,online,grocery
TXN-00005020,CUST-005780,97.88,online,education
TXN-00005021,CUST-003980,198.66,branch,travel
TXN-00005022,CUST-002339,49.1,online,travel
TXN-00005023,CUST-000238,19.0,online,retail
TXN-00005024,CUST-005133,69.12,online,grocery
TXN-00005025,CUST-005862,95.81,online,retail
TXN-00005026,CUST-003458,248.61,card,grocery
TXN-00005027,CUST-003924,48.48,card,utilities
TXN-00005028,CUST-005384,206.39,branch,health
TXN-00005029,CUST-003503,20.14,online,grocery
TXN-00005030,CUST-005650,53.35,card,travel
TXN-00005031,CUST-000312,95.71,online,dining
TXN-00005032,CUST-004852,25.38,online,grocery
TXN-00005033,CUST-000956,365.21,online,travel
TXN-00005034,CUST-000745,60.7,online,utilities
TXN-00005035,CUST-004332,36.58,wallet,travel
TXN-00005036,CUST-003045,27.33,card,education
TXN-00005037,CUST-000666,22.66,card,dining
TXN-00005038,CUST-005585,156.65,online,utilities
TXN-00005039,CUST-002607,34.39,card,education
TXN-00005040,CUST-003458,107.9,branch,dining
TXN-00005041,CUST-002296,50.04,atm,dining
TXN-00005042,CUST-000603,191.5,online,utilities
TXN-00005043,CUST-003087,109.46,branch,utilities
TXN-00005044,CUST-003679,153.03,atm,utilities
TXN-00005045,CUST-000106,953.35,wallet,health
TXN-00005046,CUST-005579,48.97,branch,education
TXN-00005047,CUST-005317,88.52,atm,retail
TXN-00005048,CUST-002837,91.38,card,travel
TXN-00005049,CUST-000937,113.47,card,retail
TXN-00005050,CUST-005137,50.0,card,retail
TXN-00005051,CUST-003592,148.96,branch,retail
TXN-00005052,CUST-000113,641.29,branch,education
TXN-00005053,CUST-000100,70.58,wallet,health
TXN-00005054,CUST-003768,75.94,branch,grocery
TXN-00005055,CUST-005368,29.01,card,utilities
TXN-00005056,CUST-005885,15.04,atm,education
TXN-00005057,CUST-005531,28.67,card,utilities
TXN-00005058,CUST-000805,20.55,online,retail
TXN-00005059,CUST-000884,22.76,wallet,retail
TXN-00005060,CUST-003154,39.37,branch,health
TXN-00005061,CUST-005076,28.02,online,retail
TXN-00005062,CUST-000604,31.44,online,retail
TXN-00005063,CUST-000973,27.66,card,dining
TXN-00005064,CUST-002497,27.46,branch,utilities
TXN-00005065,CUST-005948,766.45,card,dining
TXN-00005066,CUST-004415,32.67,atm,travel
TXN-00005067,CUST-003103,42.36,online,utilities
TXN-00005068,CUST-005181,109.94,card,grocery
TXN-00005069,CUST-003413,20.32,online,grocery
TXN-00005070,CUST-005237,14.52,online,health
TXN-00005071,CUST-003023,23.71,online,travel
TXN-00005072,CUST-004710,63.48,card,health
TXN-00005073,CUST-004292,82.12,online,dining
TXN-00005074,CUST-005146,139.67,online,utilities
TXN-00005075,CUST-001264,113.06,branch,utilities
TXN-00005076,CUST-002797,382.66,card,utilities
TXN-00005077,CUST-003165,78.2,wallet,utilities
TXN-00005078,CUST-004771,76.31,online,dining
TXN-00005079,CUST-000461,29.54,branch,travel
TXN-00005080,CUST-004745,73.54,card,health
TXN-00005081,CUST-001500,34.56,online,travel
TXN-00005082,CUST-003495,22.02,card,grocery
TXN-00005083,CUST-000548,454.27,online,retail
TXN-00005084,CUST-000156,20.96,online,health
TXN-00005085,CUST-005822,460.02,atm,health
TXN-00005086,CUST-001645,236.56,branch,travel
TXN-00005087,CUST-000960,67.84,online,utilities
TXN-00005088,CUST-002972,18.77,atm,travel
TXN-00005089,CUST-002317,62.44,online,health
TXN-00005090,CUST-004143,27.46,online,health
TXN-00005091,CUST-000272,369.93,card,utilities
TXN-00005092,CUST-000491,138.87,online,education
TXN-00005093,CUST-001111,204.43,branch,grocery
TXN-00005094,CUST-002107,56.0,online,retail
TXN-00005095,CUST-001088,68.8,card,travel
TXN-00005096,CUST-002021,133.37,atm,retail
TXN-00005097,CUST-001653,50.89,branch,travel
TXN-00005098,CUST-000845,334.7,card,travel
TXN-00005099,CUST-005518,41.85,online,travel
TXN-00005100,CUST-002682,288.85,branch,travel
TXN-00005101,CUST-004138,29.79,online,dining
TXN-00005102,CUST-004484,42.8,online,retail
TXN-00005103,CUST-005583,55.6,card,health
TXN-00005104,CUST-005975,49.18,wallet,retail
TXN-00005105,CUST-000156,34.32,branch,retail
TXN-00005106,CUST-004917,9.34,atm,grocery
TXN-00005107,CUST-005934,84.35,wallet,utilities
TXN-00005108,CUST-005113,35.23,card,grocery
TXN-00005109,CUST-004700,47.73,card,utilities
TXN-00005110,CUST-002228,138.63,card,retail
TXN-00005111,CUST-000050,34.9,online,retail
TXN-00005112,CUST-004838,68.44,online,utilities
TXN-00005113,CUST-005510,34.65,card,dining
TXN-00005114,CUST-004024,389.84,card,health
TXN-00005115,CUST-002212,169.23,atm,education
TXN-00005116,CUST-001976,70.64,atm,utilities
TXN-00005117,CUST-004770,77.21,card,health
TXN-00005118,CUST-002380,13.28,online,retail
TXN-00005119,CUST-003393,38.04,card,dining
TXN-00005120,CUST-004762,331.86,card,utilities
TXN-00005121,CUST-005508,40.63,atm,retail
TXN-00005122,CUST-001246,63.16,card,grocery
TXN-00005123,CUST-001927,13.5,atm,education
TXN-00005124,CUST-004417,118.42,atm,retail
TXN-00005125,CUST-000775,63.83,card,dining
TXN-00005126,CUST-003128,24.26,online,health
TXN-00005127,CUST-004759,18.7,card,utilities
TXN-00005128,CUST-001019,562.93,card,education
TXN-00005129,CUST-004502,44.25,online,utilities
TXN-00005130,CUST-002514,36.45,card,dining
TXN-00005131,CUST-005749,151.69,online,grocery
TXN-00005132,CUST-003808,9.18,atm,grocery
TXN-00005133,CUST-002251,330.64,branch,travel
TXN-00005134,CUST-003220,43.86,online,travel
TXN-00005135,CUST-000149,53.65,online,utilities
TXN-00005136,CUST-000037,30.51,card,travel
TXN-00005137,CUST-004691,72.46,card,utilities
TXN-00005138,CUST-004922,34.88,atm,education
TXN-00005139,CUST-002231,59.5,online,grocery
TXN-00005140,CUST-004359,24.73,atm,health
TXN-00005141,CUST-002823,79.03,branch,grocery
TXN-00005142,CUST-001791,45.97,card,dining
TXN-00005143,CUST-005281,80.03,wallet,grocery
TXN-00005144,CUST-003550,49.17,branch,travel
TXN-00005145,CUST-005916,350.42,atm,grocery
TXN-00005146,CUST-003937,58.31,atm,education
TXN-00005147,CUST-002295,137.08,online,dining
TXN-00005148,CUST-001291,63.75,atm,health
TXN-00005149,CUST-002946,157.98,online,travel
TXN-00005150,CUST-003345,38.88,atm,health
TXN-00005151,CUST-005531,49.06,atm,retail
TXN-00005152,CUST-000720,71.34,online,health
TXN-00005153,CUST-000547,8.61,wallet,travel
TXN-00005154,CUST-003818,98.7,online,utilities
TXN-00005155,CUST-003962,32.76,online,retail
TXN-00005156,CUST-005182,47.64,online,education
TXN-00005157,CUST-001905,166.08,wallet,retail
TXN-00005158,CUST-000529,69.64,atm,travel
TXN-00005159,CUST-000872,42.23,atm,utilities
TXN-00005160,CUST-005623,89.09,branch,retail
TXN-00005161,CUST-002792,38.23,online,grocery
TXN-00005162,CUST-000972,69.03,online,education
TXN-00005163,CUST-000593,27.52,branch,grocery
TXN-00005164,CUST-002813,182.91,card,utilities
TXN-00005165,CUST-005474,21.43,card,utilities
TXN-00005166,CUST-001914,109.34,card,dining
TXN-00005167,CUST-002966,10.1,card,utilities
TXN-00005168,CUST-000872,66.51,atm,travel
TXN-00005169,CUST-000543,105.07,card,retail
TXN-00005170,CUST-002260,27.04,card,travel
TXN-00005171,CUST-001281,112.05,atm,health
TXN-00005172,CUST-002270,71.42,card,grocery
TXN-00005173,CUST-005774,48.24,online,grocery
TXN-00005174,CUST-005830,82.88,online,grocery
TXN-00005175,CUST-004827,264.38,branch,education
TXN-00005176,CUST-003439,93.05,online,health
TXN-00005177,CUST-005282,22.8,card,education
TXN-00005178,CUST-001766,28.61,card,dining
TXN-00005179,CUST-002653,30.0,branch,dining
TXN-00005180,CUST-000549,45.9,online,travel
TXN-00005181,CUST-004546,108.38,card,travel
TXN-00005182,CUST-004321,135.82,wallet,utilities
TXN-00005183,CUST-000948,114.56,card,retail
TXN-00005184,CUST-005698,3.0,wallet,education
TXN-00005185,CUST-003965,104.08,online,retail
TXN-00005186,CUST-000245,48.71,card,grocery
TXN-00005187,CUST-003780,132.91,online,utilities
TXN-00005188,CUST-005870,222.54,atm,utilities
TXN-00005189,CUST-001268,15.68,atm,retail
TXN-00005190,CUST-000334,59.27,card,education
TXN-00005191,CUST-001066,156.61,atm,retail
TXN-00005192,CUST-002750,103.91,card,dining
TXN-00005193,CUST-001270,216.93,card,health
TXN-00005194,CUST-004580,228.93,branch,retail
TXN-00005195,CUST-003791,54.94,atm,travel
TXN-00005196,CUST-005884,33.12,atm,dining
TXN-00005197,CUST-002056,31.9,online,utilities
TXN-00005198,CUST-000503,178.42,wallet,retail
TXN-00005199,CUST-002631,141.06,online,education
TXN-00005200,CUST-005146,96.61,online,grocery
TXN-00005201,CUST-005403,71.06,branch,utilities
TXN-00005202,CUST-002164,119.69,branch,travel
TXN-00005203,CUST-000677,82.27,atm,utilities
TXN-00005204,CUST-005311,48.65,wallet,utilities
TXN-00005205,CUST-005395,246.61,atm,dining
TXN-00005206,CUST-005903,22.36,card,grocery
TXN-00005207,CUST-002563,170.47,card,dining
TXN-00005208,CUST-002735,23.46,branch,travel
TXN-00005209,CUST-005254,98.97,atm,health
TXN-00005210,CUST-005601,228.08,branch,education
TXN-00005211,CUST-005163,160.48,card,dining
TXN-00005212,CUST-003042,81.21,online,utilities
TXN-00005213,CUST-004786,12.41,online,health
TXN-00005214,CUST-002176,25.91,atm,travel
TXN-00005215,CUST-002919,109.97,wallet,grocery
TXN-00005216,CUST-002306,54.39,online,utilities
TXN-00005217,CUST-003040,41.5,card,dining
TXN-00005218,CUST-000967,4.69,wallet,dining
TXN-00005219,CUST-000623,51.43,atm,health
TXN-00005220,CUST-003892,75.18,card,grocery
TXN-00005221,CUST-001086,40.34,atm,travel
TXN-00005222,CUST-002512,71.38,wallet,dining
TXN-00005223,CUST-002801,47.15,branch,retail
TXN-00005224,CUST-003118,138.91,online,grocery
TXN-00005225,CUST-002163,60.84,branch,travel
TXN-00005226,CUST-005885,55.71,card,grocery
TXN-00005227,CUST-004573,62.7,online,health
TXN-00005228,CUST-003469,41.49,wallet,grocery
TXN-00005229,CUST-000054,193.26,wallet,travel
TXN-00005230,CUST-002252,37.64,online,grocery
TXN-00005231,CUST-000531,142.54,online,dining
TXN-00005232,CUST-003277,30.91,branch,travel
TXN-00005233,CUST-002509,363.56,branch,retail
TXN-00005234,CUST-004099,797.32,atm,grocery
TXN-00005235,CUST-002393,110.02,wallet,grocery
TXN-00005236,CUST-004103,124.68,branch,dining
TXN-00005237,CUST-000282,67.4,online,travel
TXN-00005238,CUST-001851,78.23,online,dining
TXN-00005239,CUST-004954,32.55,atm,education
TXN-00005240,CUST-001587,26.43,card,travel
TXN-00005241,CUST-000923,114.74,atm,utilities
TXN-00005242,CUST-003628,30.76,online,education
TXN-00005243,CUST-005168,130.63,branch,travel
TXN-00005244,CUST-005086,168.46,online,education
TXN-00005245,CUST-002534,249.93,card,utilities
TXN-00005246,CUST-000541,30.15,wallet,utilities
TXN-00005247,CUST-004412,24.01,card,dining
TXN-00005248,CUST-002282,137.44,card,education
TXN-00005249,CUST-004731,143.79,online,dining
TXN-00005250,CUST-001667,136.93,online,travel
TXN-00005251,CUST-000349,153.14,branch,grocery
TXN-00005252,CUST-003649,29.02,card,retail
TXN-00005253,CUST-005838,70.25,online,retail
TXN-00005254,CUST-004719,55.96,card,education
TXN-00005255,CUST-000356,155.34,card,utilities
TXN-00005256,CUST-003944,122.97,branch,dining
TXN-00005257,CUST-005778,122.33,online,travel
TXN-00005258,CUST-001290,93.56,online,education
TXN-00005259,CUST-004704,80.58,card,retail
TXN-00005260,CUST-003787,51.87,online,retail
TXN-00005261,CUST-003663,87.15,atm,utilities
TXN-00005262,CUST-004601,125.29,online,travel
TXN-00005263,CUST-003487,194.15,atm,utilities
TXN-00005264,CUST-002211,240.97,atm,utilities
TXN-00005265,CUST-002008,128.64,card,health
TXN-00005266,CUST-003296,250.63,atm,education
TXN-00005267,CUST-004311,143.4,card,grocery
TXN-00005268,CUST-000779,15.83,branch,grocery
TXN-00005269,CUST-003008,168.33,online,travel
TXN-00005270,CUST-001906,26.45,online,dining
TXN-00005271,CUST-002492,308.56,online,dining
TXN-00005272,CUST-003930,9.86,branch,education
TXN-00005273,CUST-002183,9.37,card,education
TXN-00005274,CUST-003357,401.21,branch,education
TXN-00005275,CUST-000552,489.37,card,retail
TXN-00005276,CUST-005923,237.36,online,health
TXN-00005277,CUST-005905,302.7,atm,dining
TXN-00005278,CUST-002450,20.77,card,grocery
TXN-00005279,CUST-001524,210.96,online,dining
TXN-00005280,CUST-004794,30.88,branch,education
TXN-00005281,CUST-002054,227.3,online,grocery
TXN-00005282,CUST-005968,47.74,card,grocery
TXN-00005283,CUST-000502,66.82,atm,health
TXN-00005284,CUST-002510,203.25,card,utilities
TXN-00005285,CUST-003313,71.06,card,grocery
TXN-00005286,CUST-000726,121.97,online,education
TXN-00005287,CUST-003764,37.2,atm,travel
TXN-00005288,CUST-005840,35.71,atm,health
TXN-00005289,CUST-002113,56.44,online,health
TXN-00005290,CUST-000785,25.09,online,education
TXN-00005291,CUST-004489,144.93,atm,travel
TXN-00005292,CUST-003066,102.45,wallet,travel
TXN-00005293,CUST-000501,19.27,atm,education
TXN-00005294,CUST-000936,317.96,card,health
TXN-00005295,CUST-005445,324.79,branch,grocery
TXN-00005296,CUST-005903,70.34,card,health
TXN-00005297,CUST-001035,43.94,card,retail
TXN-00005298,CUST-000186,259.51,card,health
TXN-00005299,CUST-003272,30.39,wallet,retail
TXN-00005300,CUST-000203,366.97,card,health
TXN-00005301,CUST-000701,73.4,card,utilities
TXN-00005302,CUST-002011,283.31,atm,retail
TXN-00005303,CUST-001052,158.13,card,grocery
TXN-00005304,CUST-005157,1093.81,atm,grocery
TXN-00005305,CUST-000694,162.14,card,travel
TXN-00005306,CUST-000263,519.9,card,dining
TXN-00005307,CUST-001886,46.12,card,dining
TXN-00005308,CUST-000052,28.68,online,health
TXN-00005309,CUST-001641,59.89,online,utilities
TXN-00005310,CUST-000363,83.95,branch,utilities
TXN-00005311,CUST-003501,82.46,card,health
TXN-00005312,CUST-003192,75.23,online,utilities
TXN-00005313,CUST-003435,104.63,wallet,retail
TXN-00005314,CUST-003601,165.38,card,utilities
TXN-00005315,CUST-003173,20.67,atm,health
TXN-00005316,CUST-002453,64.26,wallet,dining
TXN-00005317,CUST-003028,48.6,atm,education
TXN-00005318,CUST-003473,93.15,atm,utilities
TXN-00005319,CUST-004542,69.04,card,education
TXN-00005320,CUST-000623,288.87,online,retail
TXN-00005321,CUST-000251,119.01,card,retail
TXN-00005322,CUST-000788,216.66,online,health
TXN-00005323,CUST-001043,58.28,card,grocery
TXN-00005324,CUST-004334,181.12,card,dining
TXN-00005325,CUST-005907,43.91,card,dining
TXN-00005326,CUST-002984,28.15,atm,dining
TXN-00005327,CUST-005415,284.48,online,retail
TXN-00005328,CUST-005437,69.98,card,dining
TXN-00005329,CUST-003865,71.63,card,travel
TXN-00005330,CUST-003549,33.64,card,education
TXN-00005331,CUST-000233,28.54,branch,travel
TXN-00005332,CUST-003667,373.93,atm,retail
TXN-00005333,CUST-003540,207.43,online,education
TXN-00005334,CUST-001431,30.71,online,grocery
TXN-00005335,CUST-003386,35.28,online,grocery
TXN-00005336,CUST-005234,91.02,online,health
TXN-00005337,CUST-000403,49.02,online,grocery
TXN-00005338,CUST-005205,34.17,online,retail
TXN-00005339,CUST-003743,35.04,card,health
TXN-00005340,CUST-000079,60.54,online,health
TXN-00005341,CUST-000577,18.12,online,utilities
TXN-00005342,CUST-003569,33.21,atm,health
TXN-00005343,CUST-001129,219.05,card,travel
TXN-00005344,CUST-005228,24.96,branch,utilities
TXN-00005345,CUST-000373,67.61,card,health
TXN-00005346,CUST-004736,96.85,online,retail
TXN-00005347,CUST-001038,205.75,branch,travel
TXN-00005348,CUST-002025,20.1,atm,education
TXN-00005349,CUST-004420,31.41,card,utilities
TXN-00005350,CUST-002349,68.98,online,retail
TXN-00005351,CUST-005352,194.98,card,dining
TXN-00005352,CUST-001733,139.69,card,utilities
TXN-00005353,CUST-004335,369.4,online,travel
TXN-00005354,CUST-004973,39.0,online,education
TXN-00005355,CUST-004584,34.82,card,utilities
TXN-00005356,CUST-001811,37.55,wallet,health
TXN-00005357,CUST-002065,36.93,wallet,grocery
TXN-00005358,CUST-004647,29.89,card,grocery
TXN-00005359,CUST-004875,111.59,online,health
TXN-00005360,CUST-005404,13.18,card,utilities
TXN-00005361,CUST-001095,247.4,card,retail
TXN-00005362,CUST-004138,63.03,atm,dining
TXN-00005363,CUST-001652,109.98,card,travel
TXN-00005364,CUST-001733,18.77,card,retail
TXN-00005365,CUST-001902,33.1,card,travel
TXN-00005366,CUST-002240,40.08,card,health
TXN-00005367,CUST-000285,43.94,atm,grocery
TXN-00005368,CUST-005294,42.68,online,dining
TXN-00005369,CUST-004444,72.66,online,travel
TXN-00005370,CUST-005489,41.68,wallet,dining
TXN-00005371,CUST-001590,142.94,card,health
TXN-00005372,CUST-003387,163.47,online,education
TXN-00005373,CUST-004702,427.76,card,dining
TXN-00005374,CUST-002971,92.65,wallet,dining
TXN-00005375,CUST-005147,60.6,card,education
TXN-00005376,CUST-003349,82.11,online,dining
TXN-00005377,CUST-004769,112.93,atm,education
TXN-00005378,CUST-003505,36.35,online,travel
TXN-00005379,CUST-003964,172.07,wallet,health
TXN-00005380,CUST-002924,151.51,online,utilities
TXN-00005381,CUST-003106,13.82,card,grocery
TXN-00005382,CUST-001403,490.56,branch,utilities
TXN-00005383,CUST-000773,99.54,card,education
TXN-00005384,CUST-004330,29.97,wallet,dining
TXN-00005385,CUST-001101,28.21,wallet,grocery
TXN-00005386,CUST-004206,93.23,atm,travel
TXN-00005387,CUST-003205,32.72,atm,health
TXN-00005388,CUST-000440,29.74,online,travel
TXN-00005389,CUST-003447,49.63,card,health
TXN-00005390,CUST-000407,122.37,card,dining
TXN-00005391,CUST-005656,52.68,card,travel
TXN-00005392,CUST-003045,32.02,atm,grocery
TXN-00005393,CUST-001457,349.43,card,education
TXN-00005394,CUST-003633,121.45,card,travel
TXN-00005395,CUST-002451,31.39,card,health
TXN-00005396,CUST-005319,91.93,card,grocery
TXN-00005397,CUST-002039,85.15,atm,retail
TXN-00005398,CUST-001352,73.71,branch,health
TXN-00005399,CUST-002784,77.31,atm,utilities
TXN-00005400,CUST-002595,63.07,online,travel
TXN-00005401,CUST-003576,117.37,card,utilities
TXN-00005402,CUST-001865,72.24,card,dining
TXN-00005403,CUST-001231,91.05,online,health
TXN-00005404,CUST-005905,115.98,online,travel
TXN-00005405,CUST-000607,70.72,card,travel
TXN-00005406,CUST-003985,155.09,online,dining
TXN-00005407,CUST-001188,281.55,online,dining
TXN-00005408,CUST-003494,57.42,online,utilities
TXN-00005409,CUST-001313,43.69,online,utilities
TXN-00005410,CUST-000399,19.22,branch,retail
TXN-00005411,CUST-003390,150.26,card,retail
TXN-00005412,CUST-004165,64.18,card,utilities
TXN-00005413,CUST-005086,23.73,branch,retail
TXN-00005414,CUST-002243,43.81,card,retail
TXN-00005415,CUST-000840,116.72,card,education
TXN-00005416,CUST-003813,164.35,card,utilities
TXN-00005417,CUST-001560,129.88,branch,education
TXN-00005418,CUST-000462,71.19,card,education
TXN-00005419,CUST-003248,154.53,card,travel
TXN-00005420,CUST-003406,83.26,online,retail
TXN-00005421,CUST-000625,92.17,online,education
TXN-00005422,CUST-001167,33.99,atm,utilities
TXN-00005423,CUST-002189,220.74,card,travel
TXN-00005424,CUST-005684,148.1,atm,grocery
TXN-00005425,CUST-001305,51.75,card,retail
TXN-00005426,CUST-000816,226.65,online,travel
TXN-00005427,CUST-002373,21.27,online,travel
TXN-00005428,CUST-001519,34.11,online,utilities
TXN-00005429,CUST-005730,22.25,wallet,education
TXN-00005430,CUST-002525,50.19,branch,health
TXN-00005431,CUST-001482,36.26,atm,utilities
TXN-00005432,CUST-002879,193.51,card,grocery
TXN-00005433,CUST-001064,85.4,online,dining
TXN-00005434,CUST-005329,57.01,online,grocery
TXN-00005435,CUST-000983,115.03,online,grocery
TXN-00005436,CUST-005131,164.78,card,education
TXN-00005437,CUST-001950,275.58,card,education
TXN-00005438,CUST-001220,69.25,atm,dining
TXN-00005439,CUST-004193,74.64,online,travel
TXN-00005440,CUST-003151,27.1,card,health
TXN-00005441,CUST-002708,91.05,card,travel
TXN-00005442,CUST-005173,97.55,wallet,utilities
TXN-00005443,CUST-001762,43.03,branch,grocery
TXN-00005444,CUST-003141,78.88,atm,dining
TXN-00005445,CUST-005920,59.6,branch,retail
TXN-00005446,CUST-001797,108.25,online,education
TXN-00005447,CUST-003458,60.51,card,grocery
TXN-00005448,CUST-002807,92.28,online,health
TXN-00005449,CUST-001958,43.81,online,dining
TXN-00005450,CUST-000859,161.82,atm,grocery
TXN-00005451,CUST-000258,121.69,wallet,health
TXN-00005452,CUST-002876,219.87,online,health
TXN-00005453,CUST-004405,83.59,atm,utilities
TXN-00005454,CUST-003181,70.16,card,grocery
TXN-00005455,CUST-001780,18.17,card,retail
TXN-00005456,CUST-001252,176.04,card,health
TXN-00005457,CUST-000501,80.29,card,travel
TXN-00005458,CUST-002129,58.39,branch,retail
TXN-00005459,CUST-004502,167.61,branch,education
TXN-00005460,CUST-001697,158.58,card,grocery
TXN-00005461,CUST-001114,50.51,card,travel
TXN-00005462,CUST-005758,103.63,atm,dining
TXN-00005463,CUST-003636,77.6,online,dining
TXN-00005464,CUST-000288,231.22,card,utilities
TXN-00005465,CUST-005312,27.01,card,health
TXN-00005466,CUST-004556,277.92,branch,dining
TXN-00005467,CUST-003812,211.63,online,retail
TXN-00005468,CUST-001269,50.12,online,utilities
TXN-00005469,CUST-003677,44.01,card,dining
TXN-00005470,CUST-002217,109.91,card,dining
TXN-00005471,CUST-001643,19.56,card,education
TXN-00005472,CUST-004154,93.43,card,travel
TXN-00005473,CUST-002503,88.13,card,education
TXN-00005474,CUST-005172,123.96,online,grocery
TXN-00005475,CUST-002503,38.35,online,education
TXN-00005476,CUST-000146,834.73,card,education
TXN-00005477,CUST-002548,89.06,wallet,grocery
TXN-00005478,CUST-000699,241.19,card,health
TXN-00005479,CUST-000382,113.34,branch,education
TXN-00005480,CUST-002212,174.61,online,grocery
TXN-00005481,CUST-000564,23.33,online,utilities
TXN-00005482,CUST-003001,432.34,card,retail
TXN-00005483,CUST-004568,125.24,card,travel
TXN-00005484,CUST-005822,117.15,online,grocery
TXN-00005485,CUST-001437,134.13,card,education
TXN-00005486,CUST-003294,118.52,online,education
TXN-00005487,CUST-001276,89.48,card,education
TXN-00005488,CUST-003410,59.23,atm,health
TXN-00005489,CUST-004254,25.3,card,grocery
TXN-00005490,CUST-005181,405.85,branch,retail
TXN-00005491,CUST-001394,27.49,online,education
TXN-00005492,CUST-003206,205.28,online,grocery
TXN-00005493,CUST-002839,119.04,card,grocery
TXN-00005494,CUST-001534,38.75,online,health
TXN-00005495,CUST-000641,152.84,branch,utilities
TXN-00005496,CUST-001224,49.73,card,travel
TXN-00005497,CUST-004434,482.58,card,grocery
TXN-00005498,CUST-002925,70.56,card,dining
TXN-00005499,CUST-004188,175.27,branch,grocery
TXN-00005500,CUST-001819,46.58,card,retail
TXN-00005501,CUST-001312,30.53,atm,dining
TXN-00005502,CUST-001503,70.72,atm,retail
TXN-00005503,CUST-003673,345.95,card,utilities
TXN-00005504,CUST-002521,16.33,card,utilities
TXN-00005505,CUST-004453,41.58,branch,health
TXN-00005506,CUST-001790,70.95,card,health
TXN-00005507,CUST-003194,31.01,branch,travel
TXN-00005508,CUST-003057,24.59,branch,dining
TXN-00005509,CUST-002240,184.7,online,health
TXN-00005510,CUST-005518,38.29,wallet,grocery
TXN-00005511,CUST-004087,35.33,card,utilities
TXN-00005512,CUST-002728,41.97,online,dining
TXN-00005513,CUST-002584,61.77,card,retail
TXN-00005514,CUST-001142,118.31,online,utilities
TXN-00005515,CUST-003674,24.24,card,dining
TXN-00005516,CUST-002607,60.15,online,utilities
TXN-00005517,CUST-004328,41.12,online,grocery
TXN-00005518,CUST-004088,21.93,wallet,utilities
TXN-00005519,CUST-001457,45.87,card,utilities
TXN-00005520,CUST-005218,169.74,online,retail
TXN-00005521,CUST-005398,99.0,card,travel
TXN-00005522,CUST-003843,144.3,card,travel
TXN-00005523,CUST-003695,8.1,online,health
TXN-00005524,CUST-003476,38.2,online,utilities
TXN-00005525,CUST-004347,114.44,online,education
TXN-00005526,CUST-002771,50.51,online,travel
TXN-00005527,CUST-000985,76.54,card,health
TXN-00005528,CUST-003337,77.35,atm,health
TXN-00005529,CUST-000452,17.22,online,travel
TXN-00005530,CUST-004922,48.3,card,grocery
TXN-00005531,CUST-005231,30.29,online,health
TXN-00005532,CUST-001837,97.49,atm,dining
TXN-00005533,CUST-001786,50.21,wallet,travel
TXN-00005534,CUST-004408,22.43,online,dining
TXN-00005535,CUST-003366,66.67,branch,retail
TXN-00005536,CUST-004340,299.92,atm,education
TXN-00005537,CUST-002140,14.23,wallet,health
TXN-00005538,CUST-004319,191.69,online,dining
TXN-00005539,CUST-003811,37.61,card,grocery
TXN-00005540,CUST-003533,71.32,atm,education
TXN-00005541,CUST-003960,15.16,atm,education
TXN-00005542,CUST-000721,93.29,wallet,dining
TXN-00005543,CUST-001292,99.84,card,utilities
TXN-00005544,CUST-005583,407.41,online,education
TXN-00005545,CUST-005071,112.78,branch,utilities
TXN-00005546,CUST-005898,12.34,card,grocery
TXN-00005547,CUST-003472,82.27,card,retail
TXN-00005548,CUST-005354,94.11,atm,health
TXN-00005549,CUST-004858,18.92,wallet,travel
TXN-00005550,CUST-005500,8.96,branch,retail
TXN-00005551,CUST-003157,12.21,wallet,grocery
TXN-00005552,CUST-005195,92.45,atm,utilities
TXN-00005553,CUST-005482,56.61,branch,utilities
TXN-00005554,CUST-001385,186.16,branch,health
TXN-00005555,CUST-004822,266.19,card,grocery
TXN-00005556,CUST-000979,149.92,atm,grocery
TXN-00005557,CUST-003870,159.59,card,travel
TXN-00005558,CUST-000596,226.63,atm,dining
TXN-00005559,CUST-004213,107.02,branch,health
TXN-00005560,CUST-000549,112.95,card,education
TXN-00005561,CUST-003342,10.24,branch,travel
TXN-00005562,CUST-004495,40.84,online,grocery
TXN-00005563,CUST-003769,24.9,online,travel
TXN-00005564,CUST-001816,247.09,atm,dining
TXN-00005565,CUST-005273,27.37,online,dining
TXN-00005566,CUST-001975,26.66,atm,dining
TXN-00005567,CUST-004404,51.35,online,retail
TXN-00005568,CUST-004527,314.34,card,utilities
TXN-00005569,CUST-000477,396.17,card,health
TXN-00005570,CUST-001150,63.46,online,dining
TXN-00005571,CUST-005642,108.32,branch,health
TXN-00005572,CUST-003518,68.57,online,retail
TXN-00005573,CUST-000028,127.84,atm,utilities
TXN-00005574,CUST-003907,10.48,branch,utilities
TXN-00005575,CUST-001390,233.81,card,retail
TXN-00005576,CUST-001967,71.7,card,health
TXN-00005577,CUST-004673,42.54,card,retail
TXN-00005578,CUST-002888,40.37,online,travel
TXN-00005579,CUST-005480,106.74,card,retail
TXN-00005580,CUST-002888,302.87,card,education
TXN-00005581,CUST-003533,279.52,online,travel
TXN-00005582,CUST-003718,36.18,online,retail
TXN-00005583,CUST-004217,147.11,wallet,retail
TXN-00005584,CUST-003189,32.84,online,travel
TXN-00005585,CUST-002077,36.77,card,dining
TXN-00005586,CUST-002202,64.82,branch,utilities
TXN-00005587,CUST-000017,113.19,online,travel
TXN-00005588,CUST-005336,121.63,card,grocery
TXN-00005589,CUST-002475,90.44,online,utilities
TXN-00005590,CUST-004765,17.37,online,travel
TXN-00005591,CUST-002444,131.61,card,health
TXN-00005592,CUST-003692,610.08,atm,health
TXN-00005593,CUST-004434,134.47,wallet,retail
TXN-00005594,CUST-002856,237.62,online,utilities
TXN-00005595,CUST-002631,142.37,online,health
TXN-00005596,CUST-002846,173.48,online,retail
TXN-00005597,CUST-003626,18.26,online,utilities
TXN-00005598,CUST-002764,32.68,atm,dining
TXN-00005599,CUST-004466,243.46,online,travel
TXN-00005600,CUST-003842,175.42,branch,health
TXN-00005601,CUST-004759,54.75,card,utilities
TXN-00005602,CUST-004705,90.61,card,grocery
TXN-00005603,CUST-004710,192.98,atm,dining
TXN-00005604,CUST-001560,101.9,online,education
TXN-00005605,CUST-002371,200.48,card,retail
TXN-00005606,CUST-004073,53.16,online,utilities
TXN-00005607,CUST-002182,222.87,branch,travel
TXN-00005608,CUST-003818,102.61,branch,utilities
TXN-00005609,CUST-002516,28.74,atm,dining
TXN-00005610,CUST-002606,520.43,online,education
TXN-00005611,CUST-004461,583.79,branch,retail
TXN-00005612,CUST-000675,43.91,card,education
TXN-00005613,CUST-005030,50.81,online,education
TXN-00005614,CUST-003554,151.85,branch,utilities
TXN-00005615,CUST-000051,64.77,online,travel
TXN-00005616,CUST-000235,72.23,branch,utilities
TXN-00005617,CUST-002203,293.85,atm,retail
TXN-00005618,CUST-005780,22.1,atm,travel
TXN-00005619,CUST-000098,41.3,online,utilities
TXN-00005620,CUST-003694,74.13,card,health
TXN-00005621,CUST-004198,84.64,online,grocery
TXN-00005622,CUST-001327,311.33,wallet,grocery
TXN-00005623,CUST-000704,198.23,wallet,travel
TXN-00005624,CUST-004312,38.08,branch,education
TXN-00005625,CUST-004598,110.74,card,health
TXN-00005626,CUST-003450,40.79,wallet,retail
TXN-00005627,CUST-004632,305.41,branch,health
TXN-00005628,CUST-003477,50.96,online,dining
TXN-00005629,CUST-003158,27.71,branch,dining
TXN-00005630,CUST-003268,221.7,card,health
TXN-00005631,CUST-002805,12.03,online,grocery
TXN-00005632,CUST-004668,42.8,card,utilities
TXN-00005633,CUST-001634,5.65,atm,utilities
TXN-00005634,CUST-004407,125.71,online,grocery
TXN-00005635,CUST-002388,28.96,branch,education
TXN-00005636,CUST-002460,271.1,online,health
TXN-00005637,CUST-001178,227.97,card,utilities
TXN-00005638,CUST-004306,42.63,card,grocery
TXN-00005639,CUST-004266,664.4,online,health
TXN-00005640,CUST-001932,29.51,online,education
TXN-00005641,CUST-000328,24.75,card,travel
TXN-00005642,CUST-003018,43.62,card,utilities
TXN-00005643,CUST-005421,85.4,online,travel
TXN-00005644,CUST-001249,151.76,online,retail
TXN-00005645,CUST-004781,357.06,atm,travel
TXN-00005646,CUST-001099,85.17,card,dining
TXN-00005647,CUST-000036,52.93,online,grocery
TXN-00005648,CUST-000499,69.75,online,retail
TXN-00005649,CUST-004913,153.24,wallet,education
TXN-00005650,CUST-003825,27.86,card,utilities
TXN-00005651,CUST-005351,37.89,wallet,dining
TXN-00005652,CUST-005096,483.1,online,travel
TXN-00005653,CUST-002397,32.75,card,education
TXN-00005654,CUST-003325,21.81,branch,education
TXN-00005655,CUST-005111,395.14,card,dining
TXN-00005656,CUST-002398,111.37,branch,utilities
TXN-00005657,CUST-001058,256.62,branch,health
TXN-00005658,CUST-003619,15.67,atm,health
TXN-00005659,CUST-004970,324.1,online,retail
TXN-00005660,CUST-005120,2.17,online,dining
TXN-00005661,CUST-005569,71.01,card,health
TXN-00005662,CUST-003756,412.4,atm,grocery
TXN-00005663,CUST-001357,282.87,branch,travel
TXN-00005664,CUST-005274,176.26,atm,grocery
TXN-00005665,CUST-003921,379.31,card,retail
TXN-00005666,CUST-000697,66.01,card,retail
TXN-00005667,CUST-000974,22.55,online,education
TXN-00005668,CUST-000529,46.59,card,dining
TXN-00005669,CUST-004960,20.14,online,education
TXN-00005670,CUST-000639,58.67,branch,health
TXN-00005671,CUST-005641,17.33,atm,grocery
TXN-00005672,CUST-003910,180.66,branch,dining
TXN-00005673,CUST-004914,11.6,card,dining
TXN-00005674,CUST-002156,49.24,card,travel
TXN-00005675,CUST-005076,37.36,online,travel
TXN-00005676,CUST-000413,51.53,atm,retail
TXN-00005677,CUST-003352,57.83,branch,education
TXN-00005678,CUST-004791,352.15,online,grocery
TXN-00005679,CUST-000737,47.75,atm,grocery
TXN-00005680,CUST-005037,23.53,branch,travel
TXN-00005681,CUST-001862,114.52,card,grocery
TXN-00005682,CUST-002096,66.33,card,retail
TXN-00005683,CUST-005131,63.68,atm,utilities
TXN-00005684,CUST-003745,52.3,online,utilities
TXN-00005685,CUST-004793,51.01,online,utilities
TXN-00005686,CUST-005273,82.99,card,education
TXN-00005687,CUST-004940,33.52,online,travel
TXN-00005688,CUST-005013,154.31,online,grocery
TXN-00005689,CUST-005280,790.03,atm,education
TXN-00005690,CUST-004595,38.88,online,grocery
TXN-00005691,CUST-004382,65.18,atm,retail
TXN-00005692,CUST-001112,122.39,online,education
TXN-00005693,CUST-001467,169.48,card,retail
TXN-00005694,CUST-002213,127.28,wallet,utilities
TXN-00005695,CUST-001958,28.34,online,education
TXN-00005696,CUST-000400,13.74,branch,utilities
TXN-00005697,CUST-003584,16.76,card,health
TXN-00005698,CUST-002568,155.93,card,education
TXN-00005699,CUST-003211,48.48,atm,education
TXN-00005700,CUST-003418,36.38,card,travel
TXN-00005701,CUST-003626,49.9,online,education
TXN-00005702,CUST-004860,129.63,atm,travel
TXN-00005703,CUST-004771,367.92,branch,health
TXN-00005704,CUST-000693,36.44,online,travel
TXN-00005705,CUST-004109,25.57,card,utilities
TXN-00005706,CUST-000714,103.88,card,dining
TXN-00005707,CUST-001792,100.59,card,retail
TXN-00005708,CUST-002079,43.61,card,dining
TXN-00005709,CUST-003684,148.08,card,health
TXN-00005710,CUST-002056,103.91,card,utilities
TXN-00005711,CUST-001442,27.21,wallet,travel
TXN-00005712,CUST-005373,58.5,wallet,retail
TXN-00005713,CUST-005452,219.68,card,health
TXN-00005714,CUST-004617,191.85,card,dining
TXN-00005715,CUST-005319,90.05,atm,retail
TXN-00005716,CUST-002308,925.08,card,retail
TXN-00005717,CUST-002722,104.14,online,health
TXN-00005718,CUST-000247,102.41,online,health
TXN-00005719,CUST-000227,54.83,card,education
TXN-00005720,CUST-001776,61.41,branch,utilities
TXN-00005721,CUST-002931,121.88,card,education
TXN-00005722,CUST-005812,40.31,wallet,grocery
TXN-00005723,CUST-001252,151.07,online,health
TXN-00005724,CUST-002350,153.78,card,grocery
TXN-00005725,CUST-003227,18.01,branch,health
TXN-00005726,CUST-000043,16.46,atm,dining
TXN-00005727,CUST-003544,55.32,atm,education
TXN-00005728,CUST-002004,433.42,atm,retail
TXN-00005729,CUST-004083,471.7,online,grocery
TXN-00005730,CUST-002756,1.5,atm,education
TXN-00005731,CUST-005824,94.09,card,health
TXN-00005732,CUST-005852,76.14,card,travel
TXN-00005733,CUST-001848,28.54,online,grocery
TXN-00005734,CUST-003617,62.76,card,travel
TXN-00005735,CUST-003908,37.34,wallet,retail
TXN-00005736,CUST-005532,59.12,wallet,dining
TXN-00005737,CUST-000308,61.9,card,education
TXN-00005738,CUST-000015,24.34,card,health
TXN-00005739,CUST-003934,58.35,online,education
TXN-00005740,CUST-002429,56.46,atm,retail
TXN-00005741,CUST-000317,146.39,branch,retail
TXN-00005742,CUST-005914,87.4,card,utilities
TXN-00005743,CUST-002513,161.95,card,utilities
TXN-00005744,CUST-003307,118.2,atm,utilities
TXN-00005745,CUST-003075,296.37,online,health
TXN-00005746,CUST-000969,54.41,online,retail
TXN-00005747,CUST-001820,184.89,wallet,retail
TXN-00005748,CUST-002899,79.46,online,education
TXN-00005749,CUST-002595,339.07,branch,health
TXN-00005750,CUST-001169,106.28,branch,travel
TXN-00005751,CUST-000979,28.31,wallet,health
TXN-00005752,CUST-003012,69.41,online,grocery
TXN-00005753,CUST-005158,60.47,wallet,retail
TXN-00005754,CUST-002592,32.43,card,retail
TXN-00005755,CUST-001895,46.19,atm,utilities
TXN-00005756,CUST-005332,9.11,card,dining
TXN-00005757,CUST-005906,40.87,card,dining
TXN-00005758,CUST-003256,145.87,card,health
TXN-00005759,CUST-005851,128.58,online,utilities
TXN-00005760,CUST-003011,44.11,branch,health
TXN-00005761,CUST-001040,106.24,card,dining
TXN-00005762,CUST-001860,261.91,online,utilities
TXN-00005763,CUST-002548,35.31,wallet,education
TXN-00005764,CUST-001896,17.16,atm,dining
TXN-00005765,CUST-000610,75.21,branch,health
TXN-00005766,CUST-005515,280.84,card,dining
TXN-00005767,CUST-003704,264.11,online,dining
TXN-00005768,CUST-002443,60.66,branch,education
TXN-00005769,CUST-002761,155.19,online,education
TXN-00005770,CUST-005332,72.27,online,utilities
TXN-00005771,CUST-002231,535.36,online,education
TXN-00005772,CUST-002528,127.55,atm,education
TXN-00005773,CUST-001858,15.65,online,health
TXN-00005774,CUST-004213,49.92,atm,utilities
TXN-00005775,CUST-002489,79.5,card,grocery
TXN-00005776,CUST-005516,27.91,atm,retail
TXN-00005777,CUST-002547,93.98,online,education
TXN-00005778,CUST-005282,44.38,branch,grocery
TXN-00005779,CUST-005921,142.13,atm,health
TXN-00005780,CUST-003761,26.77,online,retail
TXN-00005781,CUST-000679,56.59,online,health
TXN-00005782,CUST-003361,247.15,atm,grocery
TXN-00005783,CUST-004213,81.24,online,health
TXN-00005784,CUST-000080,92.79,card,retail
TXN-00005785,CUST-000435,28.64,branch,travel
TXN-00005786,CUST-005250,54.03,online,grocery
TXN-00005787,CUST-005048,43.21,branch,health
TXN-00005788,CUST-000849,64.32,online,utilities
TXN-00005789,CUST-000343,769.17,card,grocery
TXN-00005790,CUST-002079,148.74,card,utilities
TXN-00005791,CUST-000410,98.89,atm,utilities
TXN-00005792,CUST-004378,48.89,online,education
TXN-00005793,CUST-004655,43.19,online,health
TXN-00005794,CUST-003025,83.6,branch,education
TXN-00005795,CUST-000098,132.18,online,utilities
TXN-00005796,CUST-000139,82.47,card,grocery
TXN-00005797,CUST-000678,38.03,branch,education
TXN-00005798,CUST-000657,85.63,atm,utilities
TXN-00005799,CUST-001757,152.98,card,retail
TXN-00005800,CUST-004443,252.52,card,retail
TXN-00005801,CUST-002102,222.17,card,education
TXN-00005802,CUST-003114,49.3,card,education
TXN-00005803,CUST-000164,5.26,online,health
TXN-00005804,CUST-003542,22.14,online,dining
TXN-00005805,CUST-001430,21.45,wallet,retail
TXN-00005806,CUST-000570,88.54,wallet,retail
TXN-00005807,CUST-001209,26.37,online,health
TXN-00005808,CUST-000903,36.12,atm,utilities
TXN-00005809,CUST-000849,50.68,card,education
TXN-00005810,CUST-001993,1736.18,online,dining
TXN-00005811,CUST-004680,350.8,online,grocery
TXN-00005812,CUST-000375,50.55,online,retail
TXN-00005813,CUST-005648,463.76,online,grocery
TXN-00005814,CUST-003681,83.71,online,retail
TXN-00005815,CUST-002591,35.29,online,utilities
TXN-00005816,CUST-000095,114.83,online,utilities
TXN-00005817,CUST-005102,28.5,atm,dining
TXN-00005818,CUST-004055,10.36,card,health
TXN-00005819,CUST-000414,9.22,online,education
TXN-00005820,CUST-001295,226.0,atm,grocery
TXN-00005821,CUST-000443,63.22,card,travel
TXN-00005822,CUST-003292,24.72,card,utilities
TXN-00005823,CUST-003090,105.72,card,health
TXN-00005824,CUST-001750,16.6,online,education
TXN-00005825,CUST-003837,24.69,online,utilities
TXN-00005826,CUST-001043,114.53,branch,education
TXN-00005827,CUST-000223,482.41,wallet,grocery
TXN-00005828,CUST-004961,19.21,online,health
TXN-00005829,CUST-002137,24.23,card,utilities
TXN-00005830,CUST-002571,60.65,card,travel
TXN-00005831,CUST-001470,138.49,online,grocery
TXN-00005832,CUST-004095,100.79,online,grocery
TXN-00005833,CUST-002773,46.23,atm,grocery
TXN-00005834,CUST-002313,62.9,card,education
TXN-00005835,CUST-000854,91.4,wallet,grocery
TXN-00005836,CUST-000282,419.73,branch,dining
TXN-00005837,CUST-003826,178.01,atm,dining
TXN-00005838,CUST-005584,32.0,online,health
TXN-00005839,CUST-002167,16.08,card,grocery
TXN-00005840,CUST-003378,139.93,wallet,health
TXN-00005841,CUST-004407,20.64,online,grocery
TXN-00005842,CUST-000419,111.14,online,education
TXN-00005843,CUST-002588,154.27,card,dining
TXN-00005844,CUST-005522,207.08,card,education
TXN-00005845,CUST-003047,24.53,card,education
TXN-00005846,CUST-004744,165.06,card,travel
TXN-00005847,CUST-000730,219.36,online,travel
TXN-00005848,CUST-004191,57.38,card,education
TXN-00005849,CUST-002821,29.84,atm,utilities
TXN-00005850,CUST-003791,72.37,atm,travel
TXN-00005851,CUST-001203,80.77,wallet,travel
TXN-00005852,CUST-002753,188.53,card,dining
TXN-00005853,CUST-003156,78.48,atm,travel
TXN-00005854,CUST-005535,99.83,card,retail
TXN-00005855,CUST-003676,144.87,branch,dining
TXN-00005856,CUST-002401,61.86,card,travel
TXN-00005857,CUST-001130,82.41,wallet,travel
TXN-00005858,CUST-004420,30.33,card,grocery
TXN-00005859,CUST-002355,74.32,atm,health
TXN-00005860,CUST-005180,59.69,atm,utilities
TXN-00005861,CUST-005348,64.86,branch,health
TXN-00005862,CUST-003589,24.22,online,dining
TXN-00005863,CUST-005495,71.09,card,utilities
TXN-00005864,CUST-002832,37.09,card,retail
TXN-00005865,CUST-000297,66.67,online,grocery
TXN-00005866,CUST-000833,80.25,branch,health
TXN-00005867,CUST-001637,421.81,wallet,education
TXN-00005868,CUST-004037,40.95,card,retail
TXN-00005869,CUST-002005,34.38,wallet,health
TXN-00005870,CUST-002044,60.64,online,utilities
TXN-00005871,CUST-002807,28.51,online,dining
TXN-00005872,CUST-005935,8.78,online,education
TXN-00005873,CUST-004576,52.83,card,education
TXN-00005874,CUST-005631,65.29,wallet,health
TXN-00005875,CUST-005053,84.74,online,retail
TXN-00005876,CUST-001626,56.71,card,retail
TXN-00005877,CUST-002202,34.56,online,grocery
TXN-00005878,CUST-003424,100.43,card,health
TXN-00005879,CUST-001005,46.58,online,travel
TXN-00005880,CUST-001257,42.2,online,dining
TXN-00005881,CUST-005860,134.09,atm,utilities
TXN-00005882,CUST-003984,64.81,online,dining
TXN-00005883,CUST-004088,273.1,online,retail
TXN-00005884,CUST-005820,25.78,online,utilities
TXN-00005885,CUST-003570,428.18,online,utilities
TXN-00005886,CUST-000429,118.32,atm,health
TXN-00005887,CUST-003924,25.62,card,utilities
TXN-00005888,CUST-001719,58.17,card,retail
TXN-00005889,CUST-001109,40.8,online,retail
TXN-00005890,CUST-003664,128.73,card,education
TXN-00005891,CUST-005863,40.73,card,health
TXN-00005892,CUST-000540,31.18,wallet,travel
TXN-00005893,CUST-003504,118.72,card,grocery
TXN-00005894,CUST-003715,60.62,online,grocery
TXN-00005895,CUST-003406,8.21,online,grocery
TXN-00005896,CUST-004874,231.34,branch,education
TXN-00005897,CUST-002176,61.92,card,dining
TXN-00005898,CUST-002875,62.55,wallet,health
TXN-00005899,CUST-004622,196.58,online,utilities
TXN-00005900,CUST-000875,127.32,card,education
TXN-00005901,CUST-000074,669.47,online,utilities
TXN-00005902,CUST-002121,37.95,card,travel
TXN-00005903,CUST-004283,162.37,card,dining
TXN-00005904,CUST-000980,38.35,online,dining
TXN-00005905,CUST-004954,110.02,branch,health
TXN-00005906,CUST-005314,217.87,wallet,education
TXN-00005907,CUST-000958,44.79,card,retail
TXN-00005908,CUST-003365,836.9,online,dining
TXN-00005909,CUST-005862,135.46,branch,education
TXN-00005910,CUST-004367,52.68,online,education
TXN-00005911,CUST-003484,4.45,online,education
TXN-00005912,CUST-003340,79.15,card,education
TXN-00005913,CUST-003664,331.79,card,education
TXN-00005914,CUST-005831,107.35,branch,education
TXN-00005915,CUST-005433,145.54,online,utilities
TXN-00005916,CUST-005792,64.19,card,health
TXN-00005917,CUST-003235,68.61,online,dining
TXN-00005918,CUST-002883,71.28,online,grocery
TXN-00005919,CUST-004093,49.07,branch,dining
TXN-00005920,CUST-000575,68.88,card,travel
TXN-00005921,CUST-003599,67.47,online,grocery
TXN-00005922,CUST-004406,125.72,card,dining
TXN-00005923,CUST-005436,67.48,card,utilities
TXN-00005924,CUST-004091,203.88,card,utilities
TXN-00005925,CUST-002274,629.26,branch,utilities
TXN-00005926,CUST-003010,49.43,card,dining
TXN-00005927,CUST-000856,411.87,card,grocery
TXN-00005928,CUST-000996,142.93,card,education
TXN-00005929,CUST-003549,43.52,atm,education
TXN-00005930,CUST-004974,311.42,card,grocery
TXN-00005931,CUST-005556,140.35,atm,dining
TXN-00005932,CUST-000626,157.02,online,grocery
TXN-00005933,CUST-003153,7.36,online,grocery
TXN-00005934,CUST-001450,143.07,card,travel
TXN-00005935,CUST-003866,69.93,card,health
TXN-00005936,CUST-003627,112.01,online,grocery
TXN-00005937,CUST-005574,137.94,card,dining
TXN-00005938,CUST-002822,113.37,card,travel
TXN-00005939,CUST-003929,119.84,online,dining
TXN-00005940,CUST-005024,164.4,card,travel
TXN-00005941,CUST-000858,56.89,online,education
TXN-00005942,CUST-005039,426.3,online,dining
TXN-00005943,CUST-002024,138.05,card,grocery
TXN-00005944,CUST-000825,35.42,wallet,travel
TXN-00005945,CUST-000114,105.2,card,utilities
TXN-00005946,CUST-003380,26.23,card,dining
TXN-00005947,CUST-000127,165.15,atm,travel
TXN-00005948,CUST-000371,26.77,card,health
TXN-00005949,CUST-000306,62.8,branch,retail
TXN-00005950,CUST-004626,55.0,atm,utilities
TXN-00005951,CUST-000371,168.76,online,education
TXN-00005952,CUST-001868,34.27,online,education
TXN-00005953,CUST-002364,113.73,atm,grocery
TXN-00005954,CUST-004778,19.23,card,travel
TXN-00005955,CUST-004883,213.63,branch,utilities
TXN-00005956,CUST-003512,71.48,online,utilities
TXN-00005957,CUST-005515,49.85,card,utilities
TXN-00005958,CUST-003744,91.2,branch,dining
TXN-00005959,CUST-004062,98.57,card,health
TXN-00005960,CUST-005232,45.34,card,travel
TXN-00005961,CUST-002514,367.79,atm,health
TXN-00005962,CUST-001134,214.59,online,utilities
TXN-00005963,CUST-003869,14.59,branch,travel
TXN-00005964,CUST-003254,80.17,online,dining
TXN-00005965,CUST-002610,57.63,card,grocery
TXN-00005966,CUST-000217,4.86,card,health
TXN-00005967,CUST-004186,86.21,online,health
TXN-00005968,CUST-004507,34.08,branch,education
TXN-00005969,CUST-000079,64.63,card,travel
TXN-00005970,CUST-002263,107.23,card,travel
TXN-00005971,CUST-004484,154.83,card,health
TXN-00005972,CUST-000822,101.55,card,grocery
TXN-00005973,CUST-004902,8.03,online,travel
TXN-00005974,CUST-001823,72.97,branch,health
TXN-00005975,CUST-005303,12.63,branch,education
TXN-00005976,CUST-005300,25.49,card,dining
TXN-00005977,CUST-005762,500.8,atm,grocery
TXN-00005978,CUST-000817,84.42,online,health
TXN-00005979,CUST-003135,12.67,card,health
TXN-00005980,CUST-000081,62.03,online,grocery
TXN-00005981,CUST-001217,655.6,card,retail
TXN-00005982,CUST-003888,43.52,card,health
TXN-00005983,CUST-003047,9.9,branch,utilities
TXN-00005984,CUST-003134,67.86,card,education
TXN-00005985,CUST-003331,673.31,online,education
TXN-00005986,CUST-003103,46.69,branch,education
TXN-00005987,CUST-003000,350.71,wallet,retail
TXN-00005988,CUST-000022,72.1,wallet,travel
TXN-00005989,CUST-000667,832.77,online,education
TXN-00005990,CUST-003094,62.47,branch,education
TXN-00005991,CUST-004912,59.18,wallet,grocery
TXN-00005992,CUST-003270,136.79,online,utilities
TXN-00005993,CUST-002572,39.19,wallet,utilities
TXN-00005994,CUST-002184,49.88,card,health
TXN-00005995,CUST-000744,64.45,online,retail
TXN-00005996,CUST-005149,408.54,wallet,dining
TXN-00005997,CUST-002583,11.37,online,dining
TXN-00005998,CUST-000043,22.53,branch,utilities
TXN-00005999,CUST-001011,365.99,card,utilities
TXN-00006000,CUST-005970,79.44,wallet,dining
TXN-00006001,CUST-004550,25.05,atm,dining
TXN-00006002,CUST-002430,124.89,card,health
TXN-00006003,CUST-000330,67.63,wallet,dining
TXN-00006004,CUST-000627,40.83,online,education
TXN-00006005,CUST-002414,28.75,branch,retail
TXN-00006006,CUST-002566,50.64,branch,travel
TXN-00006007,CUST-004351,7.92,online,education
TXN-00006008,CUST-002580,42.01,atm,education
TXN-00006009,CUST-002281,204.29,card,travel
TXN-00006010,CUST-001356,140.81,online,health
TXN-00006011,CUST-005715,47.48,online,utilities
TXN-00006012,CUST-004109,18.51,wallet,grocery
TXN-00006013,CUST-004978,42.52,card,retail
TXN-00006014,CUST-004336,7.01,online,dining
TXN-00006015,CUST-000586,109.8,card,utilities
TXN-00006016,CUST-005394,121.76,atm,dining
TXN-00006017,CUST-002807,155.72,wallet,education
TXN-00006018,CUST-005041,202.0,atm,travel
TXN-00006019,CUST-002000,160.55,branch,dining
TXN-00006020,CUST-005253,77.15,atm,education
TXN-00006021,CUST-005870,43.43,branch,retail
TXN-00006022,CUST-003153,41.2,atm,health
TXN-00006023,CUST-005482,66.49,online,utilities
TXN-00006024,CUST-001188,151.64,card,utilities
TXN-00006025,CUST-004521,27.45,online,travel
TXN-00006026,CUST-002949,92.15,online,health
TXN-00006027,CUST-001272,25.86,online,retail
TXN-00006028,CUST-000285,113.12,atm,retail
TXN-00006029,CUST-004643,35.28,online,retail
TXN-00006030,CUST-005599,474.78,atm,utilities
TXN-00006031,CUST-001035,51.78,card,education
TXN-00006032,CUST-003656,88.54,branch,grocery
TXN-00006033,CUST-002599,19.93,online,education
TXN-00006034,CUST-005310,119.41,card,dining
TXN-00006035,CUST-001319,200.37,online,dining
TXN-00006036,CUST-001024,30.86,atm,dining
TXN-00006037,CUST-001624,65.46,card,retail
TXN-00006038,CUST-000899,27.66,card,education
TXN-00006039,CUST-004411,59.12,branch,retail
TXN-00006040,CUST-000086,179.67,card,utilities
TXN-00006041,CUST-002125,547.13,online,travel
TXN-00006042,CUST-003086,152.93,online,retail
TXN-00006043,CUST-004106,21.02,card,health
TXN-00006044,CUST-004509,65.96,online,utilities
TXN-00006045,CUST-003147,154.09,online,health
TXN-00006046,CUST-005402,3.36,branch,dining
TXN-00006047,CUST-004883,100.58,card,grocery
TXN-00006048,CUST-002509,87.39,branch,retail
TXN-00006049,CUST-002211,620.47,wallet,grocery
TXN-00006050,CUST-003425,73.59,atm,retail
TXN-00006051,CUST-004445,324.57,branch,utilities
TXN-00006052,CUST-001341,57.13,online,utilities
TXN-00006053,CUST-000243,143.63,card,travel
TXN-00006054,CUST-001563,103.07,card,utilities
TXN-00006055,CUST-002978,404.89,atm,education
TXN-00006056,CUST-002961,299.36,card,travel
TXN-00006057,CUST-002986,46.91,card,health
TXN-00006058,CUST-005643,15.83,card,utilities
TXN-00006059,CUST-002950,177.27,atm,health
TXN-00006060,CUST-001674,410.54,branch,dining
TXN-00006061,CUST-004317,15.98,card,utilities
TXN-00006062,CUST-000057,429.9,atm,retail
TXN-00006063,CUST-004767,32.01,online,grocery
TXN-00006064,CUST-003025,292.42,online,grocery
TXN-00006065,CUST-002944,71.06,wallet,travel
TXN-00006066,CUST-003161,263.54,wallet,education
TXN-00006067,CUST-000130,112.85,online,grocery
TXN-00006068,CUST-000619,218.28,online,dining
TXN-00006069,CUST-002731,52.84,atm,travel
TXN-00006070,CUST-002199,18.95,card,retail
TXN-00006071,CUST-004370,220.55,online,health
TXN-00006072,CUST-001275,226.93,online,grocery
TXN-00006073,CUST-001724,50.09,card,grocery
TXN-00006074,CUST-003573,113.93,card,education
TXN-00006075,CUST-002934,42.42,atm,dining
TXN-00006076,CUST-005209,18.06,atm,dining
TXN-00006077,CUST-001596,107.28,online,grocery
TXN-00006078,CUST-004086,140.94,online,health
TXN-00006079,CUST-000654,50.57,online,utilities
TXN-00006080,CUST-004600,272.91,online,travel
TXN-00006081,CUST-000241,33.29,wallet,grocery
TXN-00006082,CUST-004648,251.19,branch,grocery
TXN-00006083,CUST-004620,24.28,card,travel
TXN-00006084,CUST-000031,118.85,card,health
TXN-00006085,CUST-000319,82.4,branch,dining
TXN-00006086,CUST-003010,199.63,online,travel
TXN-00006087,CUST-001614,111.93,branch,utilities
TXN-00006088,CUST-001745,114.38,card,travel
TXN-00006089,CUST-003709,72.52,card,grocery
TXN-00006090,CUST-004242,129.73,online,retail
TXN-00006091,CUST-002614,21.3,online,dining
TXN-00006092,CUST-004883,7.01,online,dining
TXN-00006093,CUST-003791,539.64,branch,education
TXN-00006094,CUST-001256,13.93,card,dining
TXN-00006095,CUST-000775,446.62,online,dining
TXN-00006096,CUST-005562,36.08,card,health
TXN-00006097,CUST-000355,332.34,atm,grocery
TXN-00006098,CUST-005378,304.52,online,health
TXN-00006099,CUST-005699,65.81,card,grocery
TXN-00006100,CUST-004783,66.38,online,education
TXN-00006101,CUST-004203,37.51,atm,health
TXN-00006102,CUST-005407,77.07,card,dining
TXN-00006103,CUST-002939,103.59,online,utilities
TXN-00006104,CUST-000091,633.94,card,retail
TXN-00006105,CUST-004184,12.13,card,dining
TXN-00006106,CUST-001693,64.13,card,travel
TXN-00006107,CUST-002087,156.49,online,grocery
TXN-00006108,CUST-000541,20.21,online,dining
TXN-00006109,CUST-005598,238.88,branch,retail
TXN-00006110,CUST-005981,266.8,card,retail
TXN-00006111,CUST-002547,173.75,online,travel
TXN-00006112,CUST-002396,49.24,wallet,grocery
TXN-00006113,CUST-002873,179.62,card,retail
TXN-00006114,CUST-005552,64.56,wallet,grocery
TXN-00006115,CUST-005983,50.72,online,utilities
TXN-00006116,CUST-003472,166.86,branch,utilities
TXN-00006117,CUST-002160,45.6,card,travel
TXN-00006118,CUST-005167,189.87,card,health
TXN-00006119,CUST-000009,186.92,branch,education
TXN-00006120,CUST-001464,225.97,card,retail
TXN-00006121,CUST-003969,35.56,atm,dining
TXN-00006122,CUST-000670,134.91,atm,grocery
TXN-00006123,CUST-004731,55.97,atm,utilities
TXN-00006124,CUST-000739,623.93,branch,education
TXN-00006125,CUST-001621,20.1,online,grocery
TXN-00006126,CUST-004497,86.59,online,health
TXN-00006127,CUST-004436,68.85,online,retail
TXN-00006128,CUST-002577,77.32,card,health
TXN-00006129,CUST-002187,20.8,card,health
TXN-00006130,CUST-001633,35.17,online,health
TXN-00006131,CUST-004062,18.66,branch,utilities
TXN-00006132,CUST-004338,17.95,online,education
TXN-00006133,CUST-005413,53.05,wallet,utilities
TXN-00006134,CUST-001563,766.79,online,dining
TXN-00006135,CUST-003623,178.97,atm,utilities
TXN-00006136,CUST-005181,38.94,wallet,utilities
TXN-00006137,CUST-004258,64.17,card,travel
TXN-00006138,CUST-000488,23.36,card,education
TXN-00006139,CUST-005111,5.24,card,travel
TXN-00006140,CUST-001928,77.8,wallet,utilities
TXN-00006141,CUST-004861,59.87,branch,utilities
TXN-00006142,CUST-001729,61.99,card,utilities
TXN-00006143,CUST-000389,48.12,online,utilities
TXN-00006144,CUST-005484,45.5,online,health
TXN-00006145,CUST-003199,122.69,branch,travel
TXN-00006146,CUST-002783,24.64,online,dining
TXN-00006147,CUST-005951,81.04,branch,grocery
TXN-00006148,CUST-003692,13.14,atm,grocery
TXN-00006149,CUST-004451,501.01,card,travel
TXN-00006150,CUST-005212,158.86,card,utilities
TXN-00006151,CUST-004234,38.6,card,grocery
TXN-00006152,CUST-004381,52.34,atm,health
TXN-00006153,CUST-001572,163.74,wallet,health
TXN-00006154,CUST-002439,188.08,card,retail
TXN-00006155,CUST-000856,42.88,branch,education
TXN-00006156,CUST-002579,42.63,branch,travel
TXN-00006157,CUST-004905,40.55,card,grocery
TXN-00006158,CUST-005392,153.48,card,dining
TXN-00006159,CUST-004349,56.19,online,health
TXN-00006160,CUST-004393,126.64,card,grocery
TXN-00006161,CUST-001510,109.44,atm,education
TXN-00006162,CUST-000567,48.82,card,dining
TXN-00006163,CUST-005477,19.8,card,utilities
TXN-00006164,CUST-004479,212.02,atm,utilities
TXN-00006165,CUST-005759,85.0,online,utilities
TXN-00006166,CUST-001107,89.83,wallet,health
TXN-00006167,CUST-001424,72.69,card,travel
TXN-00006168,CUST-004839,21.38,online,education
TXN-00006169,CUST-002128,49.39,branch,health
TXN-00006170,CUST-003393,96.56,card,retail
TXN-00006171,CUST-002118,43.61,online,grocery
TXN-00006172,CUST-004097,107.17,online,grocery
TXN-00006173,CUST-000099,65.0,branch,dining
TXN-00006174,CUST-003706,18.62,card,utilities
TXN-00006175,CUST-002670,11.69,online,retail
TXN-00006176,CUST-001960,110.45,online,retail
TXN-00006177,CUST-002112,33.25,wallet,health
TXN-00006178,CUST-005383,55.01,branch,utilities
TXN-00006179,CUST-003535,31.94,wallet,retail
TXN-00006180,CUST-005833,207.81,card,education
TXN-00006181,CUST-001289,19.02,atm,dining
TXN-00006182,CUST-003995,184.22,atm,retail
TXN-00006183,CUST-000639,18.05,card,retail
TXN-00006184,CUST-001319,130.35,branch,utilities
TXN-00006185,CUST-003730,62.92,branch,retail
TXN-00006186,CUST-002097,80.6,online,utilities
TXN-00006187,CUST-003842,98.05,card,retail
TXN-00006188,CUST-000126,61.85,online,grocery
TXN-00006189,CUST-002338,145.89,card,education
TXN-00006190,CUST-002717,48.05,wallet,utilities
TXN-00006191,CUST-004310,22.03,branch,dining
TXN-00006192,CUST-004978,45.9,wallet,grocery
TXN-00006193,CUST-002553,47.99,card,retail
TXN-00006194,CUST-003917,92.74,online,utilities
TXN-00006195,CUST-002706,23.54,card,health
TXN-00006196,CUST-001691,185.83,online,dining
TXN-00006197,CUST-001262,276.72,online,education
TXN-00006198,CUST-000075,54.96,wallet,grocery
TXN-00006199,CUST-000379,129.55,online,travel
TXN-00006200,CUST-001784,599.51,atm,retail
TXN-00006201,CUST-002282,86.76,atm,grocery
TXN-00006202,CUST-000408,20.92,online,health
TXN-00006203,CUST-002709,53.05,card,utilities
TXN-00006204,CUST-004466,38.51,online,travel
TXN-00006205,CUST-005601,92.36,branch,retail
TXN-00006206,CUST-005600,243.82,branch,education
TXN-00006207,CUST-001485,12.46,atm,education
TXN-00006208,CUST-001386,281.67,wallet,health
TXN-00006209,CUST-004204,94.85,online,dining
TXN-00006210,CUST-001947,149.0,online,health
TXN-00006211,CUST-000398,113.53,card,dining
TXN-00006212,CUST-003772,39.21,online,education
TXN-00006213,CUST-004150,119.32,online,dining
TXN-00006214,CUST-000660,205.35,atm,health
TXN-00006215,CUST-005474,251.59,wallet,health
TXN-00006216,CUST-004244,225.03,online,dining
TXN-00006217,CUST-000128,45.04,atm,utilities
TXN-00006218,CUST-003130,277.78,card,travel
TXN-00006219,CUST-004416,212.48,online,grocery
TXN-00006220,CUST-005891,186.14,online,education
TXN-00006221,CUST-000418,22.65,online,utilities
TXN-00006222,CUST-000609,43.47,card,grocery
TXN-00006223,CUST-002396,85.28,atm,dining
TXN-00006224,CUST-000457,174.21,card,utilities
TXN-00006225,CUST-000982,17.4,card,travel
TXN-00006226,CUST-000803,23.71,card,education
TXN-00006227,CUST-003622,82.22,card,utilities
TXN-00006228,CUST-003035,25.42,card,health
TXN-00006229,CUST-003010,50.61,branch,dining
TXN-00006230,CUST-003508,66.01,card,retail
TXN-00006231,CUST-002427,9.81,card,retail
TXN-00006232,CUST-002588,92.67,card,travel
TXN-00006233,CUST-001957,61.57,card,education
TXN-00006234,CUST-003603,15.61,branch,health
TXN-00006235,CUST-001409,40.35,branch,dining
TXN-00006236,CUST-004930,157.25,online,education
TXN-00006237,CUST-003504,50.94,wallet,health
TXN-00006238,CUST-005244,72.55,atm,utilities
TXN-00006239,CUST-004946,94.35,online,education
TXN-00006240,CUST-000949,10.9,atm,health
TXN-00006241,CUST-002180,297.37,card,travel
TXN-00006242,CUST-002515,113.39,online,grocery
TXN-00006243,CUST-003679,108.81,online,health
TXN-00006244,CUST-000606,136.8,card,utilities
TXN-00006245,CUST-003193,66.2,atm,dining
TXN-00006246,CUST-002057,70.73,card,dining
TXN-00006247,CUST-003970,703.74,online,education
TXN-00006248,CUST-004063,17.12,branch,utilities
TXN-00006249,CUST-005838,133.67,card,travel
TXN-00006250,CUST-002957,25.56,card,utilities
TXN-00006251,CUST-002874,292.86,online,retail
TXN-00006252,CUST-000479,79.2,atm,retail
TXN-00006253,CUST-004983,17.88,card,utilities
TXN-00006254,CUST-001074,123.62,card,health
TXN-00006255,CUST-000364,211.1,atm,health
TXN-00006256,CUST-003741,102.6,card,education
TXN-00006257,CUST-003983,176.7,atm,health
TXN-00006258,CUST-001061,304.5,online,utilities
TXN-00006259,CUST-004861,160.92,card,grocery
TXN-00006260,CUST-004415,47.65,online,retail
TXN-00006261,CUST-003860,284.97,card,health
TXN-00006262,CUST-004902,116.99,online,education
TXN-00006263,CUST-003184,44.94,card,retail
TXN-00006264,CUST-001882,114.14,card,health
TXN-00006265,CUST-005890,110.18,card,health
TXN-00006266,CUST-005062,84.26,online,grocery
TXN-00006267,CUST-001446,19.34,atm,retail
TXN-00006268,CUST-001433,242.73,online,grocery
TXN-00006269,CUST-002634,156.51,online,education
TXN-00006270,CUST-005123,40.76,atm,dining
TXN-00006271,CUST-000049,122.32,online,retail
TXN-00006272,CUST-003380,103.52,online,grocery
TXN-00006273,CUST-005864,15.54,online,retail
TXN-00006274,CUST-000638,68.11,card,retail
TXN-00006275,CUST-003091,101.69,wallet,utilities
TXN-00006276,CUST-005390,385.62,online,dining
TXN-00006277,CUST-004082,81.13,card,utilities
TXN-00006278,CUST-002402,404.39,online,travel
TXN-00006279,CUST-000278,56.54,card,education
TXN-00006280,CUST-000012,59.92,atm,education
TXN-00006281,CUST-003285,14.38,card,health
TXN-00006282,CUST-002279,70.31,online,education
TXN-00006283,CUST-005140,50.35,card,retail
TXN-00006284,CUST-002587,42.78,card,retail
TXN-00006285,CUST-001168,44.32,wallet,travel
TXN-00006286,CUST-004079,28.71,branch,health
TXN-00006287,CUST-002221,30.16,card,health
TXN-00006288,CUST-002007,75.36,card,dining
TXN-00006289,CUST-005412,138.74,online,travel
TXN-00006290,CUST-004639,294.26,card,utilities
TXN-00006291,CUST-004733,108.65,online,health
TXN-00006292,CUST-005953,15.32,atm,travel
TXN-00006293,CUST-002502,101.16,atm,health
TXN-00006294,CUST-001561,279.89,online,grocery
TXN-00006295,CUST-002220,98.49,wallet,grocery
TXN-00006296,CUST-000088,251.89,card,dining
TXN-00006297,CUST-005476,53.42,online,health
TXN-00006298,CUST-004832,41.74,branch,dining
TXN-00006299,CUST-000956,43.58,atm,grocery
TXN-00006300,CUST-002573,124.64,card,health
TXN-00006301,CUST-000806,29.89,card,education
TXN-00006302,CUST-003299,54.97,card,retail
TXN-00006303,CUST-003806,109.67,online,travel
TXN-00006304,CUST-003659,283.51,atm,retail
TXN-00006305,CUST-003671,32.05,card,health
TXN-00006306,CUST-002248,307.64,wallet,health
TXN-00006307,CUST-004586,328.81,card,grocery
TXN-00006308,CUST-005261,25.56,atm,travel
TXN-00006309,CUST-001037,46.13,online,education
TXN-00006310,CUST-004951,42.07,branch,education
TXN-00006311,CUST-003717,27.44,online,utilities
TXN-00006312,CUST-005042,95.53,card,travel
TXN-00006313,CUST-003737,175.79,card,retail
TXN-00006314,CUST-002282,79.43,card,health
TXN-00006315,CUST-004577,70.16,branch,retail
TXN-00006316,CUST-004749,368.5,card,health
TXN-00006317,CUST-000092,44.3,online,health
TXN-00006318,CUST-003973,84.76,branch,travel
TXN-00006319,CUST-001415,67.01,card,health
TXN-00006320,CUST-000748,36.49,atm,health
TXN-00006321,CUST-002862,33.67,online,travel
TXN-00006322,CUST-001994,101.7,online,grocery
TXN-00006323,CUST-001137,369.99,card,utilities
TXN-00006324,CUST-002439,115.82,card,dining
TXN-00006325,CUST-003245,26.84,atm,health
TXN-00006326,CUST-004914,36.97,online,retail
TXN-00006327,CUST-001806,90.09,online,utilities
TXN-00006328,CUST-002312,38.48,card,health
TXN-00006329,CUST-001605,103.33,card,grocery
TXN-00006330,CUST-003350,128.13,atm,education
TXN-00006331,CUST-003354,51.86,branch,travel
TXN-00006332,CUST-005278,8.14,card,utilities
TXN-00006333,CUST-002728,71.14,card,health
TXN-00006334,CUST-004833,200.09,online,education
TXN-00006335,CUST-002699,111.47,online,retail
TXN-00006336,CUST-001896,352.85,card,health
TXN-00006337,CUST-004323,160.27,atm,travel
TXN-00006338,CUST-001170,45.21,card,health
TXN-00006339,CUST-005964,42.5,card,utilities
TXN-00006340,CUST-004853,56.54,card,grocery
TXN-00006341,CUST-001863,49.96,online,travel
TXN-00006342,CUST-002000,90.23,card,retail
TXN-00006343,CUST-003288,23.42,online,education
TXN-00006344,CUST-003388,35.59,online,health
TXN-00006345,CUST-003770,54.13,online,travel
TXN-00006346,CUST-001188,75.24,wallet,utilities
TXN-00006347,CUST-005073,163.14,card,education
TXN-00006348,CUST-002602,46.95,card,health
TXN-00006349,CUST-002775,8.76,online,dining
TXN-00006350,CUST-002011,199.45,card,education
TXN-00006351,CUST-001978,56.78,online,travel
TXN-00006352,CUST-001078,59.03,card,dining
TXN-00006353,CUST-000786,159.49,wallet,dining
TXN-00006354,CUST-004199,221.54,atm,grocery
TXN-00006355,CUST-002609,112.05,branch,travel
TXN-00006356,CUST-004182,75.55,online,retail
TXN-00006357,CUST-004000,57.57,online,retail
TXN-00006358,CUST-000274,26.39,wallet,travel
TXN-00006359,CUST-003500,95.51,online,education
TXN-00006360,CUST-004093,22.78,wallet,retail
TXN-00006361,CUST-005852,70.97,online,grocery
TXN-00006362,CUST-004324,493.46,branch,retail
TXN-00006363,CUST-003458,17.95,card,utilities
TXN-00006364,CUST-004540,112.33,online,health
TXN-00006365,CUST-004781,49.71,atm,grocery
TXN-00006366,CUST-001097,34.43,online,grocery
TXN-00006367,CUST-003862,45.51,atm,travel
TXN-00006368,CUST-002489,82.29,card,grocery
TXN-00006369,CUST-001315,745.85,branch,travel
TXN-00006370,CUST-002855,167.88,card,health
TXN-00006371,CUST-000216,137.54,card,health
TXN-00006372,CUST-000052,43.73,card,education
TXN-00006373,CUST-002615,25.59,wallet,dining
TXN-00006374,CUST-003435,35.2,atm,travel
TXN-00006375,CUST-004540,256.28,card,education
TXN-00006376,CUST-000349,44.25,card,utilities
TXN-00006377,CUST-002667,94.41,online,education
TXN-00006378,CUST-003595,77.29,atm,health
TXN-00006379,CUST-003637,85.66,atm,health
TXN-00006380,CUST-005953,66.5,card,retail
TXN-00006381,CUST-005240,122.85,atm,travel
TXN-00006382,CUST-001054,35.46,card,dining
TXN-00006383,CUST-004619,139.69,card,travel
TXN-00006384,CUST-001350,560.08,online,grocery
TXN-00006385,CUST-001740,76.88,atm,health
TXN-00006386,CUST-005841,53.52,branch,education
TXN-00006387,CUST-005288,63.75,card,health
TXN-00006388,CUST-000698,158.73,online,travel
TXN-00006389,CUST-003374,22.44,atm,grocery
TXN-00006390,CUST-002279,253.19,atm,health
TXN-00006391,CUST-002262,83.28,card,dining
TXN-00006392,CUST-002887,107.42,card,grocery
TXN-00006393,CUST-005877,67.59,card,utilities
TXN-00006394,CUST-003097,74.6,card,education
TXN-00006395,CUST-001229,30.16,card,grocery
TXN-00006396,CUST-004720,30.07,online,education
TXN-00006397,CUST-000575,21.37,card,utilities
TXN-00006398,CUST-001806,18.02,online,education
TXN-00006399,CUST-002762,254.39,card,utilities
TXN-00006400,CUST-001056,63.72,card,grocery
TXN-00006401,CUST-000312,108.53,online,retail
TXN-00006402,CUST-002160,110.99,atm,travel
TXN-00006403,CUST-002194,84.72,card,retail
TXN-00006404,CUST-001192,153.22,card,education
TXN-00006405,CUST-003021,284.01,online,health
TXN-00006406,CUST-003522,84.34,atm,dining
TXN-00006407,CUST-001391,37.73,online,education
TXN-00006408,CUST-004330,246.07,atm,grocery
TXN-00006409,CUST-000105,17.5,card,retail
TXN-00006410,CUST-002851,142.75,online,retail
TXN-00006411,CUST-003994,85.74,online,health
TXN-00006412,CUST-005626,140.74,branch,education
TXN-00006413,CUST-003114,25.14,card,dining
TXN-00006414,CUST-001777,146.82,branch,education
TXN-00006415,CUST-003509,54.69,card,retail
TXN-00006416,CUST-002884,42.86,online,travel
TXN-00006417,CUST-004204,347.7,online,retail
TXN-00006418,CUST-000905,205.86,online,utilities
TXN-00006419,CUST-004741,117.66,branch,dining
TXN-00006420,CUST-000758,98.53,branch,utilities
TXN-00006421,CUST-004674,32.67,online,travel
TXN-00006422,CUST-000118,34.82,branch,grocery
TXN-00006423,CUST-004360,126.65,online,health
TXN-00006424,CUST-004683,23.2,online,education
TXN-00006425,CUST-004468,223.57,online,travel
TXN-00006426,CUST-003619,257.18,wallet,dining
TXN-00006427,CUST-000150,213.49,card,education
TXN-00006428,CUST-005379,137.15,branch,health
TXN-00006429,CUST-004809,30.78,atm,retail
TXN-00006430,CUST-000879,29.49,card,grocery
TXN-00006431,CUST-000634,274.65,wallet,grocery
TXN-00006432,CUST-004199,108.85,card,utilities
TXN-00006433,CUST-001521,155.33,card,retail
TXN-00006434,CUST-002557,262.88,wallet,retail
TXN-00006435,CUST-002498,576.17,online,travel
TXN-00006436,CUST-005420,33.11,branch,utilities
TXN-00006437,CUST-003536,264.9,atm,education
TXN-00006438,CUST-000912,14.4,card,education
TXN-00006439,CUST-000850,54.3,branch,travel
TXN-00006440,CUST-004147,22.62,card,health
TXN-00006441,CUST-005130,124.69,card,dining
TXN-00006442,CUST-005043,441.42,card,utilities
TXN-00006443,CUST-003065,36.34,card,education
TXN-00006444,CUST-002153,13.43,wallet,health
TXN-00006445,CUST-001602,27.84,branch,dining
TXN-00006446,CUST-001654,22.16,atm,dining
TXN-00006447,CUST-004747,6.03,card,dining
TXN-00006448,CUST-005850,123.98,card,education
TXN-00006449,CUST-005925,104.75,card,utilities
TXN-00006450,CUST-003981,40.9,branch,retail
TXN-00006451,CUST-002833,118.45,card,education
TXN-00006452,CUST-003689,142.47,card,dining
TXN-00006453,CUST-001133,356.49,atm,health
TXN-00006454,CUST-003316,100.11,atm,education
TXN-00006455,CUST-002082,26.18,card,dining
TXN-00006456,CUST-000454,155.25,card,education
TXN-00006457,CUST-000931,26.98,card,education
TXN-00006458,CUST-005104,104.36,card,dining
TXN-00006459,CUST-000606,385.59,online,travel
TXN-00006460,CUST-001450,94.11,online,education
TXN-00006461,CUST-000803,152.43,online,grocery
TXN-00006462,CUST-005588,16.48,card,dining
TXN-00006463,CUST-003395,284.74,card,grocery
TXN-00006464,CUST-003024,5.05,card,travel
TXN-00006465,CUST-002623,421.23,card,utilities
TXN-00006466,CUST-002275,595.4,atm,grocery
TXN-00006467,CUST-002428,55.48,online,education
TXN-00006468,CUST-005414,46.88,card,grocery
TXN-00006469,CUST-001245,64.5,wallet,utilities
TXN-00006470,CUST-005204,238.77,online,travel
TXN-00006471,CUST-005289,15.38,branch,utilities
TXN-00006472,CUST-000987,59.99,branch,dining
TXN-00006473,CUST-002555,104.27,card,grocery
TXN-00006474,CUST-005886,365.76,atm,travel
TXN-00006475,CUST-000259,27.59,atm,health
TXN-00006476,CUST-000351,134.0,branch,grocery
TXN-00006477,CUST-000211,96.96,online,grocery
TXN-00006478,CUST-001582,203.94,branch,grocery
TXN-00006479,CUST-002244,190.35,online,grocery
TXN-00006480,CUST-003157,39.22,card,dining
TXN-00006481,CUST-003384,1598.58,online,education
TXN-00006482,CUST-000543,337.26,online,retail
TXN-00006483,CUST-002529,24.81,atm,grocery
TXN-00006484,CUST-003303,36.37,atm,utilities
TXN-00006485,CUST-000509,156.61,online,dining
TXN-00006486,CUST-003344,45.77,online,education
TXN-00006487,CUST-004121,64.51,branch,utilities
TXN-00006488,CUST-000393,414.86,atm,utilities
TXN-00006489,CUST-003262,232.8,online,dining
TXN-00006490,CUST-000491,52.52,card,health
TXN-00006491,CUST-005949,59.12,card,dining
TXN-00006492,CUST-004934,9.54,wallet,education
TXN-00006493,CUST-004208,116.68,branch,education
TXN-00006494,CUST-003252,8.73,online,health
TXN-00006495,CUST-002086,26.24,card,retail
TXN-00006496,CUST-004993,22.11,card,education
TXN-00006497,CUST-003126,207.76,branch,grocery
TXN-00006498,CUST-005813,103.59,online,retail
TXN-00006499,CUST-001685,135.4,branch,health
TXN-00006500,CUST-002343,18.33,card,education
TXN-00006501,CUST-001642,270.25,online,travel
TXN-00006502,CUST-001210,76.68,branch,grocery
TXN-00006503,CUST-000774,20.87,online,health
TXN-00006504,CUST-000627,48.78,atm,utilities
TXN-00006505,CUST-004154,430.55,card,travel
TXN-00006506,CUST-002624,35.46,atm,health
TXN-00006507,CUST-002669,104.7,atm,utilities
TXN-00006508,CUST-001041,78.82,card,dining
TXN-00006509,CUST-004835,37.44,online,retail
TXN-00006510,CUST-000412,130.5,card,travel
TXN-00006511,CUST-000777,119.58,card,health
TXN-00006512,CUST-000543,65.15,card,education
TXN-00006513,CUST-004412,62.48,card,utilities
TXN-00006514,CUST-000393,27.86,card,utilities
TXN-00006515,CUST-004638,14.9,card,health
TXN-00006516,CUST-004844,173.34,online,travel
TXN-00006517,CUST-000098,37.78,branch,education
TXN-00006518,CUST-005222,118.09,card,education
TXN-00006519,CUST-002053,102.78,online,education
TXN-00006520,CUST-003682,82.4,online,education
TXN-00006521,CUST-001565,549.5,online,health
TXN-00006522,CUST-002389,19.63,branch,travel
TXN-00006523,CUST-001246,57.08,card,grocery
TXN-00006524,CUST-003158,71.19,card,dining
TXN-00006525,CUST-002873,126.67,atm,retail
TXN-00006526,CUST-002413,65.51,online,dining
TXN-00006527,CUST-003850,34.48,branch,travel
TXN-00006528,CUST-002393,17.83,online,travel
TXN-00006529,CUST-005162,53.62,card,retail
TXN-00006530,CUST-000412,21.93,card,retail
TXN-00006531,CUST-004375,160.87,online,education
TXN-00006532,CUST-002715,18.3,branch,education
TXN-00006533,CUST-002666,91.47,branch,education
TXN-00006534,CUST-001136,343.19,card,travel
TXN-00006535,CUST-002795,249.29,online,travel
TXN-00006536,CUST-002377,97.71,branch,health
TXN-00006537,CUST-004304,63.13,online,travel
TXN-00006538,CUST-005680,173.28,wallet,education
TXN-00006539,CUST-004163,403.79,branch,health
TXN-00006540,CUST-004030,27.8,card,health
TXN-00006541,CUST-000790,18.16,branch,dining
TXN-00006542,CUST-001693,25.78,online,utilities
TXN-00006543,CUST-001727,44.59,branch,health
TXN-00006544,CUST-004362,57.84,card,travel
TXN-00006545,CUST-004202,423.92,atm,health
TXN-00006546,CUST-004441,89.23,card,travel
TXN-00006547,CUST-001119,47.0,card,grocery
TXN-00006548,CUST-005392,394.44,card,education
TXN-00006549,CUST-002241,63.73,wallet,health
TXN-00006550,CUST-001579,180.01,online,education
TXN-00006551,CUST-003919,29.21,online,grocery
TXN-00006552,CUST-000615,258.24,online,travel
TXN-00006553,CUST-001879,59.79,card,dining
TXN-00006554,CUST-003507,55.37,atm,retail
TXN-00006555,CUST-001001,11.87,atm,travel
TXN-00006556,CUST-003843,40.8,card,health
TXN-00006557,CUST-002029,19.41,online,retail
TXN-00006558,CUST-003621,88.68,card,health
TXN-00006559,CUST-004767,27.19,card,retail
TXN-00006560,CUST-000953,13.71,card,education
TXN-00006561,CUST-002023,132.46,card,dining
TXN-00006562,CUST-000544,34.76,atm,education
TXN-00006563,CUST-002877,33.11,online,education
TXN-00006564,CUST-003603,940.7,card,health
TXN-00006565,CUST-001594,38.55,atm,dining
TXN-00006566,CUST-003502,198.18,online,utilities
TXN-00006567,CUST-003274,22.05,card,dining
TXN-00006568,CUST-003196,98.69,online,education
TXN-00006569,CUST-001329,133.68,online,health
TXN-00006570,CUST-002255,12.04,online,retail
TXN-00006571,CUST-004653,19.39,online,travel
TXN-00006572,CUST-005813,241.93,branch,health
TXN-00006573,CUST-004778,48.1,online,utilities
TXN-00006574,CUST-001215,79.06,online,grocery
TXN-00006575,CUST-003523,214.77,card,utilities
TXN-00006576,CUST-000751,270.1,wallet,grocery
TXN-00006577,CUST-001790,39.21,online,travel
TXN-00006578,CUST-000751,71.74,wallet,travel
TXN-00006579,CUST-003456,43.4,online,utilities
TXN-00006580,CUST-003553,60.01,card,retail
TXN-00006581,CUST-002816,38.97,card,dining
TXN-00006582,CUST-005146,47.85,online,grocery
TXN-00006583,CUST-002692,532.56,card,grocery
TXN-00006584,CUST-002239,43.32,card,dining
TXN-00006585,CUST-005065,4.92,online,health
TXN-00006586,CUST-005256,56.39,online,dining
TXN-00006587,CUST-003316,12.35,online,grocery
TXN-00006588,CUST-004776,102.05,card,retail
TXN-00006589,CUST-003841,60.61,card,travel
TXN-00006590,CUST-000576,605.57,card,utilities
TXN-00006591,CUST-000911,199.14,online,health
TXN-00006592,CUST-002399,8.52,card,dining
TXN-00006593,CUST-005156,19.63,online,utilities
TXN-00006594,CUST-003572,53.32,online,grocery
TXN-00006595,CUST-000181,93.61,card,education
TXN-00006596,CUST-005455,184.12,online,grocery
TXN-00006597,CUST-004041,129.21,card,education
TXN-00006598,CUST-002609,122.94,atm,grocery
TXN-00006599,CUST-003699,43.91,card,retail
TXN-00006600,CUST-004714,51.0,online,education
TXN-00006601,CUST-002203,101.37,online,travel
TXN-00006602,CUST-005528,100.95,atm,education
TXN-00006603,CUST-003549,115.65,atm,dining
TXN-00006604,CUST-004265,30.17,card,utilities
TXN-00006605,CUST-005901,68.77,card,education
TXN-00006606,CUST-003633,192.89,atm,travel
TXN-00006607,CUST-004741,40.03,atm,education
TXN-00006608,CUST-000364,120.51,wallet,dining
TXN-00006609,CUST-000358,29.97,online,retail
TXN-00006610,CUST-003020,68.65,branch,dining
TXN-00006611,CUST-001521,136.18,atm,travel
TXN-00006612,CUST-001842,165.64,atm,health
TXN-00006613,CUST-001590,30.55,card,health
TXN-00006614,CUST-000587,3.23,online,utilities
TXN-00006615,CUST-000380,285.93,atm,travel
TXN-00006616,CUST-001410,261.82,card,dining
TXN-00006617,CUST-003938,10.38,wallet,retail
TXN-00006618,CUST-003889,120.1,atm,utilities
TXN-00006619,CUST-004014,81.03,online,dining
TXN-00006620,CUST-000124,290.4,card,grocery
TXN-00006621,CUST-001050,263.7,card,grocery
TXN-00006622,CUST-001108,187.11,online,travel
TXN-00006623,CUST-004689,53.37,online,utilities
TXN-00006624,CUST-003845,6.65,atm,grocery
TXN-00006625,CUST-001950,114.11,atm,health
TXN-00006626,CUST-002673,23.71,wallet,grocery
TXN-00006627,CUST-002520,12.09,wallet,travel
TXN-00006628,CUST-002889,1330.25,wallet,travel
TXN-00006629,CUST-004057,35.97,card,utilities
TXN-00006630,CUST-001118,125.08,online,travel
TXN-00006631,CUST-004983,176.17,atm,travel
TXN-00006632,CUST-000120,114.37,online,travel
TXN-00006633,CUST-003140,4.25,card,retail
TXN-00006634,CUST-002998,328.55,card,health
TXN-00006635,CUST-004713,70.42,online,retail
TXN-00006636,CUST-002884,115.42,card,education
TXN-00006637,CUST-001453,35.47,card,retail
TXN-00006638,CUST-005471,29.74,online,education
TXN-00006639,CUST-000547,31.42,online,dining
TXN-00006640,CUST-000253,33.1,branch,travel
TXN-00006641,CUST-005380,39.89,atm,education
TXN-00006642,CUST-001127,249.61,card,education
TXN-00006643,CUST-004534,47.79,branch,utilities
TXN-00006644,CUST-001313,126.06,atm,health
TXN-00006645,CUST-002515,40.89,card,travel
TXN-00006646,CUST-000760,110.11,online,utilities
TXN-00006647,CUST-002599,70.73,online,retail
TXN-00006648,CUST-004260,39.7,card,health
TXN-00006649,CUST-001887,18.08,atm,education
TXN-00006650,CUST-001862,108.09,card,grocery
TXN-00006651,CUST-001630,27.43,card,dining
TXN-00006652,CUST-005015,120.78,online,travel
TXN-00006653,CUST-005158,15.21,wallet,travel
TXN-00006654,CUST-002117,35.93,card,grocery
TXN-00006655,CUST-003507,8.24,card,health
TXN-00006656,CUST-002949,26.38,branch,travel
TXN-00006657,CUST-004762,45.79,branch,grocery
TXN-00006658,CUST-004204,274.85,atm,dining
TXN-00006659,CUST-000098,306.96,card,retail
TXN-00006660,CUST-005353,201.45,online,retail
TXN-00006661,CUST-003153,129.71,online,dining
TXN-00006662,CUST-000413,87.42,wallet,retail
TXN-00006663,CUST-002297,39.21,atm,utilities
TXN-00006664,CUST-004315,57.49,card,retail
TXN-00006665,CUST-001009,36.59,online,retail
TXN-00006666,CUST-000131,211.84,wallet,health
TXN-00006667,CUST-001425,47.8,wallet,travel
TXN-00006668,CUST-003047,222.17,atm,travel
TXN-00006669,CUST-002588,18.03,card,health
TXN-00006670,CUST-003255,335.88,online,dining
TXN-00006671,CUST-002004,34.75,card,grocery
TXN-00006672,CUST-003707,47.07,card,travel
TXN-00006673,CUST-004251,94.84,online,health
TXN-00006674,CUST-003413,18.16,atm,retail
TXN-00006675,CUST-003190,71.69,online,retail
TXN-00006676,CUST-001445,46.09,atm,travel
TXN-00006677,CUST-003267,239.83,online,grocery
TXN-00006678,CUST-005017,38.27,atm,retail
TXN-00006679,CUST-002739,297.56,card,grocery
TXN-00006680,CUST-002530,82.57,online,grocery
TXN-00006681,CUST-004317,32.86,card,dining
TXN-00006682,CUST-003721,96.2,online,dining
TXN-00006683,CUST-001803,85.02,atm,health
TXN-00006684,CUST-002950,25.3,card,retail
TXN-00006685,CUST-004565,46.31,atm,grocery
TXN-00006686,CUST-003084,79.33,atm,grocery
TXN-00006687,CUST-004001,251.52,card,health
TXN-00006688,CUST-002654,281.34,online,grocery
TXN-00006689,CUST-005409,52.84,online,travel
TXN-00006690,CUST-000285,177.0,card,dining
TXN-00006691,CUST-005377,395.29,atm,education
TXN-00006692,CUST-002604,46.59,branch,travel
TXN-00006693,CUST-004941,40.6,branch,retail
TXN-00006694,CUST-005772,62.17,branch,utilities
TXN-00006695,CUST-005160,187.54,card,travel
TXN-00006696,CUST-004633,141.03,branch,education
TXN-00006697,CUST-000113,65.62,card,education
TXN-00006698,CUST-004171,129.75,atm,health
TXN-00006699,CUST-003371,17.35,online,dining
TXN-00006700,CUST-000715,23.46,atm,dining
TXN-00006701,CUST-002295,151.95,online,health
TXN-00006702,CUST-002525,10.0,online,education
TXN-00006703,CUST-001490,35.24,online,dining
TXN-00006704,CUST-004561,239.3,online,dining
TXN-00006705,CUST-003197,99.4,card,utilities
TXN-00006706,CUST-000299,179.88,card,grocery
TXN-00006707,CUST-002683,67.77,atm,dining
TXN-00006708,CUST-000723,892.3,online,retail
TXN-00006709,CUST-003395,452.05,online,grocery
TXN-00006710,CUST-002281,42.38,online,grocery
TXN-00006711,CUST-003008,5.89,wallet,travel
TXN-00006712,CUST-004421,43.81,online,education
TXN-00006713,CUST-002374,1107.42,atm,utilities
TXN-00006714,CUST-001265,77.9,online,education
TXN-00006715,CUST-002027,18.84,card,health
TXN-00006716,CUST-002205,98.86,card,retail
TXN-00006717,CUST-001279,49.2,card,health
TXN-00006718,CUST-001970,24.76,online,education
TXN-00006719,CUST-002401,12.1,online,utilities
TXN-00006720,CUST-003258,41.62,online,education
TXN-00006721,CUST-004319,63.31,online,education
TXN-00006722,CUST-003141,206.39,online,utilities
TXN-00006723,CUST-003326,71.69,branch,retail
TXN-00006724,CUST-004379,87.22,card,retail
TXN-00006725,CUST-001903,22.9,card,utilities
TXN-00006726,CUST-001331,44.84,online,travel
TXN-00006727,CUST-000606,77.23,online,education
TXN-00006728,CUST-004511,58.82,online,education
TXN-00006729,CUST-001817,104.0,online,health
TXN-00006730,CUST-005248,32.53,card,health
TXN-00006731,CUST-005229,149.83,online,retail
TXN-00006732,CUST-000297,297.25,online,retail
TXN-00006733,CUST-001107,11.11,atm,grocery
TXN-00006734,CUST-002349,61.79,atm,health
TXN-00006735,CUST-000963,438.21,branch,education
TXN-00006736,CUST-001095,12.03,online,dining
TXN-00006737,CUST-002659,32.95,card,retail
TXN-00006738,CUST-002844,213.12,card,grocery
TXN-00006739,CUST-002875,88.49,card,utilities
TXN-00006740,CUST-004660,70.59,wallet,utilities
TXN-00006741,CUST-001812,19.0,online,utilities
TXN-00006742,CUST-003003,123.0,atm,utilities
TXN-00006743,CUST-001233,242.02,card,health
TXN-00006744,CUST-001000,105.24,card,utilities
TXN-00006745,CUST-003614,41.47,card,retail
TXN-00006746,CUST-000732,61.87,online,health
TXN-00006747,CUST-005449,29.82,branch,dining
TXN-00006748,CUST-004681,50.29,atm,education
TXN-00006749,CUST-001249,15.36,online,grocery
TXN-00006750,CUST-000141,45.54,atm,retail
TXN-00006751,CUST-004876,158.11,card,health
TXN-00006752,CUST-005828,76.43,online,dining
TXN-00006753,CUST-004747,61.12,online,grocery
TXN-00006754,CUST-000274,30.35,branch,grocery
TXN-00006755,CUST-002888,83.0,online,utilities
TXN-00006756,CUST-001373,101.71,wallet,grocery
TXN-00006757,CUST-001601,34.2,branch,utilities
TXN-00006758,CUST-002317,43.22,branch,retail
TXN-00006759,CUST-002589,15.63,wallet,travel
TXN-00006760,CUST-004377,164.31,card,utilities
TXN-00006761,CUST-002487,387.54,online,education
TXN-00006762,CUST-005039,43.53,branch,utilities
TXN-00006763,CUST-002648,136.99,card,health
TXN-00006764,CUST-000873,201.22,online,dining
TXN-00006765,CUST-003428,66.43,card,health
TXN-00006766,CUST-003850,118.79,card,grocery
TXN-00006767,CUST-001950,32.32,card,grocery
TXN-00006768,CUST-001770,165.59,atm,health
TXN-00006769,CUST-005757,40.25,card,education
TXN-00006770,CUST-005453,97.33,online,education
TXN-00006771,CUST-000919,130.75,online,utilities
TXN-00006772,CUST-003532,94.06,online,retail
TXN-00006773,CUST-005348,171.06,wallet,education
TXN-00006774,CUST-001428,21.69,branch,dining
TXN-00006775,CUST-005928,124.99,online,utilities
TXN-00006776,CUST-001002,61.37,online,dining
TXN-00006777,CUST-004732,73.77,online,retail
TXN-00006778,CUST-005785,67.31,wallet,education
TXN-00006779,CUST-000254,61.31,online,grocery
TXN-00006780,CUST-005231,305.12,online,travel
TXN-00006781,CUST-004495,135.77,card,dining
TXN-00006782,CUST-002430,5.64,card,utilities
TXN-00006783,CUST-004298,155.7,atm,education
TXN-00006784,CUST-001074,124.7,online,health
TXN-00006785,CUST-005713,35.68,card,grocery
TXN-00006786,CUST-004646,104.22,branch,travel
TXN-00006787,CUST-001575,71.92,branch,travel
TXN-00006788,CUST-001418,90.61,online,education
TXN-00006789,CUST-003172,33.69,atm,education
TXN-00006790,CUST-005166,17.85,online,education
TXN-00006791,CUST-001265,274.92,online,travel
TXN-00006792,CUST-005756,45.31,card,health
TXN-00006793,CUST-003918,37.86,card,utilities
TXN-00006794,CUST-003220,121.77,card,education
TXN-00006795,CUST-000245,46.94,online,dining
TXN-00006796,CUST-003642,93.96,branch,education
TXN-00006797,CUST-000095,33.99,card,dining
TXN-00006798,CUST-000522,119.43,wallet,dining
TXN-00006799,CUST-000945,196.72,wallet,travel
TXN-00006800,CUST-003407,89.39,atm,utilities
TXN-00006801,CUST-004564,26.15,card,retail
TXN-00006802,CUST-003033,109.36,online,travel
TXN-00006803,CUST-000715,35.21,wallet,travel
TXN-00006804,CUST-003623,91.96,card,health
TXN-00006805,CUST-001956,10.78,atm,retail
TXN-00006806,CUST-004336,187.13,wallet,health
TXN-00006807,CUST-001480,97.22,online,grocery
TXN-00006808,CUST-002568,90.09,branch,travel
TXN-00006809,CUST-004596,201.26,wallet,education
TXN-00006810,CUST-002096,13.63,card,utilities
TXN-00006811,CUST-001894,32.76,card,education
TXN-00006812,CUST-001255,50.25,wallet,utilities
TXN-00006813,CUST-002720,7.58,online,grocery
TXN-00006814,CUST-001105,94.44,card,travel
TXN-00006815,CUST-004100,25.23,card,education
TXN-00006816,CUST-005128,253.96,online,retail
TXN-00006817,CUST-003828,30.55,online,grocery
TXN-00006818,CUST-000813,224.19,card,education
TXN-00006819,CUST-002358,27.36,card,grocery
TXN-00006820,CUST-000562,238.47,online,health
TXN-00006821,CUST-005720,57.52,online,retail
TXN-00006822,CUST-004277,36.69,card,grocery
TXN-00006823,CUST-000720,441.71,card,retail
TXN-00006824,CUST-004048,190.74,online,utilities
TXN-00006825,CUST-004514,62.47,atm,retail
TXN-00006826,CUST-004930,13.59,card,education
TXN-00006827,CUST-005162,28.0,branch,utilities
TXN-00006828,CUST-000351,83.05,online,grocery
TXN-00006829,CUST-005799,41.14,atm,health
TXN-00006830,CUST-002200,28.01,online,grocery
TXN-00006831,CUST-005227,63.24,wallet,education
TXN-00006832,CUST-001886,178.16,card,dining
TXN-00006833,CUST-002098,448.47,card,grocery
TXN-00006834,CUST-001045,29.72,online,health
TXN-00006835,CUST-004078,38.62,card,dining
TXN-00006836,CUST-000944,212.9,card,dining
TXN-00006837,CUST-000637,26.07,card,dining
TXN-00006838,CUST-005564,43.44,online,health
TXN-00006839,CUST-004270,84.93,online,utilities
TXN-00006840,CUST-000773,228.17,card,retail
TXN-00006841,CUST-005831,15.56,atm,dining
TXN-00006842,CUST-003315,61.37,card,travel
TXN-00006843,CUST-000166,25.93,card,utilities
TXN-00006844,CUST-000246,239.11,online,utilities
TXN-00006845,CUST-001673,108.69,card,utilities
TXN-00006846,CUST-005641,59.81,branch,travel
TXN-00006847,CUST-000306,58.45,card,health
TXN-00006848,CUST-000398,120.54,card,utilities
TXN-00006849,CUST-001747,36.23,wallet,travel
TXN-00006850,CUST-000522,55.93,online,travel
TXN-00006851,CUST-000441,47.06,card,retail
TXN-00006852,CUST-000531,69.57,card,utilities
TXN-00006853,CUST-002103,208.14,atm,education
TXN-00006854,CUST-004909,33.07,atm,utilities
TXN-00006855,CUST-002271,142.48,atm,education
TXN-00006856,CUST-003891,91.32,atm,dining
TXN-00006857,CUST-003111,59.46,card,retail
TXN-00006858,CUST-005691,147.75,online,travel
TXN-00006859,CUST-004226,74.09,atm,health
TXN-00006860,CUST-000982,107.8,card,education
TXN-00006861,CUST-005347,229.33,wallet,health
TXN-00006862,CUST-001274,48.07,atm,education
TXN-00006863,CUST-005450,45.92,online,utilities
TXN-00006864,CUST-002546,122.65,wallet,education
TXN-00006865,CUST-000596,67.73,branch,health
TXN-00006866,CUST-004535,196.16,card,retail
TXN-00006867,CUST-005792,560.3,online,education
TXN-00006868,CUST-003873,333.31,atm,retail
TXN-00006869,CUST-003329,28.7,wallet,utilities
TXN-00006870,CUST-001194,142.8,card,utilities
TXN-00006871,CUST-003541,12.05,online,utilities
TXN-00006872,CUST-004749,101.21,branch,retail
TXN-00006873,CUST-001396,57.28,branch,education
TXN-00006874,CUST-005173,115.56,atm,utilities
TXN-00006875,CUST-004738,70.45,branch,dining
TXN-00006876,CUST-005918,46.14,online,retail
TXN-00006877,CUST-000200,86.7,atm,grocery
TXN-00006878,CUST-001631,227.89,online,dining
TXN-00006879,CUST-001412,683.28,online,retail
TXN-00006880,CUST-003048,264.28,online,education
TXN-00006881,CUST-004976,161.48,online,utilities
TXN-00006882,CUST-001484,178.0,card,health
TXN-00006883,CUST-004583,62.42,online,grocery
TXN-00006884,CUST-001374,68.15,online,health
TXN-00006885,CUST-005224,149.4,card,education
TXN-00006886,CUST-003276,14.02,card,education
TXN-00006887,CUST-002999,110.39,atm,grocery
TXN-00006888,CUST-000199,63.82,card,dining
TXN-00006889,CUST-001755,58.23,online,education
TXN-00006890,CUST-000835,25.01,online,dining
TXN-00006891,CUST-004403,89.31,card,utilities
TXN-00006892,CUST-002826,36.13,online,dining
TXN-00006893,CUST-005003,90.26,card,health
TXN-00006894,CUST-002785,79.29,card,retail
TXN-00006895,CUST-005733,38.61,card,retail
TXN-00006896,CUST-004045,217.12,atm,grocery
TXN-00006897,CUST-000288,58.68,card,utilities
TXN-00006898,CUST-000995,123.82,branch,utilities
TXN-00006899,CUST-003853,26.23,card,dining
TXN-00006900,CUST-005005,56.84,atm,grocery
TXN-00006901,CUST-003806,28.2,online,travel
TXN-00006902,CUST-004321,75.62,online,dining
TXN-00006903,CUST-001105,101.62,online,grocery
TXN-00006904,CUST-001072,100.72,online,travel
TXN-00006905,CUST-005165,387.9,atm,dining
TXN-00006906,CUST-002184,180.67,wallet,health
TXN-00006907,CUST-003445,17.01,online,retail
TXN-00006908,CUST-005854,164.99,branch,utilities
TXN-00006909,CUST-002620,36.21,online,travel
TXN-00006910,CUST-005356,159.61,branch,travel
TXN-00006911,CUST-002190,13.67,card,travel
TXN-00006912,CUST-000857,61.15,atm,travel
TXN-00006913,CUST-002897,103.98,wallet,health
TXN-00006914,CUST-004888,28.65,card,retail
TXN-00006915,CUST-001566,275.24,online,retail
TXN-00006916,CUST-000941,541.84,card,retail
TXN-00006917,CUST-002689,68.17,online,education
TXN-00006918,CUST-003004,161.28,online,education
TXN-00006919,CUST-004520,179.12,card,health
TXN-00006920,CUST-004623,39.83,branch,grocery
TXN-00006921,CUST-000174,38.9,card,education
TXN-00006922,CUST-005143,104.87,branch,education
TXN-00006923,CUST-000733,320.41,atm,utilities
TXN-00006924,CUST-001123,202.48,card,travel
TXN-00006925,CUST-000704,16.49,wallet,health
TXN-00006926,CUST-001093,244.93,online,travel
TXN-00006927,CUST-004312,236.02,card,dining
TXN-00006928,CUST-004214,4.27,atm,grocery
TXN-00006929,CUST-000706,156.57,online,travel
TXN-00006930,CUST-005022,77.13,card,retail
TXN-00006931,CUST-002361,273.51,branch,education
TXN-00006932,CUST-004607,200.45,atm,dining
TXN-00006933,CUST-000976,130.33,card,health
TXN-00006934,CUST-005861,88.37,card,travel
TXN-00006935,CUST-000126,107.43,online,travel
TXN-00006936,CUST-000201,16.04,online,travel
TXN-00006937,CUST-005336,14.77,wallet,dining
TXN-00006938,CUST-000320,136.66,online,health
TXN-00006939,CUST-005641,83.63,online,retail
TXN-00006940,CUST-005971,142.03,card,education
TXN-00006941,CUST-005813,47.2,card,health
TXN-00006942,CUST-002554,36.01,branch,travel
TXN-00006943,CUST-003986,45.64,online,travel
TXN-00006944,CUST-004360,33.32,atm,grocery
TXN-00006945,CUST-003003,212.88,card,grocery
TXN-00006946,CUST-000897,150.13,card,health
TXN-00006947,CUST-003885,128.38,branch,utilities
TXN-00006948,CUST-002239,306.05,atm,grocery
TXN-00006949,CUST-003310,34.3,card,health
TXN-00006950,CUST-005974,20.19,card,grocery
TXN-00006951,CUST-002016,58.75,atm,dining
TXN-00006952,CUST-004648,110.99,card,dining
TXN-00006953,CUST-000037,36.76,atm,grocery
TXN-00006954,CUST-004948,24.98,branch,dining
TXN-00006955,CUST-003608,32.24,online,travel
TXN-00006956,CUST-002815,167.61,online,education
TXN-00006957,CUST-002454,132.73,wallet,health
TXN-00006958,CUST-000951,300.2,online,dining
TXN-00006959,CUST-003350,311.52,card,grocery
TXN-00006960,CUST-005733,99.33,online,dining
TXN-00006961,CUST-004053,11.11,branch,grocery
TXN-00006962,CUST-000004,96.44,branch,grocery
TXN-00006963,CUST-000304,80.0,wallet,education
TXN-00006964,CUST-005374,97.36,branch,utilities
TXN-00006965,CUST-000175,38.75,branch,retail
TXN-00006966,CUST-001301,22.52,online,dining
TXN-00006967,CUST-002533,95.62,card,travel
TXN-00006968,CUST-005932,16.2,wallet,retail
TXN-00006969,CUST-002448,196.3,card,retail
TXN-00006970,CUST-000613,17.95,card,grocery
TXN-00006971,CUST-005794,10.14,branch,travel
TXN-00006972,CUST-000143,111.77,card,travel
TXN-00006973,CUST-001710,51.97,online,education
TXN-00006974,CUST-000326,10.81,wallet,utilities
TXN-00006975,CUST-003489,36.1,wallet,grocery
TXN-00006976,CUST-001859,144.95,atm,retail
TXN-00006977,CUST-000947,93.12,branch,health
TXN-00006978,CUST-005042,49.64,atm,grocery
TXN-00006979,CUST-003853,72.18,atm,travel
TXN-00006980,CUST-003158,59.47,card,travel
TXN-00006981,CUST-003977,23.28,card,utilities
TXN-00006982,CUST-001733,15.19,branch,education
TXN-00006983,CUST-003418,61.08,atm,grocery
TXN-00006984,CUST-001423,139.43,online,travel
TXN-00006985,CUST-001718,52.67,online,education
TXN-00006986,CUST-000343,101.34,branch,retail
TXN-00006987,CUST-005931,220.44,branch,utilities
TXN-00006988,CUST-005527,19.29,online,grocery
TXN-00006989,CUST-004036,151.17,online,education
TXN-00006990,CUST-003171,15.15,wallet,grocery
TXN-00006991,CUST-004068,643.34,online,dining
TXN-00006992,CUST-004823,43.45,card,dining
TXN-00006993,CUST-001089,220.07,card,dining
TXN-00006994,CUST-001075,80.96,card,health
TXN-00006995,CUST-003868,27.56,online,utilities
TXN-00006996,CUST-005600,9.32,card,travel
TXN-00006997,CUST-004056,96.82,online,travel
TXN-00006998,CUST-001398,80.59,card,utilities
TXN-00006999,CUST-002719,95.64,card,utilities
TXN-00007000,CUST-000991,39.29,online,dining
TXN-00007001,CUST-000188,75.52,card,utilities
TXN-00007002,CUST-003436,121.06,branch,grocery
TXN-00007003,CUST-002905,184.53,branch,grocery
TXN-00007004,CUST-000616,72.64,online,grocery
TXN-00007005,CUST-003341,11.35,branch,health
TXN-00007006,CUST-004337,63.49,online,health
TXN-00007007,CUST-005356,39.19,online,retail
TXN-00007008,CUST-005601,92.11,card,education
TXN-00007009,CUST-002774,85.72,online,dining
TXN-00007010,CUST-003542,140.24,online,travel
TXN-00007011,CUST-001520,36.19,card,utilities
TXN-00007012,CUST-004349,35.93,card,dining
TXN-00007013,CUST-002901,199.42,card,grocery
TXN-00007014,CUST-002445,25.05,wallet,dining
TXN-00007015,CUST-004783,64.03,branch,dining
TXN-00007016,CUST-002956,73.87,card,health
TXN-00007017,CUST-002451,9.15,branch,education
TXN-00007018,CUST-001096,76.3,atm,retail
TXN-00007019,CUST-003603,73.82,online,retail
TXN-00007020,CUST-002383,78.86,branch,retail
TXN-00007021,CUST-001461,28.79,branch,retail
TXN-00007022,CUST-003411,22.43,atm,travel
TXN-00007023,CUST-000370,19.23,atm,dining
TXN-00007024,CUST-002024,227.75,online,health
TXN-00007025,CUST-002554,89.75,card,grocery
TXN-00007026,CUST-003919,36.45,online,education
TXN-00007027,CUST-005784,22.15,online,utilities
TXN-00007028,CUST-002700,19.67,online,utilities
TXN-00007029,CUST-004611,74.19,atm,education
TXN-00007030,CUST-003329,66.48,card,grocery
TXN-00007031,CUST-002165,13.97,online,dining
TXN-00007032,CUST-000146,22.59,card,retail
TXN-00007033,CUST-002589,32.13,atm,health
TXN-00007034,CUST-005253,166.29,online,grocery
TXN-00007035,CUST-003440,29.8,online,utilities
TXN-00007036,CUST-000897,65.04,card,dining
TXN-00007037,CUST-004268,187.2,card,utilities
TXN-00007038,CUST-004722,181.52,wallet,dining
TXN-00007039,CUST-000991,133.07,card,education
TXN-00007040,CUST-004388,301.42,card,travel
TXN-00007041,CUST-000199,89.03,card,education
TXN-00007042,CUST-002825,32.56,wallet,health
TXN-00007043,CUST-005308,363.77,card,travel
TXN-00007044,CUST-000394,117.28,branch,health
TXN-00007045,CUST-002071,32.94,card,health
TXN-00007046,CUST-003377,121.85,wallet,retail
TXN-00007047,CUST-004232,10.57,online,dining
TXN-00007048,CUST-001009,82.85,card,retail
TXN-00007049,CUST-000733,8.08,online,grocery
TXN-00007050,CUST-004991,32.1,atm,dining
TXN-00007051,CUST-005112,39.18,atm,travel
TXN-00007052,CUST-003233,22.67,card,education
TXN-00007053,CUST-005802,70.35,card,retail
TXN-00007054,CUST-002540,32.12,online,grocery
TXN-00007055,CUST-004290,72.13,branch,dining
TXN-00007056,CUST-004181,229.4,branch,health
TXN-00007057,CUST-000958,26.49,online,health
TXN-00007058,CUST-005995,141.8,atm,utilities
TXN-00007059,CUST-000316,652.91,branch,retail
TXN-00007060,CUST-003148,75.89,online,retail
TXN-00007061,CUST-005483,14.28,card,utilities
TXN-00007062,CUST-005402,102.64,card,utilities
TXN-00007063,CUST-003071,56.14,card,utilities
TXN-00007064,CUST-000162,284.74,card,grocery
TXN-00007065,CUST-004011,22.3,atm,travel
TXN-00007066,CUST-003121,57.8,branch,utilities
TXN-00007067,CUST-002822,54.16,online,education
TXN-00007068,CUST-001077,60.26,wallet,education
TXN-00007069,CUST-003260,38.1,online,dining
TXN-00007070,CUST-005067,70.48,card,travel
TXN-00007071,CUST-004295,153.55,branch,dining
TXN-00007072,CUST-002158,70.0,online,health
TXN-00007073,CUST-005448,135.17,branch,grocery
TXN-00007074,CUST-003001,200.46,card,grocery
TXN-00007075,CUST-004906,49.62,online,retail
TXN-00007076,CUST-005037,12.57,atm,travel
TXN-00007077,CUST-001569,47.18,online,dining
TXN-00007078,CUST-005644,20.94,card,retail
TXN-00007079,CUST-000435,204.06,card,grocery
TXN-00007080,CUST-000951,71.76,atm,retail
TXN-00007081,CUST-003730,129.45,wallet,retail
TXN-00007082,CUST-001222,129.04,card,education
TXN-00007083,CUST-000238,220.61,card,health
TXN-00007084,CUST-003860,184.08,wallet,dining
TXN-00007085,CUST-003307,23.95,atm,education
TXN-00007086,CUST-005533,30.7,online,dining
TXN-00007087,CUST-000824,68.01,card,travel
TXN-00007088,CUST-001747,335.25,online,dining
TXN-00007089,CUST-001358,17.35,card,travel
TXN-00007090,CUST-002459,71.16,branch,education
TXN-00007091,CUST-002992,141.75,online,travel
TXN-00007092,CUST-001048,50.36,card,utilities
TXN-00007093,CUST-004725,397.37,card,retail
TXN-00007094,CUST-005441,34.89,online,health
TXN-00007095,CUST-004688,49.16,branch,retail
TXN-00007096,CUST-005088,133.39,card,retail
TXN-00007097,CUST-005032,50.9,wallet,dining
TXN-00007098,CUST-003529,120.88,online,dining
TXN-00007099,CUST-000066,278.62,card,dining
TXN-00007100,CUST-000824,49.39,card,travel
TXN-00007101,CUST-002662,6.01,online,grocery
TXN-00007102,CUST-003654,278.1,wallet,health
TXN-00007103,CUST-002734,270.77,online,dining
TXN-00007104,CUST-003397,11.34,online,retail
TXN-00007105,CUST-001246,66.24,card,grocery
TXN-00007106,CUST-002366,75.24,card,retail
TXN-00007107,CUST-005232,47.47,card,travel
TXN-00007108,CUST-001082,103.46,atm,health
TXN-00007109,CUST-000877,75.63,wallet,travel
TXN-00007110,CUST-005864,64.9,branch,travel
TXN-00007111,CUST-004151,94.51,atm,education
TXN-00007112,CUST-003410,464.12,online,dining
TXN-00007113,CUST-005622,30.89,atm,grocery
TXN-00007114,CUST-002947,33.19,online,grocery
TXN-00007115,CUST-004337,168.9,branch,travel
TXN-00007116,CUST-001173,156.02,card,grocery
TXN-00007117,CUST-005676,23.39,online,travel
TXN-00007118,CUST-004675,34.82,online,grocery
TXN-00007119,CUST-005351,45.25,online,utilities
TXN-00007120,CUST-005769,39.86,online,health
TXN-00007121,CUST-000024,24.25,card,education
TXN-00007122,CUST-005295,299.07,online,utilities
TXN-00007123,CUST-000871,34.88,wallet,dining
TXN-00007124,CUST-005358,97.63,branch,education
TXN-00007125,CUST-002860,71.71,wallet,dining
TXN-00007126,CUST-001784,78.53,branch,grocery
TXN-00007127,CUST-002559,102.44,card,travel
TXN-00007128,CUST-001250,38.63,card,grocery
TXN-00007129,CUST-000069,77.6,card,travel
TXN-00007130,CUST-005058,7.76,online,health
TXN-00007131,CUST-002429,20.0,card,grocery
TXN-00007132,CUST-001101,86.91,card,retail
TXN-00007133,CUST-004872,54.0,card,travel
TXN-00007134,CUST-000827,20.91,card,health
TXN-00007135,CUST-000814,48.0,card,grocery
TXN-00007136,CUST-002472,173.21,online,health
TXN-00007137,CUST-004247,575.19,wallet,health
TXN-00007138,CUST-005660,16.32,atm,health
TXN-00007139,CUST-005616,22.25,card,grocery
TXN-00007140,CUST-005314,491.09,wallet,health
TXN-00007141,CUST-004959,61.33,card,dining
TXN-00007142,CUST-002004,135.21,wallet,utilities
TXN-00007143,CUST-004011,90.26,atm,health
TXN-00007144,CUST-003221,106.42,card,dining
TXN-00007145,CUST-005375,27.22,branch,grocery
TXN-00007146,CUST-001777,75.77,wallet,retail
TXN-00007147,CUST-002150,55.98,online,travel
TXN-00007148,CUST-003746,164.24,online,education
TXN-00007149,CUST-000895,348.55,card,education
TXN-00007150,CUST-002152,40.02,online,travel
TXN-00007151,CUST-003220,104.43,card,travel
TXN-00007152,CUST-002803,82.17,atm,travel
TXN-00007153,CUST-003924,111.14,card,retail
TXN-00007154,CUST-005473,106.22,card,retail
TXN-00007155,CUST-002722,186.3,card,health
TXN-00007156,CUST-005304,41.7,card,travel
TXN-00007157,CUST-003519,13.41,card,travel
TXN-00007158,CUST-002453,36.41,branch,dining
TXN-00007159,CUST-004269,44.62,wallet,health
TXN-00007160,CUST-002586,238.29,online,grocery
TXN-00007161,CUST-002507,160.69,online,dining
TXN-00007162,CUST-001957,398.43,card,dining
TXN-00007163,CUST-002796,71.81,atm,travel
TXN-00007164,CUST-003652,182.89,online,dining
TXN-00007165,CUST-000599,76.13,card,travel
TXN-00007166,CUST-005476,29.85,card,travel
TXN-00007167,CUST-001119,27.76,branch,education
TXN-00007168,CUST-000285,3.37,card,travel
TXN-00007169,CUST-002508,119.07,card,travel
TXN-00007170,CUST-002157,341.46,branch,utilities
TXN-00007171,CUST-002089,146.88,branch,travel
TXN-00007172,CUST-005958,104.64,branch,travel
TXN-00007173,CUST-004823,218.77,wallet,travel
TXN-00007174,CUST-001123,28.42,card,utilities
TXN-00007175,CUST-003946,83.21,online,grocery
TXN-00007176,CUST-003986,56.74,card,education
TXN-00007177,CUST-004599,127.8,card,travel
TXN-00007178,CUST-000760,46.62,wallet,retail
TXN-00007179,CUST-004365,442.01,card,health
TXN-00007180,CUST-001326,313.47,online,travel
TXN-00007181,CUST-005480,15.99,card,grocery
TXN-00007182,CUST-005334,614.58,online,grocery
TXN-00007183,CUST-004215,92.81,online,utilities
TXN-00007184,CUST-004518,83.66,online,utilities
TXN-00007185,CUST-005526,135.7,online,grocery
TXN-00007186,CUST-005860,177.03,atm,health
TXN-00007187,CUST-005581,19.31,branch,grocery
TXN-00007188,CUST-001447,184.84,card,travel
TXN-00007189,CUST-004070,51.28,card,education
TXN-00007190,CUST-002412,655.45,card,travel
TXN-00007191,CUST-003269,8.25,wallet,grocery
TXN-00007192,CUST-002056,57.71,atm,retail
TXN-00007193,CUST-000248,36.75,card,education
TXN-00007194,CUST-001704,90.24,card,grocery
TXN-00007195,CUST-004967,58.15,online,dining
TXN-00007196,CUST-005442,45.85,card,dining
TXN-00007197,CUST-000249,13.57,online,education
TXN-00007198,CUST-000679,47.76,atm,dining
TXN-00007199,CUST-003714,159.33,card,education
TXN-00007200,CUST-005844,109.17,atm,retail
TXN-00007201,CUST-003909,62.94,atm,travel
TXN-00007202,CUST-000540,37.11,online,travel
TXN-00007203,CUST-003892,35.85,card,utilities
TXN-00007204,CUST-004684,28.29,atm,utilities
TXN-00007205,CUST-003570,45.8,atm,grocery
TXN-00007206,CUST-000249,102.02,card,education
TXN-00007207,CUST-005333,93.71,card,dining
TXN-00007208,CUST-001884,37.14,card,grocery
TXN-00007209,CUST-003565,19.55,atm,education
TXN-00007210,CUST-002786,330.76,card,retail
TXN-00007211,CUST-000111,46.4,online,health
TXN-00007212,CUST-000476,28.96,online,dining
TXN-00007213,CUST-002595,86.11,card,health
TXN-00007214,CUST-000742,49.72,wallet,retail
TXN-00007215,CUST-001209,246.57,branch,grocery
TXN-00007216,CUST-003801,35.14,online,retail
TXN-00007217,CUST-002453,23.95,online,retail
TXN-00007218,CUST-000668,70.1,card,health
TXN-00007219,CUST-005948,63.37,atm,health
TXN-00007220,CUST-005582,39.58,branch,utilities
TXN-00007221,CUST-004433,47.05,online,retail
TXN-00007222,CUST-000973,124.41,card,grocery
TXN-00007223,CUST-003593,239.09,branch,travel
TXN-00007224,CUST-004349,21.07,online,health
TXN-00007225,CUST-002140,56.73,branch,retail
TXN-00007226,CUST-004836,139.83,card,grocery
TXN-00007227,CUST-004558,191.65,online,retail
TXN-00007228,CUST-002235,252.66,card,retail
TXN-00007229,CUST-000968,18.97,card,travel
TXN-00007230,CUST-005607,57.92,atm,dining
TXN-00007231,CUST-002331,106.56,card,education
TXN-00007232,CUST-002516,24.56,wallet,grocery
TXN-00007233,CUST-004802,75.52,online,health
TXN-00007234,CUST-001852,13.47,branch,grocery
TXN-00007235,CUST-005120,26.71,card,dining
TXN-00007236,CUST-004285,13.23,atm,travel
TXN-00007237,CUST-003865,34.89,atm,health
TXN-00007238,CUST-002070,4.7,online,education
TXN-00007239,CUST-005966,158.64,card,education
TXN-00007240,CUST-004416,90.61,atm,travel
TXN-00007241,CUST-002144,62.72,card,education
TXN-00007242,CUST-001416,25.12,branch,education
TXN-00007243,CUST-002866,8.62,card,utilities
TXN-00007244,CUST-001431,102.95,card,education
TXN-00007245,CUST-001873,26.07,online,dining
TXN-00007246,CUST-002155,58.28,card,education
TXN-00007247,CUST-001120,151.11,branch,education
TXN-00007248,CUST-004032,12.08,card,utilities
TXN-00007249,CUST-000630,79.8,card,health
TXN-00007250,CUST-005557,71.23,card,utilities
TXN-00007251,CUST-003349,2472.03,online,education
TXN-00007252,CUST-004611,41.75,branch,dining
TXN-00007253,CUST-005955,8.74,branch,grocery
TXN-00007254,CUST-002126,37.41,online,health
TXN-00007255,CUST-005997,12.93,online,retail
TXN-00007256,CUST-002558,287.25,card,education
TXN-00007257,CUST-004675,355.17,branch,grocery
TXN-00007258,CUST-003076,56.06,card,retail
TXN-00007259,CUST-004081,122.94,card,travel
TXN-00007260,CUST-000436,88.19,card,health
TXN-00007261,CUST-001536,60.75,online,dining
TXN-00007262,CUST-002981,20.09,online,education
TXN-00007263,CUST-004799,137.8,online,utilities
TXN-00007264,CUST-002831,86.51,atm,dining
TXN-00007265,CUST-005945,852.72,online,utilities
TXN-00007266,CUST-003597,68.35,card,retail
TXN-00007267,CUST-000093,115.43,card,utilities
TXN-00007268,CUST-005001,88.77,card,travel
TXN-00007269,CUST-002204,44.16,online,health
TXN-00007270,CUST-005565,87.06,wallet,health
TXN-00007271,CUST-004247,60.41,wallet,education
TXN-00007272,CUST-005318,21.21,online,education
TXN-00007273,CUST-002205,209.73,atm,travel
TXN-00007274,CUST-003271,41.3,online,education
TXN-00007275,CUST-002103,166.55,online,education
TXN-00007276,CUST-005658,73.95,card,travel
TXN-00007277,CUST-000780,105.41,branch,education
TXN-00007278,CUST-005893,86.2,atm,health
TXN-00007279,CUST-003125,302.49,card,travel
TXN-00007280,CUST-000646,268.03,branch,travel
TXN-00007281,CUST-003227,78.06,card,dining
TXN-00007282,CUST-000806,185.82,atm,education
TXN-00007283,CUST-001885,81.51,atm,grocery
TXN-00007284,CUST-003650,102.32,online,health
TXN-00007285,CUST-001582,530.72,online,grocery
TXN-00007286,CUST-004790,60.27,atm,education
TXN-00007287,CUST-002891,205.65,card,education
TXN-00007288,CUST-003679,122.24,card,grocery
TXN-00007289,CUST-003114,69.18,card,utilities
TXN-00007290,CUST-002930,93.66,card,utilities
TXN-00007291,CUST-002980,94.0,branch,utilities
TXN-00007292,CUST-003746,95.59,card,education
TXN-00007293,CUST-004961,108.0,card,health
TXN-00007294,CUST-001814,87.18,card,travel
TXN-00007295,CUST-000498,104.24,card,dining
TXN-00007296,CUST-004204,199.95,card,utilities
TXN-00007297,CUST-002243,207.79,branch,dining
TXN-00007298,CUST-005571,139.29,branch,travel
TXN-00007299,CUST-003201,417.52,online,travel
TXN-00007300,CUST-005570,54.18,card,utilities
TXN-00007301,CUST-005769,24.73,card,grocery
TXN-00007302,CUST-004901,81.43,online,dining
TXN-00007303,CUST-004869,37.97,online,health
TXN-00007304,CUST-003586,272.64,card,health
TXN-00007305,CUST-005078,5.03,card,grocery
TXN-00007306,CUST-002286,43.85,online,dining
TXN-00007307,CUST-003404,11.87,card,grocery
TXN-00007308,CUST-003037,89.26,card,health
TXN-00007309,CUST-004339,23.58,online,grocery
TXN-00007310,CUST-001615,77.65,branch,travel
TXN-00007311,CUST-001926,347.58,online,education
TXN-00007312,CUST-003394,66.74,card,dining
TXN-00007313,CUST-004332,211.93,online,health
TXN-00007314,CUST-005548,217.69,branch,utilities
TXN-00007315,CUST-005595,181.3,branch,dining
TXN-00007316,CUST-003536,13.32,card,travel
TXN-00007317,CUST-005922,309.28,online,health
TXN-00007318,CUST-003028,55.24,card,health
TXN-00007319,CUST-002978,135.37,branch,health
TXN-00007320,CUST-003055,88.46,atm,utilities
TXN-00007321,CUST-004904,33.47,card,health
TXN-00007322,CUST-000270,29.02,branch,dining
TXN-00007323,CUST-003879,733.19,atm,grocery
TXN-00007324,CUST-003725,25.8,online,utilities
TXN-00007325,CUST-003944,76.03,branch,health
TXN-00007326,CUST-003079,482.55,online,health
TXN-00007327,CUST-000502,43.76,online,education
TXN-00007328,CUST-004356,327.57,atm,retail
TXN-00007329,CUST-000420,133.4,atm,utilities
TXN-00007330,CUST-001495,313.81,card,utilities
TXN-00007331,CUST-000703,444.8,atm,health
TXN-00007332,CUST-002537,75.34,online,grocery
TXN-00007333,CUST-003858,7.93,card,health
TXN-00007334,CUST-004764,9.88,branch,dining
TXN-00007335,CUST-003946,86.49,card,retail
TXN-00007336,CUST-002698,37.45,card,retail
TXN-00007337,CUST-005136,54.03,branch,retail
TXN-00007338,CUST-005639,178.28,card,dining
TXN-00007339,CUST-005384,14.12,card,travel
TXN-00007340,CUST-003156,51.29,card,education
TXN-00007341,CUST-005663,11.97,online,health
TXN-00007342,CUST-003942,11.96,online,travel
TXN-00007343,CUST-003776,179.18,branch,retail
TXN-00007344,CUST-000632,105.56,card,health
TXN-00007345,CUST-004832,13.03,atm,retail
TXN-00007346,CUST-002547,130.63,card,dining
TXN-00007347,CUST-000988,4.54,online,utilities
TXN-00007348,CUST-001703,35.0,wallet,dining
TXN-00007349,CUST-002983,261.74,card,health
TXN-00007350,CUST-000661,20.12,online,retail
TXN-00007351,CUST-005609,101.29,wallet,dining
TXN-00007352,CUST-004756,126.97,atm,dining
TXN-00007353,CUST-001049,39.79,online,grocery
TXN-00007354,CUST-005160,45.06,online,utilities
TXN-00007355,CUST-002541,26.65,card,utilities
TXN-00007356,CUST-005022,177.7,branch,retail
TXN-00007357,CUST-003041,34.7,card,health
TXN-00007358,CUST-001901,36.76,card,travel
TXN-00007359,CUST-001463,27.1,branch,grocery
TXN-00007360,CUST-000465,1021.68,card,utilities
TXN-00007361,CUST-004941,376.16,branch,retail
TXN-00007362,CUST-003395,113.01,atm,retail
TXN-00007363,CUST-000632,92.99,online,utilities
TXN-00007364,CUST-005541,307.92,online,utilities
TXN-00007365,CUST-004915,35.44,card,utilities
TXN-00007366,CUST-002965,26.42,card,retail
TXN-00007367,CUST-001687,236.8,branch,utilities
TXN-00007368,CUST-004244,505.61,atm,grocery
TXN-00007369,CUST-003532,39.02,online,health
TXN-00007370,CUST-004413,104.48,atm,retail
TXN-00007371,CUST-003026,135.82,atm,travel
TXN-00007372,CUST-002910,89.03,online,retail
TXN-00007373,CUST-005477,117.49,branch,education
TXN-00007374,CUST-003995,65.23,online,retail
TXN-00007375,CUST-005112,5.6,wallet,education
TXN-00007376,CUST-004938,67.71,card,dining
TXN-00007377,CUST-001389,162.41,wallet,grocery
TXN-00007378,CUST-000771,124.39,online,health
TXN-00007379,CUST-004612,47.54,branch,grocery
TXN-00007380,CUST-001722,205.33,atm,education
TXN-00007381,CUST-002980,75.29,card,education
TXN-00007382,CUST-003559,110.8,atm,utilities
TXN-00007383,CUST-001131,40.55,card,retail
TXN-00007384,CUST-003250,49.9,branch,education
TXN-00007385,CUST-002998,96.98,wallet,utilities
TXN-00007386,CUST-002590,77.92,wallet,education
TXN-00007387,CUST-001285,53.92,card,health
TXN-00007388,CUST-002204,45.28,atm,grocery
TXN-00007389,CUST-005123,7.33,card,health
TXN-00007390,CUST-004565,21.59,online,health
TXN-00007391,CUST-001777,64.7,online,dining
TXN-00007392,CUST-004271,64.8,branch,utilities
TXN-00007393,CUST-000173,106.28,online,health
TXN-00007394,CUST-001362,261.18,online,retail
TXN-00007395,CUST-004594,44.83,card,dining
TXN-00007396,CUST-005314,21.36,card,travel
TXN-00007397,CUST-004998,324.36,atm,grocery
TXN-00007398,CUST-005826,114.71,card,education
TXN-00007399,CUST-005322,41.93,online,dining
TXN-00007400,CUST-003012,12.63,card,retail
TXN-00007401,CUST-004848,795.62,branch,retail
TXN-00007402,CUST-004495,58.0,branch,health
TXN-00007403,CUST-000608,109.16,card,health
TXN-00007404,CUST-004209,28.77,atm,travel
TXN-00007405,CUST-001650,24.78,card,education
TXN-00007406,CUST-000548,256.5,wallet,utilities
TXN-00007407,CUST-000514,46.3,wallet,travel
TXN-00007408,CUST-004784,41.63,card,retail
TXN-00007409,CUST-001545,76.93,wallet,education
TXN-00007410,CUST-001412,76.39,card,health
TXN-00007411,CUST-004403,212.3,online,travel
TXN-00007412,CUST-001104,65.17,branch,dining
TXN-00007413,CUST-005235,134.36,card,health
TXN-00007414,CUST-000093,37.41,online,dining
TXN-00007415,CUST-005850,28.62,branch,education
TXN-00007416,CUST-001650,28.99,card,travel
TXN-00007417,CUST-004658,34.63,online,travel
TXN-00007418,CUST-002116,387.78,atm,utilities
TXN-00007419,CUST-001988,42.34,card,travel
TXN-00007420,CUST-002339,42.21,card,utilities
TXN-00007421,CUST-000979,155.1,card,travel
TXN-00007422,CUST-003056,149.16,online,dining
TXN-00007423,CUST-003832,24.63,card,dining
TXN-00007424,CUST-002963,59.17,card,health
TXN-00007425,CUST-004469,6.07,online,retail
TXN-00007426,CUST-002310,123.45,branch,retail
TXN-00007427,CUST-002489,144.36,online,education
TXN-00007428,CUST-003687,139.78,atm,dining
TXN-00007429,CUST-002365,551.02,card,dining
TXN-00007430,CUST-005070,116.58,card,grocery
TXN-00007431,CUST-001417,80.61,branch,travel
TXN-00007432,CUST-000343,87.92,branch,health
TXN-00007433,CUST-003581,40.69,online,dining
TXN-00007434,CUST-002918,593.64,wallet,education
TXN-00007435,CUST-003568,441.39,online,health
TXN-00007436,CUST-000122,42.36,branch,dining
TXN-00007437,CUST-005732,23.2,card,grocery
TXN-00007438,CUST-002942,78.98,card,utilities
TXN-00007439,CUST-001970,70.5,card,travel
TXN-00007440,CUST-000312,79.0,online,retail
TXN-00007441,CUST-000800,90.31,online,retail
TXN-00007442,CUST-001556,13.12,atm,health
TXN-00007443,CUST-003332,58.28,card,health
TXN-00007444,CUST-001816,84.72,online,utilities
TXN-00007445,CUST-003731,26.6,branch,travel
TXN-00007446,CUST-002430,253.44,card,retail
TXN-00007447,CUST-005134,41.11,online,education
TXN-00007448,CUST-005944,56.77,atm,travel
TXN-00007449,CUST-005105,410.76,card,travel
TXN-00007450,CUST-004465,14.18,card,travel
TXN-00007451,CUST-005344,66.94,online,grocery
TXN-00007452,CUST-005119,26.74,card,grocery
TXN-00007453,CUST-001075,107.06,online,travel
TXN-00007454,CUST-005477,116.59,online,utilities
TXN-00007455,CUST-004093,76.97,card,education
TXN-00007456,CUST-001746,29.27,online,health
TXN-00007457,CUST-005441,29.47,card,grocery
TXN-00007458,CUST-000428,41.33,card,dining
TXN-00007459,CUST-000835,27.17,branch,health
TXN-00007460,CUST-001455,116.76,atm,dining
TXN-00007461,CUST-001386,41.92,wallet,health
TXN-00007462,CUST-005675,85.29,card,grocery
TXN-00007463,CUST-002223,42.5,card,education
TXN-00007464,CUST-004388,253.45,card,utilities
TXN-00007465,CUST-000446,195.22,card,health
TXN-00007466,CUST-003614,67.94,wallet,retail
TXN-00007467,CUST-001860,118.11,online,utilities
TXN-00007468,CUST-005848,195.79,online,grocery
TXN-00007469,CUST-005743,73.24,online,travel
TXN-00007470,CUST-002594,35.44,card,dining
TXN-00007471,CUST-004411,142.05,atm,travel
TXN-00007472,CUST-004834,64.47,online,utilities
TXN-00007473,CUST-000712,14.38,card,retail
TXN-00007474,CUST-003139,47.92,wallet,retail
TXN-00007475,CUST-005081,240.5,wallet,retail
TXN-00007476,CUST-005008,84.93,atm,grocery
TXN-00007477,CUST-003333,12.77,wallet,grocery
TXN-00007478,CUST-005163,37.83,atm,dining
TXN-00007479,CUST-000567,48.0,online,dining
TXN-00007480,CUST-000674,25.61,card,retail
TXN-00007481,CUST-005198,18.18,online,retail
TXN-00007482,CUST-002551,9.75,online,health
TXN-00007483,CUST-002924,63.75,card,grocery
TXN-00007484,CUST-002139,105.18,online,travel
TXN-00007485,CUST-005988,7.78,online,health
TXN-00007486,CUST-003908,523.97,online,travel
TXN-00007487,CUST-003431,25.15,card,education
TXN-00007488,CUST-002410,103.89,branch,education
TXN-00007489,CUST-000279,119.78,card,education
TXN-00007490,CUST-004577,17.65,branch,grocery
TXN-00007491,CUST-000317,56.7,online,education
TXN-00007492,CUST-002301,192.94,online,travel
TXN-00007493,CUST-002260,23.65,card,education
TXN-00007494,CUST-002185,274.15,card,grocery
TXN-00007495,CUST-000674,5.08,card,travel
TXN-00007496,CUST-001582,71.69,branch,grocery
TXN-00007497,CUST-002123,126.61,online,grocery
TXN-00007498,CUST-002876,44.36,card,retail
TXN-00007499,CUST-003392,165.14,online,health
TXN-00007500,CUST-003757,39.84,atm,utilities
TXN-00007501,CUST-004283,78.54,online,health
TXN-00007502,CUST-003768,173.06,branch,retail
TXN-00007503,CUST-002493,20.19,online,education
TXN-00007504,CUST-002896,117.27,branch,travel
TXN-00007505,CUST-005670,41.94,card,health
TXN-00007506,CUST-005265,140.75,online,grocery
TXN-00007507,CUST-005091,29.96,card,retail
TXN-00007508,CUST-001418,194.92,card,travel
TXN-00007509,CUST-001555,2.42,card,health
TXN-00007510,CUST-001895,25.72,online,utilities
TXN-00007511,CUST-002075,542.07,online,retail
TXN-00007512,CUST-002893,126.89,online,health
TXN-00007513,CUST-005504,26.74,card,travel
TXN-00007514,CUST-002700,24.45,card,grocery
TXN-00007515,CUST-002675,43.56,atm,dining
TXN-00007516,CUST-003625,62.29,card,grocery
TXN-00007517,CUST-003354,57.39,online,dining
TXN-00007518,CUST-001263,241.11,card,education
TXN-00007519,CUST-004783,594.94,card,dining
TXN-00007520,CUST-001446,63.14,wallet,travel
TXN-00007521,CUST-000385,99.17,wallet,health
TXN-00007522,CUST-003896,52.26,card,dining
TXN-00007523,CUST-002193,27.35,card,travel
TXN-00007524,CUST-005707,147.59,atm,retail
TXN-00007525,CUST-005320,78.73,online,education
TXN-00007526,CUST-004424,252.51,atm,utilities
TXN-00007527,CUST-002854,36.0,online,grocery
TXN-00007528,CUST-004246,70.96,branch,retail
TXN-00007529,CUST-004434,16.96,card,health
TXN-00007530,CUST-002592,72.97,online,grocery
TXN-00007531,CUST-002165,99.8,wallet,retail
TXN-00007532,CUST-001285,38.61,atm,education
TXN-00007533,CUST-000647,80.3,atm,retail
TXN-00007534,CUST-004035,98.8,card,utilities
TXN-00007535,CUST-005572,12.03,wallet,health
TXN-00007536,CUST-004701,20.19,online,retail
TXN-00007537,CUST-006000,64.69,online,grocery
TXN-00007538,CUST-001707,42.55,branch,grocery
TXN-00007539,CUST-005911,206.74,online,retail
TXN-00007540,CUST-000488,111.91,wallet,education
TXN-00007541,CUST-004522,86.67,online,education
TXN-00007542,CUST-005768,139.63,atm,dining
TXN-00007543,CUST-003145,145.84,card,health
TXN-00007544,CUST-005456,37.62,online,grocery
TXN-00007545,CUST-002032,130.35,online,health
TXN-00007546,CUST-005361,415.64,branch,dining
TXN-00007547,CUST-001658,159.08,card,travel
TXN-00007548,CUST-002196,52.69,online,dining
TXN-00007549,CUST-003504,10.56,card,utilities
TXN-00007550,CUST-002802,18.17,card,retail
TXN-00007551,CUST-002174,85.63,branch,utilities
TXN-00007552,CUST-001423,30.3,card,utilities
TXN-00007553,CUST-004994,21.2,branch,dining
TXN-00007554,CUST-004169,162.99,card,utilities
TXN-00007555,CUST-005015,233.57,online,retail
TXN-00007556,CUST-005784,25.37,online,dining
TXN-00007557,CUST-005794,340.26,online,health
TXN-00007558,CUST-000790,40.83,branch,dining
TXN-00007559,CUST-002341,88.99,card,health
TXN-00007560,CUST-003672,12.95,atm,grocery
TXN-00007561,CUST-001257,173.05,wallet,retail
TXN-00007562,CUST-002913,14.86,online,health
TXN-00007563,CUST-000880,15.8,wallet,dining
TXN-00007564,CUST-000159,87.49,online,dining
TXN-00007565,CUST-005146,14.82,branch,utilities
TXN-00007566,CUST-002107,62.41,card,health
TXN-00007567,CUST-004577,18.48,atm,travel
TXN-00007568,CUST-005095,191.46,card,utilities
TXN-00007569,CUST-002470,164.76,card,travel
TXN-00007570,CUST-001602,31.4,card,retail
TXN-00007571,CUST-002142,143.54,wallet,grocery
TXN-00007572,CUST-005928,33.87,card,travel
TXN-00007573,CUST-003383,163.91,branch,health
TXN-00007574,CUST-004762,82.71,online,health
TXN-00007575,CUST-005838,257.23,card,retail
TXN-00007576,CUST-001571,38.14,branch,utilities
TXN-00007577,CUST-004642,66.24,atm,travel
TXN-00007578,CUST-000852,110.49,card,utilities
TXN-00007579,CUST-000117,344.68,card,education
TXN-00007580,CUST-001336,78.74,card,dining
TXN-00007581,CUST-005336,27.35,online,education
TXN-00007582,CUST-004792,12.75,online,dining
TXN-00007583,CUST-005102,54.58,branch,grocery
TXN-00007584,CUST-001470,71.69,card,retail
TXN-00007585,CUST-000520,8.74,online,grocery
TXN-00007586,CUST-001871,74.9,card,health
TXN-00007587,CUST-004267,160.43,online,travel
TXN-00007588,CUST-000747,18.12,atm,health
TXN-00007589,CUST-000781,37.12,branch,dining
TXN-00007590,CUST-004204,7.38,online,utilities
TXN-00007591,CUST-000676,43.16,atm,health
TXN-00007592,CUST-002833,37.23,atm,travel
TXN-00007593,CUST-000193,169.94,card,health
TXN-00007594,CUST-004438,62.66,online,utilities
TXN-00007595,CUST-000563,117.41,card,utilities
TXN-00007596,CUST-002063,163.87,branch,utilities
TXN-00007597,CUST-003272,674.95,card,health
TXN-00007598,CUST-005287,83.3,online,health
TXN-00007599,CUST-003858,27.59,atm,retail
TXN-00007600,CUST-002665,28.73,online,retail
TXN-00007601,CUST-002627,106.2,branch,health
TXN-00007602,CUST-003523,124.99,online,grocery
TXN-00007603,CUST-000721,97.1,atm,education
TXN-00007604,CUST-002870,36.3,card,grocery
TXN-00007605,CUST-004273,306.65,branch,education
TXN-00007606,CUST-000241,67.47,branch,travel
TXN-00007607,CUST-004608,29.65,card,utilities
TXN-00007608,CUST-000737,276.1,card,utilities
TXN-00007609,CUST-001270,466.95,branch,education
TXN-00007610,CUST-002389,370.99,card,dining
TXN-00007611,CUST-001505,20.45,card,grocery
TXN-00007612,CUST-000107,452.28,online,utilities
TXN-00007613,CUST-004387,43.99,card,education
TXN-00007614,CUST-005898,36.81,online,utilities
TXN-00007615,CUST-000839,102.32,card,utilities
TXN-00007616,CUST-004269,53.74,atm,dining
TXN-00007617,CUST-000711,40.25,branch,education
TXN-00007618,CUST-004275,46.5,online,dining
TXN-00007619,CUST-004652,83.55,online,education
TXN-00007620,CUST-000379,48.17,online,retail
TXN-00007621,CUST-005501,154.94,card,utilities
TXN-00007622,CUST-004452,61.58,card,education
TXN-00007623,CUST-002687,31.04,online,education
TXN-00007624,CUST-002119,21.73,online,utilities
TXN-00007625,CUST-005042,111.97,card,retail
TXN-00007626,CUST-003902,82.56,card,utilities
TXN-00007627,CUST-001524,111.48,online,health
TXN-00007628,CUST-003202,79.5,online,retail
TXN-00007629,CUST-005418,113.53,atm,grocery
TXN-00007630,CUST-002363,36.36,atm,travel
TXN-00007631,CUST-005377,60.78,online,grocery
TXN-00007632,CUST-005887,372.55,branch,dining
TXN-00007633,CUST-000573,96.44,wallet,education
TXN-00007634,CUST-004827,218.4,card,travel
TXN-00007635,CUST-000513,19.7,atm,utilities
TXN-00007636,CUST-002528,44.05,online,travel
TXN-00007637,CUST-000042,33.29,atm,travel
TXN-00007638,CUST-005328,21.99,card,grocery
TXN-00007639,CUST-000336,69.57,card,health
TXN-00007640,CUST-002258,45.79,branch,travel
TXN-00007641,CUST-001917,60.22,atm,education
TXN-00007642,CUST-000885,79.76,online,education
TXN-00007643,CUST-001230,49.01,card,retail
TXN-00007644,CUST-001053,115.32,wallet,travel
TXN-00007645,CUST-002617,184.01,branch,travel
TXN-00007646,CUST-002987,11.74,online,utilities
TXN-00007647,CUST-002720,46.52,wallet,travel
TXN-00007648,CUST-001387,166.59,card,retail
TXN-00007649,CUST-002287,36.53,online,grocery
TXN-00007650,CUST-001774,349.75,card,utilities
TXN-00007651,CUST-003350,368.27,online,education
TXN-00007652,CUST-002819,26.71,online,health
TXN-00007653,CUST-001149,48.52,card,grocery
TXN-00007654,CUST-000414,105.76,branch,utilities
TXN-00007655,CUST-003011,360.13,online,health
TXN-00007656,CUST-003295,117.92,atm,retail
TXN-00007657,CUST-004644,98.95,card,dining
TXN-00007658,CUST-002385,93.63,online,health
TXN-00007659,CUST-000567,116.86,card,dining
TXN-00007660,CUST-002114,75.95,card,education
TXN-00007661,CUST-002742,75.55,online,dining
TXN-00007662,CUST-001041,61.74,online,retail
TXN-00007663,CUST-005658,70.5,atm,dining
TXN-00007664,CUST-005639,59.93,atm,dining
TXN-00007665,CUST-004334,300.24,card,retail
TXN-00007666,CUST-000388,149.49,online,utilities
TXN-00007667,CUST-000255,74.55,online,education
TXN-00007668,CUST-004665,515.56,atm,travel
TXN-00007669,CUST-002985,11.79,card,health
TXN-00007670,CUST-004584,51.28,branch,grocery
TXN-00007671,CUST-005805,76.86,card,grocery
TXN-00007672,CUST-004567,68.62,card,health
TXN-00007673,CUST-002014,130.42,card,dining
TXN-00007674,CUST-002175,138.93,online,health
TXN-00007675,CUST-001541,105.44,online,utilities
TXN-00007676,CUST-004776,24.11,branch,health
TXN-00007677,CUST-002411,192.5,wallet,grocery
TXN-00007678,CUST-003535,42.34,card,health
TXN-00007679,CUST-002886,73.38,online,education
TXN-00007680,CUST-001114,115.16,online,utilities
TXN-00007681,CUST-003454,7.26,atm,grocery
TXN-00007682,CUST-003440,55.97,branch,education
TXN-00007683,CUST-002765,9.57,card,grocery
TXN-00007684,CUST-002499,62.07,online,retail
TXN-00007685,CUST-004317,9.83,card,health
TXN-00007686,CUST-003810,231.31,atm,dining
TXN-00007687,CUST-002753,42.38,wallet,retail
TXN-00007688,CUST-003922,36.4,wallet,health
TXN-00007689,CUST-000952,628.85,card,retail
TXN-00007690,CUST-003563,59.42,online,grocery
TXN-00007691,CUST-003451,165.8,atm,grocery
TXN-00007692,CUST-003989,23.0,online,travel
TXN-00007693,CUST-002141,25.6,wallet,education
TXN-00007694,CUST-001214,61.92,online,travel
TXN-00007695,CUST-003056,37.28,card,travel
TXN-00007696,CUST-003828,38.92,card,dining
TXN-00007697,CUST-004669,60.57,card,health
TXN-00007698,CUST-004320,33.05,atm,dining
TXN-00007699,CUST-000286,14.14,online,dining
TXN-00007700,CUST-005194,104.36,card,health
TXN-00007701,CUST-001306,64.31,card,health
TXN-00007702,CUST-005418,39.89,card,dining
TXN-00007703,CUST-001427,381.45,atm,dining
TXN-00007704,CUST-005912,142.49,online,dining
TXN-00007705,CUST-000194,44.56,card,health
TXN-00007706,CUST-003114,53.36,card,grocery
TXN-00007707,CUST-005780,7.05,card,health
TXN-00007708,CUST-004471,26.87,card,utilities
TXN-00007709,CUST-000562,93.59,online,dining
TXN-00007710,CUST-005452,318.43,online,grocery
TXN-00007711,CUST-001060,34.1,online,dining
TXN-00007712,CUST-005809,48.85,online,education
TXN-00007713,CUST-001654,71.16,branch,grocery
TXN-00007714,CUST-003222,88.77,online,travel
TXN-00007715,CUST-003004,22.95,online,health
TXN-00007716,CUST-002446,20.39,online,grocery
TXN-00007717,CUST-000658,905.47,branch,travel
TXN-00007718,CUST-001614,14.44,online,health
TXN-00007719,CUST-005736,264.43,atm,education
TXN-00007720,CUST-004063,106.35,online,grocery
TXN-00007721,CUST-004019,65.94,online,dining
TXN-00007722,CUST-001928,93.68,atm,education
TXN-00007723,CUST-004739,400.81,card,retail
TXN-00007724,CUST-004097,78.64,wallet,health
TXN-00007725,CUST-001951,120.13,online,grocery
TXN-00007726,CUST-004565,389.78,online,grocery
TXN-00007727,CUST-001203,192.86,branch,health
TXN-00007728,CUST-004732,13.24,card,travel
TXN-00007729,CUST-000655,13.46,online,dining
TXN-00007730,CUST-003971,91.48,atm,retail
TXN-00007731,CUST-000508,32.33,online,grocery
TXN-00007732,CUST-001767,87.17,online,grocery
TXN-00007733,CUST-001751,102.95,card,education
TXN-00007734,CUST-000119,415.98,card,grocery
TXN-00007735,CUST-003547,51.2,online,utilities
TXN-00007736,CUST-000227,59.82,atm,dining
TXN-00007737,CUST-003929,23.1,card,grocery
TXN-00007738,CUST-001720,65.52,online,dining
TXN-00007739,CUST-002668,23.41,atm,health
TXN-00007740,CUST-000724,120.63,card,utilities
TXN-00007741,CUST-000633,47.75,card,grocery
TXN-00007742,CUST-001241,52.52,atm,utilities
TXN-00007743,CUST-004838,158.42,card,grocery
TXN-00007744,CUST-000769,71.44,card,utilities
TXN-00007745,CUST-000020,161.96,wallet,utilities
TXN-00007746,CUST-000306,36.63,card,travel
TXN-00007747,CUST-000569,157.03,branch,dining
TXN-00007748,CUST-005834,24.36,atm,health
TXN-00007749,CUST-003389,172.55,card,utilities
TXN-00007750,CUST-001950,36.41,online,grocery
TXN-00007751,CUST-004322,23.34,online,travel
TXN-00007752,CUST-003004,84.92,branch,grocery
TXN-00007753,CUST-005926,365.65,online,travel
TXN-00007754,CUST-001959,73.55,online,retail
TXN-00007755,CUST-001339,74.98,online,grocery
TXN-00007756,CUST-002382,18.68,card,utilities
TXN-00007757,CUST-003353,976.79,card,utilities
TXN-00007758,CUST-000116,21.19,atm,dining
TXN-00007759,CUST-004689,95.91,online,dining
TXN-00007760,CUST-005375,98.62,card,travel
TXN-00007761,CUST-003528,63.26,online,retail
TXN-00007762,CUST-002213,125.2,atm,health
TXN-00007763,CUST-001919,162.55,card,travel
TXN-00007764,CUST-004071,11.14,card,dining
TXN-00007765,CUST-004084,386.92,branch,retail
TXN-00007766,CUST-002539,33.24,atm,education
TXN-00007767,CUST-003743,47.29,card,grocery
TXN-00007768,CUST-002703,33.01,online,health
TXN-00007769,CUST-005752,23.27,online,health
TXN-00007770,CUST-002800,260.39,card,grocery
TXN-00007771,CUST-003573,53.82,online,education
TXN-00007772,CUST-000658,171.38,branch,grocery
TXN-00007773,CUST-002753,178.75,online,education
TXN-00007774,CUST-003804,327.97,branch,grocery
TXN-00007775,CUST-005256,20.18,online,travel
TXN-00007776,CUST-002879,40.59,card,grocery
TXN-00007777,CUST-000802,115.57,online,travel
TXN-00007778,CUST-002303,202.03,card,retail
TXN-00007779,CUST-004057,28.33,branch,retail
TXN-00007780,CUST-004848,24.31,card,travel
TXN-00007781,CUST-002835,140.71,wallet,travel
TXN-00007782,CUST-001347,77.46,online,dining
TXN-00007783,CUST-005284,36.3,card,health
TXN-00007784,CUST-001360,17.06,branch,education
TXN-00007785,CUST-003263,25.87,card,utilities
TXN-00007786,CUST-005507,132.34,wallet,utilities
TXN-00007787,CUST-004969,220.35,atm,travel
TXN-00007788,CUST-000540,208.24,card,grocery
TXN-00007789,CUST-002147,27.82,online,travel
TXN-00007790,CUST-005717,220.61,branch,travel
TXN-00007791,CUST-003955,264.95,online,education
TXN-00007792,CUST-004137,107.11,card,education
TXN-00007793,CUST-000364,83.86,card,dining
TXN-00007794,CUST-004450,134.26,branch,health
TXN-00007795,CUST-005230,15.46,atm,health
TXN-00007796,CUST-000321,12.43,card,retail
TXN-00007797,CUST-001734,67.71,card,travel
TXN-00007798,CUST-005906,63.84,online,dining
TXN-00007799,CUST-000329,3.82,online,grocery
TXN-00007800,CUST-002690,90.65,wallet,dining
TXN-00007801,CUST-000570,192.9,online,dining
TXN-00007802,CUST-000381,282.63,card,utilities
TXN-00007803,CUST-000293,101.94,card,travel
TXN-00007804,CUST-003448,43.46,card,grocery
TXN-00007805,CUST-002364,245.75,online,travel
TXN-00007806,CUST-002236,241.07,online,travel
TXN-00007807,CUST-003374,88.28,card,education
TXN-00007808,CUST-004148,148.81,atm,dining
TXN-00007809,CUST-002196,152.04,card,utilities
TXN-00007810,CUST-001221,605.99,online,retail
TXN-00007811,CUST-000190,2.68,online,travel
TXN-00007812,CUST-000083,172.71,atm,retail
TXN-00007813,CUST-004059,60.6,online,dining
TXN-00007814,CUST-000372,78.32,online,grocery
TXN-00007815,CUST-000905,163.29,atm,health
TXN-00007816,CUST-002396,74.76,online,travel
TXN-00007817,CUST-003617,95.96,card,utilities
TXN-00007818,CUST-001207,60.63,wallet,utilities
TXN-00007819,CUST-003079,125.29,online,grocery
TXN-00007820,CUST-004975,111.38,card,grocery
TXN-00007821,CUST-003456,28.48,online,health
TXN-00007822,CUST-001095,119.32,branch,education
TXN-00007823,CUST-000754,155.66,atm,utilities
TXN-00007824,CUST-000787,96.2,card,grocery
TXN-00007825,CUST-004816,245.87,atm,dining
TXN-00007826,CUST-001568,66.11,card,grocery
TXN-00007827,CUST-001626,27.81,branch,health
TXN-00007828,CUST-005336,83.98,atm,dining
TXN-00007829,CUST-000857,70.82,card,education
TXN-00007830,CUST-004131,17.61,branch,retail
TXN-00007831,CUST-004148,148.67,card,travel
TXN-00007832,CUST-001400,542.89,card,retail
TXN-00007833,CUST-000639,70.31,card,health
TXN-00007834,CUST-002528,39.65,card,retail
TXN-00007835,CUST-003736,9.04,online,dining
TXN-00007836,CUST-001074,108.75,branch,health
TXN-00007837,CUST-000934,190.51,online,travel
TXN-00007838,CUST-000293,52.87,atm,grocery
TXN-00007839,CUST-002277,64.12,online,education
TXN-00007840,CUST-000516,12.98,branch,dining
TXN-00007841,CUST-003224,95.94,online,grocery
TXN-00007842,CUST-002476,23.4,wallet,dining
TXN-00007843,CUST-004359,130.54,branch,education
TXN-00007844,CUST-000353,84.07,card,utilities
TXN-00007845,CUST-002583,59.64,atm,grocery
TXN-00007846,CUST-001855,236.69,card,grocery
TXN-00007847,CUST-004964,23.71,online,health
TXN-00007848,CUST-003675,450.24,card,travel
TXN-00007849,CUST-002752,117.53,online,education
TXN-00007850,CUST-003802,72.36,wallet,retail
TXN-00007851,CUST-002026,42.39,branch,retail
TXN-00007852,CUST-001132,187.62,card,dining
TXN-00007853,CUST-004739,46.27,card,grocery
TXN-00007854,CUST-005219,248.14,atm,health
TXN-00007855,CUST-002565,291.12,atm,health
TXN-00007856,CUST-000803,31.93,online,utilities
TXN-00007857,CUST-001185,120.88,card,travel
TXN-00007858,CUST-004571,16.83,online,education
TXN-00007859,CUST-002138,218.05,online,utilities
TXN-00007860,CUST-004822,109.87,card,retail
TXN-00007861,CUST-001673,62.84,card,education
TXN-00007862,CUST-000996,10.77,card,health
TXN-00007863,CUST-003980,135.82,card,utilities
TXN-00007864,CUST-003733,73.42,online,health
TXN-00007865,CUST-002424,24.8,card,education
TXN-00007866,CUST-005248,97.21,card,dining
TXN-00007867,CUST-002963,309.75,online,grocery
TXN-00007868,CUST-001222,344.79,atm,education
TXN-00007869,CUST-004128,57.79,online,utilities
TXN-00007870,CUST-000534,22.67,atm,grocery
TXN-00007871,CUST-003440,203.5,online,dining
TXN-00007872,CUST-001293,18.47,online,dining
TXN-00007873,CUST-002939,28.37,wallet,health
TXN-00007874,CUST-004868,153.79,online,education
TXN-00007875,CUST-004367,249.86,card,travel
TXN-00007876,CUST-001809,144.92,card,travel
TXN-00007877,CUST-000296,59.48,card,travel
TXN-00007878,CUST-004639,144.31,online,travel
TXN-00007879,CUST-001991,236.72,card,education
TXN-00007880,CUST-002127,124.31,atm,retail
TXN-00007881,CUST-000545,9.17,online,health
TXN-00007882,CUST-005116,40.78,card,travel
TXN-00007883,CUST-004841,194.1,card,dining
TXN-00007884,CUST-002358,38.28,online,grocery
TXN-00007885,CUST-002992,190.72,online,health
TXN-00007886,CUST-004260,114.75,branch,utilities
TXN-00007887,CUST-001504,105.85,card,grocery
TXN-00007888,CUST-004173,254.18,card,utilities
TXN-00007889,CUST-003492,59.01,online,health
TXN-00007890,CUST-000169,157.06,atm,utilities
TXN-00007891,CUST-001391,63.66,online,health
TXN-00007892,CUST-001236,110.46,card,health
TXN-00007893,CUST-002452,192.43,card,retail
TXN-00007894,CUST-000003,32.01,online,health
TXN-00007895,CUST-005788,93.99,card,dining
TXN-00007896,CUST-005194,25.98,online,travel
TXN-00007897,CUST-000666,51.15,atm,education
TXN-00007898,CUST-005474,47.2,atm,grocery
TXN-00007899,CUST-002451,37.73,atm,grocery
TXN-00007900,CUST-001802,188.16,branch,utilities
TXN-00007901,CUST-002146,75.27,wallet,health
TXN-00007902,CUST-001626,986.44,online,health
TXN-00007903,CUST-002122,79.12,atm,dining
TXN-00007904,CUST-001857,42.48,atm,dining
TXN-00007905,CUST-002703,168.61,card,education
TXN-00007906,CUST-000122,123.27,online,utilities
TXN-00007907,CUST-005255,203.9,branch,travel
TXN-00007908,CUST-002030,48.28,atm,retail
TXN-00007909,CUST-001462,52.6,online,travel
TXN-00007910,CUST-002673,97.33,online,retail
TXN-00007911,CUST-000752,65.13,atm,dining
TXN-00007912,CUST-000510,240.17,atm,health
TXN-00007913,CUST-002579,23.96,atm,utilities
TXN-00007914,CUST-000691,183.57,card,education
TXN-00007915,CUST-003626,565.04,online,travel
TXN-00007916,CUST-001975,181.6,wallet,education
TXN-00007917,CUST-005800,195.05,card,travel
TXN-00007918,CUST-002396,79.91,online,dining
TXN-00007919,CUST-001292,24.4,wallet,travel
TXN-00007920,CUST-004951,9.01,card,retail
TXN-00007921,CUST-001490,120.2,atm,retail
TXN-00007922,CUST-005067,67.59,card,retail
TXN-00007923,CUST-000681,21.6,card,grocery
TXN-00007924,CUST-004897,411.62,online,dining
TXN-00007925,CUST-003297,47.26,card,utilities
TXN-00007926,CUST-003819,84.46,wallet,grocery
TXN-00007927,CUST-004088,89.09,card,education
TXN-00007928,CUST-005743,157.88,atm,travel
TXN-00007929,CUST-002328,123.09,atm,grocery
TXN-00007930,CUST-002570,28.51,card,health
TXN-00007931,CUST-005789,17.17,atm,health
TXN-00007932,CUST-004268,68.82,online,health
TXN-00007933,CUST-003930,51.83,atm,education
TXN-00007934,CUST-004170,158.96,card,dining
TXN-00007935,CUST-003916,36.25,online,travel
TXN-00007936,CUST-000443,97.74,card,health
TXN-00007937,CUST-004774,193.87,online,utilities
TXN-00007938,CUST-004612,18.26,online,dining
TXN-00007939,CUST-004679,111.11,card,dining
TXN-00007940,CUST-003102,86.76,branch,retail
TXN-00007941,CUST-000903,43.46,atm,health
TXN-00007942,CUST-004419,14.56,online,utilities
TXN-00007943,CUST-000336,7.26,atm,travel
TXN-00007944,CUST-003738,52.43,online,travel
TXN-00007945,CUST-000581,90.57,atm,dining
TXN-00007946,CUST-003723,112.62,online,retail
TXN-00007947,CUST-001487,42.62,card,education
TXN-00007948,CUST-005533,242.79,card,education
TXN-00007949,CUST-005553,216.21,online,retail
TXN-00007950,CUST-003238,47.89,card,utilities
TXN-00007951,CUST-002342,59.45,card,dining
TXN-00007952,CUST-001426,63.94,wallet,grocery
TXN-00007953,CUST-004298,84.12,card,grocery
TXN-00007954,CUST-000132,115.44,wallet,dining
TXN-00007955,CUST-004100,378.77,atm,grocery
TXN-00007956,CUST-002175,26.17,online,health
TXN-00007957,CUST-002476,50.01,online,travel
TXN-00007958,CUST-001999,90.94,online,dining
TXN-00007959,CUST-005151,30.65,card,travel
TXN-00007960,CUST-005280,44.86,card,travel
TXN-00007961,CUST-001760,485.12,online,utilities
TXN-00007962,CUST-000710,225.11,atm,retail
TXN-00007963,CUST-003386,114.18,wallet,travel
TXN-00007964,CUST-000447,64.48,card,utilities
TXN-00007965,CUST-004855,30.51,online,dining
TXN-00007966,CUST-000961,163.46,atm,education
TXN-00007967,CUST-001670,177.45,branch,utilities
TXN-00007968,CUST-002494,35.4,card,dining
TXN-00007969,CUST-004179,130.74,wallet,grocery
TXN-00007970,CUST-002251,16.12,wallet,dining
TXN-00007971,CUST-001050,182.38,online,dining
TXN-00007972,CUST-004675,24.71,card,education
TXN-00007973,CUST-004379,191.09,card,grocery
TXN-00007974,CUST-005660,181.18,atm,retail
TXN-00007975,CUST-001690,443.26,atm,health
TXN-00007976,CUST-000426,166.8,online,grocery
TXN-00007977,CUST-000554,497.46,online,education
TXN-00007978,CUST-001413,31.52,atm,utilities
TXN-00007979,CUST-005672,23.84,online,grocery
TXN-00007980,CUST-003662,88.01,atm,health
TXN-00007981,CUST-005700,17.68,branch,education
TXN-00007982,CUST-004085,1002.07,branch,education
TXN-00007983,CUST-000196,284.82,card,dining
TXN-00007984,CUST-000497,35.49,online,travel
TXN-00007985,CUST-004591,25.92,wallet,dining
TXN-00007986,CUST-005629,73.21,wallet,travel
TXN-00007987,CUST-001638,71.56,wallet,travel
TXN-00007988,CUST-001285,15.51,online,health
TXN-00007989,CUST-003326,83.0,atm,utilities
TXN-00007990,CUST-004406,93.77,online,retail
TXN-00007991,CUST-000455,549.24,card,dining
TXN-00007992,CUST-000679,109.39,branch,grocery
TXN-00007993,CUST-001959,215.91,online,health
TXN-00007994,CUST-004867,137.56,atm,travel
TXN-00007995,CUST-002391,126.07,online,utilities
TXN-00007996,CUST-002656,37.85,branch,grocery
TXN-00007997,CUST-000968,26.15,card,education
TXN-00007998,CUST-004920,104.63,atm,utilities
TXN-00007999,CUST-001328,49.72,card,education
TXN-00008000,CUST-000723,28.73,online,retail
TXN-00008001,CUST-005233,90.44,online,education
TXN-00008002,CUST-005937,25.57,card,education
TXN-00008003,CUST-004493,333.26,online,grocery
TXN-00008004,CUST-004774,43.29,atm,education
TXN-00008005,CUST-000618,5.12,card,travel
TXN-00008006,CUST-005345,206.23,atm,utilities
TXN-00008007,CUST-000237,384.19,online,health
TXN-00008008,CUST-001759,62.46,online,education
TXN-00008009,CUST-004601,71.52,branch,education
TXN-00008010,CUST-000384,48.66,atm,grocery
TXN-00008011,CUST-001668,494.11,atm,travel
TXN-00008012,CUST-002262,64.4,online,dining
TXN-00008013,CUST-000008,22.32,atm,health
TXN-00008014,CUST-001444,38.48,online,travel
TXN-00008015,CUST-005674,172.13,online,retail
TXN-00008016,CUST-000996,233.23,atm,health
TXN-00008017,CUST-001274,172.07,online,dining
TXN-00008018,CUST-005761,50.43,online,utilities
TXN-00008019,CUST-002685,105.03,card,dining
TXN-00008020,CUST-003807,19.83,atm,health
TXN-00008021,CUST-001541,54.81,branch,education
TXN-00008022,CUST-002681,32.38,atm,education
TXN-00008023,CUST-000211,797.1,wallet,dining
TXN-00008024,CUST-005697,42.22,card,retail
TXN-00008025,CUST-000157,157.88,atm,education
TXN-00008026,CUST-002754,277.68,branch,education
TXN-00008027,CUST-000991,186.83,online,utilities
TXN-00008028,CUST-004617,40.33,wallet,grocery
TXN-00008029,CUST-000086,647.06,card,travel
TXN-00008030,CUST-003403,43.62,card,travel
TXN-00008031,CUST-000573,57.84,card,education
TXN-00008032,CUST-000536,453.28,branch,education
TXN-00008033,CUST-003955,127.99,atm,dining
TXN-00008034,CUST-005292,80.62,online,grocery
TXN-00008035,CUST-001562,81.01,online,travel
TXN-00008036,CUST-001166,12.12,online,retail
TXN-00008037,CUST-004825,11.52,card,education
TXN-00008038,CUST-001345,129.96,atm,grocery
TXN-00008039,CUST-003113,56.23,online,dining
TXN-00008040,CUST-002558,31.72,card,education
TXN-00008041,CUST-001899,120.19,card,education
TXN-00008042,CUST-002940,22.57,card,grocery
TXN-00008043,CUST-000034,75.55,card,dining
TXN-00008044,CUST-002256,37.82,atm,dining
TXN-00008045,CUST-004188,167.55,wallet,travel
TXN-00008046,CUST-001710,54.73,online,retail
TXN-00008047,CUST-005576,201.74,card,grocery
TXN-00008048,CUST-004238,48.46,wallet,dining
TXN-00008049,CUST-001616,28.02,card,grocery
TXN-00008050,CUST-002336,76.52,card,travel
TXN-00008051,CUST-005724,205.67,card,dining
TXN-00008052,CUST-000404,26.02,online,retail
TXN-00008053,CUST-001149,25.17,card,health
TXN-00008054,CUST-004403,31.37,online,health
TXN-00008055,CUST-001926,393.39,branch,health
TXN-00008056,CUST-005390,36.61,branch,grocery
TXN-00008057,CUST-005524,242.04,card,grocery
TXN-00008058,CUST-001549,60.23,wallet,education
TXN-00008059,CUST-003940,42.76,branch,retail
TXN-00008060,CUST-001678,150.3,card,travel
TXN-00008061,CUST-003143,69.5,card,dining
TXN-00008062,CUST-001207,220.55,card,retail
TXN-00008063,CUST-005853,35.81,card,health
TXN-00008064,CUST-005232,93.24,online,dining
TXN-00008065,CUST-002215,23.94,atm,retail
TXN-00008066,CUST-000313,15.65,card,travel
TXN-00008067,CUST-004835,41.99,online,health
TXN-00008068,CUST-001418,58.04,card,grocery
TXN-00008069,CUST-004602,49.72,online,health
TXN-00008070,CUST-003554,19.63,online,retail
TXN-00008071,CUST-003232,53.7,online,education
TXN-00008072,CUST-002918,52.74,branch,education
TXN-00008073,CUST-000123,335.44,online,grocery
TXN-00008074,CUST-004284,121.52,card,utilities
TXN-00008075,CUST-002153,11.95,card,utilities
TXN-00008076,CUST-000485,37.69,wallet,health
TXN-00008077,CUST-001355,130.56,online,health
TXN-00008078,CUST-001508,44.38,atm,health
TXN-00008079,CUST-000713,33.55,card,education
TXN-00008080,CUST-000850,23.21,card,education
TXN-00008081,CUST-002797,77.56,card,education
TXN-00008082,CUST-000786,441.17,atm,health
TXN-00008083,CUST-000522,29.3,online,grocery
TXN-00008084,CUST-004575,236.03,branch,retail
TXN-00008085,CUST-004388,113.11,online,education
TXN-00008086,CUST-005729,41.49,atm,utilities
TXN-00008087,CUST-004810,120.63,online,retail
TXN-00008088,CUST-000140,15.79,online,health
TXN-00008089,CUST-000155,143.36,card,grocery
TXN-00008090,CUST-001969,61.39,atm,travel
TXN-00008091,CUST-001643,68.25,branch,grocery
TXN-00008092,CUST-005093,76.5,wallet,dining
TXN-00008093,CUST-005510,186.52,card,education
TXN-00008094,CUST-002851,32.12,online,grocery
TXN-00008095,CUST-005625,7.74,card,retail
TXN-00008096,CUST-001003,6.57,wallet,travel
TXN-00008097,CUST-001625,50.57,branch,utilities
TXN-00008098,CUST-000140,692.63,online,utilities
TXN-00008099,CUST-003896,49.81,branch,health
TXN-00008100,CUST-001246,312.69,card,health
TXN-00008101,CUST-001434,35.91,online,grocery
TXN-00008102,CUST-002116,157.02,online,grocery
TXN-00008103,CUST-001950,39.63,online,utilities
TXN-00008104,CUST-000024,18.64,card,utilities
TXN-00008105,CUST-002217,75.12,online,utilities
TXN-00008106,CUST-002782,91.41,card,utilities
TXN-00008107,CUST-004391,92.18,online,utilities
TXN-00008108,CUST-005296,217.94,online,education
TXN-00008109,CUST-004555,127.17,online,health
TXN-00008110,CUST-000705,269.62,atm,retail
TXN-00008111,CUST-004027,267.31,branch,dining
TXN-00008112,CUST-001005,71.17,branch,retail
TXN-00008113,CUST-000044,12.06,branch,dining
TXN-00008114,CUST-000882,47.14,card,travel
TXN-00008115,CUST-003406,120.73,card,health
TXN-00008116,CUST-005833,83.49,wallet,utilities
TXN-00008117,CUST-002380,416.35,online,retail
TXN-00008118,CUST-005294,277.75,online,utilities
TXN-00008119,CUST-003945,139.45,online,dining
TXN-00008120,CUST-000761,96.35,card,education
TXN-00008121,CUST-005272,54.59,atm,education
TXN-00008122,CUST-002737,156.36,branch,travel
TXN-00008123,CUST-000878,70.66,online,utilities
TXN-00008124,CUST-003790,24.13,card,dining
TXN-00008125,CUST-003041,234.87,online,retail
TXN-00008126,CUST-005849,10.63,atm,travel
TXN-00008127,CUST-001549,36.58,card,education
TXN-00008128,CUST-000865,49.04,online,travel
TXN-00008129,CUST-001978,28.63,atm,health
TXN-00008130,CUST-004795,29.26,card,education
TXN-00008131,CUST-003761,87.57,online,utilities
TXN-00008132,CUST-004842,45.54,card,utilities
TXN-00008133,CUST-002558,120.52,wallet,grocery
TXN-00008134,CUST-004137,80.45,online,retail
TXN-00008135,CUST-000144,78.83,card,health
TXN-00008136,CUST-002512,135.57,atm,utilities
TXN-00008137,CUST-002811,28.02,atm,utilities
TXN-00008138,CUST-005965,9.93,wallet,grocery
TXN-00008139,CUST-000116,151.97,online,travel
TXN-00008140,CUST-005435,60.79,card,dining
TXN-00008141,CUST-000101,119.26,wallet,dining
TXN-00008142,CUST-002292,5.02,branch,health
TXN-00008143,CUST-001516,40.67,card,utilities
TXN-00008144,CUST-003187,61.25,card,dining
TXN-00008145,CUST-001597,84.9,wallet,education
TXN-00008146,CUST-000300,205.67,card,dining
TXN-00008147,CUST-004976,38.98,online,dining
TXN-00008148,CUST-000246,8.99,online,retail
TXN-00008149,CUST-001814,28.65,card,health
TXN-00008150,CUST-004695,52.16,wallet,grocery
TXN-00008151,CUST-004262,110.37,branch,utilities
TXN-00008152,CUST-002137,104.18,wallet,health
TXN-00008153,CUST-003235,22.82,card,health
TXN-00008154,CUST-003989,199.21,card,retail
TXN-00008155,CUST-003642,15.73,atm,grocery
TXN-00008156,CUST-003439,889.77,card,travel
TXN-00008157,CUST-003185,58.97,online,retail
TXN-00008158,CUST-005226,22.46,atm,health
TXN-00008159,CUST-005107,46.7,card,dining
TXN-00008160,CUST-003466,27.1,atm,retail
TXN-00008161,CUST-005387,29.01,card,grocery
TXN-00008162,CUST-002946,152.36,card,dining
TXN-00008163,CUST-004816,208.75,online,grocery
TXN-00008164,CUST-003869,50.9,online,education
TXN-00008165,CUST-001779,60.09,online,education
TXN-00008166,CUST-000566,21.35,wallet,retail
TXN-00008167,CUST-001935,211.0,atm,health
TXN-00008168,CUST-000933,42.83,card,grocery
TXN-00008169,CUST-004194,192.77,wallet,grocery
TXN-00008170,CUST-004121,88.82,online,utilities
TXN-00008171,CUST-002434,43.61,card,retail
TXN-00008172,CUST-003448,24.13,card,utilities
TXN-00008173,CUST-005198,405.57,atm,grocery
TXN-00008174,CUST-002412,121.22,atm,health
TXN-00008175,CUST-003354,70.17,online,utilities
TXN-00008176,CUST-000496,211.72,card,education
TXN-00008177,CUST-000392,88.59,card,health
TXN-00008178,CUST-000767,49.63,card,grocery
TXN-00008179,CUST-005308,16.57,branch,retail
TXN-00008180,CUST-000921,19.8,card,education
TXN-00008181,CUST-000845,167.18,online,grocery
TXN-00008182,CUST-000588,40.51,card,utilities
TXN-00008183,CUST-003011,28.13,branch,retail
TXN-00008184,CUST-004955,148.02,card,utilities
TXN-00008185,CUST-002719,50.93,online,health
TXN-00008186,CUST-005085,45.38,branch,travel
TXN-00008187,CUST-001301,17.89,wallet,grocery
TXN-00008188,CUST-001689,22.14,card,health
TXN-00008189,CUST-002655,72.4,wallet,retail
TXN-00008190,CUST-000953,65.51,wallet,utilities
TXN-00008191,CUST-001312,49.4,wallet,grocery
TXN-00008192,CUST-002576,343.43,atm,grocery
TXN-00008193,CUST-005203,70.1,card,education
TXN-00008194,CUST-005994,102.54,online,education
TXN-00008195,CUST-001734,20.17,card,utilities
TXN-00008196,CUST-000365,60.17,online,utilities
TXN-00008197,CUST-003448,56.36,card,education
TXN-00008198,CUST-005464,41.1,card,dining
TXN-00008199,CUST-002110,586.71,branch,grocery
TXN-00008200,CUST-002921,58.43,online,education
TXN-00008201,CUST-004634,93.35,online,utilities
TXN-00008202,CUST-002796,126.73,atm,grocery
TXN-00008203,CUST-004505,61.19,card,retail
TXN-00008204,CUST-000656,69.83,card,grocery
TXN-00008205,CUST-003368,159.72,online,health
TXN-00008206,CUST-001970,18.41,card,dining
TXN-00008207,CUST-005052,340.81,atm,retail
TXN-00008208,CUST-001042,104.37,branch,education
TXN-00008209,CUST-001373,322.63,atm,grocery
TXN-00008210,CUST-005116,138.7,branch,education
TXN-00008211,CUST-000343,12.23,atm,utilities
TXN-00008212,CUST-003715,30.01,branch,travel
TXN-00008213,CUST-005682,48.13,card,grocery
TXN-00008214,CUST-004753,16.36,wallet,travel
TXN-00008215,CUST-000566,59.81,card,education
TXN-00008216,CUST-004832,21.74,card,travel
TXN-00008217,CUST-001869,52.46,card,retail
TXN-00008218,CUST-003710,29.89,card,education
TXN-00008219,CUST-002264,58.81,card,education
TXN-00008220,CUST-004060,233.53,card,education
TXN-00008221,CUST-004342,33.62,online,retail
TXN-00008222,CUST-004438,88.16,online,education
TXN-00008223,CUST-000971,28.95,online,health
TXN-00008224,CUST-004140,122.28,branch,retail
TXN-00008225,CUST-004555,37.12,card,grocery
TXN-00008226,CUST-002750,107.8,card,retail
TXN-00008227,CUST-001806,10.47,card,grocery
TXN-00008228,CUST-003109,18.7,online,travel
TXN-00008229,CUST-003923,118.22,branch,utilities
TXN-00008230,CUST-005965,250.88,card,retail
TXN-00008231,CUST-004671,188.81,atm,grocery
TXN-00008232,CUST-005980,90.44,card,utilities
TXN-00008233,CUST-001433,37.41,card,education
TXN-00008234,CUST-003628,20.37,online,grocery
TXN-00008235,CUST-002308,60.69,atm,retail
TXN-00008236,CUST-001019,24.26,atm,health
TXN-00008237,CUST-001751,44.36,card,retail
TXN-00008238,CUST-000671,111.28,card,retail
TXN-00008239,CUST-005622,39.06,atm,travel
TXN-00008240,CUST-002111,45.55,branch,utilities
TXN-00008241,CUST-000890,57.22,card,education
TXN-00008242,CUST-004746,109.93,online,health
TXN-00008243,CUST-003554,50.88,card,utilities
TXN-00008244,CUST-001888,237.6,online,dining
TXN-00008245,CUST-001096,154.6,atm,travel
TXN-00008246,CUST-001596,241.67,online,education
TXN-00008247,CUST-002578,103.92,wallet,education
TXN-00008248,CUST-003976,337.9,atm,education
TXN-00008249,CUST-005791,86.3,card,utilities
TXN-00008250,CUST-002387,118.84,wallet,dining
TXN-00008251,CUST-001097,14.14,card,dining
TXN-00008252,CUST-003319,104.5,atm,health
TXN-00008253,CUST-003950,131.72,online,grocery
TXN-00008254,CUST-004604,107.43,card,retail
TXN-00008255,CUST-004730,167.67,card,health
TXN-00008256,CUST-004692,99.1,wallet,utilities
TXN-00008257,CUST-001385,64.6,card,grocery
TXN-00008258,CUST-003261,265.3,card,dining
TXN-00008259,CUST-001975,24.06,online,health
TXN-00008260,CUST-005413,154.96,atm,dining
TXN-00008261,CUST-004076,69.44,card,utilities
TXN-00008262,CUST-005127,109.0,branch,education
TXN-00008263,CUST-004135,42.19,card,travel
TXN-00008264,CUST-000622,130.28,atm,education
TXN-00008265,CUST-002080,26.9,wallet,retail
TXN-00008266,CUST-004061,48.39,wallet,retail
TXN-00008267,CUST-000385,93.09,card,grocery
TXN-00008268,CUST-004072,31.98,online,travel
TXN-00008269,CUST-001478,208.54,online,health
TXN-00008270,CUST-001474,202.1,online,dining
TXN-00008271,CUST-004711,39.83,branch,dining
TXN-00008272,CUST-001701,145.19,online,travel
TXN-00008273,CUST-004844,42.26,branch,utilities
TXN-00008274,CUST-003472,330.28,wallet,travel
TXN-00008275,CUST-001896,7.8,card,retail
TXN-00008276,CUST-005718,161.03,online,dining
TXN-00008277,CUST-005127,170.67,atm,dining
TXN-00008278,CUST-001267,37.52,wallet,grocery
TXN-00008279,CUST-000986,109.63,wallet,education
TXN-00008280,CUST-005190,39.19,wallet,grocery
TXN-00008281,CUST-005773,38.04,atm,utilities
TXN-00008282,CUST-001652,196.52,atm,dining
TXN-00008283,CUST-000779,323.55,branch,travel
TXN-00008284,CUST-003834,30.4,atm,dining
TXN-00008285,CUST-005216,204.97,online,travel
TXN-00008286,CUST-001979,184.82,wallet,retail
TXN-00008287,CUST-001610,15.87,online,utilities
TXN-00008288,CUST-004781,38.23,card,retail
TXN-00008289,CUST-000643,27.96,online,dining
TXN-00008290,CUST-004481,80.18,branch,dining
TXN-00008291,CUST-000013,35.12,branch,dining
TXN-00008292,CUST-005103,73.66,online,dining
TXN-00008293,CUST-005940,183.04,online,dining
TXN-00008294,CUST-005586,119.34,card,health
TXN-00008295,CUST-004848,38.26,wallet,dining
TXN-00008296,CUST-000689,183.14,card,utilities
TXN-00008297,CUST-004822,185.37,card,retail
TXN-00008298,CUST-001769,194.85,card,travel
TXN-00008299,CUST-005939,174.46,online,travel
TXN-00008300,CUST-000576,22.49,online,education
TXN-00008301,CUST-001945,166.78,online,retail
TXN-00008302,CUST-004763,52.92,online,travel
TXN-00008303,CUST-002954,51.75,online,grocery
TXN-00008304,CUST-001923,72.72,online,utilities
TXN-00008305,CUST-000530,77.46,online,grocery
TXN-00008306,CUST-004621,11.84,online,travel
TXN-00008307,CUST-001495,119.08,card,retail
TXN-00008308,CUST-005719,82.38,atm,travel
TXN-00008309,CUST-001663,89.29,online,health
TXN-00008310,CUST-003589,17.27,card,dining
TXN-00008311,CUST-003262,31.99,online,travel
TXN-00008312,CUST-002795,49.31,card,grocery
TXN-00008313,CUST-001317,105.17,card,education
TXN-00008314,CUST-000931,168.36,card,travel
TXN-00008315,CUST-004621,36.86,branch,dining
TXN-00008316,CUST-003224,162.14,wallet,retail
TXN-00008317,CUST-001388,38.56,online,retail
TXN-00008318,CUST-001737,45.51,atm,retail
TXN-00008319,CUST-001641,62.97,atm,health
TXN-00008320,CUST-005476,43.87,atm,dining
TXN-00008321,CUST-001782,101.32,online,education
TXN-00008322,CUST-004696,36.43,online,education
TXN-00008323,CUST-002227,119.05,card,dining
TXN-00008324,CUST-005641,79.17,online,travel
TXN-00008325,CUST-005274,20.48,card,grocery
TXN-00008326,CUST-005735,176.95,online,grocery
TXN-00008327,CUST-004198,108.09,online,education
TXN-00008328,CUST-004342,91.68,card,retail
TXN-00008329,CUST-004907,42.0,online,grocery
TXN-00008330,CUST-001849,16.12,wallet,utilities
TXN-00008331,CUST-005403,104.2,wallet,health
TXN-00008332,CUST-001781,1051.0,atm,health
TXN-00008333,CUST-002807,5.54,card,education
TXN-00008334,CUST-001291,185.15,online,grocery
TXN-00008335,CUST-005640,24.4,atm,retail
TXN-00008336,CUST-005401,133.79,online,grocery
TXN-00008337,CUST-002419,26.05,card,dining
TXN-00008338,CUST-003701,138.08,card,health
TXN-00008339,CUST-001700,241.53,online,dining
TXN-00008340,CUST-002490,77.47,card,retail
TXN-00008341,CUST-005230,119.47,online,retail
TXN-00008342,CUST-001870,93.49,card,health
TXN-00008343,CUST-002530,34.71,wallet,retail
TXN-00008344,CUST-004635,64.93,card,dining
TXN-00008345,CUST-000465,124.42,card,grocery
TXN-00008346,CUST-004673,269.33,online,travel
TXN-00008347,CUST-000285,41.41,online,health
TXN-00008348,CUST-004086,118.15,branch,travel
TXN-00008349,CUST-001453,52.07,branch,retail
TXN-00008350,CUST-000851,136.94,card,utilities
TXN-00008351,CUST-000500,150.53,online,travel
TXN-00008352,CUST-001327,65.34,online,education
TXN-00008353,CUST-004121,112.32,wallet,dining
TXN-00008354,CUST-005856,16.69,atm,retail
TXN-00008355,CUST-005464,129.76,online,retail
TXN-00008356,CUST-004794,107.32,card,travel
TXN-00008357,CUST-005251,208.2,online,grocery
TXN-00008358,CUST-001803,11.75,card,travel
TXN-00008359,CUST-002342,66.44,card,education
TXN-00008360,CUST-001324,21.94,card,education
TXN-00008361,CUST-004386,22.9,online,retail
TXN-00008362,CUST-005599,9.95,branch,education
TXN-00008363,CUST-005574,94.99,atm,retail
TXN-00008364,CUST-002060,40.62,card,health
TXN-00008365,CUST-002329,82.24,online,dining
TXN-00008366,CUST-003033,83.81,online,education
TXN-00008367,CUST-005630,112.52,card,education
TXN-00008368,CUST-005411,137.61,branch,education
TXN-00008369,CUST-005607,271.47,card,retail
TXN-00008370,CUST-004201,69.32,branch,travel
TXN-00008371,CUST-002675,51.84,branch,dining
TXN-00008372,CUST-004138,23.18,card,utilities
TXN-00008373,CUST-000075,120.91,card,utilities
TXN-00008374,CUST-001469,32.99,online,travel
TXN-00008375,CUST-000618,88.85,online,education
TXN-00008376,CUST-004643,540.61,card,travel
TXN-00008377,CUST-004490,15.89,card,grocery
TXN-00008378,CUST-004463,23.77,online,utilities
TXN-00008379,CUST-004319,81.12,card,utilities
TXN-00008380,CUST-002641,23.94,online,dining
TXN-00008381,CUST-002151,245.74,card,travel
TXN-00008382,CUST-002539,27.19,online,health
TXN-00008383,CUST-003470,68.26,card,health
TXN-00008384,CUST-003276,113.43,atm,health
TXN-00008385,CUST-003193,19.1,online,retail
TXN-00008386,CUST-005475,76.89,card,dining
TXN-00008387,CUST-002297,285.2,card,retail
TXN-00008388,CUST-002588,121.3,card,retail
TXN-00008389,CUST-005108,50.0,card,retail
TXN-00008390,CUST-005476,146.33,card,retail
TXN-00008391,CUST-004596,7.3,branch,grocery
TXN-00008392,CUST-004129,41.4,online,utilities
TXN-00008393,CUST-005740,16.19,card,travel
TXN-00008394,CUST-001083,92.08,online,education
TXN-00008395,CUST-004599,78.72,online,health
TXN-00008396,CUST-003172,29.54,wallet,education
TXN-00008397,CUST-004191,203.88,card,education
TXN-00008398,CUST-000642,9.98,card,education
TXN-00008399,CUST-003701,370.44,online,retail
TXN-00008400,CUST-004403,198.22,online,retail
TXN-00008401,CUST-002387,80.53,card,education
TXN-00008402,CUST-000428,42.6,atm,travel
TXN-00008403,CUST-003129,55.71,branch,grocery
TXN-00008404,CUST-000921,98.73,card,travel
TXN-00008405,CUST-003254,37.61,wallet,health
TXN-00008406,CUST-003363,62.4,online,utilities
TXN-00008407,CUST-004940,99.47,branch,grocery
TXN-00008408,CUST-004910,128.89,online,dining
TXN-00008409,CUST-000658,277.76,online,health
TXN-00008410,CUST-003087,313.04,online,dining
TXN-00008411,CUST-003615,66.52,card,education
TXN-00008412,CUST-005271,15.0,wallet,grocery
TXN-00008413,CUST-004532,70.98,online,retail
TXN-00008414,CUST-005676,271.0,card,education
TXN-00008415,CUST-000617,65.03,atm,education
TXN-00008416,CUST-005862,357.99,atm,retail
TXN-00008417,CUST-003795,21.19,card,retail
TXN-00008418,CUST-003086,110.47,card,education
TXN-00008419,CUST-001996,110.33,card,dining
TXN-00008420,CUST-003666,407.46,online,retail
TXN-00008421,CUST-003405,77.13,online,grocery
TXN-00008422,CUST-003635,112.81,online,education
TXN-00008423,CUST-004221,144.79,branch,utilities
TXN-00008424,CUST-005089,24.88,atm,retail
TXN-00008425,CUST-004763,40.57,card,dining
TXN-00008426,CUST-002357,101.7,branch,utilities
TXN-00008427,CUST-003312,87.23,wallet,grocery
TXN-00008428,CUST-003359,54.82,online,education
TXN-00008429,CUST-003004,109.05,online,utilities
TXN-00008430,CUST-004010,85.96,card,grocery
TXN-00008431,CUST-004505,190.46,card,travel
TXN-00008432,CUST-002481,42.8,card,grocery
TXN-00008433,CUST-000954,99.18,atm,retail
TXN-00008434,CUST-005589,49.99,online,retail
TXN-00008435,CUST-005054,43.65,card,utilities
TXN-00008436,CUST-002508,263.14,atm,dining
TXN-00008437,CUST-005948,190.39,atm,education
TXN-00008438,CUST-003513,81.58,card,dining
TXN-00008439,CUST-000587,42.52,online,utilities
TXN-00008440,CUST-003469,272.41,branch,dining
TXN-00008441,CUST-003774,451.58,atm,dining
TXN-00008442,CUST-003702,17.42,atm,grocery
TXN-00008443,CUST-001886,39.68,online,travel
TXN-00008444,CUST-002848,42.47,branch,health
TXN-00008445,CUST-002322,58.56,online,grocery
TXN-00008446,CUST-000266,49.34,online,retail
TXN-00008447,CUST-003405,63.31,online,health
TXN-00008448,CUST-000448,141.41,online,travel
TXN-00008449,CUST-000689,53.93,atm,utilities
TXN-00008450,CUST-004382,47.77,card,grocery
TXN-00008451,CUST-001113,65.29,online,utilities
TXN-00008452,CUST-000542,93.09,card,health
TXN-00008453,CUST-004496,81.05,branch,health
TXN-00008454,CUST-001160,99.99,card,travel
TXN-00008455,CUST-000143,70.34,atm,grocery
TXN-00008456,CUST-002068,41.07,online,retail
TXN-00008457,CUST-004604,100.49,branch,health
TXN-00008458,CUST-002034,15.51,card,grocery
TXN-00008459,CUST-005245,128.63,card,travel
TXN-00008460,CUST-002202,179.41,card,health
TXN-00008461,CUST-003875,24.75,atm,health
TXN-00008462,CUST-002494,185.43,online,travel
TXN-00008463,CUST-003928,316.33,card,utilities
TXN-00008464,CUST-000809,30.84,atm,dining
TXN-00008465,CUST-001154,95.81,atm,health
TXN-00008466,CUST-000500,50.01,atm,travel
TXN-00008467,CUST-003935,61.7,atm,education
TXN-00008468,CUST-004393,43.31,branch,education
TXN-00008469,CUST-001872,21.26,wallet,health
TXN-00008470,CUST-000982,304.82,card,education
TXN-00008471,CUST-005574,69.27,online,utilities
TXN-00008472,CUST-005293,82.27,branch,education
TXN-00008473,CUST-004253,148.26,card,retail
TXN-00008474,CUST-000850,124.27,branch,dining
TXN-00008475,CUST-002457,45.07,card,education
TXN-00008476,CUST-003259,46.32,atm,travel
TXN-00008477,CUST-001827,56.95,atm,health
TXN-00008478,CUST-005398,213.53,card,utilities
TXN-00008479,CUST-005131,48.87,online,health
TXN-00008480,CUST-002063,41.48,card,education
TXN-00008481,CUST-000821,41.44,online,dining
TXN-00008482,CUST-005051,76.59,card,health
TXN-00008483,CUST-004144,102.45,online,travel
TXN-00008484,CUST-001130,1079.55,card,retail
TXN-00008485,CUST-003479,23.42,online,health
TXN-00008486,CUST-002848,24.34,online,health
TXN-00008487,CUST-001127,351.24,online,retail
TXN-00008488,CUST-001098,8.17,atm,utilities
TXN-00008489,CUST-001914,195.73,card,dining
TXN-00008490,CUST-005135,35.69,card,dining
TXN-00008491,CUST-004406,64.15,card,travel
TXN-00008492,CUST-002753,63.69,atm,grocery
TXN-00008493,CUST-002195,322.68,branch,retail
TXN-00008494,CUST-003938,52.12,online,travel
TXN-00008495,CUST-005413,165.81,atm,dining
TXN-00008496,CUST-003931,46.68,card,health
TXN-00008497,CUST-002856,33.7,card,utilities
TXN-00008498,CUST-003215,38.99,card,travel
TXN-00008499,CUST-003479,46.47,online,retail
TXN-00008500,CUST-004804,19.8,online,retail
TXN-00008501,CUST-005062,55.17,atm,grocery
TXN-00008502,CUST-001942,277.44,online,travel
TXN-00008503,CUST-002541,155.31,atm,travel
TXN-00008504,CUST-003596,70.77,branch,travel
TXN-00008505,CUST-000084,109.39,card,utilities
TXN-00008506,CUST-005755,51.58,atm,travel
TXN-00008507,CUST-002155,79.95,card,travel
TXN-00008508,CUST-004583,106.76,online,utilities
TXN-00008509,CUST-005362,19.22,online,retail
TXN-00008510,CUST-004342,118.91,card,education
TXN-00008511,CUST-002680,116.98,atm,retail
TXN-00008512,CUST-000938,38.15,card,grocery
TXN-00008513,CUST-001313,44.04,atm,dining
TXN-00008514,CUST-000436,195.23,online,health
TXN-00008515,CUST-002752,231.11,card,retail
TXN-00008516,CUST-002059,49.99,online,health
TXN-00008517,CUST-000585,138.35,card,dining
TXN-00008518,CUST-001510,330.18,atm,dining
TXN-00008519,CUST-003934,90.46,card,education
TXN-00008520,CUST-003372,20.97,branch,travel
TXN-00008521,CUST-001119,46.17,card,health
TXN-00008522,CUST-003614,17.05,wallet,utilities
TXN-00008523,CUST-003000,258.46,online,utilities
TXN-00008524,CUST-003732,569.95,atm,grocery
TXN-00008525,CUST-002946,109.55,online,health
TXN-00008526,CUST-004121,30.59,card,dining
TXN-00008527,CUST-003169,180.95,atm,utilities
TXN-00008528,CUST-000515,30.51,card,utilities
TXN-00008529,CUST-004139,494.8,card,retail
TXN-00008530,CUST-002669,32.73,card,health
TXN-00008531,CUST-001731,87.42,card,utilities
TXN-00008532,CUST-005681,181.76,atm,health
TXN-00008533,CUST-001457,87.25,card,dining
TXN-00008534,CUST-003213,12.46,online,dining
TXN-00008535,CUST-000507,118.18,online,travel
TXN-00008536,CUST-003858,32.79,branch,retail
TXN-00008537,CUST-000046,93.75,atm,health
TXN-00008538,CUST-004336,21.5,atm,travel
TXN-00008539,CUST-002709,92.38,branch,retail
TXN-00008540,CUST-004443,139.03,online,health
TXN-00008541,CUST-004216,211.24,wallet,utilities
TXN-00008542,CUST-005389,171.89,branch,education
TXN-00008543,CUST-003290,332.78,atm,utilities
TXN-00008544,CUST-004795,139.72,atm,health
TXN-00008545,CUST-001066,56.3,card,dining
TXN-00008546,CUST-001201,84.82,card,dining
TXN-00008547,CUST-005751,155.75,online,utilities
TXN-00008548,CUST-000218,15.08,online,travel
TXN-00008549,CUST-003617,10.12,atm,travel
TXN-00008550,CUST-004876,100.83,card,health
TXN-00008551,CUST-002032,627.29,atm,dining
TXN-00008552,CUST-002791,225.13,online,dining
TXN-00008553,CUST-002901,54.92,branch,travel
TXN-00008554,CUST-003698,201.08,card,health
TXN-00008555,CUST-003973,55.94,wallet,utilities
TXN-00008556,CUST-003215,33.29,online,travel
TXN-00008557,CUST-000538,20.39,branch,dining
TXN-00008558,CUST-005873,65.55,atm,utilities
TXN-00008559,CUST-001137,33.85,online,utilities
TXN-00008560,CUST-005201,176.42,branch,grocery
TXN-00008561,CUST-000126,15.79,card,dining
TXN-00008562,CUST-003750,144.61,card,travel
TXN-00008563,CUST-004610,31.8,online,retail
TXN-00008564,CUST-001244,89.32,card,travel
TXN-00008565,CUST-002255,38.34,card,utilities
TXN-00008566,CUST-003696,195.13,branch,grocery
TXN-00008567,CUST-002766,57.27,atm,dining
TXN-00008568,CUST-005650,159.18,atm,education
TXN-00008569,CUST-004872,96.1,card,retail
TXN-00008570,CUST-000840,192.01,online,utilities
TXN-00008571,CUST-001897,44.94,branch,grocery
TXN-00008572,CUST-003740,311.36,online,dining
TXN-00008573,CUST-001538,44.25,card,education
TXN-00008574,CUST-005505,81.87,atm,health
TXN-00008575,CUST-004151,67.89,online,travel
TXN-00008576,CUST-000283,156.72,card,dining
TXN-00008577,CUST-002547,322.68,card,utilities
TXN-00008578,CUST-002369,70.25,online,dining
TXN-00008579,CUST-001440,194.73,online,travel
TXN-00008580,CUST-001913,24.99,online,travel
TXN-00008581,CUST-003241,98.38,card,dining
TXN-00008582,CUST-001916,376.66,online,grocery
TXN-00008583,CUST-002619,80.6,branch,retail
TXN-00008584,CUST-000397,108.74,branch,health
TXN-00008585,CUST-002260,225.29,card,utilities
TXN-00008586,CUST-004346,43.8,online,utilities
TXN-00008587,CUST-002920,603.08,wallet,health
TXN-00008588,CUST-002038,58.16,card,education
TXN-00008589,CUST-004000,107.07,branch,education
TXN-00008590,CUST-000852,14.68,card,retail
TXN-00008591,CUST-005609,223.97,online,retail
TXN-00008592,CUST-005955,99.41,card,grocery
TXN-00008593,CUST-003149,64.98,online,utilities
TXN-00008594,CUST-004568,27.8,online,retail
TXN-00008595,CUST-000066,534.1,branch,health
TXN-00008596,CUST-001861,126.35,online,education
TXN-00008597,CUST-005987,414.24,atm,health
TXN-00008598,CUST-000935,99.64,card,retail
TXN-00008599,CUST-005167,102.19,card,travel
TXN-00008600,CUST-005447,99.03,card,utilities
TXN-00008601,CUST-005249,40.67,wallet,utilities
TXN-00008602,CUST-004821,46.9,wallet,grocery
TXN-00008603,CUST-001298,81.08,online,grocery
TXN-00008604,CUST-002396,450.98,card,utilities
TXN-00008605,CUST-000183,8.0,online,retail
TXN-00008606,CUST-005038,259.64,online,utilities
TXN-00008607,CUST-001956,28.87,wallet,health
TXN-00008608,CUST-004375,67.75,atm,dining
TXN-00008609,CUST-005638,44.3,card,education
TXN-00008610,CUST-000137,144.94,atm,education
TXN-00008611,CUST-002370,320.22,card,travel
TXN-00008612,CUST-003869,153.63,atm,grocery
TXN-00008613,CUST-002470,32.86,card,retail
TXN-00008614,CUST-004819,94.36,online,travel
TXN-00008615,CUST-003686,175.89,atm,retail
TXN-00008616,CUST-003944,106.03,online,grocery
TXN-00008617,CUST-003365,159.54,card,retail
TXN-00008618,CUST-003596,223.12,card,utilities
TXN-00008619,CUST-005740,44.71,card,grocery
TXN-00008620,CUST-003312,75.78,card,travel
TXN-00008621,CUST-005770,111.3,atm,health
TXN-00008622,CUST-001265,166.54,online,health
TXN-00008623,CUST-004901,86.54,online,travel
TXN-00008624,CUST-003782,16.27,atm,retail
TXN-00008625,CUST-005210,78.24,wallet,grocery
TXN-00008626,CUST-001549,61.86,online,grocery
TXN-00008627,CUST-005877,40.78,wallet,retail
TXN-00008628,CUST-001490,28.37,card,health
TXN-00008629,CUST-004401,25.02,card,education
TXN-00008630,CUST-001394,47.5,online,grocery
TXN-00008631,CUST-001754,39.28,card,retail
TXN-00008632,CUST-002814,55.76,online,retail
TXN-00008633,CUST-004686,54.58,online,dining
TXN-00008634,CUST-002768,23.21,card,retail
TXN-00008635,CUST-000573,7.87,card,health
TXN-00008636,CUST-004174,272.59,card,health
TXN-00008637,CUST-001422,100.46,card,travel
TXN-00008638,CUST-002406,36.63,card,travel
TXN-00008639,CUST-001467,74.13,wallet,retail
TXN-00008640,CUST-002962,356.88,branch,education
TXN-00008641,CUST-004549,300.85,atm,travel
TXN-00008642,CUST-001535,14.71,atm,grocery
TXN-00008643,CUST-002516,62.21,card,education
TXN-00008644,CUST-004588,98.34,online,education
TXN-00008645,CUST-001120,299.56,online,retail
TXN-00008646,CUST-000310,26.15,card,utilities
TXN-00008647,CUST-002301,70.79,online,grocery
TXN-00008648,CUST-000737,30.26,card,dining
TXN-00008649,CUST-001411,51.06,online,health
TXN-00008650,CUST-002408,78.7,wallet,dining
TXN-00008651,CUST-000084,31.52,atm,education
TXN-00008652,CUST-002096,49.87,atm,utilities
TXN-00008653,CUST-000744,80.76,atm,utilities
TXN-00008654,CUST-003066,179.46,atm,health
TXN-00008655,CUST-003819,33.05,atm,grocery
TXN-00008656,CUST-000438,107.24,wallet,utilities
TXN-00008657,CUST-003956,66.37,card,retail
TXN-00008658,CUST-002367,158.58,branch,dining
TXN-00008659,CUST-004535,14.9,atm,health
TXN-00008660,CUST-004715,27.91,atm,education
TXN-00008661,CUST-003448,35.74,card,utilities
TXN-00008662,CUST-003118,19.68,card,dining
TXN-00008663,CUST-005829,83.28,atm,dining
TXN-00008664,CUST-000493,70.94,branch,health
TXN-00008665,CUST-005887,102.8,branch,education
TXN-00008666,CUST-002028,84.03,card,education
TXN-00008667,CUST-001774,517.6,card,health
TXN-00008668,CUST-003345,151.18,online,retail
TXN-00008669,CUST-004046,129.25,online,grocery
TXN-00008670,CUST-002228,62.07,card,dining
TXN-00008671,CUST-002823,381.82,atm,retail
TXN-00008672,CUST-001398,55.54,card,grocery
TXN-00008673,CUST-001852,132.27,online,dining
TXN-00008674,CUST-001622,53.8,atm,health
TXN-00008675,CUST-004451,93.39,atm,retail
TXN-00008676,CUST-000894,122.32,atm,health
TXN-00008677,CUST-003830,184.28,branch,travel
TXN-00008678,CUST-002672,25.7,branch,travel
TXN-00008679,CUST-003183,86.04,card,dining
TXN-00008680,CUST-000059,28.18,card,grocery
TXN-00008681,CUST-005120,51.98,branch,retail
TXN-00008682,CUST-004758,81.34,branch,travel
TXN-00008683,CUST-002171,98.2,online,utilities
TXN-00008684,CUST-001779,70.96,atm,grocery
TXN-00008685,CUST-003760,28.41,wallet,grocery
TXN-00008686,CUST-005614,161.15,branch,health
TXN-00008687,CUST-005928,14.25,branch,grocery
TXN-00008688,CUST-000396,100.71,wallet,retail
TXN-00008689,CUST-005803,83.25,atm,health
TXN-00008690,CUST-005275,78.46,card,travel
TXN-00008691,CUST-003127,283.39,online,utilities
TXN-00008692,CUST-000429,91.09,branch,travel
TXN-00008693,CUST-001216,435.47,atm,education
TXN-00008694,CUST-004565,320.43,card,utilities
TXN-00008695,CUST-001805,41.09,online,retail
TXN-00008696,CUST-003669,76.03,branch,utilities
TXN-00008697,CUST-004509,47.89,card,education
TXN-00008698,CUST-003977,269.76,online,retail
TXN-00008699,CUST-004735,127.98,card,retail
TXN-00008700,CUST-002124,25.05,card,grocery
TXN-00008701,CUST-002365,177.58,card,health
TXN-00008702,CUST-000176,82.65,online,retail
TXN-00008703,CUST-000073,181.52,online,health
TXN-00008704,CUST-003255,20.72,card,health
TXN-00008705,CUST-005995,67.78,card,grocery
TXN-00008706,CUST-002576,112.09,card,travel
TXN-00008707,CUST-003052,42.39,branch,education
TXN-00008708,CUST-001940,119.46,online,utilities
TXN-00008709,CUST-005658,44.53,atm,grocery
TXN-00008710,CUST-002186,89.77,card,health
TXN-00008711,CUST-003464,166.96,branch,utilities
TXN-00008712,CUST-005108,105.73,card,health
TXN-00008713,CUST-000653,17.98,wallet,education
TXN-00008714,CUST-000957,313.02,card,dining
TXN-00008715,CUST-001250,174.18,online,education
TXN-00008716,CUST-005046,102.63,card,health
TXN-00008717,CUST-000110,480.19,online,retail
TXN-00008718,CUST-000387,70.52,card,utilities
TXN-00008719,CUST-003217,162.73,online,utilities
TXN-00008720,CUST-004419,11.52,card,grocery
TXN-00008721,CUST-005545,337.94,card,retail
TXN-00008722,CUST-002211,156.88,card,utilities
TXN-00008723,CUST-005746,351.78,card,grocery
TXN-00008724,CUST-000937,41.04,wallet,travel
TXN-00008725,CUST-004965,630.17,online,education
TXN-00008726,CUST-001551,163.69,online,travel
TXN-00008727,CUST-001432,175.66,card,dining
TXN-00008728,CUST-003543,31.5,card,utilities
TXN-00008729,CUST-005370,126.46,card,retail
TXN-00008730,CUST-004757,103.67,online,grocery
TXN-00008731,CUST-004894,85.84,card,retail
TXN-00008732,CUST-004127,118.75,card,utilities
TXN-00008733,CUST-000813,15.6,atm,travel
TXN-00008734,CUST-002426,199.34,card,grocery
TXN-00008735,CUST-003844,32.77,online,dining
TXN-00008736,CUST-004687,73.67,card,education
TXN-00008737,CUST-000484,59.13,atm,health
TXN-00008738,CUST-001307,74.99,online,dining
TXN-00008739,CUST-001764,19.04,online,travel
TXN-00008740,CUST-004459,16.85,card,grocery
TXN-00008741,CUST-003900,51.77,online,dining
TXN-00008742,CUST-003498,14.13,online,travel
TXN-00008743,CUST-004818,27.12,online,retail
TXN-00008744,CUST-005522,128.52,card,dining
TXN-00008745,CUST-005323,52.37,card,education
TXN-00008746,CUST-004531,56.86,atm,retail
TXN-00008747,CUST-002813,319.69,online,travel
TXN-00008748,CUST-003852,6.08,branch,utilities
TXN-00008749,CUST-004638,45.54,wallet,retail
TXN-00008750,CUST-001622,85.86,card,education
TXN-00008751,CUST-004262,111.85,wallet,travel
TXN-00008752,CUST-001282,18.82,online,travel
TXN-00008753,CUST-005862,104.69,branch,education
TXN-00008754,CUST-000424,48.68,atm,dining
TXN-00008755,CUST-002204,293.53,card,education
TXN-00008756,CUST-001759,174.08,online,dining
TXN-00008757,CUST-003400,56.53,card,dining
TXN-00008758,CUST-001916,71.57,branch,education
TXN-00008759,CUST-005111,97.76,online,health
TXN-00008760,CUST-004932,88.4,online,grocery
TXN-00008761,CUST-000594,70.01,online,grocery
TXN-00008762,CUST-000415,58.75,branch,retail
TXN-00008763,CUST-003740,521.63,card,travel
TXN-00008764,CUST-000445,174.95,online,grocery
TXN-00008765,CUST-001553,100.27,atm,retail
TXN-00008766,CUST-002627,135.1,atm,grocery
TXN-00008767,CUST-003076,35.93,online,travel
TXN-00008768,CUST-003159,59.43,card,utilities
TXN-00008769,CUST-004298,24.04,card,travel
TXN-00008770,CUST-001862,71.02,wallet,health
TXN-00008771,CUST-005855,26.77,online,travel
TXN-00008772,CUST-000088,53.43,branch,grocery
TXN-00008773,CUST-004366,58.13,card,retail
TXN-00008774,CUST-002761,40.06,card,retail
TXN-00008775,CUST-002717,171.63,online,health
TXN-00008776,CUST-004437,755.61,atm,health
TXN-00008777,CUST-004433,16.27,online,grocery
TXN-00008778,CUST-003469,161.55,online,health
TXN-00008779,CUST-002628,67.74,online,travel
TXN-00008780,CUST-000264,23.43,card,travel
TXN-00008781,CUST-003666,34.43,card,travel
TXN-00008782,CUST-000155,84.17,branch,grocery
TXN-00008783,CUST-003205,78.3,online,utilities
TXN-00008784,CUST-005661,103.78,card,health
TXN-00008785,CUST-003043,32.37,online,health
TXN-00008786,CUST-005740,11.97,atm,dining
TXN-00008787,CUST-001391,81.21,card,travel
TXN-00008788,CUST-000070,211.32,online,retail
TXN-00008789,CUST-002495,22.53,card,travel
TXN-00008790,CUST-003985,149.98,online,dining
TXN-00008791,CUST-000579,87.84,wallet,utilities
TXN-00008792,CUST-003157,288.28,online,education
TXN-00008793,CUST-002314,118.65,card,utilities
TXN-00008794,CUST-004374,459.99,branch,dining
TXN-00008795,CUST-003715,240.26,wallet,travel
TXN-00008796,CUST-001350,11.81,branch,travel
TXN-00008797,CUST-004826,41.83,atm,health
TXN-00008798,CUST-000858,13.11,online,dining
TXN-00008799,CUST-005730,267.71,atm,utilities
TXN-00008800,CUST-004692,58.42,branch,education
TXN-00008801,CUST-003068,105.89,branch,education
TXN-00008802,CUST-002797,12.77,card,travel
TXN-00008803,CUST-003296,13.85,branch,education
TXN-00008804,CUST-001436,46.42,card,utilities
TXN-00008805,CUST-000290,64.72,wallet,travel
TXN-00008806,CUST-002434,31.34,online,education
TXN-00008807,CUST-002830,61.04,card,health
TXN-00008808,CUST-000984,84.63,atm,education
TXN-00008809,CUST-001778,109.93,atm,travel
TXN-00008810,CUST-005626,53.93,branch,retail
TXN-00008811,CUST-003418,169.68,wallet,retail
TXN-00008812,CUST-003307,156.55,card,travel
TXN-00008813,CUST-001415,344.99,card,retail
TXN-00008814,CUST-002905,363.9,branch,retail
TXN-00008815,CUST-001658,50.43,card,travel
TXN-00008816,CUST-004180,22.1,online,education
TXN-00008817,CUST-003485,54.57,atm,dining
TXN-00008818,CUST-000289,114.57,online,utilities
TXN-00008819,CUST-002403,57.06,online,travel
TXN-00008820,CUST-000818,59.19,online,travel
TXN-00008821,CUST-000101,81.43,atm,dining
TXN-00008822,CUST-005518,48.59,wallet,education
TXN-00008823,CUST-001469,36.6,wallet,health
TXN-00008824,CUST-002789,27.31,branch,retail
TXN-00008825,CUST-001840,188.01,online,grocery
TXN-00008826,CUST-005871,63.05,online,grocery
TXN-00008827,CUST-004561,125.98,online,health
TXN-00008828,CUST-003017,72.72,online,travel
TXN-00008829,CUST-005895,36.6,branch,education
TXN-00008830,CUST-002656,48.62,wallet,utilities
TXN-00008831,CUST-001631,15.65,atm,grocery
TXN-00008832,CUST-001249,96.09,online,education
TXN-00008833,CUST-000205,424.35,atm,dining
TXN-00008834,CUST-002963,93.5,atm,travel
TXN-00008835,CUST-000067,173.44,wallet,retail
TXN-00008836,CUST-002230,21.81,card,dining
TXN-00008837,CUST-001215,10.53,online,travel
TXN-00008838,CUST-000842,50.28,branch,travel
TXN-00008839,CUST-004768,936.01,branch,health
TXN-00008840,CUST-000226,12.89,card,utilities
TXN-00008841,CUST-005676,224.18,card,dining
TXN-00008842,CUST-004479,98.84,branch,travel
TXN-00008843,CUST-001119,128.56,card,utilities
TXN-00008844,CUST-000253,90.67,online,education
TXN-00008845,CUST-001869,41.37,online,grocery
TXN-00008846,CUST-000295,50.47,wallet,utilities
TXN-00008847,CUST-004600,156.7,online,utilities
TXN-00008848,CUST-003604,178.3,card,education
TXN-00008849,CUST-005772,16.01,online,retail
TXN-00008850,CUST-002554,78.83,online,education
TXN-00008851,CUST-001043,53.68,online,grocery
TXN-00008852,CUST-004884,20.81,card,dining
TXN-00008853,CUST-000755,254.34,wallet,retail
TXN-00008854,CUST-003550,51.07,card,retail
TXN-00008855,CUST-005801,84.05,online,retail
TXN-00008856,CUST-000660,245.41,card,utilities
TXN-00008857,CUST-004405,175.71,branch,health
TXN-00008858,CUST-003257,274.95,atm,health
TXN-00008859,CUST-001639,24.95,online,health
TXN-00008860,CUST-004723,352.98,online,grocery
TXN-00008861,CUST-001648,41.51,card,retail
TXN-00008862,CUST-004090,30.1,wallet,health
TXN-00008863,CUST-004258,125.61,wallet,dining
TXN-00008864,CUST-003901,48.44,online,health
TXN-00008865,CUST-002010,157.06,wallet,dining
TXN-00008866,CUST-005672,34.24,atm,retail
TXN-00008867,CUST-003798,82.67,online,retail
TXN-00008868,CUST-003687,387.51,card,health
TXN-00008869,CUST-001683,121.56,card,travel
TXN-00008870,CUST-001570,67.13,atm,health
TXN-00008871,CUST-001348,101.59,online,grocery
TXN-00008872,CUST-000121,7.28,card,grocery
TXN-00008873,CUST-000726,58.94,atm,education
TXN-00008874,CUST-002629,21.22,online,retail
TXN-00008875,CUST-002322,54.86,atm,dining
TXN-00008876,CUST-002735,23.27,card,education
TXN-00008877,CUST-000369,95.82,card,utilities
TXN-00008878,CUST-000411,10.04,atm,education
TXN-00008879,CUST-005471,67.72,card,health
TXN-00008880,CUST-004192,272.62,online,travel
TXN-00008881,CUST-005323,190.62,online,travel
TXN-00008882,CUST-002297,67.33,atm,retail
TXN-00008883,CUST-002326,199.39,card,retail
TXN-00008884,CUST-002661,66.59,card,grocery
TXN-00008885,CUST-001991,75.7,atm,grocery
TXN-00008886,CUST-000344,29.21,atm,retail
TXN-00008887,CUST-003856,59.65,card,utilities
TXN-00008888,CUST-000816,206.78,card,utilities
TXN-00008889,CUST-000799,141.67,card,retail
TXN-00008890,CUST-003025,427.93,wallet,health
TXN-00008891,CUST-002037,175.53,card,retail
TXN-00008892,CUST-001044,26.98,branch,utilities
TXN-00008893,CUST-004767,9.66,card,retail
TXN-00008894,CUST-005419,125.82,card,dining
TXN-00008895,CUST-002960,141.11,online,grocery
TXN-00008896,CUST-002057,76.11,wallet,health
TXN-00008897,CUST-001095,359.76,card,utilities
TXN-00008898,CUST-004623,91.13,card,grocery
TXN-00008899,CUST-001478,195.32,online,retail
TXN-00008900,CUST-003947,99.52,branch,travel
TXN-00008901,CUST-002519,90.6,branch,utilities
TXN-00008902,CUST-000791,241.81,card,utilities
TXN-00008903,CUST-004191,622.91,branch,health
TXN-00008904,CUST-003415,69.69,card,education
TXN-00008905,CUST-002169,140.48,card,travel
TXN-00008906,CUST-003592,118.26,atm,retail
TXN-00008907,CUST-002651,58.8,card,health
TXN-00008908,CUST-005094,34.07,card,travel
TXN-00008909,CUST-000606,221.08,online,retail
TXN-00008910,CUST-003056,335.91,online,travel
TXN-00008911,CUST-002018,78.28,card,utilities
TXN-00008912,CUST-001724,49.67,card,utilities
TXN-00008913,CUST-001010,218.74,atm,utilities
TXN-00008914,CUST-003206,30.66,card,dining
TXN-00008915,CUST-003593,113.21,card,education
TXN-00008916,CUST-005018,112.48,wallet,education
TXN-00008917,CUST-002374,83.67,branch,utilities
TXN-00008918,CUST-000904,222.5,card,travel
TXN-00008919,CUST-004138,108.56,wallet,utilities
TXN-00008920,CUST-002204,76.28,branch,health
TXN-00008921,CUST-001921,44.77,atm,dining
TXN-00008922,CUST-003187,64.68,online,travel
TXN-00008923,CUST-003477,50.87,card,health
TXN-00008924,CUST-003316,59.26,branch,dining
TXN-00008925,CUST-000714,154.77,online,education
TXN-00008926,CUST-005752,39.72,card,education
TXN-00008927,CUST-004274,166.47,online,education
TXN-00008928,CUST-005708,193.7,card,retail
TXN-00008929,CUST-005932,354.76,card,travel
TXN-00008930,CUST-002353,139.68,online,dining
TXN-00008931,CUST-002153,107.45,online,dining
TXN-00008932,CUST-004841,170.03,atm,utilities
TXN-00008933,CUST-005640,141.96,online,education
TXN-00008934,CUST-000382,175.62,online,health
TXN-00008935,CUST-002967,21.33,branch,retail
TXN-00008936,CUST-003298,29.19,wallet,health
TXN-00008937,CUST-000999,35.27,online,grocery
TXN-00008938,CUST-001107,337.51,card,health
TXN-00008939,CUST-002069,8.13,online,grocery
TXN-00008940,CUST-000201,236.51,branch,health
TXN-00008941,CUST-002127,68.34,card,travel
TXN-00008942,CUST-005508,81.32,online,dining
TXN-00008943,CUST-005521,96.52,card,grocery
TXN-00008944,CUST-005796,9.87,card,dining
TXN-00008945,CUST-000913,41.63,online,dining
TXN-00008946,CUST-005802,119.6,branch,education
TXN-00008947,CUST-004542,172.92,card,dining
TXN-00008948,CUST-005172,174.92,online,dining
TXN-00008949,CUST-005431,81.41,branch,dining
TXN-00008950,CUST-001030,290.98,atm,education
TXN-00008951,CUST-003562,69.94,atm,health
TXN-00008952,CUST-000731,105.65,card,grocery
TXN-00008953,CUST-002050,136.12,atm,retail
TXN-00008954,CUST-000417,43.57,card,utilities
TXN-00008955,CUST-005818,117.03,online,travel
TXN-00008956,CUST-002950,60.04,branch,dining
TXN-00008957,CUST-005681,61.06,online,education
TXN-00008958,CUST-005743,115.54,card,education
TXN-00008959,CUST-004577,138.6,atm,grocery
TXN-00008960,CUST-005375,82.86,branch,travel
TXN-00008961,CUST-002284,72.61,card,education
TXN-00008962,CUST-004255,119.49,card,travel
TXN-00008963,CUST-000667,91.13,online,grocery
TXN-00008964,CUST-005166,33.78,card,education
TXN-00008965,CUST-001900,201.35,card,retail
TXN-00008966,CUST-005610,37.38,card,grocery
TXN-00008967,CUST-005998,219.35,branch,grocery
TXN-00008968,CUST-004706,135.61,online,grocery
TXN-00008969,CUST-005334,129.36,card,health
TXN-00008970,CUST-005666,243.47,online,travel
TXN-00008971,CUST-000746,109.96,online,grocery
TXN-00008972,CUST-005672,770.28,atm,education
TXN-00008973,CUST-000131,74.27,atm,grocery
TXN-00008974,CUST-002396,10.67,atm,education
TXN-00008975,CUST-005037,54.28,card,retail
TXN-00008976,CUST-000259,333.14,online,dining
TXN-00008977,CUST-005826,696.49,branch,education
TXN-00008978,CUST-001419,659.06,online,health
TXN-00008979,CUST-003598,348.37,card,health
TXN-00008980,CUST-005752,83.67,online,health
TXN-00008981,CUST-002067,65.15,card,health
TXN-00008982,CUST-001518,567.66,online,utilities
TXN-00008983,CUST-004902,142.57,card,travel
TXN-00008984,CUST-001195,58.68,card,utilities
TXN-00008985,CUST-003186,203.1,card,utilities
TXN-00008986,CUST-003872,23.46,online,retail
TXN-00008987,CUST-002569,33.38,card,travel
TXN-00008988,CUST-000528,20.04,card,travel
TXN-00008989,CUST-003149,92.05,online,dining
TXN-00008990,CUST-005265,193.0,branch,travel
TXN-00008991,CUST-004388,115.41,card,grocery
TXN-00008992,CUST-001814,20.69,branch,education
TXN-00008993,CUST-005741,103.3,online,retail
TXN-00008994,CUST-005203,43.1,online,education
TXN-00008995,CUST-001234,25.24,card,education
TXN-00008996,CUST-002879,24.69,card,travel
TXN-00008997,CUST-000895,224.74,card,travel
TXN-00008998,CUST-002922,106.71,online,utilities
TXN-00008999,CUST-000436,205.67,card,grocery
TXN-00009000,CUST-003211,651.36,branch,dining
TXN-00009001,CUST-005203,90.53,wallet,education
TXN-00009002,CUST-002675,268.84,online,grocery
TXN-00009003,CUST-001834,54.79,online,education
TXN-00009004,CUST-000035,68.38,branch,travel
TXN-00009005,CUST-000586,108.15,branch,education
TXN-00009006,CUST-004972,85.98,online,travel
TXN-00009007,CUST-004913,115.95,card,utilities
TXN-00009008,CUST-003965,20.94,wallet,utilities
TXN-00009009,CUST-004559,224.78,card,dining
TXN-00009010,CUST-001429,43.13,online,travel
TXN-00009011,CUST-002687,80.47,card,utilities
TXN-00009012,CUST-002750,100.02,branch,education
TXN-00009013,CUST-002943,299.92,online,grocery
TXN-00009014,CUST-004832,173.37,branch,utilities
TXN-00009015,CUST-003135,53.41,atm,health
TXN-00009016,CUST-005912,10.55,card,grocery
TXN-00009017,CUST-005994,152.37,card,utilities
TXN-00009018,CUST-002232,296.09,online,dining
TXN-00009019,CUST-004450,32.93,card,travel
TXN-00009020,CUST-003856,123.13,card,utilities
TXN-00009021,CUST-004930,124.54,card,travel
TXN-00009022,CUST-004254,250.62,branch,education
TXN-00009023,CUST-005211,46.23,online,grocery
TXN-00009024,CUST-000643,183.77,online,dining
TXN-00009025,CUST-001881,57.58,branch,education
TXN-00009026,CUST-001698,29.8,atm,travel
TXN-00009027,CUST-002710,38.29,card,travel
TXN-00009028,CUST-005523,77.15,branch,travel
TXN-00009029,CUST-001010,135.78,card,utilities
TXN-00009030,CUST-002672,97.01,branch,travel
TXN-00009031,CUST-005297,54.8,card,health
TXN-00009032,CUST-001582,57.1,atm,education
TXN-00009033,CUST-005297,21.77,wallet,grocery
TXN-00009034,CUST-003429,12.25,card,grocery
TXN-00009035,CUST-004334,23.94,branch,travel
TXN-00009036,CUST-001426,18.99,online,health
TXN-00009037,CUST-003062,375.57,card,grocery
TXN-00009038,CUST-004797,116.45,card,travel
TXN-00009039,CUST-000401,169.51,online,education
TXN-00009040,CUST-005549,103.65,online,utilities
TXN-00009041,CUST-001388,43.2,wallet,travel
TXN-00009042,CUST-003925,53.51,card,utilities
TXN-00009043,CUST-005691,11.62,branch,grocery
TXN-00009044,CUST-003941,39.81,card,travel
TXN-00009045,CUST-004800,34.97,card,dining
TXN-00009046,CUST-002002,11.97,online,retail
TXN-00009047,CUST-000681,136.26,online,utilities
TXN-00009048,CUST-003064,57.89,wallet,travel
TXN-00009049,CUST-004327,240.75,online,health
TXN-00009050,CUST-004916,230.36,online,grocery
TXN-00009051,CUST-000807,484.25,card,travel
TXN-00009052,CUST-003322,233.73,online,health
TXN-00009053,CUST-002952,101.45,online,education
TXN-00009054,CUST-000601,66.62,card,travel
TXN-00009055,CUST-003498,43.44,card,retail
TXN-00009056,CUST-003238,251.72,card,grocery
TXN-00009057,CUST-000761,27.73,branch,grocery
TXN-00009058,CUST-000521,71.6,online,retail
TXN-00009059,CUST-004743,81.13,card,dining
TXN-00009060,CUST-002102,75.78,online,utilities
TXN-00009061,CUST-000894,14.0,online,grocery
TXN-00009062,CUST-005692,71.79,online,utilities
TXN-00009063,CUST-002064,58.01,card,dining
TXN-00009064,CUST-002654,233.08,atm,utilities
TXN-00009065,CUST-004287,223.81,online,dining
TXN-00009066,CUST-005419,32.2,card,travel
TXN-00009067,CUST-000411,213.88,branch,retail
TXN-00009068,CUST-002835,36.58,card,retail
TXN-00009069,CUST-003578,44.69,atm,grocery
TXN-00009070,CUST-002367,79.63,card,utilities
TXN-00009071,CUST-005089,133.55,card,grocery
TXN-00009072,CUST-003344,23.2,online,grocery
TXN-00009073,CUST-002861,123.42,online,travel
TXN-00009074,CUST-003721,56.27,online,dining
TXN-00009075,CUST-004274,39.98,card,grocery
TXN-00009076,CUST-004286,24.32,wallet,dining
TXN-00009077,CUST-000931,104.57,card,dining
TXN-00009078,CUST-001660,174.15,card,retail
TXN-00009079,CUST-001960,17.17,atm,dining
TXN-00009080,CUST-000691,24.4,card,dining
TXN-00009081,CUST-000209,28.15,atm,travel
TXN-00009082,CUST-002856,114.14,card,grocery
TXN-00009083,CUST-000014,118.93,card,travel
TXN-00009084,CUST-003840,84.99,card,utilities
TXN-00009085,CUST-002058,17.13,branch,grocery
TXN-00009086,CUST-000918,65.65,card,grocery
TXN-00009087,CUST-003942,12.55,wallet,health
TXN-00009088,CUST-000189,90.71,online,health
TXN-00009089,CUST-004057,165.0,wallet,grocery
TXN-00009090,CUST-004558,8.16,card,utilities
TXN-00009091,CUST-002694,14.4,card,health
TXN-00009092,CUST-002558,34.47,branch,grocery
TXN-00009093,CUST-000977,38.88,atm,retail
TXN-00009094,CUST-004066,72.49,online,retail
TXN-00009095,CUST-003257,363.29,online,grocery
TXN-00009096,CUST-000054,80.84,online,health
TXN-00009097,CUST-003922,25.55,online,education
TXN-00009098,CUST-004993,3.23,card,grocery
TXN-00009099,CUST-004824,233.61,card,travel
TXN-00009100,CUST-005458,50.61,card,utilities
TXN-00009101,CUST-004527,185.56,card,retail
TXN-00009102,CUST-000698,83.53,online,grocery
TXN-00009103,CUST-002001,56.87,card,grocery
TXN-00009104,CUST-000888,39.87,online,dining
TXN-00009105,CUST-001787,114.05,card,health
TXN-00009106,CUST-003267,181.65,card,retail
TXN-00009107,CUST-004444,193.41,card,dining
TXN-00009108,CUST-000985,114.97,card,grocery
TXN-00009109,CUST-002260,69.19,wallet,travel
TXN-00009110,CUST-001571,161.6,wallet,travel
TXN-00009111,CUST-005211,34.6,card,utilities
TXN-00009112,CUST-004885,187.63,branch,dining
TXN-00009113,CUST-003943,25.2,online,retail
TXN-00009114,CUST-004501,154.21,card,travel
TXN-00009115,CUST-002257,182.66,card,health
TXN-00009116,CUST-005717,87.68,online,retail
TXN-00009117,CUST-002292,93.39,online,health
TXN-00009118,CUST-005346,92.25,atm,retail
TXN-00009119,CUST-001969,53.35,online,education
TXN-00009120,CUST-001812,38.64,online,travel
TXN-00009121,CUST-000712,106.28,branch,education
TXN-00009122,CUST-005913,72.37,online,education
TXN-00009123,CUST-001230,93.43,atm,health
TXN-00009124,CUST-002591,132.18,atm,retail
TXN-00009125,CUST-005132,189.96,online,retail
TXN-00009126,CUST-003302,53.13,wallet,education
TXN-00009127,CUST-004399,35.86,card,travel
TXN-00009128,CUST-002178,70.17,online,grocery
TXN-00009129,CUST-004385,60.83,atm,utilities
TXN-00009130,CUST-003472,16.2,branch,grocery
TXN-00009131,CUST-001836,52.09,atm,dining
TXN-00009132,CUST-003011,35.64,online,education
TXN-00009133,CUST-005836,53.13,card,retail
TXN-00009134,CUST-001778,97.89,atm,retail
TXN-00009135,CUST-003553,8.24,branch,travel
TXN-00009136,CUST-003127,88.21,card,dining
TXN-00009137,CUST-004916,160.4,wallet,dining
TXN-00009138,CUST-004265,111.79,online,travel
TXN-00009139,CUST-004260,33.58,card,retail
TXN-00009140,CUST-003051,457.34,card,retail
TXN-00009141,CUST-002825,25.41,wallet,travel
TXN-00009142,CUST-005005,88.9,wallet,dining
TXN-00009143,CUST-001982,432.86,card,travel
TXN-00009144,CUST-005279,46.08,online,education
TXN-00009145,CUST-001431,58.55,card,health
TXN-00009146,CUST-002481,83.55,online,health
TXN-00009147,CUST-000426,130.62,card,utilities
TXN-00009148,CUST-004545,957.31,online,travel
TXN-00009149,CUST-004285,98.99,card,utilities
TXN-00009150,CUST-005514,74.26,card,utilities
TXN-00009151,CUST-001097,113.95,card,travel
TXN-00009152,CUST-004553,11.74,card,health
TXN-00009153,CUST-002358,241.83,atm,retail
TXN-00009154,CUST-002833,695.85,atm,health
TXN-00009155,CUST-002087,763.82,card,dining
TXN-00009156,CUST-004241,107.68,atm,health
TXN-00009157,CUST-003581,30.27,online,education
TXN-00009158,CUST-002519,43.11,atm,health
TXN-00009159,CUST-002881,69.68,atm,grocery
TXN-00009160,CUST-001949,54.48,card,grocery
TXN-00009161,CUST-004909,42.6,card,health
TXN-00009162,CUST-003762,37.81,card,grocery
TXN-00009163,CUST-005947,33.85,atm,health
TXN-00009164,CUST-000375,19.32,card,education
TXN-00009165,CUST-004241,107.57,atm,dining
TXN-00009166,CUST-000999,251.86,online,dining
TXN-00009167,CUST-000507,118.34,online,grocery
TXN-00009168,CUST-003371,382.2,online,retail
TXN-00009169,CUST-003785,207.35,atm,retail
TXN-00009170,CUST-002448,181.44,card,utilities
TXN-00009171,CUST-002141,21.91,online,health
TXN-00009172,CUST-001101,29.93,branch,grocery
TXN-00009173,CUST-002137,47.23,online,travel
TXN-00009174,CUST-005631,56.19,online,education
TXN-00009175,CUST-002487,24.03,card,health
TXN-00009176,CUST-005983,307.7,online,retail
TXN-00009177,CUST-005794,316.58,wallet,grocery
TXN-00009178,CUST-002335,31.68,card,utilities
TXN-00009179,CUST-002375,56.05,card,grocery
TXN-00009180,CUST-004244,29.77,card,travel
TXN-00009181,CUST-000900,32.77,atm,utilities
TXN-00009182,CUST-004880,226.15,card,education
TXN-00009183,CUST-001949,29.5,online,grocery
TXN-00009184,CUST-001520,91.28,branch,health
TXN-00009185,CUST-001792,4.17,card,education
TXN-00009186,CUST-001378,417.13,online,education
TXN-00009187,CUST-003331,80.0,online,travel
TXN-00009188,CUST-003916,175.65,online,travel
TXN-00009189,CUST-004625,99.36,online,travel
TXN-00009190,CUST-002188,101.56,atm,health
TXN-00009191,CUST-005255,33.22,card,education
TXN-00009192,CUST-001813,24.97,branch,health
TXN-00009193,CUST-005738,9.87,card,health
TXN-00009194,CUST-004566,458.9,atm,retail
TXN-00009195,CUST-005718,282.55,atm,health
TXN-00009196,CUST-005160,263.07,online,education
TXN-00009197,CUST-004817,52.96,card,utilities
TXN-00009198,CUST-000406,153.1,wallet,dining
TXN-00009199,CUST-002634,37.49,branch,retail
TXN-00009200,CUST-002317,246.42,branch,retail
TXN-00009201,CUST-001843,65.62,atm,retail
TXN-00009202,CUST-005077,48.44,online,retail
TXN-00009203,CUST-004945,29.91,online,dining
TXN-00009204,CUST-004399,62.24,card,travel
TXN-00009205,CUST-003939,25.42,branch,grocery
TXN-00009206,CUST-005653,15.72,online,education
TXN-00009207,CUST-005331,46.79,atm,health
TXN-00009208,CUST-003362,104.6,atm,grocery
TXN-00009209,CUST-002361,52.4,card,retail
TXN-00009210,CUST-004647,30.4,atm,health
TXN-00009211,CUST-002196,1654.12,online,dining
TXN-00009212,CUST-001423,47.92,online,education
TXN-00009213,CUST-005760,264.9,card,dining
TXN-00009214,CUST-000863,9.94,card,retail
TXN-00009215,CUST-001944,4.55,card,education
TXN-00009216,CUST-000567,319.12,online,utilities
TXN-00009217,CUST-005281,96.99,branch,health
TXN-00009218,CUST-005279,182.34,wallet,dining
TXN-00009219,CUST-003278,132.34,online,dining
TXN-00009220,CUST-004088,15.24,card,education
TXN-00009221,CUST-002594,95.68,atm,health
TXN-00009222,CUST-002425,219.98,card,dining
TXN-00009223,CUST-005259,12.8,card,retail
TXN-00009224,CUST-004483,48.4,online,dining
TXN-00009225,CUST-000998,135.02,online,grocery
TXN-00009226,CUST-005175,25.12,wallet,utilities
TXN-00009227,CUST-000646,202.99,card,health
TXN-00009228,CUST-004234,31.57,branch,travel
TXN-00009229,CUST-000165,8.64,branch,utilities
TXN-00009230,CUST-000208,107.8,card,dining
TXN-00009231,CUST-005389,212.79,online,travel
TXN-00009232,CUST-001697,302.96,atm,health
TXN-00009233,CUST-000275,434.35,atm,health
TXN-00009234,CUST-000485,15.35,card,education
TXN-00009235,CUST-001455,72.81,card,grocery
TXN-00009236,CUST-004392,237.1,card,health
TXN-00009237,CUST-002399,143.45,card,retail
TXN-00009238,CUST-005453,53.13,online,travel
TXN-00009239,CUST-000020,378.46,atm,education
TXN-00009240,CUST-002853,143.62,card,utilities
TXN-00009241,CUST-001032,252.31,online,education
TXN-00009242,CUST-003495,20.34,online,retail
TXN-00009243,CUST-000444,50.21,card,grocery
TXN-00009244,CUST-004465,36.49,card,health
TXN-00009245,CUST-003729,69.52,atm,health
TXN-00009246,CUST-000016,52.25,online,utilities
TXN-00009247,CUST-001535,275.37,card,dining
TXN-00009248,CUST-002229,36.75,card,travel
TXN-00009249,CUST-004462,58.07,card,travel
TXN-00009250,CUST-000737,162.0,card,education
TXN-00009251,CUST-001598,20.72,online,health
TXN-00009252,CUST-003160,63.51,online,utilities
TXN-00009253,CUST-004599,89.07,card,grocery
TXN-00009254,CUST-000726,47.83,online,travel
TXN-00009255,CUST-004363,45.24,online,dining
TXN-00009256,CUST-005608,99.21,online,education
TXN-00009257,CUST-002143,30.74,branch,dining
TXN-00009258,CUST-003097,94.5,online,travel
TXN-00009259,CUST-000363,45.99,atm,utilities
TXN-00009260,CUST-005353,94.32,atm,utilities
TXN-00009261,CUST-000756,148.26,atm,education
TXN-00009262,CUST-003295,115.34,branch,travel
TXN-00009263,CUST-000120,56.07,wallet,dining
TXN-00009264,CUST-004925,802.55,atm,dining
TXN-00009265,CUST-000463,128.45,online,grocery
TXN-00009266,CUST-000879,28.82,card,utilities
TXN-00009267,CUST-000193,157.09,branch,education
TXN-00009268,CUST-001653,51.66,atm,travel
TXN-00009269,CUST-004853,133.6,online,health
TXN-00009270,CUST-000233,105.55,wallet,travel
TXN-00009271,CUST-001825,90.3,online,dining
TXN-00009272,CUST-005984,117.16,atm,health
TXN-00009273,CUST-003364,21.55,wallet,utilities
TXN-00009274,CUST-000236,35.96,online,dining
TXN-00009275,CUST-001229,39.75,atm,grocery
TXN-00009276,CUST-000031,46.13,atm,health
TXN-00009277,CUST-005299,329.03,branch,dining
TXN-00009278,CUST-003016,122.11,card,utilities
TXN-00009279,CUST-002433,101.32,online,retail
TXN-00009280,CUST-005520,69.71,branch,grocery
TXN-00009281,CUST-000786,742.22,online,health
TXN-00009282,CUST-003980,38.91,online,retail
TXN-00009283,CUST-005303,174.22,online,grocery
TXN-00009284,CUST-000911,179.93,online,education
TXN-00009285,CUST-005540,165.54,card,dining
TXN-00009286,CUST-002502,51.0,atm,retail
TXN-00009287,CUST-004318,26.36,online,grocery
TXN-00009288,CUST-002362,113.62,branch,utilities
TXN-00009289,CUST-003777,81.42,card,utilities
TXN-00009290,CUST-005341,59.06,atm,retail
TXN-00009291,CUST-004785,49.11,card,retail
TXN-00009292,CUST-002436,171.26,card,utilities
TXN-00009293,CUST-001858,62.43,branch,utilities
TXN-00009294,CUST-001396,29.65,online,education
TXN-00009295,CUST-001627,954.73,online,dining
TXN-00009296,CUST-001700,311.36,card,education
TXN-00009297,CUST-004957,49.27,atm,dining
TXN-00009298,CUST-005085,447.08,online,utilities
TXN-00009299,CUST-001125,18.41,card,travel
TXN-00009300,CUST-003299,22.32,online,health
TXN-00009301,CUST-003377,45.38,atm,retail
TXN-00009302,CUST-000408,291.27,online,travel
TXN-00009303,CUST-002380,38.39,card,health
TXN-00009304,CUST-004428,177.78,branch,health
TXN-00009305,CUST-003021,29.17,online,travel
TXN-00009306,CUST-005514,89.51,atm,grocery
TXN-00009307,CUST-003353,91.62,atm,retail
TXN-00009308,CUST-005450,38.73,online,travel
TXN-00009309,CUST-000519,122.69,card,health
TXN-00009310,CUST-001720,30.22,card,dining
TXN-00009311,CUST-001293,22.39,atm,dining
TXN-00009312,CUST-001738,43.19,card,utilities
TXN-00009313,CUST-004406,23.4,branch,utilities
TXN-00009314,CUST-003180,21.19,online,travel
TXN-00009315,CUST-003324,404.03,online,utilities
TXN-00009316,CUST-001607,60.3,branch,travel
TXN-00009317,CUST-003388,63.01,online,health
TXN-00009318,CUST-004227,56.39,card,health
TXN-00009319,CUST-005016,45.1,atm,dining
TXN-00009320,CUST-004692,5.92,card,education
TXN-00009321,CUST-005901,194.65,online,grocery
TXN-00009322,CUST-005009,594.65,branch,dining
TXN-00009323,CUST-003656,45.05,online,travel
TXN-00009324,CUST-004152,83.81,card,travel
TXN-00009325,CUST-001745,98.49,wallet,retail
TXN-00009326,CUST-005088,47.5,card,travel
TXN-00009327,CUST-001136,41.56,card,health
TXN-00009328,CUST-004951,107.33,card,dining
TXN-00009329,CUST-000963,19.46,online,dining
TXN-00009330,CUST-001000,177.12,atm,retail
TXN-00009331,CUST-000838,45.74,wallet,education
TXN-00009332,CUST-005001,8.05,wallet,retail
TXN-00009333,CUST-002314,24.94,wallet,retail
TXN-00009334,CUST-002349,52.96,card,retail
TXN-00009335,CUST-002969,176.38,card,retail
TXN-00009336,CUST-000881,286.89,card,utilities
TXN-00009337,CUST-001721,165.56,wallet,travel
TXN-00009338,CUST-004362,113.36,atm,grocery
TXN-00009339,CUST-001926,166.25,online,health
TXN-00009340,CUST-004033,39.27,atm,retail
TXN-00009341,CUST-004991,131.47,card,travel
TXN-00009342,CUST-004941,231.12,branch,education
TXN-00009343,CUST-005978,31.81,atm,retail
TXN-00009344,CUST-000571,34.29,online,dining
TXN-00009345,CUST-005061,45.86,online,utilities
TXN-00009346,CUST-005503,16.74,wallet,dining
TXN-00009347,CUST-000637,258.1,atm,grocery
TXN-00009348,CUST-001440,43.94,atm,health
TXN-00009349,CUST-000049,14.39,wallet,health
TXN-00009350,CUST-000512,7.04,atm,health
TXN-00009351,CUST-004515,345.48,card,dining
TXN-00009352,CUST-003089,209.07,card,utilities
TXN-00009353,CUST-003697,32.61,card,education
TXN-00009354,CUST-002511,146.22,card,health
TXN-00009355,CUST-003124,23.08,card,dining
TXN-00009356,CUST-001691,68.87,online,health
TXN-00009357,CUST-002237,34.65,online,education
TXN-00009358,CUST-005395,23.07,online,retail
TXN-00009359,CUST-001253,181.41,online,grocery
TXN-00009360,CUST-000185,107.23,card,retail
TXN-00009361,CUST-005356,52.04,card,retail
TXN-00009362,CUST-005024,150.12,branch,dining
TXN-00009363,CUST-001690,84.18,card,utilities
TXN-00009364,CUST-000589,34.06,card,health
TXN-00009365,CUST-001007,28.59,card,dining
TXN-00009366,CUST-004923,165.55,atm,travel
TXN-00009367,CUST-003837,82.99,online,travel
TXN-00009368,CUST-001508,56.68,online,health
TXN-00009369,CUST-004900,58.39,wallet,grocery
TXN-00009370,CUST-001343,226.13,card,grocery
TXN-00009371,CUST-001794,150.51,atm,education
TXN-00009372,CUST-002218,69.23,branch,health
TXN-00009373,CUST-000370,733.58,atm,travel
TXN-00009374,CUST-002871,72.55,atm,travel
TXN-00009375,CUST-004096,125.49,card,education
TXN-00009376,CUST-001139,157.03,card,utilities
TXN-00009377,CUST-004669,13.25,card,grocery
TXN-00009378,CUST-005538,57.81,branch,health
TXN-00009379,CUST-000969,65.85,atm,health
TXN-00009380,CUST-001809,6.49,card,utilities
TXN-00009381,CUST-000378,101.29,online,utilities
TXN-00009382,CUST-001150,12.06,branch,grocery
TXN-00009383,CUST-001948,1155.9,card,education
TXN-00009384,CUST-004918,165.01,card,grocery
TXN-00009385,CUST-000842,30.48,wallet,retail
TXN-00009386,CUST-001717,734.63,online,retail
TXN-00009387,CUST-003825,235.51,card,travel
TXN-00009388,CUST-005447,140.77,card,dining
TXN-00009389,CUST-001823,113.82,online,travel
TXN-00009390,CUST-005021,55.32,online,utilities
TXN-00009391,CUST-001777,59.48,atm,travel
TXN-00009392,CUST-002032,134.78,online,health
TXN-00009393,CUST-004304,618.33,atm,education
TXN-00009394,CUST-005017,167.62,online,health
TXN-00009395,CUST-001739,421.71,branch,utilities
TXN-00009396,CUST-002716,91.07,branch,utilities
TXN-00009397,CUST-000544,44.82,online,travel
TXN-00009398,CUST-001331,451.56,online,dining
TXN-00009399,CUST-005282,550.47,atm,travel
TXN-00009400,CUST-001271,25.46,card,dining
TXN-00009401,CUST-000609,70.92,card,retail
TXN-00009402,CUST-001976,241.53,card,retail
TXN-00009403,CUST-001176,43.98,wallet,retail
TXN-00009404,CUST-005213,64.1,online,grocery
TXN-00009405,CUST-000273,292.18,online,education
TXN-00009406,CUST-004295,86.62,online,health
TXN-00009407,CUST-004944,60.37,online,retail
TXN-00009408,CUST-003925,121.2,atm,dining
TXN-00009409,CUST-003802,161.65,online,utilities
TXN-00009410,CUST-002825,4.99,card,travel
TXN-00009411,CUST-000115,673.53,online,health
TXN-00009412,CUST-004766,98.05,atm,retail
TXN-00009413,CUST-005521,207.28,online,health
TXN-00009414,CUST-002113,241.26,online,health
TXN-00009415,CUST-002360,27.17,card,travel
TXN-00009416,CUST-001020,11.27,card,education
TXN-00009417,CUST-002985,212.34,online,education
TXN-00009418,CUST-000450,217.35,wallet,health
TXN-00009419,CUST-005357,34.9,card,retail
TXN-00009420,CUST-005269,335.77,atm,dining
TXN-00009421,CUST-003989,32.09,online,health
TXN-00009422,CUST-000048,47.55,online,grocery
TXN-00009423,CUST-005624,70.47,online,education
TXN-00009424,CUST-005906,23.88,card,health
TXN-00009425,CUST-004762,48.7,online,education
TXN-00009426,CUST-005998,116.11,branch,travel
TXN-00009427,CUST-005333,240.72,card,utilities
TXN-00009428,CUST-001489,88.41,online,health
TXN-00009429,CUST-001180,56.57,atm,travel
TXN-00009430,CUST-005139,26.83,wallet,dining
TXN-00009431,CUST-004444,70.02,online,retail
TXN-00009432,CUST-002657,32.26,atm,education
TXN-00009433,CUST-005054,29.41,online,dining
TXN-00009434,CUST-005444,31.62,branch,retail
TXN-00009435,CUST-004548,99.83,online,health
TXN-00009436,CUST-002291,113.24,online,retail
TXN-00009437,CUST-005377,63.3,branch,grocery
TXN-00009438,CUST-003101,237.51,card,utilities
TXN-00009439,CUST-004561,206.03,wallet,utilities
TXN-00009440,CUST-004454,31.37,atm,travel
TXN-00009441,CUST-002738,351.53,atm,education
TXN-00009442,CUST-003728,8.46,online,grocery
TXN-00009443,CUST-003707,187.78,wallet,retail
TXN-00009444,CUST-001257,94.51,branch,education
TXN-00009445,CUST-001710,51.29,card,health
TXN-00009446,CUST-002375,52.51,card,grocery
TXN-00009447,CUST-000228,104.25,online,utilities
TXN-00009448,CUST-002883,48.34,branch,travel
TXN-00009449,CUST-001484,147.31,branch,dining
TXN-00009450,CUST-004401,8.81,wallet,education
TXN-00009451,CUST-002516,49.65,online,dining
TXN-00009452,CUST-000233,110.9,wallet,dining
TXN-00009453,CUST-001524,71.33,card,dining
TXN-00009454,CUST-005845,25.49,wallet,grocery
TXN-00009455,CUST-004575,71.58,card,dining
TXN-00009456,CUST-002549,120.53,card,dining
TXN-00009457,CUST-000431,109.75,atm,grocery
TXN-00009458,CUST-002428,55.84,card,health
TXN-00009459,CUST-005650,137.47,card,retail
TXN-00009460,CUST-005221,49.04,card,retail
TXN-00009461,CUST-002652,52.86,wallet,education
TXN-00009462,CUST-002922,179.47,online,dining
TXN-00009463,CUST-002512,27.18,atm,education
TXN-00009464,CUST-003556,81.88,atm,retail
TXN-00009465,CUST-005634,21.28,atm,education
TXN-00009466,CUST-004278,186.74,branch,grocery
TXN-00009467,CUST-004749,99.63,online,retail
TXN-00009468,CUST-001784,276.86,online,travel
TXN-00009469,CUST-001905,310.58,wallet,dining
TXN-00009470,CUST-005883,81.35,atm,retail
TXN-00009471,CUST-003928,20.39,card,travel
TXN-00009472,CUST-004946,46.78,online,grocery
TXN-00009473,CUST-002318,41.69,online,health
TXN-00009474,CUST-004820,524.57,online,health
TXN-00009475,CUST-000634,114.94,wallet,utilities
TXN-00009476,CUST-000538,156.28,atm,education
TXN-00009477,CUST-003457,361.77,online,travel
TXN-00009478,CUST-002842,140.73,online,travel
TXN-00009479,CUST-000351,101.76,card,education
TXN-00009480,CUST-002959,205.44,card,travel
TXN-00009481,CUST-005691,11.31,wallet,health
TXN-00009482,CUST-000411,23.4,online,utilities
TXN-00009483,CUST-000430,91.41,card,utilities
TXN-00009484,CUST-004320,205.32,wallet,dining
TXN-00009485,CUST-000911,80.1,card,retail
TXN-00009486,CUST-002123,86.79,atm,utilities
TXN-00009487,CUST-000941,12.16,online,retail
TXN-00009488,CUST-002362,244.19,online,grocery
TXN-00009489,CUST-004085,418.73,branch,education
TXN-00009490,CUST-003810,19.43,online,travel
TXN-00009491,CUST-000595,11.38,online,grocery
TXN-00009492,CUST-003732,168.26,online,grocery
TXN-00009493,CUST-005389,197.69,online,dining
TXN-00009494,CUST-005065,2.55,card,grocery
TXN-00009495,CUST-005367,124.36,wallet,education
TXN-00009496,CUST-005337,56.17,card,grocery
TXN-00009497,CUST-005084,41.32,online,travel
TXN-00009498,CUST-003022,16.58,card,utilities
TXN-00009499,CUST-002227,98.23,online,retail
TXN-00009500,CUST-004781,39.57,atm,health
TXN-00009501,CUST-001735,54.88,card,utilities
TXN-00009502,CUST-003776,572.49,card,health
TXN-00009503,CUST-004858,461.27,card,retail
TXN-00009504,CUST-001214,215.78,online,dining
TXN-00009505,CUST-002395,32.64,card,health
TXN-00009506,CUST-000104,41.67,atm,retail
TXN-00009507,CUST-004733,66.13,branch,education
TXN-00009508,CUST-000632,221.55,online,grocery
TXN-00009509,CUST-003682,20.78,atm,grocery
TXN-00009510,CUST-001878,36.2,online,dining
TXN-00009511,CUST-005557,88.58,card,travel
TXN-00009512,CUST-002504,54.67,card,utilities
TXN-00009513,CUST-002787,31.76,card,travel
TXN-00009514,CUST-003885,91.61,online,utilities
TXN-00009515,CUST-004715,21.22,branch,travel
TXN-00009516,CUST-002843,61.51,online,dining
TXN-00009517,CUST-003682,16.23,atm,grocery
TXN-00009518,CUST-005511,154.28,online,travel
TXN-00009519,CUST-005062,12.45,online,dining
TXN-00009520,CUST-000845,13.39,atm,health
TXN-00009521,CUST-000723,32.97,online,travel
TXN-00009522,CUST-000528,15.3,branch,dining
TXN-00009523,CUST-003373,54.19,card,retail
TXN-00009524,CUST-005621,43.23,branch,travel
TXN-00009525,CUST-000260,108.78,online,grocery
TXN-00009526,CUST-001046,48.66,card,utilities
TXN-00009527,CUST-003295,106.36,atm,utilities
TXN-00009528,CUST-004662,58.27,card,retail
TXN-00009529,CUST-000474,798.18,atm,education
TXN-00009530,CUST-002610,19.76,branch,health
TXN-00009531,CUST-002047,14.84,card,utilities
TXN-00009532,CUST-001453,72.9,card,travel
TXN-00009533,CUST-001698,22.34,atm,utilities
TXN-00009534,CUST-001375,58.63,online,retail
TXN-00009535,CUST-001200,236.49,card,travel
TXN-00009536,CUST-005342,102.2,online,retail
TXN-00009537,CUST-000019,152.78,online,utilities
TXN-00009538,CUST-003412,39.23,online,health
TXN-00009539,CUST-005023,36.19,card,education
TXN-00009540,CUST-004627,171.03,card,travel
TXN-00009541,CUST-003985,14.98,atm,utilities
TXN-00009542,CUST-003269,91.35,card,education
TXN-00009543,CUST-002194,50.25,card,retail
TXN-00009544,CUST-000494,34.43,atm,grocery
TXN-00009545,CUST-004620,56.58,card,travel
TXN-00009546,CUST-002073,50.97,wallet,travel
TXN-00009547,CUST-004839,115.57,atm,education
TXN-00009548,CUST-003222,85.96,card,utilities
TXN-00009549,CUST-004896,27.59,atm,travel
TXN-00009550,CUST-003009,247.4,online,retail
TXN-00009551,CUST-001994,309.03,atm,utilities
TXN-00009552,CUST-004708,95.26,branch,utilities
TXN-00009553,CUST-005508,195.51,atm,travel
TXN-00009554,CUST-004458,71.0,online,retail
TXN-00009555,CUST-002293,28.14,atm,grocery
TXN-00009556,CUST-003890,140.08,card,dining
TXN-00009557,CUST-005797,70.26,atm,retail
TXN-00009558,CUST-005461,84.81,card,travel
TXN-00009559,CUST-000590,66.44,online,grocery
TXN-00009560,CUST-005873,184.02,atm,travel
TXN-00009561,CUST-003311,64.19,wallet,retail
TXN-00009562,CUST-000310,75.76,card,education
TXN-00009563,CUST-001857,166.95,online,health
TXN-00009564,CUST-005666,491.02,card,grocery
TXN-00009565,CUST-005680,57.17,online,grocery
TXN-00009566,CUST-002188,593.73,card,health
TXN-00009567,CUST-004125,226.22,atm,health
TXN-00009568,CUST-004625,116.2,branch,education
TXN-00009569,CUST-000011,163.21,online,grocery
TXN-00009570,CUST-003956,418.54,card,grocery
TXN-00009571,CUST-000830,61.49,online,dining
TXN-00009572,CUST-002131,10.62,card,health
TXN-00009573,CUST-004092,16.85,online,utilities
TXN-00009574,CUST-005012,29.5,card,retail
TXN-00009575,CUST-005494,138.85,atm,health
TXN-00009576,CUST-000523,68.45,card,health
TXN-00009577,CUST-002658,440.71,branch,retail
TXN-00009578,CUST-001391,183.74,card,utilities
TXN-00009579,CUST-004859,79.74,card,utilities
TXN-00009580,CUST-004700,72.97,wallet,utilities
TXN-00009581,CUST-001224,52.58,branch,grocery
TXN-00009582,CUST-003104,53.94,card,utilities
TXN-00009583,CUST-003932,80.16,online,grocery
TXN-00009584,CUST-000604,18.47,online,dining
TXN-00009585,CUST-002539,15.86,card,utilities
TXN-00009586,CUST-003843,62.83,card,health
TXN-00009587,CUST-003766,87.7,online,retail
TXN-00009588,CUST-002439,60.87,card,travel
TXN-00009589,CUST-004933,40.26,card,utilities
TXN-00009590,CUST-000403,282.89,card,retail
TXN-00009591,CUST-002461,147.05,card,grocery
TXN-00009592,CUST-000297,64.85,online,utilities
TXN-00009593,CUST-003188,37.81,card,travel
TXN-00009594,CUST-000648,30.36,branch,retail
TXN-00009595,CUST-001610,158.06,card,health
TXN-00009596,CUST-002085,30.05,wallet,dining
TXN-00009597,CUST-001811,290.95,wallet,grocery
TXN-00009598,CUST-003523,138.41,online,utilities
TXN-00009599,CUST-000049,61.3,online,health
TXN-00009600,CUST-004167,35.11,card,dining
TXN-00009601,CUST-005723,110.86,card,retail
TXN-00009602,CUST-003946,56.84,atm,dining
TXN-00009603,CUST-000366,47.15,online,travel
TXN-00009604,CUST-000656,40.75,card,grocery
TXN-00009605,CUST-001572,94.25,wallet,utilities
TXN-00009606,CUST-004792,36.56,card,travel
TXN-00009607,CUST-002130,80.78,branch,health
TXN-00009608,CUST-004799,217.36,card,retail
TXN-00009609,CUST-004911,39.78,card,retail
TXN-00009610,CUST-001993,26.97,online,grocery
TXN-00009611,CUST-004549,494.79,wallet,travel
TXN-00009612,CUST-004583,58.83,atm,health
TXN-00009613,CUST-004213,156.58,wallet,retail
TXN-00009614,CUST-001185,64.08,card,health
TXN-00009615,CUST-004271,52.09,wallet,travel
TXN-00009616,CUST-000932,174.88,card,health
TXN-00009617,CUST-001316,248.92,online,dining
TXN-00009618,CUST-003000,23.6,card,grocery
TXN-00009619,CUST-004648,8.34,atm,education
TXN-00009620,CUST-000581,138.32,card,grocery
TXN-00009621,CUST-004420,275.4,card,health
TXN-00009622,CUST-003423,74.18,online,education
TXN-00009623,CUST-002186,53.53,card,retail
TXN-00009624,CUST-003229,76.33,card,utilities
TXN-00009625,CUST-004714,176.02,branch,utilities
TXN-00009626,CUST-000740,128.94,card,travel
TXN-00009627,CUST-003001,28.41,wallet,grocery
TXN-00009628,CUST-004038,20.21,card,utilities
TXN-00009629,CUST-005116,14.59,card,grocery
TXN-00009630,CUST-003010,81.68,online,dining
TXN-00009631,CUST-000771,344.0,online,grocery
TXN-00009632,CUST-000508,6.93,card,health
TXN-00009633,CUST-005938,28.11,card,utilities
TXN-00009634,CUST-003595,192.72,card,travel
TXN-00009635,CUST-004127,32.01,branch,utilities
TXN-00009636,CUST-002559,137.74,wallet,retail
TXN-00009637,CUST-004778,35.46,card,education
TXN-00009638,CUST-003529,24.84,card,utilities
TXN-00009639,CUST-004413,123.44,wallet,utilities
TXN-00009640,CUST-003666,20.82,atm,travel
TXN-00009641,CUST-001065,63.34,atm,retail
TXN-00009642,CUST-002399,62.36,online,retail
TXN-00009643,CUST-004365,448.58,branch,education
TXN-00009644,CUST-000767,37.97,card,grocery
TXN-00009645,CUST-005308,40.1,card,travel
TXN-00009646,CUST-003778,139.6,online,travel
TXN-00009647,CUST-002432,101.89,atm,dining
TXN-00009648,CUST-005940,34.25,card,grocery
TXN-00009649,CUST-004916,37.6,online,health
TXN-00009650,CUST-002903,29.71,online,grocery
TXN-00009651,CUST-004211,54.58,online,travel
TXN-00009652,CUST-004746,111.35,online,grocery
TXN-00009653,CUST-003275,31.76,online,dining
TXN-00009654,CUST-005511,38.14,card,health
TXN-00009655,CUST-000591,315.71,atm,retail
TXN-00009656,CUST-003830,60.61,card,health
TXN-00009657,CUST-003985,156.12,card,health
TXN-00009658,CUST-001214,91.96,card,utilities
TXN-00009659,CUST-004830,68.25,card,grocery
TXN-00009660,CUST-004006,187.39,card,retail
TXN-00009661,CUST-004835,53.31,online,utilities
TXN-00009662,CUST-001884,85.18,online,travel
TXN-00009663,CUST-004100,20.18,atm,health
TXN-00009664,CUST-001102,21.68,online,grocery
TXN-00009665,CUST-003436,23.66,atm,dining
TXN-00009666,CUST-003937,19.94,wallet,retail
TXN-00009667,CUST-004810,269.96,card,education
TXN-00009668,CUST-004206,32.94,online,travel
TXN-00009669,CUST-001776,57.22,card,health
TXN-00009670,CUST-005496,166.64,branch,retail
TXN-00009671,CUST-002434,317.85,wallet,utilities
TXN-00009672,CUST-004246,60.5,card,utilities
TXN-00009673,CUST-002684,61.36,atm,education
TXN-00009674,CUST-003117,20.12,wallet,health
TXN-00009675,CUST-003562,11.65,online,health
TXN-00009676,CUST-003841,198.0,card,dining
TXN-00009677,CUST-000457,66.76,branch,grocery
TXN-00009678,CUST-005867,128.03,online,retail
TXN-00009679,CUST-001747,107.16,atm,dining
TXN-00009680,CUST-003638,27.77,online,travel
TXN-00009681,CUST-005956,30.08,online,dining
TXN-00009682,CUST-002696,119.27,online,travel
TXN-00009683,CUST-005218,102.48,atm,retail
TXN-00009684,CUST-003682,206.91,atm,health
TXN-00009685,CUST-001129,33.3,online,utilities
TXN-00009686,CUST-004377,28.77,online,utilities
TXN-00009687,CUST-001922,84.03,wallet,health
TXN-00009688,CUST-005239,280.17,card,grocery
TXN-00009689,CUST-000609,316.76,online,dining
TXN-00009690,CUST-001193,25.75,online,retail
TXN-00009691,CUST-003218,76.83,branch,retail
TXN-00009692,CUST-000695,264.61,branch,dining
TXN-00009693,CUST-004056,145.21,wallet,grocery
TXN-00009694,CUST-002833,15.61,online,grocery
TXN-00009695,CUST-003760,179.51,online,health
TXN-00009696,CUST-004521,33.89,online,utilities
TXN-00009697,CUST-002544,102.65,card,education
TXN-00009698,CUST-000559,113.96,card,health
TXN-00009699,CUST-004676,156.91,wallet,health
TXN-00009700,CUST-005412,68.15,card,education
TXN-00009701,CUST-002340,101.04,online,health
TXN-00009702,CUST-005726,72.93,online,dining
TXN-00009703,CUST-004396,84.71,atm,retail
TXN-00009704,CUST-005945,292.92,card,education
TXN-00009705,CUST-004849,104.09,card,grocery
TXN-00009706,CUST-003810,29.2,wallet,grocery
TXN-00009707,CUST-004300,93.94,online,education
TXN-00009708,CUST-004417,50.86,online,health
TXN-00009709,CUST-000063,175.91,card,education
TXN-00009710,CUST-002201,148.7,card,education
TXN-00009711,CUST-002222,121.55,branch,education
TXN-00009712,CUST-005493,20.22,card,dining
TXN-00009713,CUST-000512,92.26,online,retail
TXN-00009714,CUST-000667,23.85,card,health
TXN-00009715,CUST-002817,25.03,card,utilities
TXN-00009716,CUST-002013,60.44,online,dining
TXN-00009717,CUST-001883,126.75,atm,dining
TXN-00009718,CUST-005666,95.28,atm,dining
TXN-00009719,CUST-000998,43.59,online,grocery
TXN-00009720,CUST-003128,77.25,card,health
TXN-00009721,CUST-005154,344.46,wallet,dining
TXN-00009722,CUST-004302,38.52,online,utilities
TXN-00009723,CUST-003444,11.33,branch,utilities
TXN-00009724,CUST-003122,69.34,atm,utilities
TXN-00009725,CUST-004281,26.12,online,utilities
TXN-00009726,CUST-000027,96.29,wallet,grocery
TXN-00009727,CUST-005082,15.16,card,travel
TXN-00009728,CUST-001505,9.61,wallet,education
TXN-00009729,CUST-004819,35.25,card,travel
TXN-00009730,CUST-001268,206.37,atm,grocery
TXN-00009731,CUST-005329,42.18,card,travel
TXN-00009732,CUST-001088,159.81,branch,education
TXN-00009733,CUST-003536,72.11,atm,health
TXN-00009734,CUST-002650,13.06,card,grocery
TXN-00009735,CUST-005937,72.02,branch,dining
TXN-00009736,CUST-004612,251.91,online,education
TXN-00009737,CUST-000436,98.91,atm,travel
TXN-00009738,CUST-002853,234.66,online,utilities
TXN-00009739,CUST-000967,85.43,online,dining
TXN-00009740,CUST-004983,254.89,online,education
TXN-00009741,CUST-004157,97.57,card,education
TXN-00009742,CUST-001705,14.59,online,dining
TXN-00009743,CUST-004675,28.21,card,dining
TXN-00009744,CUST-002105,220.36,atm,utilities
TXN-00009745,CUST-004256,36.25,online,dining
TXN-00009746,CUST-004938,74.3,card,grocery
TXN-00009747,CUST-001357,103.12,card,education
TXN-00009748,CUST-004376,62.71,atm,health
TXN-00009749,CUST-000302,47.27,atm,retail
TXN-00009750,CUST-000223,116.09,card,dining
TXN-00009751,CUST-002030,68.21,atm,education
TXN-00009752,CUST-002980,172.6,online,retail
TXN-00009753,CUST-001870,24.51,online,dining
TXN-00009754,CUST-000315,43.51,card,retail
TXN-00009755,CUST-004122,409.48,wallet,education
TXN-00009756,CUST-004647,387.42,atm,travel
TXN-00009757,CUST-005067,66.9,atm,travel
TXN-00009758,CUST-002858,24.76,atm,dining
TXN-00009759,CUST-005867,220.18,online,retail
TXN-00009760,CUST-003871,750.77,card,retail
TXN-00009761,CUST-004090,17.67,online,retail
TXN-00009762,CUST-002372,185.98,card,grocery
TXN-00009763,CUST-005616,128.02,branch,travel
TXN-00009764,CUST-000194,29.82,online,health
TXN-00009765,CUST-003581,196.6,card,retail
TXN-00009766,CUST-000898,26.63,card,retail
TXN-00009767,CUST-001325,49.53,online,education
TXN-00009768,CUST-001382,58.24,card,education
TXN-00009769,CUST-005975,23.05,online,education
TXN-00009770,CUST-000270,70.05,online,retail
TXN-00009771,CUST-001464,22.59,online,utilities
TXN-00009772,CUST-001918,46.04,online,education
TXN-00009773,CUST-001056,279.47,atm,utilities
TXN-00009774,CUST-001831,164.41,branch,dining
TXN-00009775,CUST-003271,142.19,online,retail
TXN-00009776,CUST-004705,201.63,card,travel
TXN-00009777,CUST-003593,324.69,card,travel
TXN-00009778,CUST-001673,13.64,online,health
TXN-00009779,CUST-004542,99.21,card,dining
TXN-00009780,CUST-005309,27.54,card,travel
TXN-00009781,CUST-000844,36.61,online,utilities
TXN-00009782,CUST-001548,21.26,card,utilities
TXN-00009783,CUST-000971,623.26,online,grocery
TXN-00009784,CUST-002339,11.17,online,health
TXN-00009785,CUST-002414,87.28,atm,health
TXN-00009786,CUST-001227,407.18,online,utilities
TXN-00009787,CUST-002559,68.55,wallet,travel
TXN-00009788,CUST-004193,5.07,card,grocery
TXN-00009789,CUST-004694,684.83,wallet,retail
TXN-00009790,CUST-001266,542.66,online,grocery
TXN-00009791,CUST-003896,25.93,atm,health
TXN-00009792,CUST-001860,220.84,atm,travel
TXN-00009793,CUST-000927,103.78,online,retail
TXN-00009794,CUST-004566,18.59,online,grocery
TXN-00009795,CUST-001780,210.77,online,utilities
TXN-00009796,CUST-003406,44.08,wallet,retail
TXN-00009797,CUST-005952,80.19,online,retail
TXN-00009798,CUST-002513,150.9,wallet,utilities
TXN-00009799,CUST-004244,125.2,online,travel
TXN-00009800,CUST-005633,131.23,online,utilities
TXN-00009801,CUST-003109,23.1,card,retail
TXN-00009802,CUST-002269,4.78,online,dining
TXN-00009803,CUST-005213,34.95,card,dining
TXN-00009804,CUST-004030,178.59,wallet,retail
TXN-00009805,CUST-003981,21.79,branch,health
TXN-00009806,CUST-004421,65.68,online,health
TXN-00009807,CUST-001456,97.62,wallet,dining
TXN-00009808,CUST-005437,66.67,wallet,travel
TXN-00009809,CUST-005889,279.54,card,travel
TXN-00009810,CUST-002189,42.49,atm,utilities
TXN-00009811,CUST-004839,64.51,card,travel
TXN-00009812,CUST-002019,94.29,branch,utilities
TXN-00009813,CUST-003923,86.37,online,education
TXN-00009814,CUST-000418,16.05,atm,travel
TXN-00009815,CUST-003965,317.19,card,health
TXN-00009816,CUST-001046,204.38,card,retail
TXN-00009817,CUST-002001,30.37,atm,retail
TXN-00009818,CUST-001966,127.96,branch,travel
TXN-00009819,CUST-003397,50.42,online,utilities
TXN-00009820,CUST-001875,176.34,online,utilities
TXN-00009821,CUST-000245,330.61,atm,health
TXN-00009822,CUST-000382,14.52,online,utilities
TXN-00009823,CUST-003548,444.9,branch,travel
TXN-00009824,CUST-000632,386.19,card,education
TXN-00009825,CUST-000995,28.06,atm,education
TXN-00009826,CUST-001664,6.66,online,retail
TXN-00009827,CUST-000562,77.06,online,education
TXN-00009828,CUST-001831,103.48,card,education
TXN-00009829,CUST-004769,26.99,card,education
TXN-00009830,CUST-000178,30.55,atm,travel
TXN-00009831,CUST-003597,142.74,wallet,health
TXN-00009832,CUST-003586,72.97,branch,utilities
TXN-00009833,CUST-003074,35.19,card,utilities
TXN-00009834,CUST-001451,155.92,online,grocery
TXN-00009835,CUST-003835,79.15,card,utilities
TXN-00009836,CUST-002528,541.95,card,health
TXN-00009837,CUST-005100,708.04,card,education
TXN-00009838,CUST-004362,95.72,branch,travel
TXN-00009839,CUST-004110,65.2,online,travel
TXN-00009840,CUST-001401,78.84,online,health
TXN-00009841,CUST-001050,37.19,card,retail
TXN-00009842,CUST-004068,114.41,atm,grocery
TXN-00009843,CUST-002655,30.34,wallet,utilities
TXN-00009844,CUST-005029,93.57,card,travel
TXN-00009845,CUST-002891,36.46,branch,retail
TXN-00009846,CUST-005833,33.26,online,health
TXN-00009847,CUST-001164,45.32,card,health
TXN-00009848,CUST-003378,46.35,card,dining
TXN-00009849,CUST-004767,105.25,card,dining
TXN-00009850,CUST-002341,110.46,wallet,education
TXN-00009851,CUST-000128,76.49,card,travel
TXN-00009852,CUST-002101,93.87,card,retail
TXN-00009853,CUST-003365,121.67,atm,retail
TXN-00009854,CUST-002156,31.68,online,travel
TXN-00009855,CUST-005424,81.84,card,health
TXN-00009856,CUST-001704,57.46,card,education
TXN-00009857,CUST-003661,35.61,branch,travel
TXN-00009858,CUST-003265,184.94,card,utilities
TXN-00009859,CUST-000373,489.38,online,retail
TXN-00009860,CUST-001286,239.08,online,grocery
TXN-00009861,CUST-003104,173.17,card,education
TXN-00009862,CUST-001086,103.5,card,travel
TXN-00009863,CUST-004888,93.71,card,dining
TXN-00009864,CUST-000460,105.56,atm,dining
TXN-00009865,CUST-005590,117.61,atm,retail
TXN-00009866,CUST-004295,234.03,branch,grocery
TXN-00009867,CUST-001291,56.97,online,health
TXN-00009868,CUST-003344,84.26,atm,grocery
TXN-00009869,CUST-003956,226.04,branch,education
TXN-00009870,CUST-003815,39.87,atm,grocery
TXN-00009871,CUST-005771,44.85,card,education
TXN-00009872,CUST-004989,42.85,card,health
TXN-00009873,CUST-005357,51.49,card,travel
TXN-00009874,CUST-004397,198.27,online,travel
TXN-00009875,CUST-005677,507.35,atm,health
TXN-00009876,CUST-002774,35.35,card,utilities
TXN-00009877,CUST-001145,17.47,online,utilities
TXN-00009878,CUST-001182,42.65,wallet,grocery
TXN-00009879,CUST-000294,80.99,online,education
TXN-00009880,CUST-000376,49.99,card,education
TXN-00009881,CUST-005262,111.24,atm,dining
TXN-00009882,CUST-003110,65.87,branch,grocery
TXN-00009883,CUST-000362,193.42,online,education
TXN-00009884,CUST-001029,110.25,wallet,dining
TXN-00009885,CUST-000381,6.08,card,dining
TXN-00009886,CUST-003729,24.26,card,grocery
TXN-00009887,CUST-001615,55.09,card,utilities
TXN-00009888,CUST-002478,16.12,branch,retail
TXN-00009889,CUST-002267,116.36,card,dining
TXN-00009890,CUST-001357,178.44,online,travel
TXN-00009891,CUST-004931,95.01,wallet,utilities
TXN-00009892,CUST-003723,57.8,branch,travel
TXN-00009893,CUST-003502,61.27,atm,health
TXN-00009894,CUST-004207,35.17,online,education
TXN-00009895,CUST-005069,67.17,card,dining
TXN-00009896,CUST-002340,24.59,card,utilities
TXN-00009897,CUST-002393,46.35,card,dining
TXN-00009898,CUST-002218,35.24,card,grocery
TXN-00009899,CUST-004743,35.67,card,travel
TXN-00009900,CUST-001987,643.79,online,travel
TXN-00009901,CUST-003912,55.32,online,health
TXN-00009902,CUST-000696,110.36,online,retail
TXN-00009903,CUST-005248,66.41,online,health
TXN-00009904,CUST-004899,24.68,card,dining
TXN-00009905,CUST-000562,95.25,card,education
TXN-00009906,CUST-001242,18.64,online,health
TXN-00009907,CUST-000871,92.0,online,retail
TXN-00009908,CUST-001445,97.14,wallet,grocery
TXN-00009909,CUST-002471,60.45,card,utilities
TXN-00009910,CUST-001053,24.87,atm,grocery
TXN-00009911,CUST-004851,142.15,card,grocery
TXN-00009912,CUST-004729,316.24,online,grocery
TXN-00009913,CUST-000581,8.59,online,utilities
TXN-00009914,CUST-002763,33.49,online,grocery
TXN-00009915,CUST-000846,25.54,card,dining
TXN-00009916,CUST-000012,37.87,card,travel
TXN-00009917,CUST-000128,49.04,online,grocery
TXN-00009918,CUST-001348,59.77,branch,grocery
TXN-00009919,CUST-000912,455.46,online,health
TXN-00009920,CUST-001582,51.36,wallet,retail
TXN-00009921,CUST-004063,118.98,online,education
TXN-00009922,CUST-001060,93.79,card,dining
TXN-00009923,CUST-003396,76.33,branch,retail
TXN-00009924,CUST-002502,175.43,card,health
TXN-00009925,CUST-001071,55.23,atm,retail
TXN-00009926,CUST-005320,179.63,card,education
TXN-00009927,CUST-003382,415.96,atm,retail
TXN-00009928,CUST-000044,28.83,card,retail
TXN-00009929,CUST-001331,189.6,online,retail
TXN-00009930,CUST-000933,98.41,online,retail
TXN-00009931,CUST-002314,101.99,card,travel
TXN-00009932,CUST-002019,60.48,atm,travel
TXN-00009933,CUST-004623,175.98,wallet,health
TXN-00009934,CUST-002603,16.02,card,health
TXN-00009935,CUST-004208,63.46,online,retail
TXN-00009936,CUST-001070,21.25,branch,retail
TXN-00009937,CUST-000583,11.06,card,dining
TXN-00009938,CUST-002986,211.49,branch,utilities
TXN-00009939,CUST-005585,18.0,online,education
TXN-00009940,CUST-002312,347.79,atm,utilities
TXN-00009941,CUST-002017,117.33,card,grocery
TXN-00009942,CUST-005523,84.51,wallet,utilities
TXN-00009943,CUST-005638,33.29,branch,retail
TXN-00009944,CUST-000140,176.71,atm,utilities
TXN-00009945,CUST-000197,214.37,online,education
TXN-00009946,CUST-005490,77.95,card,health
TXN-00009947,CUST-003340,353.44,card,retail
TXN-00009948,CUST-004293,67.11,online,health
TXN-00009949,CUST-001513,52.17,online,health
TXN-00009950,CUST-000963,90.58,card,grocery
TXN-00009951,CUST-002180,391.53,online,retail
TXN-00009952,CUST-002896,32.76,online,grocery
TXN-00009953,CUST-003441,215.66,atm,utilities
TXN-00009954,CUST-005350,128.0,atm,grocery
TXN-00009955,CUST-001493,137.96,branch,health
TXN-00009956,CUST-001389,58.91,branch,retail
TXN-00009957,CUST-001571,40.45,atm,travel
TXN-00009958,CUST-003130,103.87,online,travel
TXN-00009959,CUST-002740,39.13,card,education
TXN-00009960,CUST-005135,88.29,card,utilities
TXN-00009961,CUST-005727,59.57,online,education
TXN-00009962,CUST-000595,131.76,wallet,grocery
TXN-00009963,CUST-002673,151.77,online,utilities
TXN-00009964,CUST-003859,184.86,card,utilities
TXN-00009965,CUST-004886,65.36,atm,dining
TXN-00009966,CUST-001078,183.44,online,utilities
TXN-00009967,CUST-005052,251.35,card,grocery
TXN-00009968,CUST-000333,20.81,atm,health
TXN-00009969,CUST-002478,103.93,wallet,dining
TXN-00009970,CUST-004784,16.02,online,grocery
TXN-00009971,CUST-004867,226.71,branch,health
TXN-00009972,CUST-003798,749.65,online,travel
TXN-00009973,CUST-001625,93.51,branch,health
TXN-00009974,CUST-005166,51.44,card,dining
TXN-00009975,CUST-001586,78.07,online,travel
TXN-00009976,CUST-005845,44.41,card,retail
TXN-00009977,CUST-003145,22.05,online,grocery
TXN-00009978,CUST-001015,8.04,branch,dining
TXN-00009979,CUST-003063,32.02,card,utilities
TXN-00009980,CUST-001506,51.79,online,utilities
TXN-00009981,CUST-001289,41.92,atm,utilities
TXN-00009982,CUST-000157,70.92,atm,grocery
TXN-00009983,CUST-002723,76.15,card,grocery
TXN-00009984,CUST-003572,32.55,online,retail
TXN-00009985,CUST-001789,68.67,card,education
TXN-00009986,CUST-002204,75.11,atm,dining
TXN-00009987,CUST-001827,54.47,online,utilities
TXN-00009988,CUST-000730,146.81,online,grocery
TXN-00009989,CUST-003908,984.48,atm,education
TXN-00009990,CUST-001535,166.89,branch,grocery
TXN-00009991,CUST-002554,60.17,online,travel
TXN-00009992,CUST-003758,28.9,branch,travel
TXN-00009993,CUST-005789,938.74,wallet,travel
TXN-00009994,CUST-001715,136.85,online,utilities
TXN-00009995,CUST-001183,70.56,online,education
TXN-00009996,CUST-002276,158.86,online,travel
TXN-00009997,CUST-003252,98.52,card,travel
TXN-00009998,CUST-000385,159.91,atm,education
TXN-00009999,CUST-001776,85.06,card,travel
TXN-00010000,CUST-001203,29.39,atm,utilities
TXN-00010001,CUST-002783,58.24,card,utilities
TXN-00010002,CUST-002884,19.83,atm,education
TXN-00010003,CUST-004122,135.2,online,dining
TXN-00010004,CUST-003087,128.45,online,retail
TXN-00010005,CUST-002813,164.53,card,utilities
TXN-00010006,CUST-001441,206.22,atm,education
TXN-00010007,CUST-002220,5.74,atm,travel
TXN-00010008,CUST-005052,55.07,atm,retail
TXN-00010009,CUST-003457,57.21,online,health
TXN-00010010,CUST-005799,43.36,wallet,retail
TXN-00010011,CUST-000603,74.73,card,utilities
TXN-00010012,CUST-004609,24.09,card,travel
TXN-00010013,CUST-001278,245.19,atm,utilities
TXN-00010014,CUST-000012,11.74,branch,education
TXN-00010015,CUST-004263,17.73,online,health
TXN-00010016,CUST-002787,22.9,atm,education
TXN-00010017,CUST-002949,128.91,branch,retail
TXN-00010018,CUST-001039,34.69,online,grocery
TXN-00010019,CUST-005355,215.53,atm,utilities
TXN-00010020,CUST-004227,21.21,card,travel
TXN-00010021,CUST-003567,65.91,online,education
TXN-00010022,CUST-000554,98.1,card,dining
TXN-00010023,CUST-002132,106.25,online,dining
TXN-00010024,CUST-000866,23.91,online,education
TXN-00010025,CUST-003604,77.43,card,utilities
TXN-00010026,CUST-000450,8.77,card,grocery
TXN-00010027,CUST-003181,979.98,card,grocery
TXN-00010028,CUST-003161,205.98,online,utilities
TXN-00010029,CUST-005402,184.0,card,retail
TXN-00010030,CUST-000733,54.85,online,grocery
TXN-00010031,CUST-005924,63.65,card,utilities
TXN-00010032,CUST-004112,137.37,online,retail
TXN-00010033,CUST-003427,56.6,atm,utilities
TXN-00010034,CUST-000587,127.74,wallet,grocery
TXN-00010035,CUST-000113,313.53,wallet,dining
TXN-00010036,CUST-002312,25.02,card,utilities
TXN-00010037,CUST-005171,195.72,wallet,dining
TXN-00010038,CUST-005205,29.16,online,education
TXN-00010039,CUST-003433,28.53,atm,education
TXN-00010040,CUST-001917,70.59,online,education
TXN-00010041,CUST-005417,114.98,branch,utilities
TXN-00010042,CUST-003213,13.67,wallet,education
TXN-00010043,CUST-001086,251.04,branch,health
TXN-00010044,CUST-003339,24.85,online,grocery
TXN-00010045,CUST-004477,5.84,card,travel
TXN-00010046,CUST-003560,41.05,card,grocery
TXN-00010047,CUST-005150,22.55,atm,grocery
TXN-00010048,CUST-001692,74.17,card,grocery
TXN-00010049,CUST-003417,89.6,wallet,travel
TXN-00010050,CUST-001061,18.77,branch,dining
TXN-00010051,CUST-000033,58.39,card,education
TXN-00010052,CUST-005054,204.69,atm,health
TXN-00010053,CUST-005826,596.61,online,health
TXN-00010054,CUST-005732,53.93,card,education
TXN-00010055,CUST-004454,97.6,wallet,health
TXN-00010056,CUST-005508,30.13,online,retail
TXN-00010057,CUST-000401,57.6,card,health
TXN-00010058,CUST-000366,232.77,branch,dining
TXN-00010059,CUST-001460,47.12,card,health
TXN-00010060,CUST-001262,32.84,wallet,grocery
TXN-00010061,CUST-002830,63.08,card,dining
TXN-00010062,CUST-004010,32.12,atm,retail
TXN-00010063,CUST-001776,34.96,card,health
TXN-00010064,CUST-001015,88.55,online,dining
TXN-00010065,CUST-003417,29.7,card,retail
TXN-00010066,CUST-005116,5.85,card,dining
TXN-00010067,CUST-005667,40.19,atm,grocery
TXN-00010068,CUST-005064,38.05,card,travel
TXN-00010069,CUST-004117,74.42,branch,education
TXN-00010070,CUST-001124,121.12,online,utilities
TXN-00010071,CUST-000902,76.24,online,grocery
TXN-00010072,CUST-004461,34.09,card,dining
TXN-00010073,CUST-001621,90.88,branch,travel
TXN-00010074,CUST-002065,142.85,card,retail
TXN-00010075,CUST-003135,35.65,atm,dining
TXN-00010076,CUST-004377,56.31,online,education
TXN-00010077,CUST-005516,449.32,card,retail
TXN-00010078,CUST-003703,142.07,online,dining
TXN-00010079,CUST-003093,286.93,atm,travel
TXN-00010080,CUST-001239,90.14,card,travel
TXN-00010081,CUST-004043,38.21,branch,retail
TXN-00010082,CUST-004172,147.42,online,travel
TXN-00010083,CUST-003260,47.82,online,retail
TXN-00010084,CUST-002037,19.92,card,dining
TXN-00010085,CUST-005760,31.13,branch,grocery
TXN-00010086,CUST-002911,106.92,online,health
TXN-00010087,CUST-004954,66.36,branch,grocery
TXN-00010088,CUST-001618,51.72,atm,utilities
TXN-00010089,CUST-003005,49.11,atm,dining
TXN-00010090,CUST-000113,67.92,wallet,education
TXN-00010091,CUST-005600,252.68,branch,education
TXN-00010092,CUST-002443,11.68,atm,dining
TXN-00010093,CUST-004661,94.1,branch,education
TXN-00010094,CUST-000151,225.08,branch,education
TXN-00010095,CUST-003854,91.28,atm,retail
TXN-00010096,CUST-001176,117.64,card,retail
TXN-00010097,CUST-001392,216.46,card,travel
TXN-00010098,CUST-005434,30.95,atm,dining
TXN-00010099,CUST-003428,85.06,card,health
TXN-00010100,CUST-005273,22.27,atm,dining
TXN-00010101,CUST-001311,158.0,card,retail
TXN-00010102,CUST-003048,363.91,card,dining
TXN-00010103,CUST-000250,139.97,card,dining
TXN-00010104,CUST-003330,27.44,wallet,utilities
TXN-00010105,CUST-001951,930.54,online,retail
TXN-00010106,CUST-003293,214.25,card,dining
TXN-00010107,CUST-005362,33.47,atm,dining
TXN-00010108,CUST-004841,87.39,branch,travel
TXN-00010109,CUST-001788,46.49,atm,grocery
TXN-00010110,CUST-003308,76.23,card,education
TXN-00010111,CUST-000255,173.95,branch,travel
TXN-00010112,CUST-003388,49.98,wallet,dining
TXN-00010113,CUST-004620,23.47,branch,dining
TXN-00010114,CUST-003303,19.59,online,utilities
TXN-00010115,CUST-005436,72.08,card,dining
TXN-00010116,CUST-002919,167.31,wallet,retail
TXN-00010117,CUST-005416,13.89,online,utilities
TXN-00010118,CUST-003339,68.14,wallet,education
TXN-00010119,CUST-002884,74.3,online,retail
TXN-00010120,CUST-005570,36.64,atm,utilities
TXN-00010121,CUST-000257,20.29,online,health
TXN-00010122,CUST-001826,88.8,wallet,education
TXN-00010123,CUST-000256,102.22,card,retail
TXN-00010124,CUST-005632,69.17,card,health
TXN-00010125,CUST-005135,73.26,card,grocery
TXN-00010126,CUST-003327,52.06,online,travel
TXN-00010127,CUST-005341,61.22,card,travel
TXN-00010128,CUST-002191,464.69,online,health
TXN-00010129,CUST-003306,92.61,online,retail
TXN-00010130,CUST-000725,162.04,card,education
TXN-00010131,CUST-002122,30.63,online,travel
TXN-00010132,CUST-005859,30.66,card,utilities
TXN-00010133,CUST-004130,83.38,online,education
TXN-00010134,CUST-002681,36.51,online,dining
TXN-00010135,CUST-005515,27.74,card,retail
TXN-00010136,CUST-004711,32.61,card,dining
TXN-00010137,CUST-005155,43.43,card,travel
TXN-00010138,CUST-003849,669.89,online,utilities
TXN-00010139,CUST-004736,508.24,atm,dining
TXN-00010140,CUST-000712,246.21,atm,health
TXN-00010141,CUST-001932,238.12,card,grocery
TXN-00010142,CUST-000902,168.31,online,retail
TXN-00010143,CUST-000907,17.6,online,health
TXN-00010144,CUST-004449,164.55,atm,retail
TXN-00010145,CUST-005373,14.02,card,grocery
TXN-00010146,CUST-003252,347.37,wallet,grocery
TXN-00010147,CUST-003075,123.22,card,grocery
TXN-00010148,CUST-001887,33.18,card,retail
TXN-00010149,CUST-001165,110.92,card,utilities
TXN-00010150,CUST-001317,26.72,online,travel
TXN-00010151,CUST-005453,62.15,atm,grocery
TXN-00010152,CUST-005426,68.5,atm,dining
TXN-00010153,CUST-004476,52.95,card,travel
TXN-00010154,CUST-001156,443.25,card,utilities
TXN-00010155,CUST-000089,137.77,atm,retail
TXN-00010156,CUST-005559,131.89,wallet,health
TXN-00010157,CUST-004875,45.25,online,retail
TXN-00010158,CUST-004173,57.26,card,health
TXN-00010159,CUST-004924,201.53,online,utilities
TXN-00010160,CUST-001761,43.81,online,dining
TXN-00010161,CUST-001860,43.91,card,grocery
TXN-00010162,CUST-003535,83.91,branch,utilities
TXN-00010163,CUST-002363,97.18,card,health
TXN-00010164,CUST-004068,54.39,card,grocery
TXN-00010165,CUST-001995,50.67,card,retail
TXN-00010166,CUST-002120,19.58,atm,utilities
TXN-00010167,CUST-000557,155.25,card,dining
TXN-00010168,CUST-004032,37.21,card,utilities
TXN-00010169,CUST-002910,70.37,online,grocery
TXN-00010170,CUST-002741,6.07,atm,dining
TXN-00010171,CUST-002205,149.19,online,education
TXN-00010172,CUST-001295,215.8,branch,retail
TXN-00010173,CUST-004830,152.13,online,dining
TXN-00010174,CUST-005331,157.72,wallet,dining
TXN-00010175,CUST-004241,57.09,branch,grocery
TXN-00010176,CUST-001188,470.33,atm,dining
TXN-00010177,CUST-001451,58.58,online,travel
TXN-00010178,CUST-004462,324.01,online,travel
TXN-00010179,CUST-002471,45.12,atm,dining
TXN-00010180,CUST-002599,463.26,card,health
TXN-00010181,CUST-000785,78.53,online,utilities
TXN-00010182,CUST-002120,29.97,card,health
TXN-00010183,CUST-000349,8.78,branch,grocery
TXN-00010184,CUST-000636,45.22,atm,travel
TXN-00010185,CUST-001956,192.5,online,dining
TXN-00010186,CUST-003591,33.52,card,retail
TXN-00010187,CUST-005094,15.56,online,utilities
TXN-00010188,CUST-003643,61.15,branch,grocery
TXN-00010189,CUST-000345,392.54,online,dining
TXN-00010190,CUST-004902,387.84,atm,utilities
TXN-00010191,CUST-003900,2.79,branch,dining
TXN-00010192,CUST-005881,132.54,card,grocery
TXN-00010193,CUST-003638,118.87,card,retail
TXN-00010194,CUST-000035,17.45,card,travel
TXN-00010195,CUST-001616,71.26,online,travel
TXN-00010196,CUST-003811,453.78,online,utilities
TXN-00010197,CUST-003443,106.41,online,education
TXN-00010198,CUST-001125,265.45,branch,education
TXN-00010199,CUST-004616,19.87,branch,education
TXN-00010200,CUST-004505,180.3,atm,retail
TXN-00010201,CUST-004492,67.64,atm,utilities
TXN-00010202,CUST-004254,52.17,wallet,travel
TXN-00010203,CUST-000962,32.39,card,dining
TXN-00010204,CUST-000320,40.45,branch,travel
TXN-00010205,CUST-002187,75.7,online,dining
TXN-00010206,CUST-000239,42.32,branch,retail
TXN-00010207,CUST-001495,178.13,atm,retail
TXN-00010208,CUST-005816,8.96,atm,dining
TXN-00010209,CUST-005921,191.18,branch,retail
TXN-00010210,CUST-000062,13.14,online,retail
TXN-00010211,CUST-004208,30.83,card,education
TXN-00010212,CUST-001720,181.27,online,education
TXN-00010213,CUST-004462,187.95,online,utilities
TXN-00010214,CUST-004702,111.13,branch,health
TXN-00010215,CUST-001005,193.36,card,utilities
TXN-00010216,CUST-003136,98.28,card,dining
TXN-00010217,CUST-004786,61.3,online,education
TXN-00010218,CUST-001441,51.09,online,grocery
TXN-00010219,CUST-001397,65.77,online,travel
TXN-00010220,CUST-005906,78.85,atm,dining
TXN-00010221,CUST-001071,56.42,online,utilities
TXN-00010222,CUST-004145,31.93,online,travel
TXN-00010223,CUST-000383,15.68,online,education
TXN-00010224,CUST-002616,29.0,card,travel
TXN-00010225,CUST-001968,202.79,online,utilities
TXN-00010226,CUST-005219,58.24,atm,travel
TXN-00010227,CUST-003159,43.45,card,education
TXN-00010228,CUST-004995,188.33,wallet,health
TXN-00010229,CUST-005195,67.41,atm,retail
TXN-00010230,CUST-002938,112.55,online,dining
TXN-00010231,CUST-002129,50.3,card,grocery
TXN-00010232,CUST-004435,54.18,online,health
TXN-00010233,CUST-002730,24.03,wallet,grocery
TXN-00010234,CUST-001614,72.14,branch,retail
TXN-00010235,CUST-003948,34.3,online,health
TXN-00010236,CUST-000735,29.57,wallet,education
TXN-00010237,CUST-003202,84.95,online,education
TXN-00010238,CUST-001361,79.9,card,education
TXN-00010239,CUST-002131,33.89,atm,utilities
TXN-00010240,CUST-005053,54.82,online,health
TXN-00010241,CUST-000717,64.61,atm,utilities
TXN-00010242,CUST-001220,234.95,atm,education
TXN-00010243,CUST-001326,15.31,card,education
TXN-00010244,CUST-000199,251.43,branch,education
TXN-00010245,CUST-005076,197.89,atm,dining
TXN-00010246,CUST-003258,74.91,online,travel
TXN-00010247,CUST-002892,114.79,atm,health
TXN-00010248,CUST-001212,123.36,online,retail
TXN-00010249,CUST-000050,18.26,online,grocery
TXN-00010250,CUST-002573,94.72,wallet,dining
TXN-00010251,CUST-000303,49.1,wallet,utilities
TXN-00010252,CUST-005642,11.31,online,utilities
TXN-00010253,CUST-004705,33.3,atm,health
TXN-00010254,CUST-004486,219.84,card,retail
TXN-00010255,CUST-002818,60.47,online,grocery
TXN-00010256,CUST-000690,182.87,online,travel
TXN-00010257,CUST-003454,95.85,online,grocery
TXN-00010258,CUST-005331,19.12,branch,health
TXN-00010259,CUST-000598,160.34,branch,travel
TXN-00010260,CUST-000160,169.85,card,travel
TXN-00010261,CUST-002801,44.55,atm,education
TXN-00010262,CUST-002199,16.71,card,dining
TXN-00010263,CUST-001416,62.11,online,dining
TXN-00010264,CUST-003418,39.88,card,education
TXN-00010265,CUST-001314,65.65,card,utilities
TXN-00010266,CUST-003903,255.24,online,education
TXN-00010267,CUST-004379,213.65,card,health
TXN-00010268,CUST-005564,167.37,atm,utilities
TXN-00010269,CUST-004600,127.08,branch,health
TXN-00010270,CUST-002575,63.08,atm,utilities
TXN-00010271,CUST-005445,248.59,atm,retail
TXN-00010272,CUST-002574,30.34,card,travel
TXN-00010273,CUST-000022,37.69,atm,dining
TXN-00010274,CUST-003877,120.86,card,utilities
TXN-00010275,CUST-005295,641.73,card,grocery
TXN-00010276,CUST-000118,62.81,card,education
TXN-00010277,CUST-004675,224.57,online,utilities
TXN-00010278,CUST-004045,25.0,branch,grocery
TXN-00010279,CUST-001138,95.88,branch,utilities
TXN-00010280,CUST-002271,140.75,branch,retail
TXN-00010281,CUST-001047,170.9,online,retail
TXN-00010282,CUST-001235,57.2,atm,education
TXN-00010283,CUST-001234,40.13,atm,utilities
TXN-00010284,CUST-001392,24.4,online,utilities
TXN-00010285,CUST-005927,63.33,online,retail
TXN-00010286,CUST-000657,397.43,card,dining
TXN-00010287,CUST-001856,55.4,card,grocery
TXN-00010288,CUST-002054,893.55,atm,education
TXN-00010289,CUST-001545,76.08,card,health
TXN-00010290,CUST-003941,172.73,card,health
TXN-00010291,CUST-001731,662.72,card,utilities
TXN-00010292,CUST-004905,85.79,online,health
TXN-00010293,CUST-001551,497.12,card,retail
TXN-00010294,CUST-001716,80.42,atm,retail
TXN-00010295,CUST-004411,61.67,atm,retail
TXN-00010296,CUST-002965,85.28,card,travel
TXN-00010297,CUST-001530,16.63,card,travel
TXN-00010298,CUST-003500,31.45,wallet,dining
TXN-00010299,CUST-002934,26.11,online,dining
TXN-00010300,CUST-003079,74.79,card,utilities
TXN-00010301,CUST-000127,134.87,online,education
TXN-00010302,CUST-005474,42.65,online,education
TXN-00010303,CUST-002400,904.8,branch,grocery
TXN-00010304,CUST-003716,15.39,atm,retail
TXN-00010305,CUST-003372,22.32,card,health
TXN-00010306,CUST-005606,154.24,card,education
TXN-00010307,CUST-005613,51.66,card,travel
TXN-00010308,CUST-004505,9.84,card,education
TXN-00010309,CUST-005864,117.63,atm,education
TXN-00010310,CUST-000849,104.48,online,health
TXN-00010311,CUST-002544,91.96,online,retail
TXN-00010312,CUST-000847,70.74,card,retail
TXN-00010313,CUST-005840,72.61,branch,education
TXN-00010314,CUST-004788,394.26,online,retail
TXN-00010315,CUST-003654,208.55,wallet,retail
TXN-00010316,CUST-005310,155.97,atm,travel
TXN-00010317,CUST-000067,221.65,online,utilities
TXN-00010318,CUST-004461,69.11,wallet,grocery
TXN-00010319,CUST-002665,102.99,branch,dining
TXN-00010320,CUST-001519,3.1,online,dining
TXN-00010321,CUST-004771,939.33,branch,travel
TXN-00010322,CUST-002848,77.42,card,retail
TXN-00010323,CUST-003882,241.4,online,grocery
TXN-00010324,CUST-001515,184.45,card,dining
TXN-00010325,CUST-000009,165.3,card,retail
TXN-00010326,CUST-001542,54.36,atm,health
TXN-00010327,CUST-000862,277.8,online,grocery
TXN-00010328,CUST-005106,169.94,online,grocery
TXN-00010329,CUST-000695,23.62,card,grocery
TXN-00010330,CUST-005757,88.94,online,dining
TXN-00010331,CUST-002808,83.33,wallet,health
TXN-00010332,CUST-002008,48.16,online,grocery
TXN-00010333,CUST-000253,24.4,card,grocery
TXN-00010334,CUST-001027,28.65,card,dining
TXN-00010335,CUST-003337,142.43,online,health
TXN-00010336,CUST-000621,50.47,atm,travel
TXN-00010337,CUST-000619,124.13,card,grocery
TXN-00010338,CUST-001830,64.47,atm,education
TXN-00010339,CUST-005156,66.23,branch,health
TXN-00010340,CUST-003778,29.59,card,education
TXN-00010341,CUST-004585,40.6,atm,retail
TXN-00010342,CUST-002068,68.56,online,education
TXN-00010343,CUST-004612,14.34,online,retail
TXN-00010344,CUST-005670,93.73,card,utilities
TXN-00010345,CUST-001681,68.47,online,travel
TXN-00010346,CUST-000695,15.94,branch,utilities
TXN-00010347,CUST-000422,66.57,online,education
TXN-00010348,CUST-002699,4.74,card,education
TXN-00010349,CUST-005661,46.54,atm,grocery
TXN-00010350,CUST-004062,80.46,card,travel
TXN-00010351,CUST-000599,184.51,online,retail
TXN-00010352,CUST-002385,1039.84,branch,dining
TXN-00010353,CUST-004310,89.36,card,dining
TXN-00010354,CUST-004265,99.42,online,travel
TXN-00010355,CUST-001431,14.98,online,retail
TXN-00010356,CUST-002711,61.65,branch,grocery
TXN-00010357,CUST-003220,46.5,branch,retail
TXN-00010358,CUST-004631,13.48,atm,utilities
TXN-00010359,CUST-003325,418.34,branch,education
TXN-00010360,CUST-001651,115.09,wallet,dining
TXN-00010361,CUST-004394,127.35,online,grocery
TXN-00010362,CUST-005219,393.87,card,utilities
TXN-00010363,CUST-000226,18.04,wallet,retail
TXN-00010364,CUST-001061,20.62,wallet,utilities
TXN-00010365,CUST-004141,300.87,atm,health
TXN-00010366,CUST-001423,27.68,branch,dining
TXN-00010367,CUST-003861,147.14,online,retail
TXN-00010368,CUST-001474,99.14,online,grocery
TXN-00010369,CUST-005680,551.76,card,utilities
TXN-00010370,CUST-000453,331.56,branch,education
TXN-00010371,CUST-005832,346.42,card,grocery
TXN-00010372,CUST-002140,13.9,atm,education
TXN-00010373,CUST-000344,146.28,branch,travel
TXN-00010374,CUST-004822,212.68,online,grocery
TXN-00010375,CUST-004267,73.18,online,travel
TXN-00010376,CUST-004180,40.25,online,utilities
TXN-00010377,CUST-000813,65.04,atm,grocery
TXN-00010378,CUST-005736,176.71,card,dining
TXN-00010379,CUST-005737,21.06,online,health
TXN-00010380,CUST-002727,436.68,branch,grocery
TXN-00010381,CUST-004290,11.48,online,travel
TXN-00010382,CUST-003053,37.49,card,grocery
TXN-00010383,CUST-001201,21.95,branch,utilities
TXN-00010384,CUST-000886,75.75,card,education
TXN-00010385,CUST-005158,44.66,branch,dining
TXN-00010386,CUST-001381,273.81,online,education
TXN-00010387,CUST-000701,59.39,branch,retail
TXN-00010388,CUST-005488,101.06,card,grocery
TXN-00010389,CUST-005692,65.3,branch,grocery
TXN-00010390,CUST-005989,54.04,card,health
TXN-00010391,CUST-001121,90.25,online,travel
TXN-00010392,CUST-004148,19.93,online,utilities
TXN-00010393,CUST-005755,28.46,card,utilities
TXN-00010394,CUST-001902,24.39,wallet,health
TXN-00010395,CUST-002830,100.89,atm,retail
TXN-00010396,CUST-005205,85.31,card,travel
TXN-00010397,CUST-003964,91.97,card,utilities
TXN-00010398,CUST-004004,76.61,online,utilities
TXN-00010399,CUST-004434,111.42,wallet,retail
TXN-00010400,CUST-001468,48.32,online,retail
TXN-00010401,CUST-002559,64.21,atm,health
TXN-00010402,CUST-002836,108.72,online,dining
TXN-00010403,CUST-005848,35.21,branch,travel
TXN-00010404,CUST-002912,120.79,branch,utilities
TXN-00010405,CUST-003014,235.51,card,health
TXN-00010406,CUST-005722,90.52,online,retail
TXN-00010407,CUST-005483,315.73,atm,dining
TXN-00010408,CUST-000014,66.57,online,grocery
TXN-00010409,CUST-000038,222.86,atm,travel
TXN-00010410,CUST-000235,33.07,card,education
TXN-00010411,CUST-003248,101.97,card,education
TXN-00010412,CUST-000555,130.92,online,utilities
TXN-00010413,CUST-003801,200.06,atm,grocery
TXN-00010414,CUST-005056,124.28,branch,travel
TXN-00010415,CUST-004149,354.64,wallet,utilities
TXN-00010416,CUST-000940,158.09,card,health
TXN-00010417,CUST-004928,80.94,wallet,retail
TXN-00010418,CUST-001309,83.35,online,health
TXN-00010419,CUST-002977,40.0,online,health
TXN-00010420,CUST-001854,57.79,card,utilities
TXN-00010421,CUST-003868,63.91,online,retail
TXN-00010422,CUST-001456,94.09,card,education
TXN-00010423,CUST-004329,64.48,atm,dining
TXN-00010424,CUST-005442,18.86,wallet,travel
TXN-00010425,CUST-001269,255.24,atm,retail
TXN-00010426,CUST-005830,8.75,online,utilities
TXN-00010427,CUST-002955,31.38,card,retail
TXN-00010428,CUST-002163,266.0,card,grocery
TXN-00010429,CUST-002011,33.45,card,travel
TXN-00010430,CUST-003414,202.62,online,dining
TXN-00010431,CUST-004635,95.27,atm,education
TXN-00010432,CUST-001766,126.95,atm,education
TXN-00010433,CUST-003594,49.43,atm,retail
TXN-00010434,CUST-005745,56.98,online,dining
TXN-00010435,CUST-004143,143.99,card,health
TXN-00010436,CUST-002120,80.16,atm,health
TXN-00010437,CUST-000436,46.63,branch,health
TXN-00010438,CUST-005643,72.1,online,dining
TXN-00010439,CUST-000850,55.36,atm,health
TXN-00010440,CUST-000935,20.88,branch,grocery
TXN-00010441,CUST-003417,81.1,online,grocery
TXN-00010442,CUST-001879,149.03,branch,retail
TXN-00010443,CUST-000783,73.23,card,education
TXN-00010444,CUST-000247,64.48,atm,utilities
TXN-00010445,CUST-000781,102.47,wallet,utilities
TXN-00010446,CUST-002819,26.68,atm,education
TXN-00010447,CUST-002799,10.31,branch,utilities
TXN-00010448,CUST-000134,191.04,online,health
TXN-00010449,CUST-005715,135.46,card,travel
TXN-00010450,CUST-000940,9.99,wallet,education
TXN-00010451,CUST-001393,62.73,wallet,utilities
TXN-00010452,CUST-002255,73.16,online,dining
TXN-00010453,CUST-002028,47.63,card,retail
TXN-00010454,CUST-005598,30.75,card,utilities
TXN-00010455,CUST-001203,69.66,card,dining
TXN-00010456,CUST-001260,34.21,card,education
TXN-00010457,CUST-003104,70.12,card,health
TXN-00010458,CUST-000412,18.66,online,education
TXN-00010459,CUST-003760,123.7,card,health
TXN-00010460,CUST-004526,367.06,online,utilities
TXN-00010461,CUST-000331,76.86,online,utilities
TXN-00010462,CUST-004027,151.23,atm,education
TXN-00010463,CUST-003845,58.21,card,dining
TXN-00010464,CUST-005552,348.69,wallet,utilities
TXN-00010465,CUST-001370,37.71,card,dining
TXN-00010466,CUST-005085,15.05,branch,dining
TXN-00010467,CUST-000797,17.44,card,utilities
TXN-00010468,CUST-005550,30.38,branch,dining
TXN-00010469,CUST-003159,87.12,online,health
TXN-00010470,CUST-004471,54.25,online,travel
TXN-00010471,CUST-004995,544.78,atm,grocery
TXN-00010472,CUST-005238,94.63,wallet,education
TXN-00010473,CUST-005379,81.86,atm,education
TXN-00010474,CUST-004395,84.71,online,health
TXN-00010475,CUST-003673,271.52,online,utilities
TXN-00010476,CUST-003330,13.61,wallet,education
TXN-00010477,CUST-003628,138.41,online,retail
TXN-00010478,CUST-000437,29.11,card,utilities
TXN-00010479,CUST-004458,101.85,online,health
TXN-00010480,CUST-002866,52.54,branch,education
TXN-00010481,CUST-002907,81.11,card,education
TXN-00010482,CUST-004379,121.35,card,retail
TXN-00010483,CUST-005182,180.19,online,travel
TXN-00010484,CUST-002718,121.29,online,utilities
TXN-00010485,CUST-001664,84.99,branch,retail
TXN-00010486,CUST-005441,120.88,atm,utilities
TXN-00010487,CUST-000428,70.28,card,retail
TXN-00010488,CUST-005566,128.5,online,dining
TXN-00010489,CUST-002983,238.06,online,grocery
TXN-00010490,CUST-002273,452.76,card,health
TXN-00010491,CUST-003728,239.28,atm,health
TXN-00010492,CUST-003431,312.78,online,health
TXN-00010493,CUST-002909,31.32,wallet,travel
TXN-00010494,CUST-001707,186.89,online,dining
TXN-00010495,CUST-000542,93.36,card,grocery
TXN-00010496,CUST-003399,32.7,branch,travel
TXN-00010497,CUST-000367,39.18,online,health
TXN-00010498,CUST-000908,221.62,online,grocery
TXN-00010499,CUST-003754,196.19,card,retail
TXN-00010500,CUST-004077,24.26,atm,education
TXN-00010501,CUST-002435,65.23,card,health
TXN-00010502,CUST-005993,20.11,online,grocery
TXN-00010503,CUST-001564,50.42,card,retail
TXN-00010504,CUST-001893,37.15,card,travel
TXN-00010505,CUST-000052,71.65,card,grocery
TXN-00010506,CUST-000560,161.33,branch,grocery
TXN-00010507,CUST-001628,33.29,card,utilities
TXN-00010508,CUST-000082,26.82,online,retail
TXN-00010509,CUST-004986,74.36,atm,education
TXN-00010510,CUST-003585,73.1,card,education
TXN-00010511,CUST-003844,21.35,card,education
TXN-00010512,CUST-004750,127.96,atm,education
TXN-00010513,CUST-005022,29.96,card,travel
TXN-00010514,CUST-000561,287.75,online,retail
TXN-00010515,CUST-003506,156.3,card,travel
TXN-00010516,CUST-003071,257.66,online,health
TXN-00010517,CUST-002291,58.77,card,travel
TXN-00010518,CUST-003640,342.81,card,travel
TXN-00010519,CUST-003060,123.33,branch,utilities
TXN-00010520,CUST-004540,189.47,card,education
TXN-00010521,CUST-002231,214.26,card,education
TXN-00010522,CUST-004074,164.15,online,grocery
TXN-00010523,CUST-001533,23.22,online,grocery
TXN-00010524,CUST-005133,53.94,online,dining
TXN-00010525,CUST-000607,92.11,online,travel
TXN-00010526,CUST-005320,34.31,atm,grocery
TXN-00010527,CUST-004153,116.9,online,retail
TXN-00010528,CUST-001568,33.52,online,utilities
TXN-00010529,CUST-003725,138.3,online,health
TXN-00010530,CUST-001787,233.32,online,travel
TXN-00010531,CUST-001635,606.89,online,health
TXN-00010532,CUST-000390,62.36,card,dining
TXN-00010533,CUST-000752,98.08,atm,grocery
TXN-00010534,CUST-005854,57.4,card,education
TXN-00010535,CUST-005177,164.64,card,utilities
TXN-00010536,CUST-004159,73.45,online,utilities
TXN-00010537,CUST-000086,52.68,online,travel
TXN-00010538,CUST-005781,564.4,card,education
TXN-00010539,CUST-003636,180.05,card,education
TXN-00010540,CUST-000105,19.98,online,dining
TXN-00010541,CUST-000080,48.01,card,dining
TXN-00010542,CUST-002458,96.75,atm,education
TXN-00010543,CUST-003276,105.02,card,retail
TXN-00010544,CUST-005948,13.73,card,utilities
TXN-00010545,CUST-004140,60.78,online,utilities
TXN-00010546,CUST-003424,363.34,online,retail
TXN-00010547,CUST-000859,182.34,card,dining
TXN-00010548,CUST-004331,166.46,branch,grocery
TXN-00010549,CUST-003484,9.18,wallet,travel
TXN-00010550,CUST-005425,11.17,atm,travel
TXN-00010551,CUST-005574,64.4,card,grocery
TXN-00010552,CUST-002010,30.84,card,grocery
TXN-00010553,CUST-004548,45.85,branch,utilities
TXN-00010554,CUST-001984,41.61,card,retail
TXN-00010555,CUST-001374,83.94,card,dining
TXN-00010556,CUST-005344,45.61,online,travel
TXN-00010557,CUST-003935,336.85,online,dining
TXN-00010558,CUST-004026,6.31,card,health
TXN-00010559,CUST-004334,118.45,online,dining
TXN-00010560,CUST-002381,59.04,branch,retail
TXN-00010561,CUST-004326,103.67,online,utilities
TXN-00010562,CUST-000474,107.63,online,utilities
TXN-00010563,CUST-004060,33.41,online,utilities
TXN-00010564,CUST-004178,65.32,branch,grocery
TXN-00010565,CUST-003572,128.04,branch,education
TXN-00010566,CUST-004611,38.45,card,retail
TXN-00010567,CUST-003170,136.36,branch,utilities
TXN-00010568,CUST-000411,187.26,card,retail
TXN-00010569,CUST-003382,17.68,online,travel
TXN-00010570,CUST-002686,28.78,branch,grocery
TXN-00010571,CUST-003574,6.8,card,utilities
TXN-00010572,CUST-001715,275.67,atm,education
TXN-00010573,CUST-000225,35.06,online,grocery
TXN-00010574,CUST-004283,476.67,branch,grocery
TXN-00010575,CUST-001244,53.49,card,dining
TXN-00010576,CUST-005798,572.77,card,travel
TXN-00010577,CUST-001088,62.29,online,utilities
TXN-00010578,CUST-001300,21.93,branch,utilities
TXN-00010579,CUST-005177,76.24,card,utilities
TXN-00010580,CUST-001142,45.33,atm,education
TXN-00010581,CUST-001907,54.75,wallet,grocery
TXN-00010582,CUST-000715,211.68,online,travel
TXN-00010583,CUST-003753,156.08,card,grocery
TXN-00010584,CUST-005370,95.56,online,dining
TXN-00010585,CUST-002179,52.97,card,utilities
TXN-00010586,CUST-003705,52.94,atm,travel
TXN-00010587,CUST-002701,135.82,card,travel
TXN-00010588,CUST-003128,412.45,branch,utilities
TXN-00010589,CUST-001686,220.87,wallet,travel
TXN-00010590,CUST-003261,18.11,branch,dining
TXN-00010591,CUST-004367,189.12,card,travel
TXN-00010592,CUST-002865,44.05,card,utilities
TXN-00010593,CUST-003109,64.81,online,dining
TXN-00010594,CUST-005581,195.89,atm,travel
TXN-00010595,CUST-002697,81.15,online,grocery
TXN-00010596,CUST-004292,182.81,online,education
TXN-00010597,CUST-005545,57.93,card,education
TXN-00010598,CUST-004273,14.14,card,dining
TXN-00010599,CUST-004606,40.36,card,retail
TXN-00010600,CUST-000467,12.2,online,utilities
TXN-00010601,CUST-003014,111.97,card,grocery
TXN-00010602,CUST-005938,47.24,card,utilities
TXN-00010603,CUST-000999,53.12,card,grocery
TXN-00010604,CUST-002996,55.96,card,education
TXN-00010605,CUST-001108,178.88,branch,retail
TXN-00010606,CUST-000113,118.2,card,retail
TXN-00010607,CUST-004038,3.11,card,retail
TXN-00010608,CUST-004766,6.99,online,retail
TXN-00010609,CUST-003810,206.95,wallet,dining
TXN-00010610,CUST-004286,97.21,branch,education
TXN-00010611,CUST-000480,60.02,atm,dining
TXN-00010612,CUST-004158,75.99,branch,education
TXN-00010613,CUST-001557,84.47,card,health
TXN-00010614,CUST-002349,76.76,online,health
TXN-00010615,CUST-002998,151.26,card,travel
TXN-00010616,CUST-003115,25.24,online,travel
TXN-00010617,CUST-000958,52.92,card,education
TXN-00010618,CUST-004274,68.53,card,retail
TXN-00010619,CUST-003653,87.34,atm,dining
TXN-00010620,CUST-000016,60.92,online,utilities
TXN-00010621,CUST-004669,61.85,card,utilities
TXN-00010622,CUST-001793,123.26,atm,dining
TXN-00010623,CUST-002421,206.57,atm,retail
TXN-00010624,CUST-005189,93.17,card,retail
TXN-00010625,CUST-005268,20.83,card,utilities
TXN-00010626,CUST-001045,47.18,card,grocery
TXN-00010627,CUST-001626,14.27,card,travel
TXN-00010628,CUST-002123,133.37,card,grocery
TXN-00010629,CUST-001294,57.86,online,health
TXN-00010630,CUST-000504,200.52,branch,utilities
TXN-00010631,CUST-002861,101.06,online,education
TXN-00010632,CUST-001583,116.22,card,utilities
TXN-00010633,CUST-002900,20.14,online,education
TXN-00010634,CUST-002741,28.49,card,grocery
TXN-00010635,CUST-001981,56.62,wallet,grocery
TXN-00010636,CUST-005282,44.93,online,grocery
TXN-00010637,CUST-000950,54.26,online,education
TXN-00010638,CUST-004098,26.78,card,health
TXN-00010639,CUST-002172,126.84,online,dining
TXN-00010640,CUST-003434,60.82,online,travel
TXN-00010641,CUST-003287,199.04,card,health
TXN-00010642,CUST-004510,17.41,online,dining
TXN-00010643,CUST-005769,316.17,atm,education
TXN-00010644,CUST-003493,64.65,atm,health
TXN-00010645,CUST-000046,31.51,online,health
TXN-00010646,CUST-000528,56.59,card,retail
TXN-00010647,CUST-002433,31.41,card,retail
TXN-00010648,CUST-003530,56.06,branch,grocery
TXN-00010649,CUST-004174,209.16,wallet,health
TXN-00010650,CUST-004716,53.18,card,utilities
TXN-00010651,CUST-004280,82.3,wallet,education
TXN-00010652,CUST-004776,49.71,atm,dining
TXN-00010653,CUST-004577,58.17,online,health
TXN-00010654,CUST-001112,49.16,online,health
TXN-00010655,CUST-001942,20.92,branch,health
TXN-00010656,CUST-003803,445.82,wallet,health
TXN-00010657,CUST-000858,102.74,online,health
TXN-00010658,CUST-001141,437.22,online,grocery
TXN-00010659,CUST-000469,139.21,atm,utilities
TXN-00010660,CUST-000556,12.41,branch,utilities
TXN-00010661,CUST-000621,106.32,wallet,utilities
TXN-00010662,CUST-000424,71.9,online,retail
TXN-00010663,CUST-003290,57.51,atm,retail
TXN-00010664,CUST-003187,53.4,wallet,education
TXN-00010665,CUST-003643,272.51,card,utilities
TXN-00010666,CUST-000409,24.01,card,health
TXN-00010667,CUST-004848,56.18,wallet,dining
TXN-00010668,CUST-000059,118.36,online,health
TXN-00010669,CUST-000988,38.54,online,retail
TXN-00010670,CUST-002972,88.61,card,travel
TXN-00010671,CUST-003115,218.16,card,utilities
TXN-00010672,CUST-005238,135.96,atm,retail
TXN-00010673,CUST-005275,10.63,card,travel
TXN-00010674,CUST-005049,34.18,online,health
TXN-00010675,CUST-004725,30.45,online,grocery
TXN-00010676,CUST-002735,139.48,atm,dining
TXN-00010677,CUST-000028,44.5,card,retail
TXN-00010678,CUST-000620,76.7,card,retail
TXN-00010679,CUST-003648,42.15,branch,dining
TXN-00010680,CUST-003194,63.58,card,dining
TXN-00010681,CUST-005543,441.96,card,dining
TXN-00010682,CUST-000915,751.42,atm,utilities
TXN-00010683,CUST-004225,96.2,card,health
TXN-00010684,CUST-000764,26.84,online,retail
TXN-00010685,CUST-000051,92.02,atm,utilities
TXN-00010686,CUST-000828,340.0,card,retail
TXN-00010687,CUST-001689,95.43,online,health
TXN-00010688,CUST-003291,13.87,card,health
TXN-00010689,CUST-003989,62.45,atm,education
TXN-00010690,CUST-001307,19.74,card,utilities
TXN-00010691,CUST-004975,28.41,atm,health
TXN-00010692,CUST-002528,65.03,wallet,retail
TXN-00010693,CUST-004916,31.77,atm,utilities
TXN-00010694,CUST-003049,118.86,branch,education
TXN-00010695,CUST-003858,191.09,card,retail
TXN-00010696,CUST-005816,20.64,atm,travel
TXN-00010697,CUST-003242,193.58,atm,utilities
TXN-00010698,CUST-000544,171.79,card,travel
TXN-00010699,CUST-000798,80.21,atm,education
TXN-00010700,CUST-002135,101.99,atm,dining
TXN-00010701,CUST-001534,135.28,online,education
TXN-00010702,CUST-005458,208.0,card,dining
TXN-00010703,CUST-004238,13.75,wallet,health
TXN-00010704,CUST-002383,183.79,wallet,dining
TXN-00010705,CUST-003496,226.15,card,utilities
TXN-00010706,CUST-003430,92.14,card,dining
TXN-00010707,CUST-000623,172.43,wallet,grocery
TXN-00010708,CUST-004865,10.18,card,retail
TXN-00010709,CUST-003087,173.35,online,utilities
TXN-00010710,CUST-004433,22.2,card,health
TXN-00010711,CUST-004071,198.2,online,grocery
TXN-00010712,CUST-004068,533.56,atm,dining
TXN-00010713,CUST-005692,394.5,card,education
TXN-00010714,CUST-001229,356.67,online,grocery
TXN-00010715,CUST-001204,58.86,branch,education
TXN-00010716,CUST-003983,227.91,atm,health
TXN-00010717,CUST-001372,59.31,card,health
TXN-00010718,CUST-004700,314.16,wallet,dining
TXN-00010719,CUST-005516,121.01,card,education
TXN-00010720,CUST-002453,6.76,atm,utilities
TXN-00010721,CUST-003050,171.18,branch,grocery
TXN-00010722,CUST-005396,15.99,card,dining
TXN-00010723,CUST-005899,486.6,online,travel
TXN-00010724,CUST-003395,169.86,card,dining
TXN-00010725,CUST-003709,64.86,card,retail
TXN-00010726,CUST-004717,436.48,online,grocery
TXN-00010727,CUST-004184,93.43,branch,utilities
TXN-00010728,CUST-000654,30.28,card,health
TXN-00010729,CUST-003695,97.37,atm,education
TXN-00010730,CUST-001103,420.04,wallet,dining
TXN-00010731,CUST-005944,119.05,atm,health
TXN-00010732,CUST-005180,10.98,wallet,health
TXN-00010733,CUST-003096,100.49,online,travel
TXN-00010734,CUST-000278,118.68,card,retail
TXN-00010735,CUST-000408,85.09,online,travel
TXN-00010736,CUST-000373,5.57,wallet,travel
TXN-00010737,CUST-000688,33.93,online,travel
TXN-00010738,CUST-005682,123.28,card,education
TXN-00010739,CUST-001066,354.21,wallet,education
TXN-00010740,CUST-000234,29.58,card,utilities
TXN-00010741,CUST-003022,32.89,branch,travel
TXN-00010742,CUST-003564,30.79,card,utilities
TXN-00010743,CUST-004890,133.12,card,grocery
TXN-00010744,CUST-003206,133.44,online,education
TXN-00010745,CUST-001892,134.18,wallet,utilities
TXN-00010746,CUST-003360,47.72,card,travel
TXN-00010747,CUST-003532,39.47,online,health
TXN-00010748,CUST-003863,132.41,branch,utilities
TXN-00010749,CUST-001219,304.1,card,travel
TXN-00010750,CUST-000468,95.2,online,utilities
TXN-00010751,CUST-000377,113.33,card,retail
TXN-00010752,CUST-004930,31.92,card,education
TXN-00010753,CUST-005096,24.29,online,dining
TXN-00010754,CUST-003715,133.75,online,dining
TXN-00010755,CUST-000840,49.44,branch,dining
TXN-00010756,CUST-004234,74.58,online,grocery
TXN-00010757,CUST-003897,170.13,online,dining
TXN-00010758,CUST-004136,122.36,atm,travel
TXN-00010759,CUST-003200,42.04,card,grocery
TXN-00010760,CUST-002820,154.74,wallet,retail
TXN-00010761,CUST-000048,198.16,card,health
TXN-00010762,CUST-000468,311.8,wallet,education
TXN-00010763,CUST-004932,56.88,atm,dining
TXN-00010764,CUST-002778,63.19,online,health
TXN-00010765,CUST-000480,29.37,atm,grocery
TXN-00010766,CUST-003916,167.04,online,travel
TXN-00010767,CUST-001898,183.74,card,travel
TXN-00010768,CUST-002972,84.18,wallet,retail
TXN-00010769,CUST-001446,368.85,card,travel
TXN-00010770,CUST-000032,109.35,online,retail
TXN-00010771,CUST-000098,34.94,branch,dining
TXN-00010772,CUST-005652,87.4,card,education
TXN-00010773,CUST-002310,62.23,online,grocery
TXN-00010774,CUST-000045,126.54,card,health
TXN-00010775,CUST-002679,992.12,card,travel
TXN-00010776,CUST-001249,339.83,online,education
TXN-00010777,CUST-002657,238.81,card,health
TXN-00010778,CUST-005379,19.41,wallet,education
TXN-00010779,CUST-000330,304.69,card,grocery
TXN-00010780,CUST-000551,159.81,branch,travel
TXN-00010781,CUST-002535,312.63,card,utilities
TXN-00010782,CUST-004087,13.76,online,education
TXN-00010783,CUST-003853,36.79,card,utilities
TXN-00010784,CUST-003442,149.59,online,grocery
TXN-00010785,CUST-000380,15.23,online,dining
TXN-00010786,CUST-000396,346.0,online,retail
TXN-00010787,CUST-002432,139.53,card,travel
TXN-00010788,CUST-003158,88.24,card,education
TXN-00010789,CUST-002060,31.48,atm,grocery
TXN-00010790,CUST-002958,38.69,card,health
TXN-00010791,CUST-003314,24.7,atm,health
TXN-00010792,CUST-004908,59.31,atm,travel
TXN-00010793,CUST-001688,182.79,card,education
TXN-00010794,CUST-000353,52.68,atm,grocery
TXN-00010795,CUST-005929,184.69,card,travel
TXN-00010796,CUST-002088,19.17,online,education
TXN-00010797,CUST-002146,12.2,online,retail
TXN-00010798,CUST-004586,239.96,online,dining
TXN-00010799,CUST-001947,38.16,card,dining
TXN-00010800,CUST-004416,63.19,online,health
TXN-00010801,CUST-000953,31.22,atm,education
TXN-00010802,CUST-003268,96.51,branch,health
TXN-00010803,CUST-003100,405.63,atm,utilities
TXN-00010804,CUST-005440,34.1,atm,grocery
TXN-00010805,CUST-004186,15.32,online,education
TXN-00010806,CUST-005909,22.96,online,utilities
TXN-00010807,CUST-003154,77.42,wallet,education
TXN-00010808,CUST-001736,22.65,atm,utilities
TXN-00010809,CUST-001394,30.89,card,travel
TXN-00010810,CUST-001287,9.08,wallet,travel
TXN-00010811,CUST-004539,98.14,branch,grocery
TXN-00010812,CUST-002031,156.44,online,education
TXN-00010813,CUST-002013,30.48,card,dining
TXN-00010814,CUST-005971,36.89,wallet,travel
TXN-00010815,CUST-000266,89.57,card,travel
TXN-00010816,CUST-000581,126.32,atm,health
TXN-00010817,CUST-005203,79.06,online,utilities
TXN-00010818,CUST-003292,81.49,online,dining
TXN-00010819,CUST-004852,50.87,online,dining
TXN-00010820,CUST-000257,140.18,card,grocery
TXN-00010821,CUST-001791,116.92,card,dining
TXN-00010822,CUST-000670,31.06,card,travel
TXN-00010823,CUST-004105,50.82,atm,utilities
TXN-00010824,CUST-003442,130.62,branch,dining
TXN-00010825,CUST-001051,128.23,online,education
TXN-00010826,CUST-004225,26.58,card,retail
TXN-00010827,CUST-001027,69.99,card,grocery
TXN-00010828,CUST-005370,48.86,online,dining
TXN-00010829,CUST-002567,11.22,online,health
TXN-00010830,CUST-002970,347.82,online,health
TXN-00010831,CUST-002532,51.08,card,utilities
TXN-00010832,CUST-003767,32.97,wallet,travel
TXN-00010833,CUST-004920,70.29,online,grocery
TXN-00010834,CUST-005202,46.59,branch,dining
TXN-00010835,CUST-004226,281.86,card,health
TXN-00010836,CUST-000618,231.58,online,retail
TXN-00010837,CUST-004839,71.43,online,utilities
TXN-00010838,CUST-004713,182.5,branch,retail
TXN-00010839,CUST-003710,75.04,card,grocery
TXN-00010840,CUST-000260,13.69,online,health
TXN-00010841,CUST-004971,74.62,online,travel
TXN-00010842,CUST-000716,41.98,atm,travel
TXN-00010843,CUST-005895,35.42,atm,travel
TXN-00010844,CUST-000696,131.12,online,travel
TXN-00010845,CUST-000800,587.85,card,grocery
TXN-00010846,CUST-003239,33.91,wallet,dining
TXN-00010847,CUST-004323,93.47,online,health
TXN-00010848,CUST-005348,80.05,card,dining
TXN-00010849,CUST-001100,514.92,card,dining
TXN-00010850,CUST-000619,47.53,branch,dining
TXN-00010851,CUST-002463,406.96,online,retail
TXN-00010852,CUST-003985,11.73,branch,grocery
TXN-00010853,CUST-003124,38.95,online,grocery
TXN-00010854,CUST-005054,172.83,online,travel
TXN-00010855,CUST-005932,8.78,atm,travel
TXN-00010856,CUST-002289,55.57,card,travel
TXN-00010857,CUST-000814,18.35,card,retail
TXN-00010858,CUST-000507,18.54,card,grocery
TXN-00010859,CUST-002599,408.87,card,dining
TXN-00010860,CUST-002740,200.23,branch,travel
TXN-00010861,CUST-004246,86.93,card,dining
TXN-00010862,CUST-000708,261.2,online,travel
TXN-00010863,CUST-004875,119.43,card,dining
TXN-00010864,CUST-002824,193.9,online,grocery
TXN-00010865,CUST-001677,97.92,online,education
TXN-00010866,CUST-004893,49.4,online,retail
TXN-00010867,CUST-005563,35.96,online,travel
TXN-00010868,CUST-005382,58.22,online,travel
TXN-00010869,CUST-004944,14.3,card,utilities
TXN-00010870,CUST-003704,82.55,online,dining
TXN-00010871,CUST-002313,335.76,atm,dining
TXN-00010872,CUST-002250,31.31,online,travel
TXN-00010873,CUST-002763,65.28,card,utilities
TXN-00010874,CUST-002720,8.63,card,health
TXN-00010875,CUST-003437,80.35,card,dining
TXN-00010876,CUST-001679,1406.46,atm,retail
TXN-00010877,CUST-002047,87.66,card,grocery
TXN-00010878,CUST-000172,197.27,online,grocery
TXN-00010879,CUST-005599,45.17,online,travel
TXN-00010880,CUST-004588,134.12,card,health
TXN-00010881,CUST-004233,39.53,online,travel
TXN-00010882,CUST-001772,90.76,atm,grocery
TXN-00010883,CUST-001135,13.57,card,dining
TXN-00010884,CUST-002051,225.93,card,education
TXN-00010885,CUST-005717,120.77,online,grocery
TXN-00010886,CUST-003617,150.93,online,grocery
TXN-00010887,CUST-004747,48.04,card,grocery
TXN-00010888,CUST-003736,118.94,branch,health
TXN-00010889,CUST-005331,319.56,branch,retail
TXN-00010890,CUST-002006,34.75,atm,utilities
TXN-00010891,CUST-003782,157.47,card,dining
TXN-00010892,CUST-001181,72.79,wallet,travel
TXN-00010893,CUST-002434,349.71,online,health
TXN-00010894,CUST-000640,35.66,card,dining
TXN-00010895,CUST-004163,43.47,wallet,health
TXN-00010896,CUST-005393,196.46,online,travel
TXN-00010897,CUST-000955,62.58,atm,travel
TXN-00010898,CUST-000193,120.83,wallet,utilities
TXN-00010899,CUST-002782,157.62,online,utilities
TXN-00010900,CUST-005782,91.17,wallet,utilities
TXN-00010901,CUST-004284,13.24,branch,dining
TXN-00010902,CUST-001566,143.45,wallet,grocery
TXN-00010903,CUST-001877,38.28,online,grocery
TXN-00010904,CUST-002032,16.55,atm,grocery
TXN-00010905,CUST-000574,418.76,atm,dining
TXN-00010906,CUST-002963,235.77,atm,dining
TXN-00010907,CUST-005462,22.08,card,grocery
TXN-00010908,CUST-004125,7.1,card,utilities
TXN-00010909,CUST-005099,58.15,online,travel
TXN-00010910,CUST-000547,393.1,atm,grocery
TXN-00010911,CUST-005832,27.59,atm,health
TXN-00010912,CUST-004884,47.2,online,education
TXN-00010913,CUST-003913,24.71,online,grocery
TXN-00010914,CUST-004365,102.32,card,dining
TXN-00010915,CUST-000210,66.36,atm,dining
TXN-00010916,CUST-003111,33.5,branch,grocery
TXN-00010917,CUST-001674,16.55,online,travel
TXN-00010918,CUST-003196,93.47,atm,education
TXN-00010919,CUST-001282,174.08,wallet,education
TXN-00010920,CUST-000106,41.5,card,travel
TXN-00010921,CUST-000956,139.62,card,travel
TXN-00010922,CUST-002733,68.87,branch,education
TXN-00010923,CUST-003779,548.29,online,health
TXN-00010924,CUST-001980,289.08,card,grocery
TXN-00010925,CUST-005589,113.63,online,travel
TXN-00010926,CUST-002369,79.92,card,grocery
TXN-00010927,CUST-004980,82.42,online,dining
TXN-00010928,CUST-005756,74.32,card,travel
TXN-00010929,CUST-002485,66.5,online,dining
TXN-00010930,CUST-005208,12.43,atm,travel
TXN-00010931,CUST-002007,420.41,card,health
TXN-00010932,CUST-003298,22.68,atm,travel
TXN-00010933,CUST-003459,278.8,card,education
TXN-00010934,CUST-001576,24.07,card,travel
TXN-00010935,CUST-003344,47.91,online,health
TXN-00010936,CUST-001694,81.06,online,grocery
TXN-00010937,CUST-004806,81.56,card,utilities
TXN-00010938,CUST-004333,16.09,card,travel
TXN-00010939,CUST-004797,172.02,online,education
TXN-00010940,CUST-005503,41.78,branch,education
TXN-00010941,CUST-002637,129.86,card,health
TXN-00010942,CUST-000548,503.45,card,health
TXN-00010943,CUST-004087,71.16,online,grocery
TXN-00010944,CUST-005446,91.51,branch,travel
TXN-00010945,CUST-003621,23.69,online,dining
TXN-00010946,CUST-003168,76.28,card,grocery
TXN-00010947,CUST-001419,22.34,online,education
TXN-00010948,CUST-000120,61.55,atm,grocery
TXN-00010949,CUST-005329,103.23,card,retail
TXN-00010950,CUST-000384,21.13,atm,utilities
TXN-00010951,CUST-004995,29.58,online,education
TXN-00010952,CUST-004638,139.17,card,education
TXN-00010953,CUST-000508,57.25,branch,utilities
TXN-00010954,CUST-003476,57.48,card,education
TXN-00010955,CUST-002871,283.93,card,travel
TXN-00010956,CUST-001899,22.85,card,travel
TXN-00010957,CUST-005766,19.05,atm,grocery
TXN-00010958,CUST-004046,98.14,atm,retail
TXN-00010959,CUST-003418,618.64,online,travel
TXN-00010960,CUST-004233,128.81,wallet,travel
TXN-00010961,CUST-004479,68.01,online,travel
TXN-00010962,CUST-005862,97.11,atm,education
TXN-00010963,CUST-000339,48.36,card,dining
TXN-00010964,CUST-002044,244.52,online,education
TXN-00010965,CUST-001059,31.63,wallet,grocery
TXN-00010966,CUST-004212,52.49,branch,utilities
TXN-00010967,CUST-001303,349.2,wallet,health
TXN-00010968,CUST-003419,82.86,card,utilities
TXN-00010969,CUST-003203,155.3,card,education
TXN-00010970,CUST-004592,28.55,online,health
TXN-00010971,CUST-004340,37.54,atm,education
TXN-00010972,CUST-005717,75.67,branch,health
TXN-00010973,CUST-003980,87.09,atm,health
TXN-00010974,CUST-000197,53.35,online,education
TXN-00010975,CUST-004752,17.55,card,education
TXN-00010976,CUST-002555,103.28,online,grocery
TXN-00010977,CUST-005425,82.24,card,retail
TXN-00010978,CUST-001231,206.27,branch,dining
TXN-00010979,CUST-001481,13.48,online,health
TXN-00010980,CUST-003640,24.21,card,utilities
TXN-00010981,CUST-004445,35.85,card,education
TXN-00010982,CUST-004781,8.06,card,travel
TXN-00010983,CUST-000289,121.36,card,retail
TXN-00010984,CUST-005365,39.54,card,travel
TXN-00010985,CUST-002867,41.33,atm,utilities
TXN-00010986,CUST-004752,72.58,online,health
TXN-00010987,CUST-001074,21.87,wallet,education
TXN-00010988,CUST-004095,48.22,online,retail
TXN-00010989,CUST-000700,171.6,card,utilities
TXN-00010990,CUST-001454,13.16,online,travel
TXN-00010991,CUST-003324,30.52,atm,utilities
TXN-00010992,CUST-004424,104.42,online,travel
TXN-00010993,CUST-001637,428.92,branch,education
TXN-00010994,CUST-002157,169.22,branch,grocery
TXN-00010995,CUST-003380,79.35,card,education
TXN-00010996,CUST-002740,386.81,online,utilities
TXN-00010997,CUST-004960,30.04,card,retail
TXN-00010998,CUST-005036,204.79,branch,retail
TXN-00010999,CUST-003799,123.09,online,retail
TXN-00011000,CUST-003427,185.7,card,education
TXN-00011001,CUST-001291,574.56,online,dining
TXN-00011002,CUST-003991,37.3,card,grocery
TXN-00011003,CUST-002126,52.55,card,education
TXN-00011004,CUST-005395,65.49,online,retail
TXN-00011005,CUST-005222,231.01,atm,health
TXN-00011006,CUST-002007,17.5,online,retail
TXN-00011007,CUST-000489,222.81,branch,grocery
TXN-00011008,CUST-001234,7.72,branch,grocery
TXN-00011009,CUST-000576,110.41,wallet,retail
TXN-00011010,CUST-004436,25.63,card,travel
TXN-00011011,CUST-004123,53.96,card,travel
TXN-00011012,CUST-003369,46.42,branch,grocery
TXN-00011013,CUST-005726,91.67,online,retail
TXN-00011014,CUST-003952,85.51,wallet,education
TXN-00011015,CUST-003944,283.64,card,grocery
TXN-00011016,CUST-005839,20.88,card,retail
TXN-00011017,CUST-000288,77.55,online,education
TXN-00011018,CUST-005685,91.19,card,education
TXN-00011019,CUST-004314,50.37,online,grocery
TXN-00011020,CUST-001484,77.71,online,retail
TXN-00011021,CUST-002998,56.49,branch,travel
TXN-00011022,CUST-002841,343.31,online,retail
TXN-00011023,CUST-001437,158.7,online,grocery
TXN-00011024,CUST-002581,126.05,card,utilities
TXN-00011025,CUST-001127,687.68,branch,education
TXN-00011026,CUST-005048,61.17,wallet,retail
TXN-00011027,CUST-001889,158.11,card,health
TXN-00011028,CUST-001433,37.11,online,dining
TXN-00011029,CUST-000082,69.7,card,education
TXN-00011030,CUST-000434,52.82,card,travel
TXN-00011031,CUST-001587,78.48,atm,retail
TXN-00011032,CUST-004563,154.49,card,education
TXN-00011033,CUST-005260,70.94,card,travel
TXN-00011034,CUST-005685,102.3,online,grocery
TXN-00011035,CUST-005400,38.51,atm,travel
TXN-00011036,CUST-000654,23.17,atm,education
TXN-00011037,CUST-003634,60.94,online,dining
TXN-00011038,CUST-000094,34.3,online,education
TXN-00011039,CUST-001041,200.78,online,grocery
TXN-00011040,CUST-004764,97.43,wallet,education
TXN-00011041,CUST-002999,53.29,wallet,education
TXN-00011042,CUST-005294,85.78,atm,education
TXN-00011043,CUST-003756,71.53,branch,retail
TXN-00011044,CUST-002765,22.12,branch,health
TXN-00011045,CUST-005181,57.1,atm,dining
TXN-00011046,CUST-003384,62.55,card,dining
TXN-00011047,CUST-003622,159.8,online,health
TXN-00011048,CUST-003005,15.07,wallet,education
TXN-00011049,CUST-002565,47.65,card,retail
TXN-00011050,CUST-004229,219.79,card,health
TXN-00011051,CUST-004890,51.88,online,dining
TXN-00011052,CUST-004113,174.47,online,travel
TXN-00011053,CUST-001639,113.9,atm,retail
TXN-00011054,CUST-000348,163.04,atm,dining
TXN-00011055,CUST-001819,57.04,online,travel
TXN-00011056,CUST-002822,17.26,card,grocery
TXN-00011057,CUST-005833,62.58,card,dining
TXN-00011058,CUST-001477,122.28,card,utilities
TXN-00011059,CUST-001055,228.02,online,dining
TXN-00011060,CUST-001975,30.81,card,dining
TXN-00011061,CUST-005017,53.08,card,dining
TXN-00011062,CUST-002877,50.39,atm,health
TXN-00011063,CUST-001806,385.2,card,health
TXN-00011064,CUST-001960,64.5,wallet,education
TXN-00011065,CUST-001449,99.31,atm,grocery
TXN-00011066,CUST-000915,89.99,card,dining
TXN-00011067,CUST-004389,7.99,card,education
TXN-00011068,CUST-002012,98.05,wallet,grocery
TXN-00011069,CUST-001070,64.08,branch,education
TXN-00011070,CUST-004660,25.62,branch,education
TXN-00011071,CUST-001302,630.72,card,grocery
TXN-00011072,CUST-003738,326.31,wallet,travel
TXN-00011073,CUST-002190,100.36,card,utilities
TXN-00011074,CUST-001610,86.0,branch,grocery
TXN-00011075,CUST-000280,337.19,card,health
TXN-00011076,CUST-005035,227.41,atm,education
TXN-00011077,CUST-002296,54.83,online,health
TXN-00011078,CUST-005519,84.73,card,grocery
TXN-00011079,CUST-001942,141.45,card,health
TXN-00011080,CUST-001566,37.46,online,grocery
TXN-00011081,CUST-003548,941.91,card,travel
TXN-00011082,CUST-004591,169.98,card,retail
TXN-00011083,CUST-003695,47.23,atm,dining
TXN-00011084,CUST-000206,7223.3,atm,retail
TXN-00011085,CUST-005782,45.51,online,education
TXN-00011086,CUST-005718,210.96,atm,travel
TXN-00011087,CUST-001499,45.86,card,travel
TXN-00011088,CUST-000394,46.85,online,utilities
TXN-00011089,CUST-001576,115.41,atm,education
TXN-00011090,CUST-005308,84.97,wallet,education
TXN-00011091,CUST-005166,78.47,atm,education
TXN-00011092,CUST-003231,94.54,card,utilities
TXN-00011093,CUST-005360,189.71,branch,education
TXN-00011094,CUST-001972,262.1,atm,dining
TXN-00011095,CUST-000614,2044.89,online,utilities
TXN-00011096,CUST-005899,241.18,online,dining
TXN-00011097,CUST-002201,58.43,online,travel
TXN-00011098,CUST-004641,39.01,card,grocery
TXN-00011099,CUST-003247,183.46,card,utilities
TXN-00011100,CUST-004408,58.73,online,utilities
TXN-00011101,CUST-004976,34.44,online,health
TXN-00011102,CUST-004125,20.95,branch,utilities
TXN-00011103,CUST-002070,60.6,card,travel
TXN-00011104,CUST-003940,16.42,online,dining
TXN-00011105,CUST-003552,141.82,branch,dining
TXN-00011106,CUST-003789,22.11,card,education
TXN-00011107,CUST-000585,176.05,online,education
TXN-00011108,CUST-004878,288.35,branch,dining
TXN-00011109,CUST-003936,62.24,online,retail
TXN-00011110,CUST-001315,10.23,wallet,retail
TXN-00011111,CUST-003631,463.57,wallet,grocery
TXN-00011112,CUST-000700,77.34,online,health
TXN-00011113,CUST-005191,172.54,card,travel
TXN-00011114,CUST-003194,20.88,online,grocery
TXN-00011115,CUST-002473,352.7,wallet,education
TXN-00011116,CUST-005390,8.34,card,health
TXN-00011117,CUST-000806,16.41,card,health
TXN-00011118,CUST-003606,294.11,card,dining
TXN-00011119,CUST-002532,24.08,atm,grocery
TXN-00011120,CUST-003669,182.15,branch,health
TXN-00011121,CUST-000245,137.45,atm,dining
TXN-00011122,CUST-004653,159.48,online,health
TXN-00011123,CUST-004331,259.83,atm,dining
TXN-00011124,CUST-004112,25.42,online,grocery
TXN-00011125,CUST-004743,439.16,card,utilities
TXN-00011126,CUST-000917,65.9,card,education
TXN-00011127,CUST-001792,160.95,card,dining
TXN-00011128,CUST-001365,471.57,card,health
TXN-00011129,CUST-004498,84.83,online,education
TXN-00011130,CUST-002070,967.88,card,dining
TXN-00011131,CUST-002025,9.96,online,retail
TXN-00011132,CUST-005099,478.42,card,utilities
TXN-00011133,CUST-003308,47.55,online,health
TXN-00011134,CUST-004129,22.34,card,grocery
TXN-00011135,CUST-002883,1287.6,card,grocery
TXN-00011136,CUST-004251,20.86,card,utilities
TXN-00011137,CUST-004546,27.89,online,retail
TXN-00011138,CUST-001597,207.78,online,travel
TXN-00011139,CUST-002295,190.0,atm,health
TXN-00011140,CUST-003983,59.63,online,retail
TXN-00011141,CUST-002163,21.49,online,retail
TXN-00011142,CUST-003985,56.36,branch,retail
TXN-00011143,CUST-002428,54.21,online,retail
TXN-00011144,CUST-004660,23.43,branch,dining
TXN-00011145,CUST-001038,43.05,atm,utilities
TXN-00011146,CUST-005781,266.44,atm,travel
TXN-00011147,CUST-002290,144.45,card,retail
TXN-00011148,CUST-005286,165.14,online,retail
TXN-00011149,CUST-003330,46.47,online,retail
TXN-00011150,CUST-003960,28.39,branch,travel
TXN-00011151,CUST-003908,397.84,card,retail
TXN-00011152,CUST-003466,37.51,atm,utilities
TXN-00011153,CUST-001629,21.83,wallet,travel
TXN-00011154,CUST-005700,103.95,card,travel
TXN-00011155,CUST-003006,72.43,atm,dining
TXN-00011156,CUST-002283,37.52,online,utilities
TXN-00011157,CUST-005414,24.93,branch,travel
TXN-00011158,CUST-002714,23.65,card,utilities
TXN-00011159,CUST-004545,107.68,branch,grocery
TXN-00011160,CUST-001408,30.83,wallet,health
TXN-00011161,CUST-001065,299.39,card,dining
TXN-00011162,CUST-004493,189.36,atm,utilities
TXN-00011163,CUST-004870,90.64,online,utilities
TXN-00011164,CUST-003269,81.46,online,travel
TXN-00011165,CUST-003402,340.1,atm,travel
TXN-00011166,CUST-002599,308.8,online,education
TXN-00011167,CUST-001550,304.43,online,utilities
TXN-00011168,CUST-001376,223.16,card,health
TXN-00011169,CUST-005054,56.46,wallet,travel
TXN-00011170,CUST-002757,563.63,wallet,retail
TXN-00011171,CUST-004526,83.75,online,grocery
TXN-00011172,CUST-003697,79.3,online,education
TXN-00011173,CUST-003266,50.88,online,education
TXN-00011174,CUST-004202,37.92,card,travel
TXN-00011175,CUST-004386,86.05,online,dining
TXN-00011176,CUST-005433,35.87,online,retail
TXN-00011177,CUST-002058,44.98,card,grocery
TXN-00011178,CUST-002431,287.45,online,education
TXN-00011179,CUST-003136,138.64,card,utilities
TXN-00011180,CUST-001844,131.56,card,dining
TXN-00011181,CUST-000215,17.45,branch,retail
TXN-00011182,CUST-004504,835.01,online,grocery
TXN-00011183,CUST-002015,36.6,online,grocery
TXN-00011184,CUST-002456,65.86,wallet,retail
TXN-00011185,CUST-000517,81.79,wallet,dining
TXN-00011186,CUST-003696,105.37,card,grocery
TXN-00011187,CUST-005787,83.95,online,retail
TXN-00011188,CUST-003958,47.44,card,grocery
TXN-00011189,CUST-000737,33.49,wallet,retail
TXN-00011190,CUST-000215,45.16,online,education
TXN-00011191,CUST-002568,5.42,branch,grocery
TXN-00011192,CUST-004512,363.51,branch,education
TXN-00011193,CUST-000003,911.04,online,travel
TXN-00011194,CUST-005508,473.49,online,retail
TXN-00011195,CUST-004586,174.18,card,health
TXN-00011196,CUST-001056,159.26,online,retail
TXN-00011197,CUST-000488,104.28,online,health
TXN-00011198,CUST-004041,99.57,online,health
TXN-00011199,CUST-003807,56.12,card,utilities
TXN-00011200,CUST-003511,42.46,online,travel
TXN-00011201,CUST-000814,8.61,branch,education
TXN-00011202,CUST-001460,76.84,online,education
TXN-00011203,CUST-001536,64.32,card,retail
TXN-00011204,CUST-000911,86.53,online,health
TXN-00011205,CUST-002217,129.04,card,utilities
TXN-00011206,CUST-000852,95.76,card,health
TXN-00011207,CUST-002907,92.27,card,health
TXN-00011208,CUST-000034,40.73,atm,health
TXN-00011209,CUST-003606,80.37,atm,travel
TXN-00011210,CUST-002322,103.63,card,grocery
TXN-00011211,CUST-003282,40.78,online,grocery
TXN-00011212,CUST-002623,55.62,card,utilities
TXN-00011213,CUST-001831,11.66,card,travel
TXN-00011214,CUST-003107,579.16,online,utilities
TXN-00011215,CUST-005297,21.24,online,utilities
TXN-00011216,CUST-005969,159.5,card,grocery
TXN-00011217,CUST-002063,144.45,online,retail
TXN-00011218,CUST-000916,33.37,card,travel
TXN-00011219,CUST-005783,194.56,atm,retail
TXN-00011220,CUST-004528,124.01,card,health
TXN-00011221,CUST-003957,22.82,atm,health
TXN-00011222,CUST-005706,50.52,atm,health
TXN-00011223,CUST-001533,47.9,atm,dining
TXN-00011224,CUST-004927,127.91,atm,dining
TXN-00011225,CUST-002372,142.71,card,retail
TXN-00011226,CUST-002040,42.09,wallet,utilities
TXN-00011227,CUST-003157,127.73,card,dining
TXN-00011228,CUST-002553,58.67,card,utilities
TXN-00011229,CUST-004999,96.96,card,grocery
TXN-00011230,CUST-003124,128.82,card,health
TXN-00011231,CUST-002508,155.6,online,retail
TXN-00011232,CUST-004746,46.45,wallet,utilities
TXN-00011233,CUST-005608,16.93,branch,grocery
TXN-00011234,CUST-001146,63.22,card,dining
TXN-00011235,CUST-003507,81.35,online,utilities
TXN-00011236,CUST-002236,10.03,card,health
TXN-00011237,CUST-001085,53.99,card,health
TXN-00011238,CUST-002670,37.57,online,grocery
TXN-00011239,CUST-003508,36.9,atm,retail
TXN-00011240,CUST-003655,29.74,card,education
TXN-00011241,CUST-000588,128.96,atm,grocery
TXN-00011242,CUST-004193,20.49,branch,grocery
TXN-00011243,CUST-002301,129.04,online,health
TXN-00011244,CUST-002764,198.26,atm,health
TXN-00011245,CUST-001457,274.51,atm,utilities
TXN-00011246,CUST-004207,91.45,wallet,utilities
TXN-00011247,CUST-003391,261.74,card,grocery
TXN-00011248,CUST-000295,53.04,atm,travel
TXN-00011249,CUST-005192,71.06,online,utilities
TXN-00011250,CUST-003084,172.72,online,health
TXN-00011251,CUST-005595,81.27,atm,health
TXN-00011252,CUST-004264,36.52,online,utilities
TXN-00011253,CUST-005970,24.19,online,education
TXN-00011254,CUST-000607,159.12,card,grocery
TXN-00011255,CUST-000284,85.22,atm,grocery
TXN-00011256,CUST-004211,74.54,card,travel
TXN-00011257,CUST-001745,125.95,atm,utilities
TXN-00011258,CUST-004286,26.37,branch,retail
TXN-00011259,CUST-002159,110.0,atm,health
TXN-00011260,CUST-004152,68.31,online,travel
TXN-00011261,CUST-002425,25.23,atm,health
TXN-00011262,CUST-005858,45.08,card,health
TXN-00011263,CUST-001718,273.09,atm,grocery
TXN-00011264,CUST-005418,41.23,online,dining
TXN-00011265,CUST-003816,94.43,atm,grocery
TXN-00011266,CUST-005134,167.54,atm,education
TXN-00011267,CUST-004461,44.29,online,travel
TXN-00011268,CUST-000462,609.02,card,travel
TXN-00011269,CUST-005286,183.96,card,education
TXN-00011270,CUST-005778,46.39,wallet,retail
TXN-00011271,CUST-005782,82.18,card,retail
TXN-00011272,CUST-005290,0.6,card,grocery
TXN-00011273,CUST-000494,108.23,branch,grocery
TXN-00011274,CUST-003444,901.2,card,travel
TXN-00011275,CUST-004724,84.54,online,dining
TXN-00011276,CUST-004708,44.34,online,retail
TXN-00011277,CUST-000873,111.23,online,education
TXN-00011278,CUST-004718,12.98,online,travel
TXN-00011279,CUST-001015,261.39,online,education
TXN-00011280,CUST-004806,61.34,card,dining
TXN-00011281,CUST-005588,33.36,online,utilities
TXN-00011282,CUST-004155,38.07,card,utilities
TXN-00011283,CUST-002341,108.42,card,dining
TXN-00011284,CUST-003720,176.18,branch,travel
TXN-00011285,CUST-001624,69.97,wallet,travel
TXN-00011286,CUST-003382,147.4,card,education
TXN-00011287,CUST-000690,116.88,branch,utilities
TXN-00011288,CUST-004463,21.57,card,grocery
TXN-00011289,CUST-002052,160.34,card,grocery
TXN-00011290,CUST-004991,109.85,atm,retail
TXN-00011291,CUST-001162,61.35,online,utilities
TXN-00011292,CUST-003008,236.42,card,travel
TXN-00011293,CUST-005923,69.53,online,dining
TXN-00011294,CUST-002807,141.29,card,education
TXN-00011295,CUST-002797,19.25,online,dining
TXN-00011296,CUST-005304,279.07,branch,education
TXN-00011297,CUST-000039,338.1,wallet,education
TXN-00011298,CUST-001775,21.61,branch,health
TXN-00011299,CUST-005294,23.28,card,retail
TXN-00011300,CUST-000158,88.77,atm,health
TXN-00011301,CUST-002478,392.28,atm,travel
TXN-00011302,CUST-000608,218.82,branch,grocery
TXN-00011303,CUST-004677,75.42,online,retail
TXN-00011304,CUST-002761,79.95,card,utilities
TXN-00011305,CUST-004432,32.18,branch,health
TXN-00011306,CUST-000636,144.29,online,utilities
TXN-00011307,CUST-000725,27.46,online,grocery
TXN-00011308,CUST-005974,303.09,card,utilities
TXN-00011309,CUST-005296,112.12,atm,education
TXN-00011310,CUST-004731,17.73,wallet,grocery
TXN-00011311,CUST-002445,103.59,online,utilities
TXN-00011312,CUST-001714,72.96,online,utilities
TXN-00011313,CUST-001415,18.51,atm,grocery
TXN-00011314,CUST-002009,47.35,online,utilities
TXN-00011315,CUST-001083,167.08,card,grocery
TXN-00011316,CUST-002467,116.03,card,grocery
TXN-00011317,CUST-004505,77.48,online,retail
TXN-00011318,CUST-000474,63.25,online,education
TXN-00011319,CUST-004911,24.37,card,grocery
TXN-00011320,CUST-001373,58.45,atm,health
TXN-00011321,CUST-003929,111.95,online,retail
TXN-00011322,CUST-000012,51.23,online,utilities
TXN-00011323,CUST-000505,173.88,card,dining
TXN-00011324,CUST-004255,26.26,card,education
TXN-00011325,CUST-000104,81.98,card,education
TXN-00011326,CUST-000295,93.05,wallet,utilities
TXN-00011327,CUST-004920,194.87,card,retail
TXN-00011328,CUST-001243,134.93,card,grocery
TXN-00011329,CUST-001056,33.42,atm,education
TXN-00011330,CUST-004727,194.95,online,health
TXN-00011331,CUST-002072,47.7,atm,retail
TXN-00011332,CUST-002777,39.11,branch,grocery
TXN-00011333,CUST-001361,55.02,atm,health
TXN-00011334,CUST-003405,77.56,online,dining
TXN-00011335,CUST-001686,254.15,wallet,health
TXN-00011336,CUST-004171,118.82,online,health
TXN-00011337,CUST-005097,232.01,wallet,grocery
TXN-00011338,CUST-005997,159.74,card,travel
TXN-00011339,CUST-000965,232.09,online,health
TXN-00011340,CUST-001545,62.02,atm,utilities
TXN-00011341,CUST-005909,5.25,wallet,health
TXN-00011342,CUST-002607,378.48,atm,utilities
TXN-00011343,CUST-004355,111.68,branch,grocery
TXN-00011344,CUST-003741,231.83,card,travel
TXN-00011345,CUST-000863,6.34,online,travel
TXN-00011346,CUST-003553,309.11,online,dining
TXN-00011347,CUST-000371,470.66,branch,retail
TXN-00011348,CUST-000059,543.81,atm,education
TXN-00011349,CUST-005473,22.85,atm,health
TXN-00011350,CUST-000006,9.78,online,education
TXN-00011351,CUST-005561,28.07,online,dining
TXN-00011352,CUST-003993,81.24,wallet,travel
TXN-00011353,CUST-000490,143.86,online,dining
TXN-00011354,CUST-000590,43.23,online,health
TXN-00011355,CUST-002785,158.68,card,utilities
TXN-00011356,CUST-003860,51.68,online,grocery
TXN-00011357,CUST-004900,63.57,atm,retail
TXN-00011358,CUST-004033,69.05,atm,retail
TXN-00011359,CUST-003139,19.33,online,retail
TXN-00011360,CUST-005281,51.07,card,education
TXN-00011361,CUST-000157,67.82,online,utilities
TXN-00011362,CUST-002846,41.91,card,utilities
TXN-00011363,CUST-003279,39.89,online,utilities
TXN-00011364,CUST-004933,90.96,branch,utilities
TXN-00011365,CUST-005539,13.75,atm,travel
TXN-00011366,CUST-002345,215.46,card,health
TXN-00011367,CUST-005191,307.27,card,retail
TXN-00011368,CUST-005536,55.08,card,utilities
TXN-00011369,CUST-000259,116.43,online,travel
TXN-00011370,CUST-000541,150.16,wallet,education
TXN-00011371,CUST-001376,222.74,branch,utilities
TXN-00011372,CUST-003118,73.06,online,dining
TXN-00011373,CUST-004544,191.85,atm,education
TXN-00011374,CUST-005364,144.65,online,utilities
TXN-00011375,CUST-005323,40.99,card,education
TXN-00011376,CUST-003042,29.66,atm,retail
TXN-00011377,CUST-004111,25.43,card,travel
TXN-00011378,CUST-004850,16.84,card,travel
TXN-00011379,CUST-002957,52.74,online,travel
TXN-00011380,CUST-002757,87.44,online,grocery
TXN-00011381,CUST-004834,34.55,card,education
TXN-00011382,CUST-002428,39.65,atm,grocery
TXN-00011383,CUST-001364,24.66,wallet,dining
TXN-00011384,CUST-003584,173.0,atm,dining
TXN-00011385,CUST-005627,91.6,card,health
TXN-00011386,CUST-005444,121.05,online,education
TXN-00011387,CUST-004484,52.0,atm,utilities
TXN-00011388,CUST-005398,52.94,branch,dining
TXN-00011389,CUST-001816,74.68,card,dining
TXN-00011390,CUST-004337,18.53,online,dining
TXN-00011391,CUST-001539,74.26,branch,education
TXN-00011392,CUST-003202,54.83,card,education
TXN-00011393,CUST-002376,18.5,card,education
TXN-00011394,CUST-002962,43.18,card,utilities
TXN-00011395,CUST-000934,47.96,online,retail
TXN-00011396,CUST-002534,33.58,atm,education
TXN-00011397,CUST-002816,285.08,online,dining
TXN-00011398,CUST-005623,210.41,wallet,education
TXN-00011399,CUST-002439,60.03,online,travel
TXN-00011400,CUST-004550,105.82,online,grocery
TXN-00011401,CUST-005522,53.26,branch,travel
TXN-00011402,CUST-001598,69.56,card,health
TXN-00011403,CUST-000342,152.94,online,health
TXN-00011404,CUST-005433,26.86,card,education
TXN-00011405,CUST-004450,46.26,card,travel
TXN-00011406,CUST-000461,78.53,online,travel
TXN-00011407,CUST-003301,25.96,card,health
TXN-00011408,CUST-000715,101.89,branch,grocery
TXN-00011409,CUST-000944,233.32,online,education
TXN-00011410,CUST-003883,152.57,card,dining
TXN-00011411,CUST-005175,157.42,branch,dining
TXN-00011412,CUST-002990,33.66,online,health
TXN-00011413,CUST-000939,71.43,online,utilities
TXN-00011414,CUST-001959,206.61,card,education
TXN-00011415,CUST-005806,25.36,card,grocery
TXN-00011416,CUST-002806,20.46,online,grocery
TXN-00011417,CUST-005485,74.96,card,retail
TXN-00011418,CUST-002865,61.82,online,health
TXN-00011419,CUST-002626,246.38,branch,grocery
TXN-00011420,CUST-004126,217.37,wallet,utilities
TXN-00011421,CUST-001477,77.23,online,dining
TXN-00011422,CUST-001233,58.78,card,utilities
TXN-00011423,CUST-001271,54.27,branch,education
TXN-00011424,CUST-004352,26.12,wallet,retail
TXN-00011425,CUST-003468,41.3,online,education
TXN-00011426,CUST-003634,20.72,card,education
TXN-00011427,CUST-004459,59.44,branch,travel
TXN-00011428,CUST-000050,42.38,card,retail
TXN-00011429,CUST-004011,120.24,card,education
TXN-00011430,CUST-003044,195.42,card,utilities
TXN-00011431,CUST-000556,116.75,wallet,utilities
TXN-00011432,CUST-000477,113.84,atm,utilities
TXN-00011433,CUST-005562,171.65,atm,retail
TXN-00011434,CUST-002957,76.57,online,retail
TXN-00011435,CUST-000889,665.91,branch,health
TXN-00011436,CUST-001775,144.11,online,utilities
TXN-00011437,CUST-001430,44.77,online,retail
TXN-00011438,CUST-003133,44.2,wallet,education
TXN-00011439,CUST-003900,33.07,online,dining
TXN-00011440,CUST-002364,75.43,card,education
TXN-00011441,CUST-005587,18.77,online,grocery
TXN-00011442,CUST-002490,59.49,online,travel
TXN-00011443,CUST-003657,5.35,online,utilities
TXN-00011444,CUST-002249,260.73,card,grocery
TXN-00011445,CUST-001576,66.91,atm,grocery
TXN-00011446,CUST-004670,887.62,card,utilities
TXN-00011447,CUST-002791,72.51,card,grocery
TXN-00011448,CUST-002337,64.02,card,dining
TXN-00011449,CUST-003170,25.14,online,health
TXN-00011450,CUST-002704,60.81,card,travel
TXN-00011451,CUST-005170,498.43,online,education
TXN-00011452,CUST-004570,93.28,wallet,education
TXN-00011453,CUST-001235,222.7,online,utilities
TXN-00011454,CUST-003885,76.56,card,health
TXN-00011455,CUST-005997,336.86,online,education
TXN-00011456,CUST-001083,167.76,card,grocery
TXN-00011457,CUST-004629,34.85,online,education
TXN-00011458,CUST-004773,133.24,card,dining
TXN-00011459,CUST-004639,221.98,card,education
TXN-00011460,CUST-003922,9.16,online,health
TXN-00011461,CUST-003679,37.64,card,health
TXN-00011462,CUST-003093,14.07,card,education
TXN-00011463,CUST-004761,184.64,card,grocery
TXN-00011464,CUST-003464,138.73,online,education
TXN-00011465,CUST-004751,63.62,card,retail
TXN-00011466,CUST-003504,67.06,card,travel
TXN-00011467,CUST-005046,93.92,online,travel
TXN-00011468,CUST-002858,101.96,online,health
TXN-00011469,CUST-000902,814.94,card,health
TXN-00011470,CUST-001011,58.98,online,utilities
TXN-00011471,CUST-003749,83.63,wallet,travel
TXN-00011472,CUST-002584,137.23,atm,retail
TXN-00011473,CUST-005518,190.47,online,retail
TXN-00011474,CUST-001022,84.56,online,grocery
TXN-00011475,CUST-001574,103.41,card,dining
TXN-00011476,CUST-005277,72.07,card,retail
TXN-00011477,CUST-000787,56.91,card,education
TXN-00011478,CUST-005915,1345.9,branch,travel
TXN-00011479,CUST-003959,84.87,wallet,grocery
TXN-00011480,CUST-004921,366.31,card,utilities
TXN-00011481,CUST-001275,56.59,card,health
TXN-00011482,CUST-004879,26.83,card,education
TXN-00011483,CUST-000397,18.63,online,dining
TXN-00011484,CUST-001019,53.79,atm,retail
TXN-00011485,CUST-001725,9.97,atm,health
TXN-00011486,CUST-001726,282.09,card,travel
TXN-00011487,CUST-002873,61.87,card,grocery
TXN-00011488,CUST-002216,87.73,online,travel
TXN-00011489,CUST-003950,28.67,card,dining
TXN-00011490,CUST-003172,18.1,online,dining
TXN-00011491,CUST-002593,25.5,online,grocery
TXN-00011492,CUST-003814,240.09,branch,health
TXN-00011493,CUST-005382,188.33,wallet,travel
TXN-00011494,CUST-001509,66.61,card,retail
TXN-00011495,CUST-002053,21.81,atm,dining
TXN-00011496,CUST-003348,81.26,online,education
TXN-00011497,CUST-004888,246.16,wallet,health
TXN-00011498,CUST-004353,495.56,branch,utilities
TXN-00011499,CUST-005085,733.83,card,dining
TXN-00011500,CUST-001320,105.93,online,travel
TXN-00011501,CUST-001138,34.48,atm,grocery
TXN-00011502,CUST-005416,96.94,card,dining
TXN-00011503,CUST-002561,35.93,card,utilities
TXN-00011504,CUST-002842,254.46,atm,dining
TXN-00011505,CUST-001376,305.53,wallet,retail
TXN-00011506,CUST-004841,62.0,card,retail
TXN-00011507,CUST-003719,155.3,card,travel
TXN-00011508,CUST-002423,245.46,atm,retail
TXN-00011509,CUST-000294,22.72,card,education
TXN-00011510,CUST-002786,223.23,online,travel
TXN-00011511,CUST-003783,90.7,card,education
TXN-00011512,CUST-004960,45.79,card,education
TXN-00011513,CUST-003029,19.4,online,health
TXN-00011514,CUST-001659,108.48,online,dining
TXN-00011515,CUST-004077,146.91,online,education
TXN-00011516,CUST-000820,669.25,card,dining
TXN-00011517,CUST-003151,32.16,wallet,utilities
TXN-00011518,CUST-005671,244.09,atm,health
TXN-00011519,CUST-002236,288.35,atm,travel
TXN-00011520,CUST-003366,51.01,online,travel
TXN-00011521,CUST-005066,204.35,online,dining
TXN-00011522,CUST-002016,18.82,card,travel
TXN-00011523,CUST-000626,549.34,branch,health
TXN-00011524,CUST-003012,62.58,online,grocery
TXN-00011525,CUST-004497,34.46,card,utilities
TXN-00011526,CUST-003236,69.37,atm,health
TXN-00011527,CUST-003211,83.86,online,retail
TXN-00011528,CUST-004356,31.44,card,dining
TXN-00011529,CUST-000577,270.05,online,utilities
TXN-00011530,CUST-005184,107.6,card,education
TXN-00011531,CUST-004266,84.96,card,utilities
TXN-00011532,CUST-001908,25.37,card,travel
TXN-00011533,CUST-000984,162.16,branch,utilities
TXN-00011534,CUST-002843,193.47,card,health
TXN-00011535,CUST-004872,126.1,wallet,retail
TXN-00011536,CUST-000613,70.08,online,grocery
TXN-00011537,CUST-000629,49.55,card,utilities
TXN-00011538,CUST-004783,96.02,branch,grocery
TXN-00011539,CUST-005350,90.62,wallet,health
TXN-00011540,CUST-002309,182.03,card,retail
TXN-00011541,CUST-000854,115.73,atm,grocery
TXN-00011542,CUST-001619,13.12,branch,health
TXN-00011543,CUST-001776,116.05,card,dining
TXN-00011544,CUST-004191,48.14,card,health
TXN-00011545,CUST-003248,24.59,card,grocery
TXN-00011546,CUST-003999,18.89,online,retail
TXN-00011547,CUST-003063,35.65,branch,retail
TXN-00011548,CUST-000027,12.3,online,health
TXN-00011549,CUST-000759,55.39,card,dining
TXN-00011550,CUST-004919,243.39,branch,education
TXN-00011551,CUST-004297,74.21,wallet,retail
TXN-00011552,CUST-001828,19.42,card,travel
TXN-00011553,CUST-000144,26.1,card,dining
TXN-00011554,CUST-004602,764.39,card,retail
TXN-00011555,CUST-004984,91.01,branch,education
TXN-00011556,CUST-002746,94.96,branch,dining
TXN-00011557,CUST-004804,78.64,wallet,health
TXN-00011558,CUST-001542,12.14,atm,education
TXN-00011559,CUST-001070,13.21,card,dining
TXN-00011560,CUST-005545,24.44,online,grocery
TXN-00011561,CUST-001873,37.1,wallet,retail
TXN-00011562,CUST-002167,28.05,card,grocery
TXN-00011563,CUST-003755,64.84,card,education
TXN-00011564,CUST-005653,203.07,online,dining
TXN-00011565,CUST-000180,270.95,card,travel
TXN-00011566,CUST-005069,43.97,card,health
TXN-00011567,CUST-004984,59.39,wallet,education
TXN-00011568,CUST-002427,106.77,card,utilities
TXN-00011569,CUST-005442,92.3,card,health
TXN-00011570,CUST-004502,79.56,wallet,retail
TXN-00011571,CUST-002557,140.6,online,health
TXN-00011572,CUST-004243,161.53,online,retail
TXN-00011573,CUST-004937,184.41,wallet,grocery
TXN-00011574,CUST-000919,77.97,online,retail
TXN-00011575,CUST-001696,172.55,card,health
TXN-00011576,CUST-003080,4.35,card,travel
TXN-00011577,CUST-004293,85.1,online,dining
TXN-00011578,CUST-003006,143.67,online,education
TXN-00011579,CUST-004954,25.12,online,dining
TXN-00011580,CUST-001192,234.46,wallet,health
TXN-00011581,CUST-000645,8.62,online,dining
TXN-00011582,CUST-005024,11.88,branch,utilities
TXN-00011583,CUST-004858,78.17,card,travel
TXN-00011584,CUST-001929,5.77,online,dining
TXN-00011585,CUST-002234,76.42,atm,health
TXN-00011586,CUST-005842,271.6,online,utilities
TXN-00011587,CUST-004145,72.91,branch,utilities
TXN-00011588,CUST-002323,35.77,atm,education
TXN-00011589,CUST-000315,200.73,atm,travel
TXN-00011590,CUST-000325,8.04,branch,dining
TXN-00011591,CUST-000377,113.9,card,travel
TXN-00011592,CUST-003541,71.54,branch,health
TXN-00011593,CUST-005939,15.78,card,education
TXN-00011594,CUST-004731,48.09,card,retail
TXN-00011595,CUST-000720,75.4,atm,health
TXN-00011596,CUST-003679,96.18,online,grocery
TXN-00011597,CUST-001154,447.86,card,travel
TXN-00011598,CUST-000355,57.55,card,utilities
TXN-00011599,CUST-002705,53.4,branch,health
TXN-00011600,CUST-004797,40.0,atm,retail
TXN-00011601,CUST-003406,36.51,branch,retail
TXN-00011602,CUST-004449,470.44,atm,education
TXN-00011603,CUST-001669,212.0,online,health
TXN-00011604,CUST-001209,16.9,online,travel
TXN-00011605,CUST-002639,92.95,wallet,dining
TXN-00011606,CUST-004511,45.56,online,health
TXN-00011607,CUST-002909,87.84,online,dining
TXN-00011608,CUST-000298,5.91,wallet,grocery
TXN-00011609,CUST-003319,13.97,card,dining
TXN-00011610,CUST-004385,61.97,branch,dining
TXN-00011611,CUST-001445,149.41,card,dining
TXN-00011612,CUST-002217,65.17,online,retail
TXN-00011613,CUST-004845,21.65,wallet,retail
TXN-00011614,CUST-003266,118.44,card,health
TXN-00011615,CUST-001195,56.06,card,grocery
TXN-00011616,CUST-002032,55.27,branch,dining
TXN-00011617,CUST-003738,30.78,atm,grocery
TXN-00011618,CUST-002955,326.5,wallet,health
TXN-00011619,CUST-002863,56.22,atm,education
TXN-00011620,CUST-004407,216.86,online,travel
TXN-00011621,CUST-005735,55.31,online,education
TXN-00011622,CUST-000176,12.89,wallet,utilities
TXN-00011623,CUST-001345,106.19,atm,utilities
TXN-00011624,CUST-005400,128.85,card,retail
TXN-00011625,CUST-004305,16.96,branch,retail
TXN-00011626,CUST-002770,209.41,branch,grocery
TXN-00011627,CUST-001506,47.86,card,dining
TXN-00011628,CUST-002702,254.34,atm,retail
TXN-00011629,CUST-001843,94.39,atm,retail
TXN-00011630,CUST-002506,36.53,atm,dining
TXN-00011631,CUST-001774,44.83,online,dining
TXN-00011632,CUST-005828,402.11,online,education
TXN-00011633,CUST-001775,161.32,wallet,retail
TXN-00011634,CUST-004503,98.31,online,education
TXN-00011635,CUST-004531,181.09,wallet,dining
TXN-00011636,CUST-005049,186.81,atm,dining
TXN-00011637,CUST-005518,231.3,card,retail
TXN-00011638,CUST-001883,377.79,card,health
TXN-00011639,CUST-000805,296.33,atm,utilities
TXN-00011640,CUST-005528,579.14,branch,grocery
TXN-00011641,CUST-003935,48.48,card,travel
TXN-00011642,CUST-003164,41.71,card,grocery
TXN-00011643,CUST-003161,566.76,atm,utilities
TXN-00011644,CUST-005698,105.99,branch,retail
TXN-00011645,CUST-004842,55.11,online,grocery
TXN-00011646,CUST-001150,44.2,atm,travel
TXN-00011647,CUST-003199,119.32,online,travel
TXN-00011648,CUST-005540,37.5,atm,health
TXN-00011649,CUST-003999,30.9,online,grocery
TXN-00011650,CUST-000538,88.5,atm,grocery
TXN-00011651,CUST-005313,94.87,card,utilities
TXN-00011652,CUST-002776,105.14,card,grocery
TXN-00011653,CUST-004794,30.4,atm,health
TXN-00011654,CUST-000804,36.67,branch,travel
TXN-00011655,CUST-001346,185.18,atm,dining
TXN-00011656,CUST-004734,76.93,card,utilities
TXN-00011657,CUST-001015,444.18,online,travel
TXN-00011658,CUST-001375,86.45,card,education
TXN-00011659,CUST-003697,59.38,branch,retail
TXN-00011660,CUST-002279,14.9,card,education
TXN-00011661,CUST-000394,29.75,card,retail
TXN-00011662,CUST-001499,29.58,card,education
TXN-00011663,CUST-005839,94.4,card,dining
TXN-00011664,CUST-005380,15.95,card,grocery
TXN-00011665,CUST-000848,80.63,card,health
TXN-00011666,CUST-004849,88.49,card,travel
TXN-00011667,CUST-003719,19.01,online,travel
TXN-00011668,CUST-003383,58.56,card,utilities
TXN-00011669,CUST-003789,31.12,card,grocery
TXN-00011670,CUST-004594,88.62,card,retail
TXN-00011671,CUST-001334,50.55,card,retail
TXN-00011672,CUST-001345,247.6,card,travel
TXN-00011673,CUST-004440,9.33,card,utilities
TXN-00011674,CUST-003507,259.36,wallet,health
TXN-00011675,CUST-002367,16.22,card,dining
TXN-00011676,CUST-002640,164.52,branch,grocery
TXN-00011677,CUST-001905,18.81,online,education
TXN-00011678,CUST-002329,113.35,card,travel
TXN-00011679,CUST-005424,187.12,online,grocery
TXN-00011680,CUST-002967,47.67,card,dining
TXN-00011681,CUST-003247,120.93,card,dining
TXN-00011682,CUST-001017,34.85,card,travel
TXN-00011683,CUST-000340,223.14,online,grocery
TXN-00011684,CUST-000820,29.63,online,travel
TXN-00011685,CUST-005346,31.76,online,utilities
TXN-00011686,CUST-004105,77.28,card,health
TXN-00011687,CUST-001013,162.59,online,travel
TXN-00011688,CUST-001995,35.25,online,utilities
TXN-00011689,CUST-003299,60.71,wallet,grocery
TXN-00011690,CUST-000224,51.91,card,utilities
TXN-00011691,CUST-002522,219.86,online,travel
TXN-00011692,CUST-003562,181.26,online,retail
TXN-00011693,CUST-000567,28.55,card,grocery
TXN-00011694,CUST-002282,3.98,card,utilities
TXN-00011695,CUST-005960,13.34,card,education
TXN-00011696,CUST-001167,292.69,card,retail
TXN-00011697,CUST-001705,379.16,branch,grocery
TXN-00011698,CUST-005398,49.37,card,dining
TXN-00011699,CUST-003912,56.17,branch,travel
TXN-00011700,CUST-004123,76.85,online,travel
TXN-00011701,CUST-000007,73.55,card,health
TXN-00011702,CUST-005799,253.93,card,dining
TXN-00011703,CUST-005830,243.14,branch,travel
TXN-00011704,CUST-005856,21.44,card,education
TXN-00011705,CUST-004661,31.68,online,travel
TXN-00011706,CUST-000215,83.7,branch,travel
TXN-00011707,CUST-005782,522.56,online,dining
TXN-00011708,CUST-005353,114.65,card,travel
TXN-00011709,CUST-000439,92.26,branch,grocery
TXN-00011710,CUST-003310,50.11,atm,retail
TXN-00011711,CUST-000452,26.31,online,travel
TXN-00011712,CUST-001957,31.06,atm,dining
TXN-00011713,CUST-004108,33.34,online,retail
TXN-00011714,CUST-005860,227.1,branch,utilities
TXN-00011715,CUST-004986,252.37,atm,dining
TXN-00011716,CUST-005977,196.57,card,health
TXN-00011717,CUST-005165,42.16,branch,health
TXN-00011718,CUST-003234,69.1,card,grocery
TXN-00011719,CUST-004633,1374.95,card,health
TXN-00011720,CUST-002031,148.7,online,dining
TXN-00011721,CUST-005780,52.58,wallet,health
TXN-00011722,CUST-001869,25.93,online,health
TXN-00011723,CUST-002106,155.73,card,health
TXN-00011724,CUST-003238,101.96,card,retail
TXN-00011725,CUST-004936,33.88,card,dining
TXN-00011726,CUST-003483,136.01,wallet,health
TXN-00011727,CUST-004215,26.36,online,health
TXN-00011728,CUST-002706,415.05,atm,health
TXN-00011729,CUST-005432,53.0,branch,utilities
TXN-00011730,CUST-003274,164.44,online,education
TXN-00011731,CUST-002241,285.65,branch,travel
TXN-00011732,CUST-002063,37.41,online,retail
TXN-00011733,CUST-000308,116.79,online,health
TXN-00011734,CUST-005075,641.42,card,retail
TXN-00011735,CUST-004410,357.85,card,grocery
TXN-00011736,CUST-003335,9.23,card,health
TXN-00011737,CUST-001988,122.21,online,grocery
TXN-00011738,CUST-002199,317.72,wallet,retail
TXN-00011739,CUST-001220,217.11,atm,retail
TXN-00011740,CUST-005091,129.0,card,retail
TXN-00011741,CUST-003578,340.94,card,grocery
TXN-00011742,CUST-004516,85.21,card,education
TXN-00011743,CUST-000016,1330.21,atm,utilities
TXN-00011744,CUST-004377,32.3,branch,travel
TXN-00011745,CUST-000092,107.34,card,dining
TXN-00011746,CUST-000457,43.75,card,dining
TXN-00011747,CUST-004836,287.0,wallet,retail
TXN-00011748,CUST-001658,84.24,online,travel
TXN-00011749,CUST-004426,12.73,atm,retail
TXN-00011750,CUST-002664,12.25,atm,education
TXN-00011751,CUST-003664,14.28,online,dining
TXN-00011752,CUST-000675,11.67,wallet,health
TXN-00011753,CUST-004433,162.39,card,dining
TXN-00011754,CUST-000171,45.02,online,education
TXN-00011755,CUST-004997,89.67,online,travel
TXN-00011756,CUST-001569,139.05,online,retail
TXN-00011757,CUST-002971,15.63,card,dining
TXN-00011758,CUST-002743,46.52,online,health
TXN-00011759,CUST-002407,708.29,atm,travel
TXN-00011760,CUST-002205,262.29,branch,retail
TXN-00011761,CUST-003783,136.81,online,travel
TXN-00011762,CUST-005165,120.72,card,dining
TXN-00011763,CUST-005912,71.91,branch,dining
TXN-00011764,CUST-004648,27.03,online,dining
TXN-00011765,CUST-005643,429.46,atm,education
TXN-00011766,CUST-004768,12.64,wallet,dining
TXN-00011767,CUST-002433,16.41,online,education
TXN-00011768,CUST-000962,82.92,branch,grocery
TXN-00011769,CUST-004674,82.24,card,health
TXN-00011770,CUST-005179,358.05,wallet,dining
TXN-00011771,CUST-003907,9.49,card,education
TXN-00011772,CUST-005870,116.74,card,grocery
TXN-00011773,CUST-003178,92.06,online,retail
TXN-00011774,CUST-002493,69.93,card,utilities
TXN-00011775,CUST-001397,18.12,card,health
TXN-00011776,CUST-003099,47.19,atm,utilities
TXN-00011777,CUST-002613,56.29,card,travel
TXN-00011778,CUST-002571,830.24,branch,retail
TXN-00011779,CUST-002353,138.55,online,dining
TXN-00011780,CUST-001264,22.47,wallet,dining
TXN-00011781,CUST-001210,381.96,card,travel
TXN-00011782,CUST-001212,157.57,card,education
TXN-00011783,CUST-004614,65.76,atm,education
TXN-00011784,CUST-001961,68.41,online,health
TXN-00011785,CUST-004936,43.63,branch,retail
TXN-00011786,CUST-002145,87.42,card,health
TXN-00011787,CUST-001075,125.82,card,grocery
TXN-00011788,CUST-000583,80.57,online,dining
TXN-00011789,CUST-002747,60.37,card,retail
TXN-00011790,CUST-000659,95.73,wallet,retail
TXN-00011791,CUST-004994,144.7,atm,grocery
TXN-00011792,CUST-003735,107.98,card,retail
TXN-00011793,CUST-002791,147.4,card,dining
TXN-00011794,CUST-003728,31.17,wallet,retail
TXN-00011795,CUST-000149,140.54,online,grocery
TXN-00011796,CUST-001042,22.12,online,utilities
TXN-00011797,CUST-003128,179.1,branch,dining
TXN-00011798,CUST-001476,15.01,card,grocery
TXN-00011799,CUST-005166,232.89,wallet,utilities
TXN-00011800,CUST-003170,222.86,online,grocery
TXN-00011801,CUST-004746,105.24,card,education
TXN-00011802,CUST-004008,37.29,card,grocery
TXN-00011803,CUST-003590,67.69,card,travel
TXN-00011804,CUST-005672,188.0,online,retail
TXN-00011805,CUST-003212,145.09,branch,retail
TXN-00011806,CUST-005475,39.83,online,travel
TXN-00011807,CUST-000249,49.16,card,retail
TXN-00011808,CUST-001840,930.23,online,dining
TXN-00011809,CUST-000954,20.44,card,retail
TXN-00011810,CUST-001763,7.8,card,health
TXN-00011811,CUST-002315,9.44,card,retail
TXN-00011812,CUST-002282,72.02,card,dining
TXN-00011813,CUST-004817,36.04,card,travel
TXN-00011814,CUST-005276,61.89,online,dining
TXN-00011815,CUST-003416,186.3,online,education
TXN-00011816,CUST-001232,493.99,atm,education
TXN-00011817,CUST-001799,87.72,branch,education
TXN-00011818,CUST-004553,85.49,online,utilities
TXN-00011819,CUST-000148,437.99,card,utilities
TXN-00011820,CUST-001746,136.1,online,health
TXN-00011821,CUST-005717,123.97,card,travel
TXN-00011822,CUST-003131,291.63,online,education
TXN-00011823,CUST-003289,62.16,online,grocery
TXN-00011824,CUST-002760,16.98,online,dining
TXN-00011825,CUST-005292,75.7,wallet,travel
TXN-00011826,CUST-004407,30.9,online,education
TXN-00011827,CUST-002141,49.88,branch,travel
TXN-00011828,CUST-004046,37.81,atm,grocery
TXN-00011829,CUST-004004,73.86,wallet,health
TXN-00011830,CUST-003161,90.9,branch,travel
TXN-00011831,CUST-000592,17.83,online,utilities
TXN-00011832,CUST-003518,300.24,atm,education
TXN-00011833,CUST-002209,176.31,wallet,grocery
TXN-00011834,CUST-003725,25.05,card,travel
TXN-00011835,CUST-004675,99.03,online,health
TXN-00011836,CUST-004951,818.8,branch,grocery
TXN-00011837,CUST-005565,87.69,card,retail
TXN-00011838,CUST-001744,75.7,wallet,grocery
TXN-00011839,CUST-002533,17.87,card,retail
TXN-00011840,CUST-002632,34.02,branch,utilities
TXN-00011841,CUST-001367,84.76,online,utilities
TXN-00011842,CUST-003782,136.79,card,retail
TXN-00011843,CUST-004908,42.31,card,travel
TXN-00011844,CUST-005826,82.84,online,health
TXN-00011845,CUST-000196,360.96,branch,retail
TXN-00011846,CUST-004608,86.04,atm,travel
TXN-00011847,CUST-001482,230.58,card,utilities
TXN-00011848,CUST-004679,64.7,branch,retail
TXN-00011849,CUST-001420,217.53,card,retail
TXN-00011850,CUST-000955,125.18,card,retail
TXN-00011851,CUST-003268,32.98,atm,health
TXN-00011852,CUST-004237,26.35,online,education
TXN-00011853,CUST-001158,274.44,online,education
TXN-00011854,CUST-000584,137.43,card,retail
TXN-00011855,CUST-003697,27.66,card,dining
TXN-00011856,CUST-000274,71.25,card,retail
TXN-00011857,CUST-002771,134.79,online,grocery
TXN-00011858,CUST-002666,10.13,card,education
TXN-00011859,CUST-000295,92.8,atm,grocery
TXN-00011860,CUST-004655,147.57,atm,health
TXN-00011861,CUST-000180,78.37,card,education
TXN-00011862,CUST-004571,157.69,branch,retail
TXN-00011863,CUST-005716,26.96,atm,education
TXN-00011864,CUST-001207,484.46,branch,retail
TXN-00011865,CUST-004951,3.83,card,health
TXN-00011866,CUST-001408,15.42,branch,education
TXN-00011867,CUST-003634,163.19,atm,education
TXN-00011868,CUST-005036,88.36,atm,travel
TXN-00011869,CUST-004308,13.04,atm,retail
TXN-00011870,CUST-004273,238.92,online,dining
TXN-00011871,CUST-003846,23.73,branch,travel
TXN-00011872,CUST-004262,136.98,card,education
TXN-00011873,CUST-004989,4.99,online,utilities
TXN-00011874,CUST-001007,15.56,card,health
TXN-00011875,CUST-001292,187.58,atm,utilities
TXN-00011876,CUST-005513,517.7,online,education
TXN-00011877,CUST-001135,87.92,atm,retail
TXN-00011878,CUST-005336,83.62,atm,travel
TXN-00011879,CUST-000973,16.61,branch,utilities
TXN-00011880,CUST-002050,36.58,card,utilities
TXN-00011881,CUST-000112,27.73,card,grocery
TXN-00011882,CUST-004070,34.83,online,dining
TXN-00011883,CUST-003988,15.98,online,health
TXN-00011884,CUST-005246,156.52,online,grocery
TXN-00011885,CUST-004655,45.34,online,utilities
TXN-00011886,CUST-004583,310.49,online,dining
TXN-00011887,CUST-002855,28.75,branch,retail
TXN-00011888,CUST-003128,59.08,card,education
TXN-00011889,CUST-004078,82.5,card,utilities
TXN-00011890,CUST-000972,44.52,card,utilities
TXN-00011891,CUST-001063,16.06,wallet,grocery
TXN-00011892,CUST-001271,96.25,online,health
TXN-00011893,CUST-005871,164.62,card,dining
TXN-00011894,CUST-001583,100.68,branch,travel
TXN-00011895,CUST-002295,215.27,online,grocery
TXN-00011896,CUST-001059,34.48,card,retail
TXN-00011897,CUST-003076,681.51,card,travel
TXN-00011898,CUST-004205,61.48,wallet,dining
TXN-00011899,CUST-005176,62.32,wallet,health
TXN-00011900,CUST-001242,130.49,card,grocery
TXN-00011901,CUST-001352,518.66,card,grocery
TXN-00011902,CUST-001092,54.08,branch,retail
TXN-00011903,CUST-001945,273.78,atm,health
TXN-00011904,CUST-002236,87.49,online,health
TXN-00011905,CUST-001714,13.06,online,grocery
TXN-00011906,CUST-000343,95.42,online,education
TXN-00011907,CUST-004466,63.34,online,travel
TXN-00011908,CUST-004691,356.82,card,utilities
TXN-00011909,CUST-000915,26.93,card,dining
TXN-00011910,CUST-004782,41.14,branch,dining
TXN-00011911,CUST-001577,23.0,online,education
TXN-00011912,CUST-004004,171.21,branch,education
TXN-00011913,CUST-004653,71.84,online,utilities
TXN-00011914,CUST-000027,110.5,branch,health
TXN-00011915,CUST-002292,124.93,branch,travel
TXN-00011916,CUST-000997,7.97,atm,health
TXN-00011917,CUST-003791,6.83,card,travel
TXN-00011918,CUST-005774,233.03,card,dining
TXN-00011919,CUST-000724,36.9,online,retail
TXN-00011920,CUST-003636,138.68,card,travel
TXN-00011921,CUST-002512,77.0,card,travel
TXN-00011922,CUST-002374,454.97,wallet,retail
TXN-00011923,CUST-005936,65.49,atm,grocery
TXN-00011924,CUST-003977,171.08,card,travel
TXN-00011925,CUST-003533,77.7,online,retail
TXN-00011926,CUST-000387,91.57,online,travel
TXN-00011927,CUST-005425,50.33,card,utilities
TXN-00011928,CUST-003926,82.99,online,retail
TXN-00011929,CUST-003217,47.19,card,health
TXN-00011930,CUST-005909,25.43,card,utilities
TXN-00011931,CUST-003627,46.34,card,health
TXN-00011932,CUST-000998,53.46,branch,retail
TXN-00011933,CUST-000365,123.96,online,grocery
TXN-00011934,CUST-002485,20.86,online,education
TXN-00011935,CUST-005403,17.42,online,health
TXN-00011936,CUST-001949,127.86,branch,grocery
TXN-00011937,CUST-003439,67.15,online,dining
TXN-00011938,CUST-001263,363.01,online,travel
TXN-00011939,CUST-004106,17.78,wallet,travel
TXN-00011940,CUST-003112,45.68,online,retail
TXN-00011941,CUST-000391,332.18,card,travel
TXN-00011942,CUST-005727,13.14,atm,dining
TXN-00011943,CUST-003714,123.49,card,retail
TXN-00011944,CUST-003108,77.45,card,dining
TXN-00011945,CUST-000239,162.57,atm,grocery
TXN-00011946,CUST-000129,169.15,branch,education
TXN-00011947,CUST-000715,26.87,branch,education
TXN-00011948,CUST-004701,324.88,card,retail
TXN-00011949,CUST-004048,84.3,online,health
TXN-00011950,CUST-004412,96.08,branch,grocery
TXN-00011951,CUST-000636,117.23,card,health
TXN-00011952,CUST-004453,145.75,card,health
TXN-00011953,CUST-002565,21.76,online,education
TXN-00011954,CUST-005819,99.75,online,retail
TXN-00011955,CUST-003876,103.05,atm,education
TXN-00011956,CUST-005245,37.26,card,education
TXN-00011957,CUST-001867,114.47,online,travel
TXN-00011958,CUST-002946,85.88,card,dining
TXN-00011959,CUST-000643,19.39,branch,retail
TXN-00011960,CUST-002896,115.79,online,education
TXN-00011961,CUST-001524,40.18,card,utilities
TXN-00011962,CUST-000347,311.89,card,utilities
TXN-00011963,CUST-001611,79.68,online,dining
TXN-00011964,CUST-003867,25.51,atm,travel
TXN-00011965,CUST-004464,169.63,atm,dining
TXN-00011966,CUST-002208,24.33,wallet,education
TXN-00011967,CUST-005098,125.77,card,dining
TXN-00011968,CUST-004449,35.14,online,travel
TXN-00011969,CUST-005332,103.41,online,travel
TXN-00011970,CUST-003485,11.69,card,dining
TXN-00011971,CUST-004869,13.15,atm,travel
TXN-00011972,CUST-002652,237.29,atm,utilities
TXN-00011973,CUST-001604,193.13,online,utilities
TXN-00011974,CUST-003467,137.01,wallet,dining
TXN-00011975,CUST-000387,214.72,online,education
TXN-00011976,CUST-001703,45.78,online,grocery
TXN-00011977,CUST-004625,33.46,card,travel
TXN-00011978,CUST-002448,35.48,wallet,health
TXN-00011979,CUST-005068,46.66,card,utilities
TXN-00011980,CUST-001863,240.99,atm,grocery
TXN-00011981,CUST-001841,51.69,wallet,health
TXN-00011982,CUST-004942,30.99,branch,travel
TXN-00011983,CUST-005518,122.16,card,education
TXN-00011984,CUST-000768,40.53,branch,dining
TXN-00011985,CUST-001280,78.82,branch,travel
TXN-00011986,CUST-004010,193.15,online,health
TXN-00011987,CUST-000719,67.05,card,grocery
TXN-00011988,CUST-000766,93.44,online,dining
TXN-00011989,CUST-001150,163.92,atm,grocery
TXN-00011990,CUST-002650,155.68,online,retail
TXN-00011991,CUST-002303,36.38,card,health
TXN-00011992,CUST-001648,33.99,atm,utilities
TXN-00011993,CUST-000301,28.53,branch,education
TXN-00011994,CUST-005527,90.19,card,grocery
TXN-00011995,CUST-000156,60.78,branch,dining
TXN-00011996,CUST-003537,117.85,card,travel
TXN-00011997,CUST-004746,19.65,card,retail
TXN-00011998,CUST-003446,35.8,card,travel
TXN-00011999,CUST-005099,189.19,wallet,grocery
TXN-00012000,CUST-004218,57.68,online,grocery
TXN-00012001,CUST-003296,61.39,atm,retail
TXN-00012002,CUST-003758,20.12,branch,retail
TXN-00012003,CUST-001532,175.08,branch,dining
TXN-00012004,CUST-000508,169.65,branch,dining
TXN-00012005,CUST-001469,101.19,branch,grocery
TXN-00012006,CUST-003574,22.91,online,dining
TXN-00012007,CUST-002266,177.48,card,utilities
TXN-00012008,CUST-004802,10.71,card,dining
TXN-00012009,CUST-005708,69.95,card,dining
TXN-00012010,CUST-005683,55.46,card,grocery
TXN-00012011,CUST-001194,290.55,card,health
TXN-00012012,CUST-000797,205.26,branch,health
TXN-00012013,CUST-003149,679.76,card,dining
TXN-00012014,CUST-000633,22.38,card,health
TXN-00012015,CUST-004383,173.08,branch,grocery
TXN-00012016,CUST-005083,106.88,card,education
TXN-00012017,CUST-004724,43.64,wallet,travel
TXN-00012018,CUST-001036,50.63,card,utilities
TXN-00012019,CUST-000688,326.86,atm,retail
TXN-00012020,CUST-000366,68.22,card,education
TXN-00012021,CUST-001975,26.73,branch,utilities
TXN-00012022,CUST-003710,235.12,wallet,grocery
TXN-00012023,CUST-000318,166.96,card,grocery
TXN-00012024,CUST-002003,94.76,wallet,education
TXN-00012025,CUST-005096,22.99,branch,utilities
TXN-00012026,CUST-005574,8.76,online,utilities
TXN-00012027,CUST-004383,723.14,online,utilities
TXN-00012028,CUST-000126,54.68,online,travel
TXN-00012029,CUST-000302,577.15,card,travel
TXN-00012030,CUST-002813,112.53,online,retail
TXN-00012031,CUST-003675,150.84,online,retail
TXN-00012032,CUST-000602,20.15,card,education
TXN-00012033,CUST-003096,537.21,atm,grocery
TXN-00012034,CUST-004490,70.7,online,travel
TXN-00012035,CUST-002319,79.54,card,education
TXN-00012036,CUST-005936,168.67,online,grocery
TXN-00012037,CUST-001887,24.85,card,utilities
TXN-00012038,CUST-004464,373.63,branch,utilities
TXN-00012039,CUST-001603,23.68,online,dining
TXN-00012040,CUST-001534,98.18,card,grocery
TXN-00012041,CUST-002735,86.77,card,health
TXN-00012042,CUST-000327,316.18,online,health
TXN-00012043,CUST-004035,15.36,online,dining
TXN-00012044,CUST-000201,25.73,online,dining
TXN-00012045,CUST-003402,100.74,online,education
TXN-00012046,CUST-004181,9.79,online,utilities
TXN-00012047,CUST-003694,10.0,card,dining
TXN-00012048,CUST-003898,29.07,card,dining
TXN-00012049,CUST-003451,67.49,atm,dining
TXN-00012050,CUST-004059,15.62,atm,utilities
TXN-00012051,CUST-004170,108.73,branch,education
TXN-00012052,CUST-005430,160.74,atm,grocery
TXN-00012053,CUST-005087,14.71,card,retail
TXN-00012054,CUST-000718,166.35,card,retail
TXN-00012055,CUST-002645,137.96,card,retail
TXN-00012056,CUST-004852,92.55,online,education
TXN-00012057,CUST-000227,318.63,branch,education
TXN-00012058,CUST-004028,167.87,online,health
TXN-00012059,CUST-001439,88.4,online,health
TXN-00012060,CUST-002738,73.95,online,grocery
TXN-00012061,CUST-000398,140.37,card,dining
TXN-00012062,CUST-000401,70.45,online,travel
TXN-00012063,CUST-003191,171.34,online,health
TXN-00012064,CUST-002543,230.42,card,retail
TXN-00012065,CUST-000932,103.0,card,utilities
TXN-00012066,CUST-001418,54.16,atm,utilities
TXN-00012067,CUST-001950,30.38,branch,education
TXN-00012068,CUST-004861,110.89,card,retail
TXN-00012069,CUST-003412,313.94,card,travel
TXN-00012070,CUST-004120,160.22,online,health
TXN-00012071,CUST-000709,10.79,atm,education
TXN-00012072,CUST-002665,218.89,online,dining
TXN-00012073,CUST-005116,43.9,card,dining
TXN-00012074,CUST-004453,105.78,online,travel
TXN-00012075,CUST-001893,31.36,branch,retail
TXN-00012076,CUST-002228,59.23,online,retail
TXN-00012077,CUST-000846,7.59,online,grocery
TXN-00012078,CUST-003119,52.4,card,travel
TXN-00012079,CUST-002291,25.73,atm,travel
TXN-00012080,CUST-000877,12.84,branch,grocery
TXN-00012081,CUST-000217,433.84,online,utilities
TXN-00012082,CUST-003214,53.28,online,travel
TXN-00012083,CUST-000088,452.41,wallet,dining
TXN-00012084,CUST-005715,60.52,online,dining
TXN-00012085,CUST-003452,108.21,online,travel
TXN-00012086,CUST-005495,101.27,branch,education
TXN-00012087,CUST-001755,38.52,atm,travel
TXN-00012088,CUST-002795,122.52,atm,utilities
TXN-00012089,CUST-002259,501.12,atm,retail
TXN-00012090,CUST-002875,114.09,online,education
TXN-00012091,CUST-003860,52.87,card,retail
TXN-00012092,CUST-001470,96.48,branch,grocery
TXN-00012093,CUST-005254,152.17,atm,education
TXN-00012094,CUST-004939,53.21,branch,retail
TXN-00012095,CUST-002101,53.98,online,dining
TXN-00012096,CUST-000555,51.91,wallet,health
TXN-00012097,CUST-003706,104.39,wallet,dining
TXN-00012098,CUST-005980,254.07,card,retail
TXN-00012099,CUST-002842,82.42,online,grocery
TXN-00012100,CUST-003989,132.29,atm,dining
TXN-00012101,CUST-002485,109.81,online,travel
TXN-00012102,CUST-002100,7.99,atm,retail
TXN-00012103,CUST-002237,56.29,card,dining
TXN-00012104,CUST-003888,8.79,atm,health
TXN-00012105,CUST-004828,26.58,card,dining
TXN-00012106,CUST-005286,12.66,wallet,education
TXN-00012107,CUST-002669,62.74,atm,travel
TXN-00012108,CUST-004620,35.92,card,travel
TXN-00012109,CUST-001014,86.42,atm,education
TXN-00012110,CUST-000960,136.99,online,dining
TXN-00012111,CUST-004528,47.03,card,dining
TXN-00012112,CUST-003030,37.64,card,utilities
TXN-00012113,CUST-003412,72.9,wallet,dining
TXN-00012114,CUST-003239,114.24,atm,grocery
TXN-00012115,CUST-002805,27.52,online,travel
TXN-00012116,CUST-003066,29.59,card,health
TXN-00012117,CUST-001406,186.39,atm,utilities
TXN-00012118,CUST-000482,157.24,card,health
TXN-00012119,CUST-000916,203.93,card,grocery
TXN-00012120,CUST-000449,131.96,card,utilities
TXN-00012121,CUST-003892,48.76,atm,grocery
TXN-00012122,CUST-005197,10.58,atm,utilities
TXN-00012123,CUST-000521,76.56,online,health
TXN-00012124,CUST-000976,389.92,online,utilities
TXN-00012125,CUST-000020,93.43,card,grocery
TXN-00012126,CUST-001282,43.76,atm,education
TXN-00012127,CUST-001770,12.71,branch,retail
TXN-00012128,CUST-002285,14.28,branch,education
TXN-00012129,CUST-003720,52.66,branch,health
TXN-00012130,CUST-004908,62.58,card,health
TXN-00012131,CUST-001210,37.26,atm,dining
TXN-00012132,CUST-001952,146.38,online,retail
TXN-00012133,CUST-003700,41.47,branch,education
TXN-00012134,CUST-001391,23.23,card,utilities
TXN-00012135,CUST-000738,203.19,online,health
TXN-00012136,CUST-005972,82.6,card,education
TXN-00012137,CUST-003298,60.79,wallet,travel
TXN-00012138,CUST-005260,31.13,online,travel
TXN-00012139,CUST-005417,23.0,card,education
TXN-00012140,CUST-000060,19.85,atm,dining
TXN-00012141,CUST-002741,79.22,branch,health
TXN-00012142,CUST-003110,101.2,online,education
TXN-00012143,CUST-002415,27.85,card,retail
TXN-00012144,CUST-003227,40.06,online,education
TXN-00012145,CUST-002323,48.26,atm,dining
TXN-00012146,CUST-002831,39.82,online,grocery
TXN-00012147,CUST-005584,31.4,card,dining
TXN-00012148,CUST-001934,103.28,card,grocery
TXN-00012149,CUST-001936,39.01,online,travel
TXN-00012150,CUST-004259,87.34,online,travel
TXN-00012151,CUST-002771,57.27,online,health
TXN-00012152,CUST-002271,61.03,online,retail
TXN-00012153,CUST-001958,38.36,card,education
TXN-00012154,CUST-004605,13.28,wallet,dining
TXN-00012155,CUST-000670,40.39,online,utilities
TXN-00012156,CUST-000274,55.25,card,travel
TXN-00012157,CUST-002174,55.8,card,utilities
TXN-00012158,CUST-001570,26.69,wallet,utilities
TXN-00012159,CUST-004737,29.95,card,travel
TXN-00012160,CUST-001981,147.84,online,travel
TXN-00012161,CUST-005483,17.65,atm,education
TXN-00012162,CUST-000136,167.78,online,education
TXN-00012163,CUST-002274,22.83,wallet,retail
TXN-00012164,CUST-001409,115.14,online,health
TXN-00012165,CUST-000658,79.85,card,travel
TXN-00012166,CUST-004071,4.2,card,travel
TXN-00012167,CUST-001656,534.83,online,health
TXN-00012168,CUST-001033,366.27,online,grocery
TXN-00012169,CUST-005812,15.34,online,health
TXN-00012170,CUST-004494,138.75,online,health
TXN-00012171,CUST-004748,38.63,card,education
TXN-00012172,CUST-005890,17.08,online,retail
TXN-00012173,CUST-005442,23.85,wallet,travel
TXN-00012174,CUST-003026,73.64,atm,grocery
TXN-00012175,CUST-003720,60.54,branch,travel
TXN-00012176,CUST-001087,130.68,card,retail
TXN-00012177,CUST-005482,115.17,online,travel
TXN-00012178,CUST-003551,117.26,branch,grocery
TXN-00012179,CUST-003899,236.1,online,grocery
TXN-00012180,CUST-002045,81.33,online,grocery
TXN-00012181,CUST-002880,49.75,card,grocery
TXN-00012182,CUST-000173,82.7,card,dining
TXN-00012183,CUST-003205,476.41,online,dining
TXN-00012184,CUST-003035,78.62,card,retail
TXN-00012185,CUST-004832,25.87,online,health
TXN-00012186,CUST-003685,48.11,atm,utilities
TXN-00012187,CUST-005814,42.29,online,health
TXN-00012188,CUST-000576,172.78,online,dining
TXN-00012189,CUST-000328,31.27,card,grocery
TXN-00012190,CUST-002356,82.41,atm,travel
TXN-00012191,CUST-000078,126.88,branch,health
TXN-00012192,CUST-003397,265.94,card,health
TXN-00012193,CUST-000346,53.36,card,dining
TXN-00012194,CUST-001996,169.99,atm,travel
TXN-00012195,CUST-004151,155.64,online,grocery
TXN-00012196,CUST-004441,20.74,card,dining
TXN-00012197,CUST-003172,70.59,wallet,retail
TXN-00012198,CUST-000112,74.61,card,utilities
TXN-00012199,CUST-004951,1010.1,card,health
TXN-00012200,CUST-002851,182.73,card,utilities
TXN-00012201,CUST-002482,141.91,atm,retail
TXN-00012202,CUST-005689,16.95,online,utilities
TXN-00012203,CUST-001853,48.56,card,health
TXN-00012204,CUST-005003,9.79,card,travel
TXN-00012205,CUST-005679,10.21,online,health
TXN-00012206,CUST-005001,68.93,branch,utilities
TXN-00012207,CUST-005033,28.39,card,utilities
TXN-00012208,CUST-000774,55.63,wallet,travel
TXN-00012209,CUST-001063,143.85,branch,education
TXN-00012210,CUST-000777,24.39,online,dining
TXN-00012211,CUST-005876,101.52,card,health
TXN-00012212,CUST-004303,116.93,card,health
TXN-00012213,CUST-004567,113.85,card,travel
TXN-00012214,CUST-004521,147.72,online,utilities
TXN-00012215,CUST-000827,115.1,online,grocery
TXN-00012216,CUST-001269,84.31,card,utilities
TXN-00012217,CUST-000803,34.01,online,grocery
TXN-00012218,CUST-001700,36.15,online,education
TXN-00012219,CUST-005838,5.56,online,utilities
TXN-00012220,CUST-004611,332.86,card,grocery
TXN-00012221,CUST-000410,780.96,wallet,utilities
TXN-00012222,CUST-002271,48.95,card,travel
TXN-00012223,CUST-003270,73.93,card,dining
TXN-00012224,CUST-004175,174.16,atm,retail
TXN-00012225,CUST-001449,93.73,online,health
TXN-00012226,CUST-002746,65.83,online,grocery
TXN-00012227,CUST-003058,105.84,branch,retail
TXN-00012228,CUST-005570,499.81,online,travel
TXN-00012229,CUST-003121,69.4,card,travel
TXN-00012230,CUST-004547,107.24,card,retail
TXN-00012231,CUST-003242,46.77,card,retail
TXN-00012232,CUST-003859,74.53,card,travel
TXN-00012233,CUST-001442,185.54,online,dining
TXN-00012234,CUST-000107,70.29,atm,education
TXN-00012235,CUST-002760,30.96,card,health
TXN-00012236,CUST-005570,14.08,card,utilities
TXN-00012237,CUST-003820,29.56,atm,grocery
TXN-00012238,CUST-003407,324.03,card,grocery
TXN-00012239,CUST-000548,61.1,wallet,retail
TXN-00012240,CUST-000938,12.55,card,travel
TXN-00012241,CUST-002865,11.89,card,retail
TXN-00012242,CUST-003646,115.87,online,dining
TXN-00012243,CUST-002107,12.63,online,travel
TXN-00012244,CUST-004426,18.07,card,dining
TXN-00012245,CUST-000046,105.81,card,grocery
TXN-00012246,CUST-005678,294.17,card,travel
TXN-00012247,CUST-001080,156.3,online,grocery
TXN-00012248,CUST-001868,18.22,atm,travel
TXN-00012249,CUST-001667,141.17,atm,education
TXN-00012250,CUST-002107,256.69,atm,education
TXN-00012251,CUST-004912,27.23,wallet,health
TXN-00012252,CUST-004470,109.64,card,health
TXN-00012253,CUST-001489,231.11,branch,education
TXN-00012254,CUST-005638,161.18,online,grocery
TXN-00012255,CUST-001303,11.29,wallet,dining
TXN-00012256,CUST-005857,34.44,wallet,dining
TXN-00012257,CUST-001819,54.22,online,dining
TXN-00012258,CUST-003288,61.57,atm,travel
TXN-00012259,CUST-003969,55.34,online,retail
TXN-00012260,CUST-001725,18.74,atm,utilities
TXN-00012261,CUST-002487,35.1,wallet,dining
TXN-00012262,CUST-001140,35.94,online,dining
TXN-00012263,CUST-004305,87.22,branch,health
TXN-00012264,CUST-000044,43.79,online,utilities
TXN-00012265,CUST-004570,59.98,branch,grocery
TXN-00012266,CUST-005209,9.59,branch,retail
TXN-00012267,CUST-000898,145.78,atm,retail
TXN-00012268,CUST-005778,73.18,card,retail
TXN-00012269,CUST-000694,118.97,online,dining
TXN-00012270,CUST-004553,33.6,card,education
TXN-00012271,CUST-003161,68.04,atm,grocery
TXN-00012272,CUST-004682,82.21,atm,grocery
TXN-00012273,CUST-005508,51.61,online,travel
TXN-00012274,CUST-003769,71.15,online,education
TXN-00012275,CUST-001660,164.98,card,utilities
TXN-00012276,CUST-005323,68.39,card,dining
TXN-00012277,CUST-004321,164.26,online,grocery
TXN-00012278,CUST-002045,143.99,wallet,health
TXN-00012279,CUST-005161,14.79,card,travel
TXN-00012280,CUST-003084,210.4,branch,education
TXN-00012281,CUST-001909,58.29,online,dining
TXN-00012282,CUST-000741,147.73,card,dining
TXN-00012283,CUST-005448,87.0,card,dining
TXN-00012284,CUST-004529,32.24,card,dining
TXN-00012285,CUST-004081,3.22,card,retail
TXN-00012286,CUST-005345,967.32,atm,grocery
TXN-00012287,CUST-002611,32.97,card,retail
TXN-00012288,CUST-000461,50.09,card,grocery
TXN-00012289,CUST-003913,19.36,online,retail
TXN-00012290,CUST-001460,24.87,wallet,health
TXN-00012291,CUST-002850,57.88,card,education
TXN-00012292,CUST-004438,28.48,card,retail
TXN-00012293,CUST-001687,39.63,card,utilities
TXN-00012294,CUST-000923,57.61,card,dining
TXN-00012295,CUST-000411,167.19,atm,retail
TXN-00012296,CUST-001939,98.3,atm,travel
TXN-00012297,CUST-004260,18.2,branch,education
TXN-00012298,CUST-000214,223.17,atm,health
TXN-00012299,CUST-005602,33.58,card,dining
TXN-00012300,CUST-002265,12.98,wallet,grocery
TXN-00012301,CUST-001465,82.93,card,education
TXN-00012302,CUST-005787,40.86,card,health
TXN-00012303,CUST-001173,5.08,wallet,health
TXN-00012304,CUST-002557,44.81,atm,health
TXN-00012305,CUST-005815,190.58,atm,education
TXN-00012306,CUST-002441,76.08,atm,travel
TXN-00012307,CUST-003217,18.5,online,health
TXN-00012308,CUST-005847,115.91,card,utilities
TXN-00012309,CUST-000276,127.4,card,utilities
TXN-00012310,CUST-003704,83.74,card,retail
TXN-00012311,CUST-003403,369.69,branch,travel
TXN-00012312,CUST-000553,267.4,branch,health
TXN-00012313,CUST-000357,149.07,online,grocery
TXN-00012314,CUST-005688,22.86,online,travel
TXN-00012315,CUST-005926,109.2,card,grocery
TXN-00012316,CUST-004027,72.16,branch,travel
TXN-00012317,CUST-000156,48.08,card,dining
TXN-00012318,CUST-004075,54.43,card,grocery
TXN-00012319,CUST-004012,4.69,online,grocery
TXN-00012320,CUST-004348,86.73,atm,education
TXN-00012321,CUST-002227,58.91,wallet,grocery
TXN-00012322,CUST-001744,12.63,wallet,utilities
TXN-00012323,CUST-005356,30.51,wallet,dining
TXN-00012324,CUST-005901,6.33,card,retail
TXN-00012325,CUST-000838,221.78,card,retail
TXN-00012326,CUST-004735,583.29,branch,health
TXN-00012327,CUST-003062,79.46,card,retail
TXN-00012328,CUST-000927,75.2,card,grocery
TXN-00012329,CUST-005838,18.99,branch,education
TXN-00012330,CUST-003058,162.83,branch,travel
TXN-00012331,CUST-001191,23.78,card,health
TXN-00012332,CUST-000325,33.91,online,utilities
TXN-00012333,CUST-000140,8.96,wallet,utilities
TXN-00012334,CUST-000048,73.94,wallet,travel
TXN-00012335,CUST-000956,27.02,wallet,utilities
TXN-00012336,CUST-004041,8.28,atm,education
TXN-00012337,CUST-003107,17.53,atm,health
TXN-00012338,CUST-001865,432.44,card,education
TXN-00012339,CUST-001402,172.07,online,travel
TXN-00012340,CUST-002160,162.59,wallet,education
TXN-00012341,CUST-001165,8.82,atm,health
TXN-00012342,CUST-004620,89.21,card,health
TXN-00012343,CUST-001988,126.66,card,retail
TXN-00012344,CUST-002423,170.37,online,dining
TXN-00012345,CUST-004831,62.69,atm,utilities
TXN-00012346,CUST-004270,79.85,branch,education
TXN-00012347,CUST-000339,92.08,card,health
TXN-00012348,CUST-004323,215.91,online,education
TXN-00012349,CUST-005092,39.58,card,dining
TXN-00012350,CUST-004269,85.27,card,utilities
TXN-00012351,CUST-004688,538.61,atm,health
TXN-00012352,CUST-002438,86.28,wallet,education
TXN-00012353,CUST-004580,67.76,card,education
TXN-00012354,CUST-002867,480.39,card,retail
TXN-00012355,CUST-005872,73.76,online,dining
TXN-00012356,CUST-002515,223.95,card,retail
TXN-00012357,CUST-005225,300.87,online,education
TXN-00012358,CUST-001753,47.64,online,dining
TXN-00012359,CUST-005741,109.93,card,grocery
TXN-00012360,CUST-000073,66.81,atm,utilities
TXN-00012361,CUST-000081,23.58,atm,health
TXN-00012362,CUST-000574,24.59,card,education
TXN-00012363,CUST-005679,139.85,online,utilities
TXN-00012364,CUST-000342,136.95,card,education
TXN-00012365,CUST-005067,126.98,card,health
TXN-00012366,CUST-001779,64.74,online,grocery
TXN-00012367,CUST-002315,25.9,wallet,health
TXN-00012368,CUST-003237,563.77,branch,utilities
TXN-00012369,CUST-003624,31.44,wallet,grocery
TXN-00012370,CUST-003864,109.15,online,grocery
TXN-00012371,CUST-000064,34.85,atm,dining
TXN-00012372,CUST-001360,44.06,online,retail
TXN-00012373,CUST-004712,41.91,card,retail
TXN-00012374,CUST-001865,73.17,atm,grocery
TXN-00012375,CUST-003517,115.99,online,health
TXN-00012376,CUST-005672,154.75,branch,travel
TXN-00012377,CUST-002514,16.02,online,dining
TXN-00012378,CUST-002781,16.39,branch,grocery
TXN-00012379,CUST-000773,44.19,card,retail
TXN-00012380,CUST-002659,65.83,online,retail
TXN-00012381,CUST-002285,31.74,card,health
TXN-00012382,CUST-004116,94.99,card,grocery
TXN-00012383,CUST-001781,61.75,card,utilities
TXN-00012384,CUST-004553,30.45,branch,utilities
TXN-00012385,CUST-005130,168.11,online,utilities
TXN-00012386,CUST-001965,111.03,wallet,dining
TXN-00012387,CUST-000805,95.8,atm,health
TXN-00012388,CUST-002601,49.95,online,dining
TXN-00012389,CUST-000733,35.13,wallet,dining
TXN-00012390,CUST-001666,215.78,atm,grocery
TXN-00012391,CUST-005393,74.5,card,utilities
TXN-00012392,CUST-003804,20.72,card,dining
TXN-00012393,CUST-003574,153.19,atm,education
TXN-00012394,CUST-005729,574.48,online,utilities
TXN-00012395,CUST-004122,32.83,card,grocery
TXN-00012396,CUST-001228,74.85,online,travel
TXN-00012397,CUST-005461,63.88,online,utilities
TXN-00012398,CUST-005900,143.61,online,travel
TXN-00012399,CUST-004585,69.45,card,retail
TXN-00012400,CUST-004354,40.83,online,health
TXN-00012401,CUST-000721,141.79,online,utilities
TXN-00012402,CUST-005496,109.36,card,health
TXN-00012403,CUST-000050,275.24,card,dining
TXN-00012404,CUST-003482,272.27,card,retail
TXN-00012405,CUST-001115,59.29,atm,education
TXN-00012406,CUST-003869,172.98,card,health
TXN-00012407,CUST-003411,164.63,online,health
TXN-00012408,CUST-004560,230.94,branch,retail
TXN-00012409,CUST-000606,82.9,online,travel
TXN-00012410,CUST-002800,15.24,card,utilities
TXN-00012411,CUST-000349,24.11,card,utilities
TXN-00012412,CUST-004787,42.99,atm,education
TXN-00012413,CUST-002321,40.13,card,utilities
TXN-00012414,CUST-004019,149.91,online,dining
TXN-00012415,CUST-001764,107.64,online,dining
TXN-00012416,CUST-004255,94.11,wallet,travel
TXN-00012417,CUST-005541,86.59,online,utilities
TXN-00012418,CUST-003425,39.69,online,education
TXN-00012419,CUST-002107,434.37,card,education
TXN-00012420,CUST-001802,94.33,online,travel
TXN-00012421,CUST-000590,83.56,atm,dining
TXN-00012422,CUST-005432,68.78,card,utilities
TXN-00012423,CUST-004694,19.54,card,retail
TXN-00012424,CUST-005717,242.48,card,health
TXN-00012425,CUST-004075,142.94,card,education
TXN-00012426,CUST-000490,593.17,atm,grocery
TXN-00012427,CUST-003026,153.85,card,utilities
TXN-00012428,CUST-001771,155.14,card,travel
TXN-00012429,CUST-004656,43.59,atm,utilities
TXN-00012430,CUST-000541,102.03,online,retail
TXN-00012431,CUST-005548,134.33,online,dining
TXN-00012432,CUST-001274,10.64,card,dining
TXN-00012433,CUST-000230,455.68,branch,health
TXN-00012434,CUST-000156,121.61,online,retail
TXN-00012435,CUST-002008,248.36,online,education
TXN-00012436,CUST-001597,227.47,online,grocery
TXN-00012437,CUST-001881,27.96,atm,grocery
TXN-00012438,CUST-004633,34.86,branch,education
TXN-00012439,CUST-000485,63.67,card,grocery
TXN-00012440,CUST-000481,54.14,online,health
TXN-00012441,CUST-000352,100.87,wallet,grocery
TXN-00012442,CUST-004940,197.93,card,retail
TXN-00012443,CUST-005284,13.75,card,education
TXN-00012444,CUST-003227,54.56,atm,education
TXN-00012445,CUST-003450,190.17,card,dining
TXN-00012446,CUST-003378,14.84,online,travel
TXN-00012447,CUST-003177,135.1,online,dining
TXN-00012448,CUST-000159,218.38,card,grocery
TXN-00012449,CUST-003711,27.6,card,utilities
TXN-00012450,CUST-002513,99.85,wallet,dining
TXN-00012451,CUST-005164,149.0,card,dining
TXN-00012452,CUST-004497,119.54,card,grocery
TXN-00012453,CUST-005302,156.5,card,education
TXN-00012454,CUST-002966,108.12,card,utilities
TXN-00012455,CUST-002038,99.93,card,retail
TXN-00012456,CUST-003652,97.27,online,retail
TXN-00012457,CUST-000515,206.12,online,education
TXN-00012458,CUST-001697,42.21,wallet,grocery
TXN-00012459,CUST-003412,157.95,online,grocery
TXN-00012460,CUST-001649,20.52,atm,utilities
TXN-00012461,CUST-002365,18.69,online,retail
TXN-00012462,CUST-001255,5.73,atm,utilities
TXN-00012463,CUST-000453,42.48,atm,grocery
TXN-00012464,CUST-000236,29.36,branch,grocery
TXN-00012465,CUST-005707,60.67,card,grocery
TXN-00012466,CUST-002414,83.95,atm,retail
TXN-00012467,CUST-001409,35.22,card,retail
TXN-00012468,CUST-004956,163.32,wallet,dining
TXN-00012469,CUST-002785,121.46,card,health
TXN-00012470,CUST-005393,22.91,branch,grocery
TXN-00012471,CUST-005234,9.42,online,dining
TXN-00012472,CUST-003174,68.64,card,retail
TXN-00012473,CUST-004743,26.76,online,utilities
TXN-00012474,CUST-003296,204.24,branch,travel
TXN-00012475,CUST-000855,128.82,atm,education
TXN-00012476,CUST-001246,42.37,atm,utilities
TXN-00012477,CUST-003573,107.26,wallet,dining
TXN-00012478,CUST-003523,86.71,online,health
TXN-00012479,CUST-002735,206.5,atm,health
TXN-00012480,CUST-003083,35.35,online,retail
TXN-00012481,CUST-005977,1052.86,branch,grocery
TXN-00012482,CUST-003361,128.89,branch,travel
TXN-00012483,CUST-000412,87.6,online,utilities
TXN-00012484,CUST-003736,126.42,card,grocery
TXN-00012485,CUST-001501,47.61,online,retail
TXN-00012486,CUST-005898,63.65,card,education
TXN-00012487,CUST-003521,28.25,card,retail
TXN-00012488,CUST-002696,200.11,atm,travel
TXN-00012489,CUST-003013,60.42,wallet,retail
TXN-00012490,CUST-003102,69.24,online,grocery
TXN-00012491,CUST-004633,56.22,online,education
TXN-00012492,CUST-002966,57.89,wallet,utilities
TXN-00012493,CUST-000812,35.43,wallet,education
TXN-00012494,CUST-002930,60.91,card,education
TXN-00012495,CUST-001503,5.49,online,health
TXN-00012496,CUST-005043,250.82,card,retail
TXN-00012497,CUST-001317,56.17,online,health
TXN-00012498,CUST-001288,40.84,wallet,grocery
TXN-00012499,CUST-005703,207.44,online,health
TXN-00012500,CUST-005694,446.96,card,dining
TXN-00012501,CUST-005156,19.47,card,education
TXN-00012502,CUST-001320,266.24,wallet,dining
TXN-00012503,CUST-004025,21.26,online,dining
TXN-00012504,CUST-005490,83.28,online,grocery
TXN-00012505,CUST-005046,319.98,atm,education
TXN-00012506,CUST-002388,27.32,online,grocery
TXN-00012507,CUST-001072,30.98,card,travel
TXN-00012508,CUST-000357,266.21,card,travel
TXN-00012509,CUST-002478,5.03,online,utilities
TXN-00012510,CUST-004080,307.05,branch,retail
TXN-00012511,CUST-004703,19.59,card,utilities
TXN-00012512,CUST-005364,102.63,online,education
TXN-00012513,CUST-001019,19.1,branch,health
TXN-00012514,CUST-004218,67.16,online,dining
TXN-00012515,CUST-000772,38.79,wallet,retail
TXN-00012516,CUST-000694,45.35,branch,health
TXN-00012517,CUST-002720,30.38,branch,travel
TXN-00012518,CUST-002071,98.22,online,dining
TXN-00012519,CUST-001563,45.64,card,travel
TXN-00012520,CUST-000459,133.14,atm,education
TXN-00012521,CUST-004857,95.24,online,retail
TXN-00012522,CUST-005987,69.05,card,education
TXN-00012523,CUST-004399,118.25,online,utilities
TXN-00012524,CUST-001119,79.65,branch,grocery
TXN-00012525,CUST-002836,10.29,wallet,utilities
TXN-00012526,CUST-005168,106.43,card,utilities
TXN-00012527,CUST-000896,43.5,wallet,education
TXN-00012528,CUST-000565,27.04,wallet,travel
TXN-00012529,CUST-003912,21.79,card,health
TXN-00012530,CUST-000230,31.27,atm,grocery
TXN-00012531,CUST-004155,131.28,card,travel
TXN-00012532,CUST-004990,9.82,atm,travel
TXN-00012533,CUST-003641,130.28,atm,grocery
TXN-00012534,CUST-002647,18.47,wallet,travel
TXN-00012535,CUST-005191,72.0,online,utilities
TXN-00012536,CUST-003194,462.43,card,education
TXN-00012537,CUST-002716,104.81,card,utilities
TXN-00012538,CUST-003947,42.67,branch,health
TXN-00012539,CUST-001984,13.17,branch,health
TXN-00012540,CUST-000984,95.99,branch,travel
TXN-00012541,CUST-002264,32.59,atm,dining
TXN-00012542,CUST-002598,35.28,atm,travel
TXN-00012543,CUST-003510,628.75,branch,education
TXN-00012544,CUST-000831,66.68,branch,utilities
TXN-00012545,CUST-000326,27.77,atm,dining
TXN-00012546,CUST-001488,54.74,online,dining
TXN-00012547,CUST-004983,29.48,card,education
TXN-00012548,CUST-004436,54.18,online,dining
TXN-00012549,CUST-000238,41.77,atm,grocery
TXN-00012550,CUST-003559,92.68,wallet,grocery
TXN-00012551,CUST-000257,48.56,atm,education
TXN-00012552,CUST-000846,312.6,branch,retail
TXN-00012553,CUST-005562,214.39,card,grocery
TXN-00012554,CUST-002772,31.31,online,travel
TXN-00012555,CUST-002728,41.45,atm,dining
TXN-00012556,CUST-000722,29.84,atm,utilities
TXN-00012557,CUST-002808,81.05,atm,retail
TXN-00012558,CUST-003049,162.2,branch,dining
TXN-00012559,CUST-003995,58.9,wallet,education
TXN-00012560,CUST-002446,283.33,wallet,health
TXN-00012561,CUST-000609,148.21,atm,dining
TXN-00012562,CUST-000308,146.27,card,grocery
TXN-00012563,CUST-002721,292.54,card,education
TXN-00012564,CUST-003439,92.2,card,health
TXN-00012565,CUST-003556,114.59,card,travel
TXN-00012566,CUST-000419,105.2,online,retail
TXN-00012567,CUST-000291,67.69,wallet,utilities
TXN-00012568,CUST-000955,36.8,branch,retail
TXN-00012569,CUST-003768,196.34,card,health
TXN-00012570,CUST-002929,40.57,wallet,dining
TXN-00012571,CUST-001354,64.71,card,education
TXN-00012572,CUST-000019,231.3,atm,dining
TXN-00012573,CUST-000535,488.99,branch,retail
TXN-00012574,CUST-005551,450.2,wallet,grocery
TXN-00012575,CUST-000170,145.88,online,education
TXN-00012576,CUST-001612,94.72,atm,travel
TXN-00012577,CUST-002584,196.61,atm,utilities
TXN-00012578,CUST-001213,40.11,card,retail
TXN-00012579,CUST-000274,76.13,card,education
TXN-00012580,CUST-005610,426.72,card,education
TXN-00012581,CUST-003497,86.62,card,utilities
TXN-00012582,CUST-001049,79.33,branch,utilities
TXN-00012583,CUST-001846,70.52,atm,travel
TXN-00012584,CUST-000850,329.1,branch,retail
TXN-00012585,CUST-000684,98.14,online,retail
TXN-00012586,CUST-004954,32.85,card,health
TXN-00012587,CUST-003367,49.22,wallet,health
TXN-00012588,CUST-000168,87.74,atm,health
TXN-00012589,CUST-004654,23.52,online,utilities
TXN-00012590,CUST-000047,68.07,online,travel
TXN-00012591,CUST-001152,42.51,branch,retail
TXN-00012592,CUST-004362,18.8,branch,retail
TXN-00012593,CUST-001372,99.04,branch,dining
TXN-00012594,CUST-005193,156.07,atm,dining
TXN-00012595,CUST-001351,227.27,card,travel
TXN-00012596,CUST-001794,72.92,online,health
TXN-00012597,CUST-003974,48.97,wallet,education
TXN-00012598,CUST-003643,59.86,branch,dining
TXN-00012599,CUST-002113,401.61,card,retail
TXN-00012600,CUST-005240,29.81,card,dining
TXN-00012601,CUST-005577,69.05,wallet,grocery
TXN-00012602,CUST-003055,35.95,online,utilities
TXN-00012603,CUST-005360,190.81,atm,retail
TXN-00012604,CUST-005649,43.51,online,retail
TXN-00012605,CUST-000048,14.51,atm,health
TXN-00012606,CUST-000429,46.63,online,education
TXN-00012607,CUST-002213,88.91,card,utilities
TXN-00012608,CUST-001391,176.21,branch,health
TXN-00012609,CUST-000142,215.18,atm,health
TXN-00012610,CUST-003615,30.25,card,retail
TXN-00012611,CUST-000482,47.8,branch,travel
TXN-00012612,CUST-000575,66.41,online,education
TXN-00012613,CUST-003888,65.61,online,education
TXN-00012614,CUST-000163,14.77,atm,education
TXN-00012615,CUST-003147,64.52,branch,education
TXN-00012616,CUST-000097,33.93,atm,utilities
TXN-00012617,CUST-003996,141.43,card,utilities
TXN-00012618,CUST-005206,382.87,online,retail
TXN-00012619,CUST-000964,130.46,card,health
TXN-00012620,CUST-002959,48.73,card,retail
TXN-00012621,CUST-004749,64.34,branch,travel
TXN-00012622,CUST-005791,366.93,card,dining
TXN-00012623,CUST-000034,13.94,branch,dining
TXN-00012624,CUST-001216,90.1,wallet,utilities
TXN-00012625,CUST-004760,152.6,branch,travel
TXN-00012626,CUST-002667,250.88,branch,health
TXN-00012627,CUST-005393,10.69,atm,education
TXN-00012628,CUST-000054,31.11,card,health
TXN-00012629,CUST-003820,46.96,branch,dining
TXN-00012630,CUST-002031,57.61,wallet,utilities
TXN-00012631,CUST-003860,42.09,online,dining
TXN-00012632,CUST-004835,53.15,card,utilities
TXN-00012633,CUST-002757,60.44,branch,dining
TXN-00012634,CUST-004346,65.68,wallet,retail
TXN-00012635,CUST-001137,59.92,card,retail
TXN-00012636,CUST-004801,123.77,card,dining
TXN-00012637,CUST-004860,237.03,atm,retail
TXN-00012638,CUST-005612,377.61,card,retail
TXN-00012639,CUST-000852,61.59,card,grocery
TXN-00012640,CUST-003553,237.0,branch,utilities
TXN-00012641,CUST-003590,90.19,card,utilities
TXN-00012642,CUST-005441,24.18,card,health
TXN-00012643,CUST-002468,33.14,atm,retail
TXN-00012644,CUST-001458,195.89,online,retail
TXN-00012645,CUST-001590,166.98,atm,health
TXN-00012646,CUST-003218,248.19,card,dining
TXN-00012647,CUST-004859,93.85,atm,grocery
TXN-00012648,CUST-003851,21.73,online,retail
TXN-00012649,CUST-000117,456.17,branch,dining
TXN-00012650,CUST-002976,77.64,online,travel
TXN-00012651,CUST-001712,47.78,atm,retail
TXN-00012652,CUST-003785,22.84,card,health
TXN-00012653,CUST-004436,32.86,card,travel
TXN-00012654,CUST-003058,138.65,atm,dining
TXN-00012655,CUST-005704,66.3,atm,dining
TXN-00012656,CUST-005711,11.17,online,education
TXN-00012657,CUST-000151,37.88,online,education
TXN-00012658,CUST-004633,29.87,atm,grocery
TXN-00012659,CUST-001618,36.6,card,retail
TXN-00012660,CUST-003651,84.83,atm,dining
TXN-00012661,CUST-000279,13.07,card,travel
TXN-00012662,CUST-002158,78.53,online,grocery
TXN-00012663,CUST-001045,801.61,atm,grocery
TXN-00012664,CUST-001374,34.63,card,dining
TXN-00012665,CUST-000774,268.08,online,health
TXN-00012666,CUST-003259,42.71,atm,education
TXN-00012667,CUST-003535,19.75,atm,dining
TXN-00012668,CUST-002302,6.5,card,dining
TXN-00012669,CUST-000349,213.95,online,travel
TXN-00012670,CUST-005700,99.25,wallet,utilities
TXN-00012671,CUST-002235,5.26,card,education
TXN-00012672,CUST-002853,75.16,card,health
TXN-00012673,CUST-003879,15.47,online,health
TXN-00012674,CUST-004755,666.77,card,health
TXN-00012675,CUST-005392,71.67,online,utilities
TXN-00012676,CUST-002563,49.05,online,grocery
TXN-00012677,CUST-000880,48.42,wallet,health
TXN-00012678,CUST-002722,104.39,branch,utilities
TXN-00012679,CUST-004966,49.16,card,health
TXN-00012680,CUST-000059,23.91,online,travel
TXN-00012681,CUST-005261,122.95,atm,retail
TXN-00012682,CUST-005978,29.09,atm,travel
TXN-00012683,CUST-002999,181.29,card,utilities
TXN-00012684,CUST-001599,259.85,atm,utilities
TXN-00012685,CUST-003555,50.82,card,health
TXN-00012686,CUST-003018,13.38,card,dining
TXN-00012687,CUST-000108,53.86,card,retail
TXN-00012688,CUST-005850,70.35,online,utilities
TXN-00012689,CUST-004015,17.64,online,education
TXN-00012690,CUST-001852,9.24,card,utilities
TXN-00012691,CUST-000790,9.59,card,health
TXN-00012692,CUST-000135,232.86,online,education
TXN-00012693,CUST-002901,163.67,online,dining
TXN-00012694,CUST-000803,18.99,card,grocery
TXN-00012695,CUST-003889,209.13,card,education
TXN-00012696,CUST-004120,88.8,wallet,grocery
TXN-00012697,CUST-001288,105.23,card,dining
TXN-00012698,CUST-003467,1.6,card,education
TXN-00012699,CUST-000769,34.2,wallet,dining
TXN-00012700,CUST-002485,214.7,atm,dining
TXN-00012701,CUST-003475,7.53,card,retail
TXN-00012702,CUST-005878,375.97,card,travel
TXN-00012703,CUST-004800,144.4,card,health
TXN-00012704,CUST-005821,56.7,card,grocery
TXN-00012705,CUST-005051,25.87,online,travel
TXN-00012706,CUST-001143,158.07,card,health
TXN-00012707,CUST-003946,97.27,card,grocery
TXN-00012708,CUST-003415,51.38,card,retail
TXN-00012709,CUST-004500,125.54,card,retail
TXN-00012710,CUST-003939,23.8,online,grocery
TXN-00012711,CUST-003161,39.14,branch,utilities
TXN-00012712,CUST-000533,50.38,card,education
TXN-00012713,CUST-002806,38.87,atm,grocery
TXN-00012714,CUST-001728,77.94,atm,utilities
TXN-00012715,CUST-004210,60.37,online,health
TXN-00012716,CUST-000995,131.68,card,utilities
TXN-00012717,CUST-002351,103.85,card,education
TXN-00012718,CUST-003382,213.47,card,health
TXN-00012719,CUST-004342,14.18,atm,dining
TXN-00012720,CUST-004414,212.45,branch,grocery
TXN-00012721,CUST-001672,41.98,atm,travel
TXN-00012722,CUST-004356,32.89,card,utilities
TXN-00012723,CUST-000005,32.39,wallet,education
TXN-00012724,CUST-000468,28.44,atm,utilities
TXN-00012725,CUST-002545,36.28,atm,retail
TXN-00012726,CUST-001262,99.74,card,travel
TXN-00012727,CUST-003232,310.41,card,utilities
TXN-00012728,CUST-004214,104.33,card,dining
TXN-00012729,CUST-005484,31.16,online,travel
TXN-00012730,CUST-001441,18.19,atm,travel
TXN-00012731,CUST-001820,47.35,online,utilities
TXN-00012732,CUST-005038,60.97,branch,grocery
TXN-00012733,CUST-004823,32.87,atm,travel
TXN-00012734,CUST-003360,58.44,atm,health
TXN-00012735,CUST-001593,53.59,online,travel
TXN-00012736,CUST-000475,290.89,online,dining
TXN-00012737,CUST-001727,14.42,card,retail
TXN-00012738,CUST-002554,75.94,online,retail
TXN-00012739,CUST-003963,59.01,atm,grocery
TXN-00012740,CUST-004895,108.9,card,health
TXN-00012741,CUST-002910,112.07,card,travel
TXN-00012742,CUST-004457,265.32,branch,education
TXN-00012743,CUST-002422,67.62,card,utilities
TXN-00012744,CUST-003660,46.63,atm,grocery
TXN-00012745,CUST-000309,102.47,online,travel
TXN-00012746,CUST-001593,9.89,wallet,dining
TXN-00012747,CUST-002720,73.9,card,travel
TXN-00012748,CUST-005454,96.93,card,education
TXN-00012749,CUST-000350,78.55,atm,utilities
TXN-00012750,CUST-000332,45.31,online,grocery
TXN-00012751,CUST-005907,97.34,card,utilities
TXN-00012752,CUST-001833,88.95,card,retail
TXN-00012753,CUST-003224,130.59,branch,utilities
TXN-00012754,CUST-003300,117.63,branch,health
TXN-00012755,CUST-003173,91.91,branch,dining
TXN-00012756,CUST-002075,79.82,card,travel
TXN-00012757,CUST-003854,47.11,card,travel
TXN-00012758,CUST-004843,119.53,online,travel
TXN-00012759,CUST-004801,509.98,card,education
TXN-00012760,CUST-003790,197.32,online,travel
TXN-00012761,CUST-001025,47.28,atm,grocery
TXN-00012762,CUST-001667,25.62,card,retail
TXN-00012763,CUST-004403,102.7,branch,dining
TXN-00012764,CUST-002898,185.2,card,dining
TXN-00012765,CUST-004626,54.89,card,retail
TXN-00012766,CUST-001327,60.8,branch,utilities
TXN-00012767,CUST-002723,48.98,wallet,grocery
TXN-00012768,CUST-002115,605.26,card,health
TXN-00012769,CUST-004481,86.78,online,retail
TXN-00012770,CUST-004614,155.88,atm,grocery
TXN-00012771,CUST-002002,25.67,branch,dining
TXN-00012772,CUST-002364,54.5,atm,education
TXN-00012773,CUST-001592,616.64,branch,education
TXN-00012774,CUST-003554,69.26,atm,travel
TXN-00012775,CUST-000899,150.08,card,dining
TXN-00012776,CUST-003555,22.04,wallet,retail
TXN-00012777,CUST-000232,74.8,online,retail
TXN-00012778,CUST-004914,9.85,atm,retail
TXN-00012779,CUST-003155,44.1,card,education
TXN-00012780,CUST-001864,71.69,online,dining
TXN-00012781,CUST-005363,201.64,card,retail
TXN-00012782,CUST-001156,62.11,online,grocery
TXN-00012783,CUST-003138,67.65,online,retail
TXN-00012784,CUST-005789,28.65,card,utilities
TXN-00012785,CUST-002869,62.74,card,grocery
TXN-00012786,CUST-002585,154.31,atm,retail
TXN-00012787,CUST-004388,5.38,online,education
TXN-00012788,CUST-000281,172.6,card,health
TXN-00012789,CUST-000677,50.64,online,retail
TXN-00012790,CUST-004912,61.45,online,retail
TXN-00012791,CUST-000170,47.49,online,travel
TXN-00012792,CUST-000201,38.74,branch,health
TXN-00012793,CUST-000677,21.62,wallet,dining
TXN-00012794,CUST-003717,29.73,online,utilities
TXN-00012795,CUST-001745,24.07,online,grocery
TXN-00012796,CUST-002401,134.48,branch,travel
TXN-00012797,CUST-001261,319.68,wallet,health
TXN-00012798,CUST-004926,48.73,wallet,health
TXN-00012799,CUST-002129,41.48,branch,grocery
TXN-00012800,CUST-005641,63.82,atm,utilities
TXN-00012801,CUST-000727,23.46,online,retail
TXN-00012802,CUST-000507,104.86,online,grocery
TXN-00012803,CUST-000931,64.06,online,dining
TXN-00012804,CUST-001068,8.47,wallet,travel
TXN-00012805,CUST-001266,128.0,wallet,education
TXN-00012806,CUST-004257,19.14,wallet,utilities
TXN-00012807,CUST-002353,57.87,card,grocery
TXN-00012808,CUST-003884,49.12,card,health
TXN-00012809,CUST-004240,145.42,wallet,dining
TXN-00012810,CUST-000253,43.75,branch,grocery
TXN-00012811,CUST-004283,288.22,card,retail
TXN-00012812,CUST-001914,220.79,online,dining
TXN-00012813,CUST-002847,67.63,atm,travel
TXN-00012814,CUST-002378,566.83,atm,dining
TXN-00012815,CUST-000876,48.28,card,travel
TXN-00012816,CUST-001204,33.64,card,travel
TXN-00012817,CUST-004522,448.92,atm,dining
TXN-00012818,CUST-003521,163.76,card,education
TXN-00012819,CUST-004586,179.6,card,grocery
TXN-00012820,CUST-002251,156.99,atm,grocery
TXN-00012821,CUST-004653,161.52,atm,utilities
TXN-00012822,CUST-000857,93.63,online,travel
TXN-00012823,CUST-002480,32.95,wallet,travel
TXN-00012824,CUST-005438,16.44,online,travel
TXN-00012825,CUST-002448,45.72,online,health
TXN-00012826,CUST-001851,94.37,card,education
TXN-00012827,CUST-000669,223.1,online,health
TXN-00012828,CUST-000194,47.42,card,dining
TXN-00012829,CUST-002017,12.71,wallet,utilities
TXN-00012830,CUST-004870,297.46,branch,grocery
TXN-00012831,CUST-002031,252.54,card,education
TXN-00012832,CUST-004937,50.39,atm,dining
TXN-00012833,CUST-005863,102.54,online,retail
TXN-00012834,CUST-005926,48.6,online,retail
TXN-00012835,CUST-000692,23.58,branch,travel
TXN-00012836,CUST-000939,63.99,online,health
TXN-00012837,CUST-001884,15.07,branch,grocery
TXN-00012838,CUST-005089,89.08,online,travel
TXN-00012839,CUST-003640,104.3,branch,education
TXN-00012840,CUST-002667,31.49,online,health
TXN-00012841,CUST-004318,177.38,card,education
TXN-00012842,CUST-001849,17.63,online,travel
TXN-00012843,CUST-003405,23.4,wallet,grocery
TXN-00012844,CUST-001658,155.62,online,retail
TXN-00012845,CUST-003658,110.43,card,education
TXN-00012846,CUST-000329,42.81,card,grocery
TXN-00012847,CUST-000926,81.85,atm,education
TXN-00012848,CUST-001493,43.38,branch,education
TXN-00012849,CUST-001480,41.47,online,health
TXN-00012850,CUST-003829,95.59,online,utilities
TXN-00012851,CUST-000432,57.68,online,utilities
TXN-00012852,CUST-000176,47.51,online,travel
TXN-00012853,CUST-003596,49.79,atm,grocery
TXN-00012854,CUST-001684,809.46,online,dining
TXN-00012855,CUST-001299,146.47,card,grocery
TXN-00012856,CUST-000235,42.63,atm,education
TXN-00012857,CUST-004986,26.64,atm,education
TXN-00012858,CUST-002863,66.38,wallet,retail
TXN-00012859,CUST-002031,13.15,card,health
TXN-00012860,CUST-005431,272.35,card,health
TXN-00012861,CUST-004164,37.41,online,retail
TXN-00012862,CUST-003929,66.44,branch,grocery
TXN-00012863,CUST-001512,187.86,card,education
TXN-00012864,CUST-000708,342.06,card,grocery
TXN-00012865,CUST-005540,38.39,branch,grocery
TXN-00012866,CUST-004608,144.05,branch,retail
TXN-00012867,CUST-002524,547.44,card,retail
TXN-00012868,CUST-003395,15.15,branch,education
TXN-00012869,CUST-002627,34.68,card,health
TXN-00012870,CUST-002924,99.22,online,health
TXN-00012871,CUST-001527,30.87,card,health
TXN-00012872,CUST-005646,42.41,online,dining
TXN-00012873,CUST-003805,131.43,online,education
TXN-00012874,CUST-000261,295.47,card,retail
TXN-00012875,CUST-000012,258.9,online,grocery
TXN-00012876,CUST-000414,33.64,branch,retail
TXN-00012877,CUST-003971,61.38,online,grocery
TXN-00012878,CUST-004592,24.84,card,utilities
TXN-00012879,CUST-001911,379.98,online,health
TXN-00012880,CUST-005045,112.98,card,retail
TXN-00012881,CUST-002264,65.35,online,health
TXN-00012882,CUST-003634,73.86,card,retail
TXN-00012883,CUST-002736,62.57,online,utilities
TXN-00012884,CUST-001793,43.22,online,dining
TXN-00012885,CUST-003311,56.16,online,utilities
TXN-00012886,CUST-002531,42.22,wallet,education
TXN-00012887,CUST-005166,121.98,card,dining
TXN-00012888,CUST-004208,22.98,card,dining
TXN-00012889,CUST-001592,97.0,branch,travel
TXN-00012890,CUST-004978,12.58,online,health
TXN-00012891,CUST-000260,141.43,wallet,retail
TXN-00012892,CUST-005695,25.59,online,grocery
TXN-00012893,CUST-005041,41.83,wallet,dining
TXN-00012894,CUST-005443,54.49,online,dining
TXN-00012895,CUST-005358,47.65,card,retail
TXN-00012896,CUST-004538,909.13,branch,retail
TXN-00012897,CUST-002517,31.84,card,grocery
TXN-00012898,CUST-004939,61.63,online,retail
TXN-00012899,CUST-000740,21.05,atm,travel
TXN-00012900,CUST-003475,465.05,atm,education
TXN-00012901,CUST-005073,61.93,branch,travel
TXN-00012902,CUST-005976,20.86,wallet,grocery
TXN-00012903,CUST-002116,339.09,online,dining
TXN-00012904,CUST-000770,138.81,atm,grocery
TXN-00012905,CUST-001569,71.43,atm,retail
TXN-00012906,CUST-001920,72.52,card,health
TXN-00012907,CUST-000524,77.04,card,dining
TXN-00012908,CUST-004567,217.38,branch,education
TXN-00012909,CUST-002904,260.43,wallet,dining
TXN-00012910,CUST-001589,5.84,card,travel
TXN-00012911,CUST-001863,39.46,card,utilities
TXN-00012912,CUST-000663,76.67,card,utilities
TXN-00012913,CUST-001850,34.24,online,dining
TXN-00012914,CUST-004105,30.68,online,utilities
TXN-00012915,CUST-001715,121.37,card,health
TXN-00012916,CUST-000504,343.81,online,education
TXN-00012917,CUST-000032,74.42,card,utilities
TXN-00012918,CUST-003074,52.31,wallet,travel
TXN-00012919,CUST-000180,21.22,card,grocery
TXN-00012920,CUST-000808,326.82,online,dining
TXN-00012921,CUST-002044,107.93,card,travel
TXN-00012922,CUST-003689,94.61,wallet,grocery
TXN-00012923,CUST-005701,93.15,atm,retail
TXN-00012924,CUST-000288,199.86,wallet,education
TXN-00012925,CUST-000909,51.99,online,utilities
TXN-00012926,CUST-000773,141.16,online,retail
TXN-00012927,CUST-004842,54.01,card,utilities
TXN-00012928,CUST-004528,37.32,wallet,education
TXN-00012929,CUST-004395,30.14,atm,education
TXN-00012930,CUST-001142,26.57,online,health
TXN-00012931,CUST-001313,13.83,card,education
TXN-00012932,CUST-003493,367.07,wallet,travel
TXN-00012933,CUST-004640,222.27,branch,grocery
TXN-00012934,CUST-003143,54.57,atm,retail
TXN-00012935,CUST-003955,72.4,card,travel
TXN-00012936,CUST-002914,81.06,wallet,grocery
TXN-00012937,CUST-002884,136.68,card,health
TXN-00012938,CUST-003072,199.13,atm,utilities
TXN-00012939,CUST-005455,135.14,card,travel
TXN-00012940,CUST-000534,25.14,card,health
TXN-00012941,CUST-000197,52.49,online,utilities
TXN-00012942,CUST-003985,48.03,atm,utilities
TXN-00012943,CUST-001590,2.25,card,travel
TXN-00012944,CUST-001598,84.22,card,utilities
TXN-00012945,CUST-000066,5.79,online,travel
TXN-00012946,CUST-004733,349.31,online,dining
TXN-00012947,CUST-000110,16.85,online,travel
TXN-00012948,CUST-002679,67.75,card,travel
TXN-00012949,CUST-002375,267.58,card,education
TXN-00012950,CUST-003259,28.03,online,retail
TXN-00012951,CUST-003214,95.69,online,grocery
TXN-00012952,CUST-005277,25.76,online,grocery
TXN-00012953,CUST-001506,57.07,card,dining
TXN-00012954,CUST-001511,35.56,atm,education
TXN-00012955,CUST-004220,135.0,card,dining
TXN-00012956,CUST-000253,98.83,card,education
TXN-00012957,CUST-001141,117.21,online,utilities
TXN-00012958,CUST-005708,77.36,card,grocery
TXN-00012959,CUST-003400,36.94,branch,health
TXN-00012960,CUST-001599,127.18,card,retail
TXN-00012961,CUST-002417,98.62,branch,grocery
TXN-00012962,CUST-003972,20.78,card,health
TXN-00012963,CUST-001475,166.66,card,travel
TXN-00012964,CUST-005379,149.22,wallet,education
TXN-00012965,CUST-000630,192.09,atm,grocery
TXN-00012966,CUST-005883,113.03,card,grocery
TXN-00012967,CUST-005230,29.51,online,retail
TXN-00012968,CUST-002101,75.58,card,retail
TXN-00012969,CUST-000135,18.89,atm,travel
TXN-00012970,CUST-004795,137.86,card,grocery
TXN-00012971,CUST-003251,259.91,wallet,health
TXN-00012972,CUST-003320,577.01,card,education
TXN-00012973,CUST-004618,48.96,card,retail
TXN-00012974,CUST-003715,12.09,wallet,dining
TXN-00012975,CUST-004246,33.33,branch,utilities
TXN-00012976,CUST-003055,33.69,card,health
TXN-00012977,CUST-001802,39.55,wallet,dining
TXN-00012978,CUST-005646,417.2,card,health
TXN-00012979,CUST-001026,90.8,card,education
TXN-00012980,CUST-005688,302.32,online,education
TXN-00012981,CUST-002906,185.25,online,retail
TXN-00012982,CUST-004202,167.55,atm,education
TXN-00012983,CUST-000076,125.75,card,dining
TXN-00012984,CUST-003751,45.91,branch,utilities
TXN-00012985,CUST-003017,127.29,branch,travel
TXN-00012986,CUST-000229,620.17,card,education
TXN-00012987,CUST-003248,81.57,online,dining
TXN-00012988,CUST-000759,106.58,card,grocery
TXN-00012989,CUST-000171,30.27,online,retail
TXN-00012990,CUST-002550,54.92,card,dining
TXN-00012991,CUST-003542,48.18,card,health
TXN-00012992,CUST-000056,409.8,online,education
TXN-00012993,CUST-001807,63.11,online,health
TXN-00012994,CUST-000768,93.89,card,health
TXN-00012995,CUST-002348,376.67,wallet,retail
TXN-00012996,CUST-001587,154.12,branch,utilities
TXN-00012997,CUST-005831,87.41,atm,education
TXN-00012998,CUST-001653,98.83,card,retail
TXN-00012999,CUST-000931,85.83,card,dining
TXN-00013000,CUST-002492,223.24,atm,education
TXN-00013001,CUST-003600,49.18,card,travel
TXN-00013002,CUST-000865,59.83,atm,dining
TXN-00013003,CUST-003271,45.89,online,dining
TXN-00013004,CUST-004598,228.73,card,utilities
TXN-00013005,CUST-000332,254.42,branch,grocery
TXN-00013006,CUST-005085,80.76,wallet,utilities
TXN-00013007,CUST-002834,97.41,online,health
TXN-00013008,CUST-005327,379.73,atm,grocery
TXN-00013009,CUST-004873,142.31,card,utilities
TXN-00013010,CUST-001689,34.89,card,retail
TXN-00013011,CUST-004721,38.48,atm,grocery
TXN-00013012,CUST-000230,99.77,wallet,dining
TXN-00013013,CUST-005434,314.58,online,grocery
TXN-00013014,CUST-001723,130.1,atm,travel
TXN-00013015,CUST-002482,44.22,card,travel
TXN-00013016,CUST-003169,252.4,online,education
TXN-00013017,CUST-004202,46.13,card,retail
TXN-00013018,CUST-004979,73.9,branch,grocery
TXN-00013019,CUST-001201,873.05,card,education
TXN-00013020,CUST-005281,46.91,online,utilities
TXN-00013021,CUST-000016,86.56,online,retail
TXN-00013022,CUST-005219,107.31,branch,travel
TXN-00013023,CUST-005111,22.81,card,utilities
TXN-00013024,CUST-000652,209.57,card,dining
TXN-00013025,CUST-000683,79.7,online,dining
TXN-00013026,CUST-001501,110.58,online,retail
TXN-00013027,CUST-006000,73.96,online,grocery
TXN-00013028,CUST-004704,24.36,branch,retail
TXN-00013029,CUST-001597,169.04,card,dining
TXN-00013030,CUST-003959,279.32,card,retail
TXN-00013031,CUST-005423,25.5,card,retail
TXN-00013032,CUST-002385,84.34,card,health
TXN-00013033,CUST-000152,221.31,card,dining
TXN-00013034,CUST-005999,58.65,online,education
TXN-00013035,CUST-002863,70.06,online,travel
TXN-00013036,CUST-002050,108.96,branch,dining
TXN-00013037,CUST-000168,57.83,branch,retail
TXN-00013038,CUST-004977,110.2,online,grocery
TXN-00013039,CUST-001237,41.86,card,education
TXN-00013040,CUST-003202,99.72,wallet,retail
TXN-00013041,CUST-002810,57.95,online,health
TXN-00013042,CUST-002781,90.92,atm,grocery
TXN-00013043,CUST-005055,125.76,atm,utilities
TXN-00013044,CUST-000878,37.6,online,utilities
TXN-00013045,CUST-000129,42.4,atm,grocery
TXN-00013046,CUST-005727,78.96,card,health
TXN-00013047,CUST-004621,22.61,card,dining
TXN-00013048,CUST-003295,44.49,branch,health
TXN-00013049,CUST-005731,27.0,atm,travel
TXN-00013050,CUST-003600,69.96,branch,travel
TXN-00013051,CUST-002347,144.51,branch,education
TXN-00013052,CUST-004649,194.55,card,retail
TXN-00013053,CUST-005641,295.16,online,retail
TXN-00013054,CUST-001659,89.58,card,travel
TXN-00013055,CUST-001786,23.62,atm,retail
TXN-00013056,CUST-000532,22.76,card,education
TXN-00013057,CUST-003377,113.58,atm,health
TXN-00013058,CUST-000739,52.28,online,dining
TXN-00013059,CUST-004707,31.7,online,utilities
TXN-00013060,CUST-003960,189.35,online,health
TXN-00013061,CUST-001141,361.26,online,health
TXN-00013062,CUST-004156,118.5,wallet,dining
TXN-00013063,CUST-003961,184.93,card,utilities
TXN-00013064,CUST-001997,46.52,online,grocery
TXN-00013065,CUST-002118,49.38,branch,retail
TXN-00013066,CUST-000407,3.63,online,travel
TXN-00013067,CUST-004595,221.75,card,travel
TXN-00013068,CUST-001036,154.13,online,education
TXN-00013069,CUST-001724,75.96,wallet,health
TXN-00013070,CUST-005725,276.07,wallet,grocery
TXN-00013071,CUST-003898,117.42,card,travel
TXN-00013072,CUST-005298,80.96,online,dining
TXN-00013073,CUST-002147,239.28,online,travel
TXN-00013074,CUST-002996,47.69,atm,travel
TXN-00013075,CUST-002763,47.52,online,dining
TXN-00013076,CUST-000808,49.01,online,travel
TXN-00013077,CUST-005101,23.86,online,grocery
TXN-00013078,CUST-004893,465.76,atm,grocery
TXN-00013079,CUST-002429,29.18,online,dining
TXN-00013080,CUST-003040,57.77,online,retail
TXN-00013081,CUST-002232,104.52,card,utilities
TXN-00013082,CUST-002648,128.57,wallet,grocery
TXN-00013083,CUST-002057,138.91,atm,education
TXN-00013084,CUST-003684,16.51,card,dining
TXN-00013085,CUST-004511,20.42,card,dining
TXN-00013086,CUST-004036,111.35,card,education
TXN-00013087,CUST-002174,354.49,online,health
TXN-00013088,CUST-001639,338.3,atm,education
TXN-00013089,CUST-003057,236.24,branch,education
TXN-00013090,CUST-003598,62.17,online,education
TXN-00013091,CUST-005198,48.36,atm,education
TXN-00013092,CUST-000941,23.15,card,dining
TXN-00013093,CUST-005520,128.58,online,travel
TXN-00013094,CUST-005991,178.43,online,education
TXN-00013095,CUST-002799,96.62,wallet,health
TXN-00013096,CUST-003174,224.44,card,retail
TXN-00013097,CUST-002177,150.24,card,dining
TXN-00013098,CUST-003321,117.37,atm,travel
TXN-00013099,CUST-005956,73.88,card,grocery
TXN-00013100,CUST-005896,14.31,online,retail
TXN-00013101,CUST-002382,75.48,wallet,education
TXN-00013102,CUST-003222,19.81,wallet,retail
TXN-00013103,CUST-005660,73.97,atm,travel
TXN-00013104,CUST-003191,5.32,card,dining
TXN-00013105,CUST-002405,58.4,online,health
TXN-00013106,CUST-003980,131.88,online,retail
TXN-00013107,CUST-002901,15.42,atm,grocery
TXN-00013108,CUST-003515,126.73,atm,dining
TXN-00013109,CUST-002054,31.57,atm,education
TXN-00013110,CUST-003483,101.22,branch,health
TXN-00013111,CUST-003703,61.37,card,dining
TXN-00013112,CUST-000079,60.73,online,health
TXN-00013113,CUST-002796,252.1,branch,utilities
TXN-00013114,CUST-004180,149.08,card,health
TXN-00013115,CUST-001184,11.38,card,health
TXN-00013116,CUST-002893,31.77,card,retail
TXN-00013117,CUST-000214,43.85,card,grocery
TXN-00013118,CUST-000406,285.01,card,grocery
TXN-00013119,CUST-000988,48.19,online,dining
TXN-00013120,CUST-000976,24.66,wallet,retail
TXN-00013121,CUST-003027,52.31,atm,grocery
TXN-00013122,CUST-000334,42.79,atm,health
TXN-00013123,CUST-005474,41.45,online,grocery
TXN-00013124,CUST-001905,77.05,atm,health
TXN-00013125,CUST-004875,154.18,atm,utilities
TXN-00013126,CUST-001468,130.16,card,travel
TXN-00013127,CUST-003624,347.29,card,health
TXN-00013128,CUST-005795,117.03,branch,education
TXN-00013129,CUST-001080,130.53,branch,retail
TXN-00013130,CUST-004739,91.69,card,health
TXN-00013131,CUST-000817,40.08,online,health
TXN-00013132,CUST-001697,43.49,card,health
TXN-00013133,CUST-004574,25.67,branch,dining
TXN-00013134,CUST-004936,12.69,card,grocery
TXN-00013135,CUST-002302,128.31,wallet,grocery
TXN-00013136,CUST-004105,96.2,wallet,travel
TXN-00013137,CUST-002226,22.43,online,grocery
TXN-00013138,CUST-002615,100.62,card,utilities
TXN-00013139,CUST-005024,97.8,online,utilities
TXN-00013140,CUST-005399,146.55,online,utilities
TXN-00013141,CUST-001290,50.18,atm,health
TXN-00013142,CUST-000208,36.47,atm,dining
TXN-00013143,CUST-003994,38.55,atm,utilities
TXN-00013144,CUST-003472,163.32,card,health
TXN-00013145,CUST-005552,177.17,online,education
TXN-00013146,CUST-004066,31.45,wallet,education
TXN-00013147,CUST-002170,75.17,card,retail
TXN-00013148,CUST-004920,50.57,wallet,dining
TXN-00013149,CUST-005506,42.05,wallet,grocery
TXN-00013150,CUST-003671,110.3,atm,utilities
TXN-00013151,CUST-005026,85.05,card,health
TXN-00013152,CUST-003183,6.74,card,travel
TXN-00013153,CUST-003100,91.18,card,dining
TXN-00013154,CUST-002976,317.08,atm,travel
TXN-00013155,CUST-005630,75.38,online,dining
TXN-00013156,CUST-002603,301.8,card,grocery
TXN-00013157,CUST-003661,99.22,online,health
TXN-00013158,CUST-003636,536.07,online,grocery
TXN-00013159,CUST-000321,544.68,card,travel
TXN-00013160,CUST-001291,543.99,online,travel
TXN-00013161,CUST-002482,145.83,atm,health
TXN-00013162,CUST-003446,93.84,atm,grocery
TXN-00013163,CUST-001363,21.3,online,grocery
TXN-00013164,CUST-002592,18.89,branch,retail
TXN-00013165,CUST-003011,297.51,wallet,dining
TXN-00013166,CUST-004242,31.5,branch,education
TXN-00013167,CUST-005081,341.58,atm,health
TXN-00013168,CUST-004181,35.12,branch,retail
TXN-00013169,CUST-002500,9.35,online,utilities
TXN-00013170,CUST-005316,31.26,online,health
TXN-00013171,CUST-003224,17.98,branch,education
TXN-00013172,CUST-001522,315.25,atm,education
TXN-00013173,CUST-003614,56.12,atm,health
TXN-00013174,CUST-001843,54.4,card,travel
TXN-00013175,CUST-000935,43.56,online,utilities
TXN-00013176,CUST-003783,72.08,online,utilities
TXN-00013177,CUST-004193,98.08,atm,retail
TXN-00013178,CUST-000924,41.92,atm,health
TXN-00013179,CUST-003731,14.49,atm,grocery
TXN-00013180,CUST-004047,15.28,card,utilities
TXN-00013181,CUST-000965,28.54,card,dining
TXN-00013182,CUST-003140,16.6,online,retail
TXN-00013183,CUST-003672,268.48,card,dining
TXN-00013184,CUST-000523,46.39,card,grocery
TXN-00013185,CUST-005272,13.02,wallet,dining
TXN-00013186,CUST-003789,111.81,card,dining
TXN-00013187,CUST-005737,34.57,online,travel
TXN-00013188,CUST-003077,199.38,atm,travel
TXN-00013189,CUST-002189,36.87,wallet,education
TXN-00013190,CUST-001634,48.77,card,dining
TXN-00013191,CUST-003210,695.11,card,dining
TXN-00013192,CUST-002240,81.2,online,travel
TXN-00013193,CUST-003250,75.02,card,education
TXN-00013194,CUST-002460,83.51,atm,utilities
TXN-00013195,CUST-001805,38.98,online,utilities
TXN-00013196,CUST-005692,595.92,card,education
TXN-00013197,CUST-002652,30.26,card,utilities
TXN-00013198,CUST-005521,259.93,branch,dining
TXN-00013199,CUST-000717,51.35,online,retail
TXN-00013200,CUST-000744,46.76,online,education
TXN-00013201,CUST-000279,40.08,branch,grocery
TXN-00013202,CUST-002840,9.64,card,utilities
TXN-00013203,CUST-003490,49.0,card,education
TXN-00013204,CUST-001290,167.91,wallet,retail
TXN-00013205,CUST-000915,70.49,online,travel
TXN-00013206,CUST-001635,23.34,card,grocery
TXN-00013207,CUST-005810,135.97,online,grocery
TXN-00013208,CUST-003646,65.89,online,health
TXN-00013209,CUST-003645,55.81,wallet,grocery
TXN-00013210,CUST-000149,14.91,online,travel
TXN-00013211,CUST-005651,39.05,branch,health
TXN-00013212,CUST-005072,65.07,online,travel
TXN-00013213,CUST-002764,63.93,card,retail
TXN-00013214,CUST-003162,171.51,card,utilities
TXN-00013215,CUST-000806,10.55,online,utilities
TXN-00013216,CUST-004679,30.2,wallet,grocery
TXN-00013217,CUST-003423,52.31,card,grocery
TXN-00013218,CUST-000938,114.12,atm,utilities
TXN-00013219,CUST-004332,77.82,atm,grocery
TXN-00013220,CUST-004316,59.73,branch,retail
TXN-00013221,CUST-004274,200.23,branch,education
TXN-00013222,CUST-005888,3010.16,card,education
TXN-00013223,CUST-003007,60.3,wallet,education
TXN-00013224,CUST-003387,313.7,online,travel
TXN-00013225,CUST-000765,443.01,card,grocery
TXN-00013226,CUST-004648,39.93,branch,retail
TXN-00013227,CUST-000764,87.75,atm,retail
TXN-00013228,CUST-004503,10.46,card,dining
TXN-00013229,CUST-004151,52.55,atm,travel
TXN-00013230,CUST-003358,137.53,card,dining
TXN-00013231,CUST-005171,52.24,online,grocery
TXN-00013232,CUST-004421,86.39,card,grocery
TXN-00013233,CUST-003446,121.23,online,education
TXN-00013234,CUST-002829,98.04,branch,education
TXN-00013235,CUST-004500,94.84,card,education
TXN-00013236,CUST-004221,97.04,card,education
TXN-00013237,CUST-003232,106.61,branch,health
TXN-00013238,CUST-000648,88.11,card,travel
TXN-00013239,CUST-001328,37.21,card,utilities
TXN-00013240,CUST-003260,23.11,card,dining
TXN-00013241,CUST-001631,75.28,online,utilities
TXN-00013242,CUST-003399,38.43,card,health
TXN-00013243,CUST-004568,306.46,card,grocery
TXN-00013244,CUST-002738,13.82,online,health
TXN-00013245,CUST-005035,44.71,card,grocery
TXN-00013246,CUST-000771,150.91,online,dining
TXN-00013247,CUST-005865,18.65,card,grocery
TXN-00013248,CUST-002568,34.71,online,travel
TXN-00013249,CUST-001192,51.32,card,retail
TXN-00013250,CUST-005928,435.93,online,retail
TXN-00013251,CUST-001550,47.25,online,health
TXN-00013252,CUST-001907,114.95,online,utilities
TXN-00013253,CUST-000761,60.89,online,dining
TXN-00013254,CUST-005973,47.87,card,travel
TXN-00013255,CUST-001085,275.29,card,retail
TXN-00013256,CUST-004587,24.64,online,education
TXN-00013257,CUST-001558,78.3,online,education
TXN-00013258,CUST-001995,86.89,atm,utilities
TXN-00013259,CUST-003232,263.09,card,utilities
TXN-00013260,CUST-003809,59.64,card,health
TXN-00013261,CUST-000400,17.42,online,grocery
TXN-00013262,CUST-001185,20.67,card,health
TXN-00013263,CUST-002157,27.96,online,travel
TXN-00013264,CUST-000675,172.92,card,grocery
TXN-00013265,CUST-000197,49.56,online,retail
TXN-00013266,CUST-004765,130.25,card,health
TXN-00013267,CUST-004111,409.26,online,health
TXN-00013268,CUST-004584,154.82,card,education
TXN-00013269,CUST-002199,173.87,online,dining
TXN-00013270,CUST-002818,98.71,branch,retail
TXN-00013271,CUST-005250,28.37,online,retail
TXN-00013272,CUST-004243,567.26,card,retail
TXN-00013273,CUST-001332,38.44,branch,education
TXN-00013274,CUST-002896,185.7,branch,education
TXN-00013275,CUST-005832,193.28,atm,utilities
TXN-00013276,CUST-003858,19.55,online,travel
TXN-00013277,CUST-001119,16.56,online,dining
TXN-00013278,CUST-000533,127.34,wallet,travel
TXN-00013279,CUST-000448,27.26,card,retail
TXN-00013280,CUST-003624,300.79,card,education
TXN-00013281,CUST-004339,41.59,branch,grocery
TXN-00013282,CUST-005712,232.67,wallet,education
TXN-00013283,CUST-005835,219.17,online,grocery
TXN-00013284,CUST-000311,99.42,atm,grocery
TXN-00013285,CUST-000444,68.5,card,health
TXN-00013286,CUST-005356,123.66,online,dining
TXN-00013287,CUST-004171,62.4,wallet,utilities
TXN-00013288,CUST-002181,55.74,card,health
TXN-00013289,CUST-001185,21.01,branch,travel
TXN-00013290,CUST-002108,172.7,online,education
TXN-00013291,CUST-002793,48.66,card,dining
TXN-00013292,CUST-004168,134.2,card,travel
TXN-00013293,CUST-001381,122.32,branch,utilities
TXN-00013294,CUST-005390,18.75,wallet,retail
TXN-00013295,CUST-005363,109.94,card,travel
TXN-00013296,CUST-000950,148.65,branch,dining
TXN-00013297,CUST-001099,75.75,card,grocery
TXN-00013298,CUST-002594,113.28,atm,education
TXN-00013299,CUST-000255,105.11,online,dining
TXN-00013300,CUST-000670,410.2,card,dining
TXN-00013301,CUST-005442,80.61,card,education
TXN-00013302,CUST-001454,201.89,card,education
TXN-00013303,CUST-005841,17.17,atm,retail
TXN-00013304,CUST-003330,56.21,online,utilities
TXN-00013305,CUST-001128,132.69,card,education
TXN-00013306,CUST-005829,58.14,wallet,retail
TXN-00013307,CUST-005862,125.6,card,retail
TXN-00013308,CUST-002042,128.53,branch,utilities
TXN-00013309,CUST-004327,122.96,online,travel
TXN-00013310,CUST-000176,30.94,card,retail
TXN-00013311,CUST-003184,117.64,card,retail
TXN-00013312,CUST-004506,37.19,online,travel
TXN-00013313,CUST-002849,51.22,atm,education
TXN-00013314,CUST-000074,422.0,online,travel
TXN-00013315,CUST-002748,182.02,online,education
TXN-00013316,CUST-001738,79.25,atm,health
TXN-00013317,CUST-002578,70.14,card,grocery
TXN-00013318,CUST-003478,172.63,online,utilities
TXN-00013319,CUST-001899,244.11,atm,utilities
TXN-00013320,CUST-000274,114.88,wallet,grocery
TXN-00013321,CUST-002552,234.41,wallet,health
TXN-00013322,CUST-004140,71.85,card,grocery
TXN-00013323,CUST-005773,129.73,online,health
TXN-00013324,CUST-001939,41.67,online,health
TXN-00013325,CUST-001835,77.51,card,utilities
TXN-00013326,CUST-001151,13.76,card,dining
TXN-00013327,CUST-004679,38.99,wallet,retail
TXN-00013328,CUST-000414,43.44,online,grocery
TXN-00013329,CUST-002618,67.82,online,health
TXN-00013330,CUST-004836,49.77,atm,travel
TXN-00013331,CUST-002043,10.78,branch,travel
TXN-00013332,CUST-000963,231.41,atm,health
TXN-00013333,CUST-002885,79.52,card,health
TXN-00013334,CUST-005491,134.62,card,grocery
TXN-00013335,CUST-005419,133.82,atm,dining
TXN-00013336,CUST-000467,31.43,wallet,utilities
TXN-00013337,CUST-005540,56.16,branch,retail
TXN-00013338,CUST-001887,94.85,card,retail
TXN-00013339,CUST-005884,114.57,online,retail
TXN-00013340,CUST-005533,223.16,online,health
TXN-00013341,CUST-001685,262.85,online,dining
TXN-00013342,CUST-002734,328.94,card,dining
TXN-00013343,CUST-003920,64.97,card,grocery
TXN-00013344,CUST-000052,13.47,wallet,health
TXN-00013345,CUST-004386,183.01,branch,education
TXN-00013346,CUST-000635,104.19,online,retail
TXN-00013347,CUST-004453,25.6,online,retail
TXN-00013348,CUST-002436,30.47,card,travel
TXN-00013349,CUST-003985,50.01,wallet,health
TXN-00013350,CUST-005664,63.11,online,health
TXN-00013351,CUST-002412,33.58,online,health
TXN-00013352,CUST-000252,151.71,card,dining
TXN-00013353,CUST-002644,137.9,online,health
TXN-00013354,CUST-005438,85.15,wallet,utilities
TXN-00013355,CUST-000112,25.33,branch,utilities
TXN-00013356,CUST-002572,104.3,wallet,retail
TXN-00013357,CUST-005252,54.96,atm,retail
TXN-00013358,CUST-003366,11.17,wallet,retail
TXN-00013359,CUST-004414,127.29,card,travel
TXN-00013360,CUST-002509,30.4,online,health
TXN-00013361,CUST-003255,45.34,atm,travel
TXN-00013362,CUST-002614,57.68,card,dining
TXN-00013363,CUST-001322,13.85,online,retail
TXN-00013364,CUST-003800,112.72,card,travel
TXN-00013365,CUST-005302,75.32,online,grocery
TXN-00013366,CUST-003570,84.25,online,grocery
TXN-00013367,CUST-003482,37.78,card,grocery
TXN-00013368,CUST-004064,97.91,branch,education
TXN-00013369,CUST-002900,102.32,card,health
TXN-00013370,CUST-001270,72.16,branch,health
TXN-00013371,CUST-003804,127.12,online,education
TXN-00013372,CUST-005169,68.01,card,health
TXN-00013373,CUST-001112,14.4,card,retail
TXN-00013374,CUST-004752,44.54,card,utilities
TXN-00013375,CUST-004752,48.46,atm,utilities
TXN-00013376,CUST-000440,102.29,atm,utilities
TXN-00013377,CUST-000310,43.91,branch,health
TXN-00013378,CUST-002290,54.99,branch,travel
TXN-00013379,CUST-005947,118.53,atm,utilities
TXN-00013380,CUST-001657,148.62,online,retail
TXN-00013381,CUST-000941,109.44,card,retail
TXN-00013382,CUST-000748,94.61,atm,health
TXN-00013383,CUST-004895,102.22,card,health
TXN-00013384,CUST-004155,692.54,card,education
TXN-00013385,CUST-004488,108.65,atm,health
TXN-00013386,CUST-005761,59.2,wallet,utilities
TXN-00013387,CUST-005005,62.01,card,education
TXN-00013388,CUST-000698,300.09,card,education
TXN-00013389,CUST-003381,35.97,branch,health
TXN-00013390,CUST-001077,71.73,online,dining
TXN-00013391,CUST-004949,135.64,online,health
TXN-00013392,CUST-003271,174.32,card,travel
TXN-00013393,CUST-002003,13.04,card,retail
TXN-00013394,CUST-005221,100.8,card,education
TXN-00013395,CUST-003229,21.6,card,grocery
TXN-00013396,CUST-005486,1290.26,atm,travel
TXN-00013397,CUST-001129,55.74,online,travel
TXN-00013398,CUST-002621,51.07,card,travel
TXN-00013399,CUST-001616,600.58,wallet,health
TXN-00013400,CUST-001577,50.44,online,education
TXN-00013401,CUST-002342,31.88,online,education
TXN-00013402,CUST-002833,295.9,wallet,health
TXN-00013403,CUST-002131,824.71,card,health
TXN-00013404,CUST-004666,75.17,card,travel
TXN-00013405,CUST-001871,75.84,card,dining
TXN-00013406,CUST-000322,22.95,online,education
TXN-00013407,CUST-002498,331.1,card,education
TXN-00013408,CUST-004809,52.35,atm,retail
TXN-00013409,CUST-000124,35.01,atm,travel
TXN-00013410,CUST-000239,232.26,branch,education
TXN-00013411,CUST-001417,16.9,atm,grocery
TXN-00013412,CUST-002569,133.04,card,health
TXN-00013413,CUST-002346,8.99,card,education
TXN-00013414,CUST-005895,152.41,online,education
TXN-00013415,CUST-005065,71.53,card,retail
TXN-00013416,CUST-005320,179.07,card,travel
TXN-00013417,CUST-000130,20.3,atm,health
TXN-00013418,CUST-000681,65.35,card,grocery
TXN-00013419,CUST-003956,27.41,card,grocery
TXN-00013420,CUST-004622,20.16,online,education
TXN-00013421,CUST-000688,121.14,atm,grocery
TXN-00013422,CUST-000300,185.9,atm,utilities
TXN-00013423,CUST-001017,6.24,wallet,dining
TXN-00013424,CUST-005513,229.81,card,utilities
TXN-00013425,CUST-002392,321.94,atm,grocery
TXN-00013426,CUST-002493,601.84,online,grocery
TXN-00013427,CUST-000135,9.86,card,utilities
TXN-00013428,CUST-005282,295.76,card,utilities
TXN-00013429,CUST-004255,89.98,atm,health
TXN-00013430,CUST-000981,55.81,online,dining
TXN-00013431,CUST-005793,466.24,online,grocery
TXN-00013432,CUST-004563,67.27,card,health
TXN-00013433,CUST-001645,74.68,atm,retail
TXN-00013434,CUST-000400,13.34,card,retail
TXN-00013435,CUST-001203,11.42,card,utilities
TXN-00013436,CUST-003964,82.36,online,grocery
TXN-00013437,CUST-002894,537.92,branch,retail
TXN-00013438,CUST-004808,219.16,branch,dining
TXN-00013439,CUST-001595,194.36,card,retail
TXN-00013440,CUST-002713,17.37,card,utilities
TXN-00013441,CUST-002267,133.32,card,retail
TXN-00013442,CUST-005263,227.45,card,travel
TXN-00013443,CUST-004015,109.64,branch,retail
TXN-00013444,CUST-005589,12.44,card,travel
TXN-00013445,CUST-004855,468.12,online,health
TXN-00013446,CUST-002372,109.32,atm,travel
TXN-00013447,CUST-002623,18.48,online,retail
TXN-00013448,CUST-005160,400.77,online,dining
TXN-00013449,CUST-002279,60.74,card,dining
TXN-00013450,CUST-002409,149.78,online,education
TXN-00013451,CUST-001820,41.45,card,retail
TXN-00013452,CUST-004419,31.0,card,dining
TXN-00013453,CUST-002775,173.27,card,education
TXN-00013454,CUST-005394,19.77,branch,education
TXN-00013455,CUST-000899,439.31,online,travel
TXN-00013456,CUST-003968,68.34,branch,education
TXN-00013457,CUST-005141,75.12,online,health
TXN-00013458,CUST-001376,72.73,atm,grocery
TXN-00013459,CUST-002380,122.12,online,grocery
TXN-00013460,CUST-000517,30.58,online,travel
TXN-00013461,CUST-001344,69.47,atm,retail
TXN-00013462,CUST-001229,582.74,branch,utilities
TXN-00013463,CUST-000923,161.64,online,travel
TXN-00013464,CUST-001558,46.37,wallet,retail
TXN-00013465,CUST-001257,29.0,atm,education
TXN-00013466,CUST-004252,15.41,online,health
TXN-00013467,CUST-003164,154.24,wallet,dining
TXN-00013468,CUST-005096,28.6,online,travel
TXN-00013469,CUST-001036,181.99,card,utilities
TXN-00013470,CUST-000523,79.81,online,utilities
TXN-00013471,CUST-004417,89.05,wallet,travel
TXN-00013472,CUST-005917,56.59,card,education
TXN-00013473,CUST-004341,39.14,card,retail
TXN-00013474,CUST-000500,35.85,branch,education
TXN-00013475,CUST-004408,119.68,wallet,utilities
TXN-00013476,CUST-003486,28.86,atm,education
TXN-00013477,CUST-004429,43.17,card,utilities
TXN-00013478,CUST-003480,32.07,card,health
TXN-00013479,CUST-005617,352.04,card,travel
TXN-00013480,CUST-004954,10.04,online,education
TXN-00013481,CUST-003764,136.82,online,retail
TXN-00013482,CUST-000047,619.05,branch,grocery
TXN-00013483,CUST-001660,9.38,card,utilities
TXN-00013484,CUST-002641,124.18,wallet,grocery
TXN-00013485,CUST-004257,30.31,online,health
TXN-00013486,CUST-000283,170.21,card,dining
TXN-00013487,CUST-002462,21.1,branch,utilities
TXN-00013488,CUST-002789,199.15,card,grocery
TXN-00013489,CUST-005802,41.55,online,utilities
TXN-00013490,CUST-002854,21.2,atm,grocery
TXN-00013491,CUST-004022,68.55,online,grocery
TXN-00013492,CUST-000171,35.25,wallet,retail
TXN-00013493,CUST-004923,6.82,online,education
TXN-00013494,CUST-002221,19.82,online,travel
TXN-00013495,CUST-000865,296.5,online,retail
TXN-00013496,CUST-002868,58.2,card,health
TXN-00013497,CUST-001144,137.86,card,education
TXN-00013498,CUST-004444,28.26,atm,education
TXN-00013499,CUST-000105,128.73,card,health
TXN-00013500,CUST-003476,84.64,online,education
TXN-00013501,CUST-001320,282.32,card,health
TXN-00013502,CUST-003915,80.55,atm,education
TXN-00013503,CUST-004498,58.92,online,dining
TXN-00013504,CUST-004485,56.13,online,utilities
TXN-00013505,CUST-005885,61.11,card,dining
TXN-00013506,CUST-005654,118.52,card,grocery
TXN-00013507,CUST-001349,117.82,card,retail
TXN-00013508,CUST-002422,22.36,wallet,utilities
TXN-00013509,CUST-005924,300.35,card,utilities
TXN-00013510,CUST-002888,24.3,branch,utilities
TXN-00013511,CUST-000346,59.22,atm,health
TXN-00013512,CUST-005982,65.58,card,utilities
TXN-00013513,CUST-004259,61.94,atm,health
TXN-00013514,CUST-002071,81.03,card,education
TXN-00013515,CUST-000504,29.32,card,education
TXN-00013516,CUST-004202,82.23,branch,utilities
TXN-00013517,CUST-001676,52.44,online,dining
TXN-00013518,CUST-005381,317.3,online,health
TXN-00013519,CUST-003194,57.28,card,grocery
TXN-00013520,CUST-001174,347.6,online,education
TXN-00013521,CUST-001105,101.27,card,retail
TXN-00013522,CUST-001194,52.11,online,education
TXN-00013523,CUST-003247,330.98,online,grocery
TXN-00013524,CUST-003250,430.32,online,travel
TXN-00013525,CUST-004276,48.23,card,grocery
TXN-00013526,CUST-004705,91.31,card,health
TXN-00013527,CUST-005957,155.71,card,dining
TXN-00013528,CUST-003400,83.97,online,education
TXN-00013529,CUST-003784,52.19,atm,grocery
TXN-00013530,CUST-000148,48.46,card,grocery
TXN-00013531,CUST-003855,335.12,atm,education
TXN-00013532,CUST-002972,301.38,online,dining
TXN-00013533,CUST-004759,47.83,card,dining
TXN-00013534,CUST-002026,58.75,online,dining
TXN-00013535,CUST-001338,41.4,online,grocery
TXN-00013536,CUST-002027,346.29,branch,education
TXN-00013537,CUST-005421,53.75,online,utilities
TXN-00013538,CUST-000387,105.82,branch,travel
TXN-00013539,CUST-003709,231.84,branch,travel
TXN-00013540,CUST-005639,10.55,atm,dining
TXN-00013541,CUST-001539,76.85,online,utilities
TXN-00013542,CUST-004757,14.06,online,grocery
TXN-00013543,CUST-002729,365.75,online,education
TXN-00013544,CUST-000237,13.15,online,dining
TXN-00013545,CUST-003156,9.42,online,travel
TXN-00013546,CUST-002450,424.74,card,utilities
TXN-00013547,CUST-000077,39.68,online,travel
TXN-00013548,CUST-000665,20.34,atm,health
TXN-00013549,CUST-001759,16.84,card,travel
TXN-00013550,CUST-002960,108.74,online,health
TXN-00013551,CUST-001209,102.29,online,dining
TXN-00013552,CUST-001286,132.16,atm,health
TXN-00013553,CUST-003499,61.41,atm,retail
TXN-00013554,CUST-000317,563.73,online,travel
TXN-00013555,CUST-005303,83.67,card,utilities
TXN-00013556,CUST-005003,58.59,card,retail
TXN-00013557,CUST-005574,23.02,branch,travel
TXN-00013558,CUST-001722,17.25,online,travel
TXN-00013559,CUST-000423,630.81,wallet,health
TXN-00013560,CUST-004908,16.92,atm,grocery
TXN-00013561,CUST-005894,23.25,online,travel
TXN-00013562,CUST-001884,73.31,card,utilities
TXN-00013563,CUST-000404,360.85,card,education
TXN-00013564,CUST-005091,25.92,online,education
TXN-00013565,CUST-004631,61.69,online,dining
TXN-00013566,CUST-000731,110.3,atm,health
TXN-00013567,CUST-003389,93.8,online,dining
TXN-00013568,CUST-002589,281.8,online,retail
TXN-00013569,CUST-000250,125.69,atm,dining
TXN-00013570,CUST-005457,810.35,wallet,education
TXN-00013571,CUST-001161,133.47,card,dining
TXN-00013572,CUST-001861,111.04,online,education
TXN-00013573,CUST-002228,20.79,branch,utilities
TXN-00013574,CUST-000859,108.23,online,grocery
TXN-00013575,CUST-004547,31.7,wallet,dining
TXN-00013576,CUST-003440,61.51,online,health
TXN-00013577,CUST-005307,101.92,online,retail
TXN-00013578,CUST-002366,131.48,card,retail
TXN-00013579,CUST-002122,88.01,online,retail
TXN-00013580,CUST-000637,25.98,online,education
TXN-00013581,CUST-002721,25.55,card,dining
TXN-00013582,CUST-000276,22.65,card,dining
TXN-00013583,CUST-002545,130.19,atm,grocery
TXN-00013584,CUST-005096,61.49,online,grocery
TXN-00013585,CUST-000031,99.62,online,grocery
TXN-00013586,CUST-004825,23.63,atm,retail
TXN-00013587,CUST-001560,38.69,online,health
TXN-00013588,CUST-000796,263.45,card,dining
TXN-00013589,CUST-003620,52.86,branch,health
TXN-00013590,CUST-005801,371.44,online,health
TXN-00013591,CUST-000118,143.12,card,utilities
TXN-00013592,CUST-000703,46.16,card,health
TXN-00013593,CUST-000975,238.1,atm,utilities
TXN-00013594,CUST-001024,97.65,online,health
TXN-00013595,CUST-002104,24.6,atm,grocery
TXN-00013596,CUST-004783,77.32,card,grocery
TXN-00013597,CUST-002633,78.78,online,education
TXN-00013598,CUST-002831,35.15,card,health
TXN-00013599,CUST-004555,44.01,branch,grocery
TXN-00013600,CUST-002180,11.38,online,retail
TXN-00013601,CUST-005227,83.4,atm,travel
TXN-00013602,CUST-000401,46.34,branch,utilities
TXN-00013603,CUST-000489,43.55,wallet,retail
TXN-00013604,CUST-004544,155.77,card,retail
TXN-00013605,CUST-004618,1364.89,card,health
TXN-00013606,CUST-001564,48.48,card,utilities
TXN-00013607,CUST-003256,107.54,branch,education
TXN-00013608,CUST-005421,211.91,branch,education
TXN-00013609,CUST-000687,112.57,atm,dining
TXN-00013610,CUST-000276,77.55,branch,dining
TXN-00013611,CUST-000846,112.36,online,health
TXN-00013612,CUST-001337,101.66,card,utilities
TXN-00013613,CUST-003920,43.63,online,health
TXN-00013614,CUST-003571,155.99,card,travel
TXN-00013615,CUST-001669,83.33,card,education
TXN-00013616,CUST-003165,71.63,wallet,dining
TXN-00013617,CUST-005947,57.18,atm,grocery
TXN-00013618,CUST-004074,135.81,card,utilities
TXN-00013619,CUST-000009,64.64,atm,health
TXN-00013620,CUST-003154,302.74,branch,travel
TXN-00013621,CUST-001604,33.11,card,grocery
TXN-00013622,CUST-002804,92.72,online,travel
TXN-00013623,CUST-000753,654.01,card,utilities
TXN-00013624,CUST-002198,66.01,card,grocery
TXN-00013625,CUST-000797,20.52,card,dining
TXN-00013626,CUST-001111,152.35,card,dining
TXN-00013627,CUST-003098,24.69,card,travel
TXN-00013628,CUST-004547,377.36,online,grocery
TXN-00013629,CUST-005011,59.34,card,grocery
TXN-00013630,CUST-003949,61.55,card,health
TXN-00013631,CUST-005154,61.29,wallet,utilities
TXN-00013632,CUST-002133,47.84,branch,grocery
TXN-00013633,CUST-005583,61.61,atm,utilities
TXN-00013634,CUST-000348,54.56,branch,health
TXN-00013635,CUST-003801,67.56,atm,retail
TXN-00013636,CUST-003602,111.58,online,dining
TXN-00013637,CUST-000643,57.58,online,travel
TXN-00013638,CUST-003876,1519.46,atm,dining
TXN-00013639,CUST-002707,86.45,wallet,retail
TXN-00013640,CUST-005918,181.99,card,travel
TXN-00013641,CUST-003443,34.79,branch,education
TXN-00013642,CUST-000393,63.55,card,grocery
TXN-00013643,CUST-004265,49.04,card,travel
TXN-00013644,CUST-000317,496.8,card,grocery
TXN-00013645,CUST-003388,109.37,atm,utilities
TXN-00013646,CUST-004387,43.86,wallet,education
TXN-00013647,CUST-001521,15.04,card,dining
TXN-00013648,CUST-005982,141.23,online,education
TXN-00013649,CUST-000567,121.7,online,retail
TXN-00013650,CUST-005161,244.62,card,utilities
TXN-00013651,CUST-002520,56.08,card,travel
TXN-00013652,CUST-004781,105.35,branch,travel
TXN-00013653,CUST-002151,163.59,wallet,dining
TXN-00013654,CUST-005436,29.04,card,utilities
TXN-00013655,CUST-003554,247.36,card,travel
TXN-00013656,CUST-002514,14.62,branch,education
TXN-00013657,CUST-004244,127.24,online,travel
TXN-00013658,CUST-000777,47.26,wallet,health
TXN-00013659,CUST-003189,57.24,card,dining
TXN-00013660,CUST-001380,162.94,card,health
TXN-00013661,CUST-005484,284.47,card,retail
TXN-00013662,CUST-003412,101.39,online,grocery
TXN-00013663,CUST-004701,59.11,card,grocery
TXN-00013664,CUST-000329,38.16,online,retail
TXN-00013665,CUST-004974,18.36,branch,utilities
TXN-00013666,CUST-003669,40.96,card,travel
TXN-00013667,CUST-004430,134.69,online,grocery
TXN-00013668,CUST-004207,116.7,online,education
TXN-00013669,CUST-003372,62.9,online,utilities
TXN-00013670,CUST-001880,58.45,atm,retail
TXN-00013671,CUST-000125,230.93,online,grocery
TXN-00013672,CUST-003944,149.07,branch,grocery
TXN-00013673,CUST-000210,109.76,wallet,health
TXN-00013674,CUST-005265,21.47,atm,grocery
TXN-00013675,CUST-004655,57.87,wallet,education
TXN-00013676,CUST-003016,321.95,online,retail
TXN-00013677,CUST-000753,115.19,online,utilities
TXN-00013678,CUST-002847,11.08,card,utilities
TXN-00013679,CUST-005080,85.26,card,health
TXN-00013680,CUST-004946,169.7,online,dining
TXN-00013681,CUST-004478,51.91,card,utilities
TXN-00013682,CUST-002377,107.34,online,education
TXN-00013683,CUST-002723,777.15,card,health
TXN-00013684,CUST-004771,16.24,online,health
TXN-00013685,CUST-000719,20.75,card,dining
TXN-00013686,CUST-005089,37.03,atm,dining
TXN-00013687,CUST-003371,18.79,online,retail
TXN-00013688,CUST-001245,112.84,online,dining
TXN-00013689,CUST-003690,102.98,branch,travel
TXN-00013690,CUST-004514,70.27,atm,dining
TXN-00013691,CUST-000799,64.42,card,grocery
TXN-00013692,CUST-001199,80.63,online,grocery
TXN-00013693,CUST-003858,77.44,card,travel
TXN-00013694,CUST-004513,33.31,online,grocery
TXN-00013695,CUST-005154,84.03,card,travel
TXN-00013696,CUST-002038,247.78,online,dining
TXN-00013697,CUST-000323,116.4,card,retail
TXN-00013698,CUST-002854,30.82,card,utilities
TXN-00013699,CUST-001376,76.34,card,education
TXN-00013700,CUST-000941,10.62,online,health
TXN-00013701,CUST-000903,7.85,wallet,travel
TXN-00013702,CUST-004005,62.45,card,retail
TXN-00013703,CUST-000118,144.75,wallet,grocery
TXN-00013704,CUST-005617,156.07,card,health
TXN-00013705,CUST-000430,3.84,atm,grocery
TXN-00013706,CUST-003332,967.67,card,dining
TXN-00013707,CUST-005754,54.36,online,utilities
TXN-00013708,CUST-003813,80.16,branch,utilities
TXN-00013709,CUST-002734,58.41,online,education
TXN-00013710,CUST-003864,146.24,wallet,health
TXN-00013711,CUST-005745,28.03,online,grocery
TXN-00013712,CUST-002757,15.43,online,health
TXN-00013713,CUST-003789,713.36,card,utilities
TXN-00013714,CUST-004315,89.74,card,education
TXN-00013715,CUST-003605,34.47,branch,education
TXN-00013716,CUST-004816,85.65,atm,grocery
TXN-00013717,CUST-003599,493.09,online,utilities
TXN-00013718,CUST-001896,262.8,card,travel
TXN-00013719,CUST-003954,188.61,card,grocery
TXN-00013720,CUST-005638,26.01,card,education
TXN-00013721,CUST-002276,36.25,branch,grocery
TXN-00013722,CUST-003224,91.74,atm,dining
TXN-00013723,CUST-001620,133.79,branch,travel
TXN-00013724,CUST-004210,475.02,online,education
TXN-00013725,CUST-005569,42.31,online,health
TXN-00013726,CUST-004825,105.23,branch,grocery
TXN-00013727,CUST-001631,162.32,card,grocery
TXN-00013728,CUST-000172,90.44,online,utilities
TXN-00013729,CUST-003345,222.38,wallet,health
TXN-00013730,CUST-005542,1165.98,card,grocery
TXN-00013731,CUST-001055,169.33,branch,travel
TXN-00013732,CUST-004928,11.33,card,education
TXN-00013733,CUST-000748,172.01,card,grocery
TXN-00013734,CUST-000540,218.77,atm,education
TXN-00013735,CUST-001375,35.53,card,retail
TXN-00013736,CUST-000404,91.5,card,grocery
TXN-00013737,CUST-002217,28.95,branch,health
TXN-00013738,CUST-000514,342.53,branch,retail
TXN-00013739,CUST-002761,261.33,atm,travel
TXN-00013740,CUST-005365,56.15,card,grocery
TXN-00013741,CUST-002277,133.36,wallet,travel
TXN-00013742,CUST-003716,31.64,online,dining
TXN-00013743,CUST-004843,13.34,card,dining
TXN-00013744,CUST-000333,156.93,card,travel
TXN-00013745,CUST-001467,19.21,card,education
TXN-00013746,CUST-005594,23.81,online,travel
TXN-00013747,CUST-003903,62.16,atm,health
TXN-00013748,CUST-004042,45.75,online,dining
TXN-00013749,CUST-001113,8.31,branch,education
TXN-00013750,CUST-001937,52.69,card,retail
TXN-00013751,CUST-000548,46.83,atm,dining
TXN-00013752,CUST-004161,159.42,atm,travel
TXN-00013753,CUST-001996,316.77,card,utilities
TXN-00013754,CUST-005677,167.89,card,utilities
TXN-00013755,CUST-000733,30.1,card,retail
TXN-00013756,CUST-000570,140.68,card,utilities
TXN-00013757,CUST-002726,160.41,atm,travel
TXN-00013758,CUST-005066,58.28,atm,travel
TXN-00013759,CUST-003549,40.39,card,grocery
TXN-00013760,CUST-003410,17.59,online,grocery
TXN-00013761,CUST-005227,21.05,online,travel
TXN-00013762,CUST-002086,80.66,atm,grocery
TXN-00013763,CUST-000360,139.15,online,health
TXN-00013764,CUST-003783,92.18,atm,education
TXN-00013765,CUST-000634,186.17,online,utilities
TXN-00013766,CUST-004339,41.88,card,education
TXN-00013767,CUST-002078,31.34,wallet,education
TXN-00013768,CUST-005324,84.98,online,retail
TXN-00013769,CUST-000408,159.38,card,travel
TXN-00013770,CUST-002811,46.01,wallet,retail
TXN-00013771,CUST-003501,19.8,branch,retail
TXN-00013772,CUST-004651,248.16,atm,health
TXN-00013773,CUST-004061,43.24,online,health
TXN-00013774,CUST-004062,234.13,online,education
TXN-00013775,CUST-004263,143.77,card,retail
TXN-00013776,CUST-000435,48.58,card,travel
TXN-00013777,CUST-004137,38.7,card,travel
TXN-00013778,CUST-004136,73.79,card,utilities
TXN-00013779,CUST-003891,6.31,card,dining
TXN-00013780,CUST-003765,414.27,atm,education
TXN-00013781,CUST-004689,88.21,online,travel
TXN-00013782,CUST-002118,159.9,card,utilities
TXN-00013783,CUST-002726,18.5,branch,grocery
TXN-00013784,CUST-000124,386.17,branch,retail
TXN-00013785,CUST-003116,43.18,card,dining
TXN-00013786,CUST-001920,59.31,online,grocery
TXN-00013787,CUST-004693,72.51,atm,retail
TXN-00013788,CUST-004782,29.15,online,retail
TXN-00013789,CUST-001353,38.69,online,retail
TXN-00013790,CUST-004806,226.41,branch,health
TXN-00013791,CUST-004012,178.46,branch,health
TXN-00013792,CUST-002635,95.54,card,travel
TXN-00013793,CUST-000200,25.64,wallet,education
TXN-00013794,CUST-005342,45.7,card,grocery
TXN-00013795,CUST-000811,93.26,card,utilities
TXN-00013796,CUST-004767,99.51,online,grocery
TXN-00013797,CUST-005997,165.09,online,grocery
TXN-00013798,CUST-003707,22.26,card,utilities
TXN-00013799,CUST-004216,86.16,online,utilities
TXN-00013800,CUST-004999,331.8,branch,utilities
TXN-00013801,CUST-000312,88.33,card,grocery
TXN-00013802,CUST-003829,182.89,online,utilities
TXN-00013803,CUST-001547,28.18,atm,retail
TXN-00013804,CUST-003362,153.95,atm,grocery
TXN-00013805,CUST-000909,64.34,online,education
TXN-00013806,CUST-002418,10.59,atm,utilities
TXN-00013807,CUST-002360,989.55,card,health
TXN-00013808,CUST-001679,109.96,atm,dining
TXN-00013809,CUST-004339,315.24,atm,health
TXN-00013810,CUST-000755,173.16,atm,travel
TXN-00013811,CUST-002834,22.58,atm,utilities
TXN-00013812,CUST-003517,46.25,online,dining
TXN-00013813,CUST-005762,77.16,card,education
TXN-00013814,CUST-002555,1523.62,wallet,dining
TXN-00013815,CUST-001810,103.39,branch,health
TXN-00013816,CUST-002101,21.89,atm,utilities
TXN-00013817,CUST-003568,28.19,card,grocery
TXN-00013818,CUST-001564,310.61,atm,dining
TXN-00013819,CUST-005419,50.31,online,travel
TXN-00013820,CUST-004062,37.19,online,grocery
TXN-00013821,CUST-001990,79.46,online,education
TXN-00013822,CUST-005615,884.46,wallet,education
TXN-00013823,CUST-002990,88.66,card,dining
TXN-00013824,CUST-001754,248.57,online,travel
TXN-00013825,CUST-003068,126.04,card,grocery
TXN-00013826,CUST-001200,41.48,atm,education
TXN-00013827,CUST-000851,57.13,card,education
TXN-00013828,CUST-002733,154.01,online,retail
TXN-00013829,CUST-003263,4.55,branch,grocery
TXN-00013830,CUST-002431,29.38,online,travel
TXN-00013831,CUST-005743,26.76,online,health
TXN-00013832,CUST-004505,128.83,card,health
TXN-00013833,CUST-004548,38.06,card,utilities
TXN-00013834,CUST-000300,43.48,branch,health
TXN-00013835,CUST-001979,90.77,online,retail
TXN-00013836,CUST-003199,10.68,online,travel
TXN-00013837,CUST-000216,12.43,card,education
TXN-00013838,CUST-005567,167.88,card,education
TXN-00013839,CUST-002329,41.42,card,travel
TXN-00013840,CUST-005895,13.34,wallet,travel
TXN-00013841,CUST-004140,106.86,card,travel
TXN-00013842,CUST-002263,55.76,online,dining
TXN-00013843,CUST-005844,264.07,card,dining
TXN-00013844,CUST-000005,104.51,online,education
TXN-00013845,CUST-002420,21.34,card,health
TXN-00013846,CUST-004373,42.06,online,utilities
TXN-00013847,CUST-000484,123.05,card,health
TXN-00013848,CUST-001470,141.34,card,grocery
TXN-00013849,CUST-002378,190.89,card,health
TXN-00013850,CUST-003791,36.44,card,utilities
TXN-00013851,CUST-000841,157.49,card,travel
TXN-00013852,CUST-002836,710.9,atm,health
TXN-00013853,CUST-005148,203.71,atm,retail
TXN-00013854,CUST-003708,141.04,online,utilities
TXN-00013855,CUST-002021,50.63,online,health
TXN-00013856,CUST-002095,182.65,card,dining
TXN-00013857,CUST-003378,16.6,atm,utilities
TXN-00013858,CUST-000469,87.27,wallet,education
TXN-00013859,CUST-000818,28.21,card,dining
TXN-00013860,CUST-005728,41.61,card,grocery
TXN-00013861,CUST-005808,157.04,branch,utilities
TXN-00013862,CUST-005242,6.83,branch,dining
TXN-00013863,CUST-003257,18.75,branch,education
TXN-00013864,CUST-004394,38.26,online,travel
TXN-00013865,CUST-000998,5.34,card,retail
TXN-00013866,CUST-001288,84.58,wallet,health
TXN-00013867,CUST-004734,41.06,atm,health
TXN-00013868,CUST-005439,146.07,online,dining
TXN-00013869,CUST-004458,94.43,branch,retail
TXN-00013870,CUST-001066,55.92,atm,travel
TXN-00013871,CUST-001299,32.12,atm,dining
TXN-00013872,CUST-002241,240.84,card,utilities
TXN-00013873,CUST-000890,131.22,online,utilities
TXN-00013874,CUST-005549,234.64,atm,dining
TXN-00013875,CUST-005654,59.77,card,health
TXN-00013876,CUST-002111,45.4,online,grocery
TXN-00013877,CUST-003173,43.46,online,utilities
TXN-00013878,CUST-000215,454.49,online,health
TXN-00013879,CUST-001085,482.94,online,dining
TXN-00013880,CUST-003950,96.86,card,travel
TXN-00013881,CUST-005679,16.89,card,grocery
TXN-00013882,CUST-004647,91.04,online,education
TXN-00013883,CUST-003231,103.64,online,health
TXN-00013884,CUST-002635,197.07,online,retail
TXN-00013885,CUST-002010,23.41,online,dining
TXN-00013886,CUST-004529,112.96,card,utilities
TXN-00013887,CUST-003869,2212.48,branch,travel
TXN-00013888,CUST-004026,21.27,online,travel
TXN-00013889,CUST-003658,150.55,card,dining
TXN-00013890,CUST-001771,154.42,online,travel
TXN-00013891,CUST-003051,23.83,atm,health
TXN-00013892,CUST-001243,153.07,atm,retail
TXN-00013893,CUST-005148,72.5,online,travel
TXN-00013894,CUST-003125,142.02,online,travel
TXN-00013895,CUST-004309,61.46,branch,utilities
TXN-00013896,CUST-001810,102.38,online,travel
TXN-00013897,CUST-004236,103.73,card,retail
TXN-00013898,CUST-003566,57.48,branch,health
TXN-00013899,CUST-000827,58.16,online,grocery
TXN-00013900,CUST-005919,67.79,branch,grocery
TXN-00013901,CUST-003619,51.05,atm,retail
TXN-00013902,CUST-001066,52.54,branch,education
TXN-00013903,CUST-003113,18.12,wallet,utilities
TXN-00013904,CUST-003432,35.52,card,travel
TXN-00013905,CUST-004909,14.95,branch,health
TXN-00013906,CUST-001082,209.43,online,grocery
TXN-00013907,CUST-000876,117.66,branch,health
TXN-00013908,CUST-000037,120.88,card,travel
TXN-00013909,CUST-003329,44.57,card,grocery
TXN-00013910,CUST-005901,29.8,card,dining
TXN-00013911,CUST-001645,46.24,atm,travel
TXN-00013912,CUST-004607,34.32,branch,education
TXN-00013913,CUST-005095,13.15,online,travel
TXN-00013914,CUST-001193,70.98,card,grocery
TXN-00013915,CUST-000678,38.2,card,grocery
TXN-00013916,CUST-001332,76.63,branch,dining
TXN-00013917,CUST-001828,27.39,online,travel
TXN-00013918,CUST-000281,18.38,online,utilities
TXN-00013919,CUST-005180,72.23,wallet,grocery
TXN-00013920,CUST-003461,9.09,card,grocery
TXN-00013921,CUST-005304,219.49,online,travel
TXN-00013922,CUST-005653,81.92,online,education
TXN-00013923,CUST-000402,46.72,card,education
TXN-00013924,CUST-001705,62.19,card,retail
TXN-00013925,CUST-000444,282.69,card,education
TXN-00013926,CUST-002633,62.57,online,health
TXN-00013927,CUST-003152,76.88,wallet,retail
TXN-00013928,CUST-001331,35.03,atm,utilities
TXN-00013929,CUST-002130,296.62,branch,retail
TXN-00013930,CUST-005581,107.34,online,grocery
TXN-00013931,CUST-005738,269.5,card,health
TXN-00013932,CUST-005831,9.62,branch,health
TXN-00013933,CUST-005723,23.89,online,dining
TXN-00013934,CUST-002759,75.58,card,travel
TXN-00013935,CUST-005018,158.74,atm,health
TXN-00013936,CUST-001070,207.24,online,retail
TXN-00013937,CUST-005104,73.04,online,retail
TXN-00013938,CUST-004650,30.83,card,grocery
TXN-00013939,CUST-002770,31.39,card,travel
TXN-00013940,CUST-004222,287.27,online,travel
TXN-00013941,CUST-005222,128.26,online,utilities
TXN-00013942,CUST-000763,201.65,online,education
TXN-00013943,CUST-000803,495.4,card,grocery
TXN-00013944,CUST-005466,3.38,card,utilities
TXN-00013945,CUST-001671,26.23,wallet,travel
TXN-00013946,CUST-005664,21.02,card,education
TXN-00013947,CUST-000641,8.75,branch,utilities
TXN-00013948,CUST-000483,117.13,card,grocery
TXN-00013949,CUST-003594,22.88,branch,retail
TXN-00013950,CUST-000432,36.92,branch,retail
TXN-00013951,CUST-004226,71.26,online,travel
TXN-00013952,CUST-005260,72.82,branch,travel
TXN-00013953,CUST-000626,335.22,online,retail
TXN-00013954,CUST-001444,111.65,online,utilities
TXN-00013955,CUST-002638,8.45,atm,education
TXN-00013956,CUST-002807,36.43,atm,retail
TXN-00013957,CUST-004235,31.48,wallet,education
TXN-00013958,CUST-002819,500.25,online,health
TXN-00013959,CUST-004345,311.44,card,retail
TXN-00013960,CUST-001262,66.5,atm,utilities
TXN-00013961,CUST-000132,34.2,branch,health
TXN-00013962,CUST-003185,112.59,online,dining
TXN-00013963,CUST-003958,118.86,card,travel
TXN-00013964,CUST-001170,64.82,online,travel
TXN-00013965,CUST-002887,5.93,atm,utilities
TXN-00013966,CUST-005738,44.96,card,dining
TXN-00013967,CUST-002208,41.09,atm,grocery
TXN-00013968,CUST-000167,35.93,wallet,retail
TXN-00013969,CUST-004716,12.96,online,education
TXN-00013970,CUST-003993,170.05,atm,grocery
TXN-00013971,CUST-004003,71.33,atm,travel
TXN-00013972,CUST-005565,35.04,atm,grocery
TXN-00013973,CUST-004658,18.41,online,health
TXN-00013974,CUST-003196,35.07,branch,utilities
TXN-00013975,CUST-001719,96.12,card,grocery
TXN-00013976,CUST-005453,229.19,atm,health
TXN-00013977,CUST-001791,237.12,online,travel
TXN-00013978,CUST-005008,28.7,online,health
TXN-00013979,CUST-004534,905.87,online,utilities
TXN-00013980,CUST-001050,744.03,atm,health
TXN-00013981,CUST-001969,19.37,online,health
TXN-00013982,CUST-000756,24.08,online,education
TXN-00013983,CUST-004749,62.18,online,education
TXN-00013984,CUST-002612,226.66,card,travel
TXN-00013985,CUST-000644,287.24,wallet,health
TXN-00013986,CUST-002524,114.65,card,grocery
TXN-00013987,CUST-005536,154.31,wallet,grocery
TXN-00013988,CUST-005788,82.57,online,dining
TXN-00013989,CUST-002894,108.91,card,grocery
TXN-00013990,CUST-003054,115.67,atm,health
TXN-00013991,CUST-004209,39.62,online,travel
TXN-00013992,CUST-004549,679.1,online,health
TXN-00013993,CUST-005300,226.41,card,grocery
TXN-00013994,CUST-000217,173.58,atm,health
TXN-00013995,CUST-003016,57.91,atm,health
TXN-00013996,CUST-004368,40.25,wallet,retail
TXN-00013997,CUST-000486,14.38,online,utilities
TXN-00013998,CUST-005067,55.71,atm,education
TXN-00013999,CUST-004951,93.63,wallet,travel
TXN-00014000,CUST-002300,21.56,atm,dining
TXN-00014001,CUST-002903,49.64,wallet,retail
TXN-00014002,CUST-002860,50.78,card,education
TXN-00014003,CUST-000015,157.6,online,health
TXN-00014004,CUST-003178,147.41,card,health
TXN-00014005,CUST-004646,32.83,atm,travel
TXN-00014006,CUST-001246,51.15,atm,health
TXN-00014007,CUST-001050,45.65,card,travel
TXN-00014008,CUST-002307,26.23,online,utilities
TXN-00014009,CUST-000444,43.96,card,utilities
TXN-00014010,CUST-002829,92.51,online,health
TXN-00014011,CUST-003948,15.6,card,dining
TXN-00014012,CUST-001110,119.3,card,retail
TXN-00014013,CUST-003689,28.04,online,health
TXN-00014014,CUST-005922,17.93,online,travel
TXN-00014015,CUST-000125,38.05,online,utilities
TXN-00014016,CUST-002012,61.79,card,dining
TXN-00014017,CUST-003811,114.32,atm,dining
TXN-00014018,CUST-002852,38.84,wallet,education
TXN-00014019,CUST-000369,115.64,card,education
TXN-00014020,CUST-001069,87.89,card,retail
TXN-00014021,CUST-003402,236.57,atm,dining
TXN-00014022,CUST-005707,57.11,branch,health
TXN-00014023,CUST-001536,41.46,online,grocery
TXN-00014024,CUST-004458,1032.72,card,travel
TXN-00014025,CUST-003698,197.42,online,education
TXN-00014026,CUST-000443,34.1,online,education
TXN-00014027,CUST-001895,198.1,atm,utilities
TXN-00014028,CUST-003099,556.25,atm,retail
TXN-00014029,CUST-001968,87.13,atm,retail
TXN-00014030,CUST-002445,86.43,card,dining
TXN-00014031,CUST-005202,35.85,online,travel
TXN-00014032,CUST-004778,227.3,wallet,utilities
TXN-00014033,CUST-001737,118.13,online,utilities
TXN-00014034,CUST-000826,15.25,online,health
TXN-00014035,CUST-004546,63.24,atm,health
TXN-00014036,CUST-001627,67.01,card,retail
TXN-00014037,CUST-003261,55.68,online,dining
TXN-00014038,CUST-004514,57.28,online,retail
TXN-00014039,CUST-001372,13.4,card,education
TXN-00014040,CUST-000608,615.3,atm,grocery
TXN-00014041,CUST-001298,58.37,card,utilities
TXN-00014042,CUST-004869,343.63,wallet,health
TXN-00014043,CUST-005359,46.23,branch,dining
TXN-00014044,CUST-005083,17.34,branch,grocery
TXN-00014045,CUST-001469,79.4,atm,education
TXN-00014046,CUST-001900,190.64,card,dining
TXN-00014047,CUST-004234,36.78,wallet,education
TXN-00014048,CUST-004811,234.01,atm,education
TXN-00014049,CUST-000066,44.61,atm,utilities
TXN-00014050,CUST-001244,22.14,branch,retail
TXN-00014051,CUST-005323,100.71,branch,dining
TXN-00014052,CUST-003320,297.98,wallet,grocery
TXN-00014053,CUST-005239,586.38,card,travel
TXN-00014054,CUST-000946,18.09,atm,travel
TXN-00014055,CUST-002236,37.12,card,retail
TXN-00014056,CUST-002261,41.34,online,retail
TXN-00014057,CUST-003526,46.38,online,retail
TXN-00014058,CUST-001040,87.11,card,travel
TXN-00014059,CUST-003951,689.85,atm,health
TXN-00014060,CUST-004441,707.55,card,travel
TXN-00014061,CUST-002730,1090.21,online,dining
TXN-00014062,CUST-003324,205.16,card,education
TXN-00014063,CUST-000540,68.1,card,education
TXN-00014064,CUST-000260,22.13,online,dining
TXN-00014065,CUST-003340,10.0,branch,education
TXN-00014066,CUST-005296,197.74,atm,health
TXN-00014067,CUST-000990,81.24,branch,health
TXN-00014068,CUST-004147,480.22,online,dining
TXN-00014069,CUST-002168,59.02,atm,retail
TXN-00014070,CUST-000099,304.28,card,dining
TXN-00014071,CUST-003113,230.8,card,travel
TXN-00014072,CUST-004940,5.68,card,grocery
TXN-00014073,CUST-002361,98.3,online,dining
TXN-00014074,CUST-001835,64.85,atm,education
TXN-00014075,CUST-005146,19.24,branch,utilities
TXN-00014076,CUST-000400,579.72,online,education
TXN-00014077,CUST-003274,129.61,card,retail
TXN-00014078,CUST-000801,563.51,online,education
TXN-00014079,CUST-000389,96.57,online,utilities
TXN-00014080,CUST-005717,99.78,atm,retail
TXN-00014081,CUST-004171,105.7,atm,travel
TXN-00014082,CUST-003813,89.39,card,utilities
TXN-00014083,CUST-002216,212.96,online,health
TXN-00014084,CUST-005912,92.29,branch,travel
TXN-00014085,CUST-005607,15.81,wallet,dining
TXN-00014086,CUST-005737,516.59,branch,retail
TXN-00014087,CUST-005877,30.1,card,grocery
TXN-00014088,CUST-001402,53.02,atm,utilities
TXN-00014089,CUST-005553,68.15,branch,dining
TXN-00014090,CUST-001516,13.93,card,dining
TXN-00014091,CUST-000524,60.11,card,retail
TXN-00014092,CUST-004345,39.64,atm,education
TXN-00014093,CUST-003210,113.61,card,dining
TXN-00014094,CUST-002636,219.06,branch,travel
TXN-00014095,CUST-003479,16.01,online,health
TXN-00014096,CUST-000767,38.71,online,retail
TXN-00014097,CUST-001148,54.28,card,grocery
TXN-00014098,CUST-002042,587.09,branch,health
TXN-00014099,CUST-000079,50.01,branch,grocery
TXN-00014100,CUST-000066,6.41,card,retail
TXN-00014101,CUST-001866,78.41,online,retail
TXN-00014102,CUST-001859,166.64,atm,retail
TXN-00014103,CUST-004297,29.62,card,travel
TXN-00014104,CUST-002081,26.28,wallet,education
TXN-00014105,CUST-000216,53.36,atm,dining
TXN-00014106,CUST-000721,96.08,wallet,health
TXN-00014107,CUST-003683,44.23,online,grocery
TXN-00014108,CUST-003611,231.58,branch,grocery
TXN-00014109,CUST-003428,57.63,online,retail
TXN-00014110,CUST-001581,208.21,online,grocery
TXN-00014111,CUST-000157,33.92,card,dining
TXN-00014112,CUST-005320,235.94,branch,travel
TXN-00014113,CUST-002975,23.49,branch,dining
TXN-00014114,CUST-005946,126.65,wallet,retail
TXN-00014115,CUST-005567,60.96,card,health
TXN-00014116,CUST-001271,15.34,branch,utilities
TXN-00014117,CUST-000213,128.55,card,retail
TXN-00014118,CUST-005861,140.79,atm,travel
TXN-00014119,CUST-004034,60.08,card,utilities
TXN-00014120,CUST-001517,172.04,card,health
TXN-00014121,CUST-005473,184.18,online,travel
TXN-00014122,CUST-001031,56.36,card,retail
TXN-00014123,CUST-000024,54.99,card,utilities
TXN-00014124,CUST-002878,252.05,online,education
TXN-00014125,CUST-001620,35.08,card,retail
TXN-00014126,CUST-001616,825.33,card,health
TXN-00014127,CUST-004464,42.18,online,dining
TXN-00014128,CUST-002677,378.7,atm,education
TXN-00014129,CUST-000803,42.15,online,dining
TXN-00014130,CUST-001165,27.01,atm,utilities
TXN-00014131,CUST-002734,163.67,online,education
TXN-00014132,CUST-004195,49.16,branch,grocery
TXN-00014133,CUST-004093,6.4,branch,travel
TXN-00014134,CUST-005597,197.43,atm,health
TXN-00014135,CUST-001163,132.27,atm,education
TXN-00014136,CUST-005405,12.89,online,utilities
TXN-00014137,CUST-005697,21.63,online,utilities
TXN-00014138,CUST-004488,65.36,online,travel
TXN-00014139,CUST-003417,47.91,branch,retail
TXN-00014140,CUST-004148,218.64,wallet,retail
TXN-00014141,CUST-001719,126.56,atm,utilities
TXN-00014142,CUST-005389,49.85,atm,education
TXN-00014143,CUST-004600,24.63,wallet,health
TXN-00014144,CUST-001228,18.19,card,utilities
TXN-00014145,CUST-002001,178.38,branch,retail
TXN-00014146,CUST-003895,23.83,online,dining
TXN-00014147,CUST-003688,59.25,card,education
TXN-00014148,CUST-001314,69.77,card,utilities
TXN-00014149,CUST-003691,18.62,online,dining
TXN-00014150,CUST-004429,98.38,online,education
TXN-00014151,CUST-001317,187.27,online,utilities
TXN-00014152,CUST-005331,70.91,online,dining
TXN-00014153,CUST-001955,19.96,atm,dining
TXN-00014154,CUST-002265,158.93,card,retail
TXN-00014155,CUST-002701,37.38,online,retail
TXN-00014156,CUST-002159,29.42,wallet,dining
TXN-00014157,CUST-001642,638.03,online,retail
TXN-00014158,CUST-004894,12.24,wallet,grocery
TXN-00014159,CUST-002977,22.3,card,health
TXN-00014160,CUST-003505,105.4,branch,travel
TXN-00014161,CUST-005322,63.23,card,retail
TXN-00014162,CUST-004944,91.91,card,dining
TXN-00014163,CUST-004832,90.02,card,health
TXN-00014164,CUST-002273,63.66,online,grocery
TXN-00014165,CUST-001668,215.37,online,travel
TXN-00014166,CUST-001345,170.43,atm,travel
TXN-00014167,CUST-005124,60.02,online,travel
TXN-00014168,CUST-002743,58.26,card,travel
TXN-00014169,CUST-000641,101.16,wallet,health
TXN-00014170,CUST-004209,61.77,wallet,health
TXN-00014171,CUST-003892,273.45,branch,dining
TXN-00014172,CUST-003897,193.67,card,grocery
TXN-00014173,CUST-001795,127.67,online,utilities
TXN-00014174,CUST-001303,294.86,online,dining
TXN-00014175,CUST-005870,128.14,card,retail
TXN-00014176,CUST-004386,85.56,card,retail
TXN-00014177,CUST-002552,73.56,online,grocery
TXN-00014178,CUST-000427,90.85,atm,utilities
TXN-00014179,CUST-001441,348.17,atm,grocery
TXN-00014180,CUST-005131,101.79,branch,travel
TXN-00014181,CUST-004598,20.24,card,retail
TXN-00014182,CUST-001435,38.01,card,grocery
TXN-00014183,CUST-003601,198.48,branch,travel
TXN-00014184,CUST-000338,35.88,card,health
TXN-00014185,CUST-000798,93.57,online,grocery
TXN-00014186,CUST-005615,135.69,card,dining
TXN-00014187,CUST-000613,90.59,wallet,retail
TXN-00014188,CUST-004844,66.41,online,retail
TXN-00014189,CUST-001442,29.61,atm,education
TXN-00014190,CUST-002584,148.53,online,grocery
TXN-00014191,CUST-000836,26.69,branch,grocery
TXN-00014192,CUST-004305,117.66,online,utilities
TXN-00014193,CUST-001519,9.88,online,retail
TXN-00014194,CUST-004315,34.03,card,grocery
TXN-00014195,CUST-005631,78.6,online,retail
TXN-00014196,CUST-003737,66.57,atm,retail
TXN-00014197,CUST-003189,154.34,card,retail
TXN-00014198,CUST-002182,11.49,card,grocery
TXN-00014199,CUST-003831,33.81,card,education
TXN-00014200,CUST-001937,25.93,branch,dining
TXN-00014201,CUST-000819,210.88,wallet,travel
TXN-00014202,CUST-004960,30.51,card,retail
TXN-00014203,CUST-004256,60.59,online,grocery
TXN-00014204,CUST-002036,88.99,card,health
TXN-00014205,CUST-001331,40.92,online,health
TXN-00014206,CUST-005972,123.7,online,health
TXN-00014207,CUST-005139,40.08,online,retail
TXN-00014208,CUST-005131,12.18,card,education
TXN-00014209,CUST-001554,27.69,online,retail
TXN-00014210,CUST-001855,11.54,wallet,education
TXN-00014211,CUST-000778,84.93,atm,utilities
TXN-00014212,CUST-002534,64.7,online,education
TXN-00014213,CUST-000021,55.79,card,grocery
TXN-00014214,CUST-001118,123.3,atm,health
TXN-00014215,CUST-005434,131.57,wallet,education
TXN-00014216,CUST-003346,26.99,card,retail
TXN-00014217,CUST-004048,100.9,card,education
TXN-00014218,CUST-001548,25.23,online,health
TXN-00014219,CUST-005766,14.64,branch,education
TXN-00014220,CUST-004299,237.62,online,travel
TXN-00014221,CUST-001599,64.25,card,education
TXN-00014222,CUST-003952,121.42,card,utilities
TXN-00014223,CUST-005597,21.86,atm,grocery
TXN-00014224,CUST-001459,104.67,branch,retail
TXN-00014225,CUST-004285,57.71,online,education
TXN-00014226,CUST-002058,68.86,card,utilities
TXN-00014227,CUST-002607,374.23,card,retail
TXN-00014228,CUST-005850,11.23,wallet,grocery
TXN-00014229,CUST-000550,127.84,atm,grocery
TXN-00014230,CUST-004183,235.86,online,retail
TXN-00014231,CUST-004155,121.18,card,retail
TXN-00014232,CUST-002825,211.41,branch,utilities
TXN-00014233,CUST-002816,33.19,online,utilities
TXN-00014234,CUST-002572,71.34,card,dining
TXN-00014235,CUST-004132,171.19,atm,utilities
TXN-00014236,CUST-004612,40.57,branch,travel
TXN-00014237,CUST-004525,16.99,atm,utilities
TXN-00014238,CUST-005086,771.61,branch,education
TXN-00014239,CUST-001032,142.97,card,grocery
TXN-00014240,CUST-004310,155.61,atm,utilities
TXN-00014241,CUST-002701,75.95,wallet,travel
TXN-00014242,CUST-004308,134.4,card,grocery
TXN-00014243,CUST-001731,45.52,online,grocery
TXN-00014244,CUST-000471,82.6,card,dining
TXN-00014245,CUST-001631,88.83,online,grocery
TXN-00014246,CUST-005173,110.28,card,grocery
TXN-00014247,CUST-001822,49.51,online,utilities
TXN-00014248,CUST-003997,55.58,wallet,health
TXN-00014249,CUST-005854,145.07,card,grocery
TXN-00014250,CUST-002632,102.21,wallet,health
TXN-00014251,CUST-001629,178.14,card,education
TXN-00014252,CUST-002592,22.61,atm,travel
TXN-00014253,CUST-005898,141.14,online,retail
TXN-00014254,CUST-003302,28.05,card,utilities
TXN-00014255,CUST-003487,309.16,branch,health
TXN-00014256,CUST-000706,78.84,online,retail
TXN-00014257,CUST-004696,70.69,branch,grocery
TXN-00014258,CUST-000297,89.79,online,retail
TXN-00014259,CUST-001047,107.93,card,education
TXN-00014260,CUST-000573,185.51,card,retail
TXN-00014261,CUST-004434,251.46,card,dining
TXN-00014262,CUST-001368,13.32,online,utilities
TXN-00014263,CUST-004462,58.73,branch,health
TXN-00014264,CUST-002524,46.13,card,grocery
TXN-00014265,CUST-002102,36.72,card,travel
TXN-00014266,CUST-002957,20.7,card,grocery
TXN-00014267,CUST-004593,77.47,card,retail
TXN-00014268,CUST-005874,21.42,card,retail
TXN-00014269,CUST-001217,191.97,online,health
TXN-00014270,CUST-002459,35.44,online,dining
TXN-00014271,CUST-005659,110.08,online,retail
TXN-00014272,CUST-005767,33.75,card,dining
TXN-00014273,CUST-004433,32.13,online,utilities
TXN-00014274,CUST-002417,49.88,branch,travel
TXN-00014275,CUST-001050,28.09,online,utilities
TXN-00014276,CUST-005159,219.23,card,education
TXN-00014277,CUST-001897,100.95,online,grocery
TXN-00014278,CUST-005782,155.86,atm,grocery
TXN-00014279,CUST-005775,52.47,online,grocery
TXN-00014280,CUST-003741,213.76,online,health
TXN-00014281,CUST-004752,129.48,wallet,health
TXN-00014282,CUST-000793,30.8,wallet,dining
TXN-00014283,CUST-000748,84.9,card,grocery
TXN-00014284,CUST-003277,156.08,online,education
TXN-00014285,CUST-000360,46.22,branch,dining
TXN-00014286,CUST-002911,151.03,card,education
TXN-00014287,CUST-004949,17.53,online,retail
TXN-00014288,CUST-005295,64.51,online,grocery
TXN-00014289,CUST-001419,49.07,card,retail
TXN-00014290,CUST-000156,315.22,online,utilities
TXN-00014291,CUST-001992,29.82,card,education
TXN-00014292,CUST-005797,80.31,atm,grocery
TXN-00014293,CUST-002179,298.12,branch,dining
TXN-00014294,CUST-004804,95.49,card,health
TXN-00014295,CUST-001694,31.9,card,grocery
TXN-00014296,CUST-004644,156.48,wallet,retail
TXN-00014297,CUST-000007,477.92,atm,health
TXN-00014298,CUST-004401,80.31,branch,retail
TXN-00014299,CUST-004119,382.37,branch,health
TXN-00014300,CUST-002097,131.64,branch,utilities
TXN-00014301,CUST-004724,533.18,card,health
TXN-00014302,CUST-000503,130.09,card,retail
TXN-00014303,CUST-005404,640.35,online,utilities
TXN-00014304,CUST-005975,50.35,atm,grocery
TXN-00014305,CUST-002875,89.23,card,utilities
TXN-00014306,CUST-004717,28.22,online,dining
TXN-00014307,CUST-004019,164.25,online,retail
TXN-00014308,CUST-002271,93.94,wallet,grocery
TXN-00014309,CUST-001091,150.83,online,dining
TXN-00014310,CUST-004257,130.37,card,health
TXN-00014311,CUST-002425,123.17,online,travel
TXN-00014312,CUST-000607,178.48,atm,education
TXN-00014313,CUST-004374,202.01,card,education
TXN-00014314,CUST-002967,115.95,online,grocery
TXN-00014315,CUST-005198,100.35,atm,utilities
TXN-00014316,CUST-003672,33.72,online,travel
TXN-00014317,CUST-003370,221.86,card,retail
TXN-00014318,CUST-005349,32.27,online,retail
TXN-00014319,CUST-000671,62.2,card,dining
TXN-00014320,CUST-000232,80.66,card,travel
TXN-00014321,CUST-001392,20.33,card,health
TXN-00014322,CUST-000347,21.85,online,travel
TXN-00014323,CUST-000179,36.09,online,dining
TXN-00014324,CUST-003385,124.21,card,grocery
TXN-00014325,CUST-001977,106.49,online,dining
TXN-00014326,CUST-004558,42.93,online,retail
TXN-00014327,CUST-000040,292.56,atm,dining
TXN-00014328,CUST-001486,51.57,online,grocery
TXN-00014329,CUST-000771,352.09,card,retail
TXN-00014330,CUST-002460,56.73,atm,education
TXN-00014331,CUST-002503,38.46,online,dining
TXN-00014332,CUST-002326,1064.19,card,retail
TXN-00014333,CUST-002840,9.75,card,education
TXN-00014334,CUST-004321,103.14,card,travel
TXN-00014335,CUST-000599,35.3,wallet,utilities
TXN-00014336,CUST-002829,22.13,atm,retail
TXN-00014337,CUST-004942,71.69,online,retail
TXN-00014338,CUST-000649,368.51,atm,utilities
TXN-00014339,CUST-005899,131.97,branch,health
TXN-00014340,CUST-005542,15.29,card,grocery
TXN-00014341,CUST-004040,23.07,card,health
TXN-00014342,CUST-004692,43.4,online,grocery
TXN-00014343,CUST-005555,28.83,online,education
TXN-00014344,CUST-001182,300.23,branch,travel
TXN-00014345,CUST-003203,130.65,wallet,grocery
TXN-00014346,CUST-000360,46.65,online,utilities
TXN-00014347,CUST-000146,70.24,card,retail
TXN-00014348,CUST-003762,29.37,branch,education
TXN-00014349,CUST-000088,44.22,branch,grocery
TXN-00014350,CUST-005531,22.32,online,dining
TXN-00014351,CUST-002524,82.34,card,retail
TXN-00014352,CUST-000088,49.87,atm,travel
TXN-00014353,CUST-005583,74.81,atm,grocery
TXN-00014354,CUST-003998,216.66,card,health
TXN-00014355,CUST-004828,63.89,atm,travel
TXN-00014356,CUST-004469,6.59,atm,education
TXN-00014357,CUST-004439,431.28,wallet,retail
TXN-00014358,CUST-000772,93.54,card,dining
TXN-00014359,CUST-004641,21.69,atm,utilities
TXN-00014360,CUST-003480,63.72,online,travel
TXN-00014361,CUST-002440,186.91,card,dining
TXN-00014362,CUST-000207,52.92,card,utilities
TXN-00014363,CUST-004537,69.33,branch,health
TXN-00014364,CUST-001472,62.06,branch,retail
TXN-00014365,CUST-001615,381.03,online,education
TXN-00014366,CUST-000375,853.41,branch,retail
TXN-00014367,CUST-001870,193.71,atm,education
TXN-00014368,CUST-002101,407.08,card,retail
TXN-00014369,CUST-000189,16.87,card,dining
TXN-00014370,CUST-003616,51.36,online,health
TXN-00014371,CUST-003747,32.06,online,education
TXN-00014372,CUST-000423,147.63,branch,grocery
TXN-00014373,CUST-000792,248.24,atm,grocery
TXN-00014374,CUST-005084,60.55,online,utilities
TXN-00014375,CUST-002298,56.17,online,retail
TXN-00014376,CUST-000410,82.06,online,health
TXN-00014377,CUST-001745,35.3,online,travel
TXN-00014378,CUST-004308,13.99,card,travel
TXN-00014379,CUST-003167,197.73,branch,health
TXN-00014380,CUST-003508,44.68,card,education
TXN-00014381,CUST-004640,57.53,card,utilities
TXN-00014382,CUST-001531,146.48,wallet,utilities
TXN-00014383,CUST-004910,25.66,atm,travel
TXN-00014384,CUST-002446,478.53,card,utilities
TXN-00014385,CUST-005147,120.53,card,grocery
TXN-00014386,CUST-003451,36.97,atm,dining
TXN-00014387,CUST-005256,231.76,online,retail
TXN-00014388,CUST-004245,377.98,card,health
TXN-00014389,CUST-000383,12.55,online,education
TXN-00014390,CUST-000611,2.82,card,grocery
TXN-00014391,CUST-000957,60.26,card,health
TXN-00014392,CUST-000455,75.77,online,utilities
TXN-00014393,CUST-005926,96.33,online,education
TXN-00014394,CUST-001816,340.25,wallet,education
TXN-00014395,CUST-004101,99.55,branch,retail
TXN-00014396,CUST-000106,59.37,card,utilities
TXN-00014397,CUST-003626,179.79,wallet,dining
TXN-00014398,CUST-004537,325.45,card,travel
TXN-00014399,CUST-000746,13.16,card,health
TXN-00014400,CUST-000497,259.7,online,health
TXN-00014401,CUST-001597,53.77,wallet,education
TXN-00014402,CUST-004456,224.28,wallet,utilities
TXN-00014403,CUST-000822,32.43,card,grocery
TXN-00014404,CUST-003363,30.89,atm,education
TXN-00014405,CUST-003525,162.6,card,travel
TXN-00014406,CUST-004158,236.2,branch,dining
TXN-00014407,CUST-000898,324.45,card,health
TXN-00014408,CUST-000497,16.45,online,travel
TXN-00014409,CUST-001438,109.84,wallet,education
TXN-00014410,CUST-000625,176.36,atm,dining
TXN-00014411,CUST-005546,15.74,branch,education
TXN-00014412,CUST-005370,14.82,card,health
TXN-00014413,CUST-002684,99.55,card,grocery
TXN-00014414,CUST-005074,90.18,branch,travel
TXN-00014415,CUST-002798,98.61,atm,dining
TXN-00014416,CUST-003204,47.78,card,retail
TXN-00014417,CUST-002825,43.34,card,dining
TXN-00014418,CUST-000024,483.98,card,education
TXN-00014419,CUST-005734,50.47,card,dining
TXN-00014420,CUST-000434,90.85,card,retail
TXN-00014421,CUST-004948,25.09,card,travel
TXN-00014422,CUST-000856,207.44,atm,travel
TXN-00014423,CUST-000972,75.0,online,education
TXN-00014424,CUST-002664,132.0,wallet,health
TXN-00014425,CUST-002138,330.03,online,utilities
TXN-00014426,CUST-005022,72.08,atm,retail
TXN-00014427,CUST-004941,941.62,card,travel
TXN-00014428,CUST-000038,328.7,card,travel
TXN-00014429,CUST-002725,71.22,card,health
TXN-00014430,CUST-004144,39.01,online,grocery
TXN-00014431,CUST-004654,27.02,atm,dining
TXN-00014432,CUST-004797,39.96,card,grocery
TXN-00014433,CUST-000699,17.18,branch,utilities
TXN-00014434,CUST-004453,197.95,branch,travel
TXN-00014435,CUST-003884,150.14,card,dining
TXN-00014436,CUST-001847,81.37,online,travel
TXN-00014437,CUST-001031,173.4,atm,dining
TXN-00014438,CUST-003781,69.74,branch,grocery
TXN-00014439,CUST-001213,49.63,online,travel
TXN-00014440,CUST-003254,159.03,online,education
TXN-00014441,CUST-003702,46.26,online,travel
TXN-00014442,CUST-004190,232.92,card,utilities
TXN-00014443,CUST-004303,88.58,card,education
TXN-00014444,CUST-004373,689.49,online,grocery
TXN-00014445,CUST-004533,105.39,atm,travel
TXN-00014446,CUST-005480,29.53,online,education
TXN-00014447,CUST-005055,92.77,wallet,education
TXN-00014448,CUST-005738,107.06,atm,dining
TXN-00014449,CUST-005774,67.36,card,retail
TXN-00014450,CUST-001312,170.12,card,education
TXN-00014451,CUST-004787,265.58,card,dining
TXN-00014452,CUST-005772,92.13,wallet,utilities
TXN-00014453,CUST-002239,189.82,branch,education
TXN-00014454,CUST-004652,86.08,wallet,dining
TXN-00014455,CUST-005889,38.75,online,health
TXN-00014456,CUST-003509,11.63,wallet,grocery
TXN-00014457,CUST-004711,399.0,online,education
TXN-00014458,CUST-000285,391.89,card,retail
TXN-00014459,CUST-003271,30.0,online,dining
TXN-00014460,CUST-000977,13.99,branch,travel
TXN-00014461,CUST-005210,56.83,wallet,utilities
TXN-00014462,CUST-000927,66.97,wallet,travel
TXN-00014463,CUST-004193,23.32,branch,retail
TXN-00014464,CUST-002181,50.86,card,travel
TXN-00014465,CUST-000289,297.39,branch,dining
TXN-00014466,CUST-003471,83.13,card,grocery
TXN-00014467,CUST-003335,35.3,branch,education
TXN-00014468,CUST-000284,122.09,card,grocery
TXN-00014469,CUST-004576,53.32,branch,travel
TXN-00014470,CUST-000709,28.79,card,travel
TXN-00014471,CUST-002784,14.92,card,utilities
TXN-00014472,CUST-003385,139.6,atm,grocery
TXN-00014473,CUST-004302,19.1,online,dining
TXN-00014474,CUST-001598,102.7,wallet,utilities
TXN-00014475,CUST-001925,597.53,branch,grocery
TXN-00014476,CUST-002979,172.89,card,travel
TXN-00014477,CUST-003565,88.31,online,retail
TXN-00014478,CUST-003320,310.71,online,utilities
TXN-00014479,CUST-004032,255.45,atm,utilities
TXN-00014480,CUST-003217,455.72,card,travel
TXN-00014481,CUST-001263,40.99,card,grocery
TXN-00014482,CUST-000571,28.97,branch,grocery
TXN-00014483,CUST-004941,17.06,branch,dining
TXN-00014484,CUST-003125,185.16,branch,dining
TXN-00014485,CUST-003317,231.16,card,retail
TXN-00014486,CUST-003390,6.38,atm,dining
TXN-00014487,CUST-004625,235.74,card,education
TXN-00014488,CUST-002644,114.07,card,utilities
TXN-00014489,CUST-000349,36.1,atm,travel
TXN-00014490,CUST-004458,211.97,card,education
TXN-00014491,CUST-001501,105.06,atm,utilities
TXN-00014492,CUST-000641,138.01,card,dining
TXN-00014493,CUST-002971,28.04,card,dining
TXN-00014494,CUST-004419,28.58,card,health
TXN-00014495,CUST-000698,72.98,online,utilities
TXN-00014496,CUST-005443,58.14,atm,health
TXN-00014497,CUST-000445,58.99,card,dining
TXN-00014498,CUST-004426,302.18,atm,health
TXN-00014499,CUST-000712,112.45,online,utilities
TXN-00014500,CUST-004441,38.13,card,utilities
TXN-00014501,CUST-005375,82.38,online,dining
TXN-00014502,CUST-003033,522.3,atm,utilities
TXN-00014503,CUST-004590,37.95,online,travel
TXN-00014504,CUST-005258,19.88,card,utilities
TXN-00014505,CUST-004065,62.28,atm,retail
TXN-00014506,CUST-005291,39.13,card,education
TXN-00014507,CUST-004701,100.63,card,travel
TXN-00014508,CUST-002203,70.49,card,grocery
TXN-00014509,CUST-002681,118.49,atm,grocery
TXN-00014510,CUST-003484,51.91,online,health
TXN-00014511,CUST-005696,43.17,card,retail
TXN-00014512,CUST-002411,70.25,card,dining
TXN-00014513,CUST-003411,20.47,branch,education
TXN-00014514,CUST-001344,176.8,card,travel
TXN-00014515,CUST-005679,1318.84,card,retail
TXN-00014516,CUST-000659,57.01,card,travel
TXN-00014517,CUST-003805,327.79,online,health
TXN-00014518,CUST-003000,259.91,card,utilities
TXN-00014519,CUST-001545,109.77,atm,dining
TXN-00014520,CUST-002309,16.89,online,dining
TXN-00014521,CUST-003227,18.78,card,grocery
TXN-00014522,CUST-001346,21.95,online,health
TXN-00014523,CUST-003376,16.7,wallet,dining
TXN-00014524,CUST-004254,25.41,card,travel
TXN-00014525,CUST-004936,18.6,atm,grocery
TXN-00014526,CUST-003215,53.84,card,grocery
TXN-00014527,CUST-004892,374.91,card,grocery
TXN-00014528,CUST-003501,21.87,card,health
TXN-00014529,CUST-003548,45.93,branch,travel
TXN-00014530,CUST-003666,54.08,card,utilities
TXN-00014531,CUST-001908,39.96,online,health
TXN-00014532,CUST-001169,50.34,atm,grocery
TXN-00014533,CUST-000400,147.21,card,education
TXN-00014534,CUST-003006,37.26,card,travel
TXN-00014535,CUST-002639,33.74,card,dining
TXN-00014536,CUST-003542,102.84,wallet,utilities
TXN-00014537,CUST-004217,129.8,online,retail
TXN-00014538,CUST-000754,95.76,online,grocery
TXN-00014539,CUST-005926,38.49,branch,utilities
TXN-00014540,CUST-005890,16.59,card,retail
TXN-00014541,CUST-004746,16.28,online,retail
TXN-00014542,CUST-002985,28.01,atm,education
TXN-00014543,CUST-005969,121.0,card,education
TXN-00014544,CUST-000345,135.88,online,grocery
TXN-00014545,CUST-002696,89.51,wallet,health
TXN-00014546,CUST-005826,53.29,online,retail
TXN-00014547,CUST-002619,34.04,card,education
TXN-00014548,CUST-004637,26.59,card,grocery
TXN-00014549,CUST-003379,62.28,online,travel
TXN-00014550,CUST-003682,80.04,card,travel
TXN-00014551,CUST-005302,82.23,atm,retail
TXN-00014552,CUST-002980,44.78,online,health
TXN-00014553,CUST-001310,55.64,branch,travel
TXN-00014554,CUST-003895,86.53,online,travel
TXN-00014555,CUST-001989,79.12,online,grocery
TXN-00014556,CUST-003980,49.42,card,health
TXN-00014557,CUST-004055,72.77,card,dining
TXN-00014558,CUST-002876,437.53,atm,retail
TXN-00014559,CUST-004370,17.62,online,utilities
TXN-00014560,CUST-001820,173.88,card,grocery
TXN-00014561,CUST-001065,85.03,online,dining
TXN-00014562,CUST-000188,56.03,card,education
TXN-00014563,CUST-004744,69.38,atm,grocery
TXN-00014564,CUST-005367,18.16,card,grocery
TXN-00014565,CUST-003985,20.47,online,travel
TXN-00014566,CUST-000315,67.33,online,health
TXN-00014567,CUST-003068,487.09,online,education
TXN-00014568,CUST-003489,30.78,online,retail
TXN-00014569,CUST-003933,64.47,atm,travel
TXN-00014570,CUST-002270,180.66,online,retail
TXN-00014571,CUST-005733,24.03,card,utilities
TXN-00014572,CUST-000229,41.61,online,travel
TXN-00014573,CUST-003063,66.9,online,grocery
TXN-00014574,CUST-004453,54.63,online,education
TXN-00014575,CUST-003229,162.62,card,travel
TXN-00014576,CUST-001564,338.21,card,utilities
TXN-00014577,CUST-000637,26.78,card,health
TXN-00014578,CUST-004032,55.06,wallet,grocery
TXN-00014579,CUST-004376,196.24,online,education
TXN-00014580,CUST-002747,646.56,card,health
TXN-00014581,CUST-002780,200.9,wallet,utilities
TXN-00014582,CUST-004906,76.49,atm,health
TXN-00014583,CUST-005760,178.0,wallet,utilities
TXN-00014584,CUST-003770,62.07,atm,dining
TXN-00014585,CUST-001694,217.45,online,health
TXN-00014586,CUST-002141,67.41,online,health
TXN-00014587,CUST-005473,50.96,online,health
TXN-00014588,CUST-004260,115.81,card,education
TXN-00014589,CUST-001739,44.78,card,travel
TXN-00014590,CUST-004131,243.12,branch,dining
TXN-00014591,CUST-000283,270.52,card,utilities
TXN-00014592,CUST-002782,100.83,card,travel
TXN-00014593,CUST-002728,135.68,atm,education
TXN-00014594,CUST-004982,101.28,atm,health
TXN-00014595,CUST-001705,20.09,card,grocery
TXN-00014596,CUST-005572,170.87,card,education
TXN-00014597,CUST-001057,13.27,card,retail
TXN-00014598,CUST-001896,246.37,card,utilities
TXN-00014599,CUST-004839,60.17,online,retail
TXN-00014600,CUST-001154,27.17,branch,utilities
TXN-00014601,CUST-000599,77.21,card,education
TXN-00014602,CUST-001561,188.15,branch,travel
TXN-00014603,CUST-005401,236.29,branch,travel
TXN-00014604,CUST-001907,224.95,atm,travel
TXN-00014605,CUST-001748,34.88,online,retail
TXN-00014606,CUST-002730,27.94,wallet,utilities
TXN-00014607,CUST-000913,54.79,online,travel
TXN-00014608,CUST-000246,66.08,branch,health
TXN-00014609,CUST-001274,71.97,branch,grocery
TXN-00014610,CUST-000800,18.24,card,health
TXN-00014611,CUST-002995,74.41,online,health
TXN-00014612,CUST-002609,140.52,online,travel
TXN-00014613,CUST-003877,46.69,atm,health
TXN-00014614,CUST-003860,76.58,card,grocery
TXN-00014615,CUST-002011,223.88,online,health
TXN-00014616,CUST-005154,19.83,branch,education
TXN-00014617,CUST-005187,108.91,card,retail
TXN-00014618,CUST-000591,11.94,atm,education
TXN-00014619,CUST-004847,21.51,online,travel
TXN-00014620,CUST-000416,402.7,card,grocery
TXN-00014621,CUST-001047,35.4,card,travel
TXN-00014622,CUST-002557,90.2,wallet,education
TXN-00014623,CUST-004802,16.82,branch,education
TXN-00014624,CUST-000560,55.06,online,retail
TXN-00014625,CUST-004491,110.44,wallet,travel
TXN-00014626,CUST-000945,149.54,card,grocery
TXN-00014627,CUST-002358,128.44,online,utilities
TXN-00014628,CUST-000585,60.81,online,dining
TXN-00014629,CUST-004259,167.08,card,grocery
TXN-00014630,CUST-002505,93.19,card,travel
TXN-00014631,CUST-004267,14.29,card,utilities
TXN-00014632,CUST-003451,57.96,card,travel
TXN-00014633,CUST-000714,26.51,branch,education
TXN-00014634,CUST-002924,25.37,atm,dining
TXN-00014635,CUST-001350,72.62,atm,travel
TXN-00014636,CUST-003495,28.16,branch,grocery
TXN-00014637,CUST-005398,125.0,wallet,dining
TXN-00014638,CUST-005124,140.75,branch,retail
TXN-00014639,CUST-002830,5.93,wallet,utilities
TXN-00014640,CUST-003848,201.91,online,travel
TXN-00014641,CUST-003326,71.33,online,health
TXN-00014642,CUST-001193,116.52,card,retail
TXN-00014643,CUST-004423,193.61,online,travel
TXN-00014644,CUST-002025,22.21,card,retail
TXN-00014645,CUST-005473,75.61,wallet,travel
TXN-00014646,CUST-003324,138.47,online,education
TXN-00014647,CUST-005087,82.27,card,dining
TXN-00014648,CUST-003481,372.21,branch,education
TXN-00014649,CUST-002661,32.05,card,travel
TXN-00014650,CUST-004533,75.67,branch,dining
TXN-00014651,CUST-002253,71.85,card,dining
TXN-00014652,CUST-003322,403.49,branch,grocery
TXN-00014653,CUST-003060,115.01,atm,education
TXN-00014654,CUST-003296,75.79,atm,travel
TXN-00014655,CUST-005425,632.62,online,dining
TXN-00014656,CUST-000404,173.56,online,retail
TXN-00014657,CUST-004841,43.5,wallet,travel
TXN-00014658,CUST-002369,68.48,card,health
TXN-00014659,CUST-004486,176.2,card,retail
TXN-00014660,CUST-000666,32.9,card,grocery
TXN-00014661,CUST-004708,177.4,atm,travel
TXN-00014662,CUST-002468,266.45,card,dining
TXN-00014663,CUST-005600,135.61,online,utilities
TXN-00014664,CUST-001696,42.6,card,travel
TXN-00014665,CUST-002121,54.43,wallet,health
TXN-00014666,CUST-004111,145.77,online,education
TXN-00014667,CUST-000642,114.43,online,grocery
TXN-00014668,CUST-000633,857.09,card,grocery
TXN-00014669,CUST-002035,34.5,online,retail
TXN-00014670,CUST-003598,143.67,online,retail
TXN-00014671,CUST-003892,58.69,card,retail
TXN-00014672,CUST-005420,7.19,card,travel
TXN-00014673,CUST-004474,274.6,branch,travel
TXN-00014674,CUST-002216,59.82,online,education
TXN-00014675,CUST-000362,284.51,online,grocery
TXN-00014676,CUST-001667,175.62,card,dining
TXN-00014677,CUST-000059,172.67,branch,grocery
TXN-00014678,CUST-004380,53.79,online,utilities
TXN-00014679,CUST-001756,44.48,atm,education
TXN-00014680,CUST-005312,649.55,atm,travel
TXN-00014681,CUST-004843,113.03,online,travel
TXN-00014682,CUST-005397,627.22,online,grocery
TXN-00014683,CUST-004113,80.11,online,education
TXN-00014684,CUST-004573,123.45,atm,health
TXN-00014685,CUST-005444,146.66,online,travel
TXN-00014686,CUST-002297,252.13,branch,grocery
TXN-00014687,CUST-000594,8.24,branch,grocery
TXN-00014688,CUST-001598,52.42,atm,travel
TXN-00014689,CUST-002100,141.75,branch,grocery
TXN-00014690,CUST-003259,371.03,online,dining
TXN-00014691,CUST-003650,200.78,atm,dining
TXN-00014692,CUST-003725,53.55,card,health
TXN-00014693,CUST-002560,126.08,online,retail
TXN-00014694,CUST-000119,1214.01,card,utilities
TXN-00014695,CUST-002847,102.97,wallet,education
TXN-00014696,CUST-001943,65.26,online,dining
TXN-00014697,CUST-002024,177.64,card,utilities
TXN-00014698,CUST-002202,68.89,card,health
TXN-00014699,CUST-003116,108.1,online,grocery
TXN-00014700,CUST-002549,136.94,atm,dining
TXN-00014701,CUST-004671,46.31,online,travel
TXN-00014702,CUST-000572,46.85,card,retail
TXN-00014703,CUST-002786,556.75,online,retail
TXN-00014704,CUST-005484,27.52,card,grocery
TXN-00014705,CUST-000669,30.13,branch,travel
TXN-00014706,CUST-005660,92.11,atm,retail
TXN-00014707,CUST-002495,32.68,card,dining
TXN-00014708,CUST-005139,147.86,card,travel
TXN-00014709,CUST-005002,108.15,online,grocery
TXN-00014710,CUST-005026,173.05,wallet,grocery
TXN-00014711,CUST-003869,261.58,atm,dining
TXN-00014712,CUST-000770,123.7,online,education
TXN-00014713,CUST-003375,262.67,card,retail
TXN-00014714,CUST-004836,13.44,card,utilities
TXN-00014715,CUST-004672,79.13,card,health
TXN-00014716,CUST-002133,13.25,card,grocery
TXN-00014717,CUST-005927,112.94,branch,travel
TXN-00014718,CUST-000953,311.63,card,education
TXN-00014719,CUST-000317,22.22,online,retail
TXN-00014720,CUST-004014,11.53,card,grocery
TXN-00014721,CUST-000889,39.59,atm,utilities
TXN-00014722,CUST-004750,182.05,atm,education
TXN-00014723,CUST-005583,97.68,wallet,health
TXN-00014724,CUST-001499,45.32,atm,grocery
TXN-00014725,CUST-004038,99.43,card,utilities
TXN-00014726,CUST-001128,17.83,card,grocery
TXN-00014727,CUST-002033,94.72,card,dining
TXN-00014728,CUST-000722,39.22,online,education
TXN-00014729,CUST-004705,179.93,atm,retail
TXN-00014730,CUST-004496,18.97,atm,grocery
TXN-00014731,CUST-001577,85.59,online,grocery
TXN-00014732,CUST-003078,57.85,online,health
TXN-00014733,CUST-002160,225.6,wallet,retail
TXN-00014734,CUST-004505,36.25,online,travel
TXN-00014735,CUST-005719,10.54,atm,education
TXN-00014736,CUST-002133,145.49,online,education
TXN-00014737,CUST-004610,21.97,branch,dining
TXN-00014738,CUST-002720,67.94,card,grocery
TXN-00014739,CUST-000725,113.97,card,health
TXN-00014740,CUST-000208,8.11,card,health
TXN-00014741,CUST-002176,24.89,online,grocery
TXN-00014742,CUST-003457,226.32,atm,education
TXN-00014743,CUST-000837,199.72,card,dining
TXN-00014744,CUST-004057,68.57,online,travel
TXN-00014745,CUST-002521,25.94,branch,dining
TXN-00014746,CUST-005593,1069.75,online,retail
TXN-00014747,CUST-000318,106.92,online,grocery
TXN-00014748,CUST-005727,180.51,atm,health
TXN-00014749,CUST-002962,40.21,wallet,travel
TXN-00014750,CUST-001549,26.25,wallet,grocery
TXN-00014751,CUST-002598,217.56,card,dining
TXN-00014752,CUST-003253,62.98,online,dining
TXN-00014753,CUST-001614,96.25,online,utilities
TXN-00014754,CUST-003737,64.0,card,health
TXN-00014755,CUST-001087,326.63,card,dining
TXN-00014756,CUST-001334,62.57,online,travel
TXN-00014757,CUST-005904,129.56,online,education
TXN-00014758,CUST-001110,88.69,card,travel
TXN-00014759,CUST-004041,17.67,online,retail
TXN-00014760,CUST-001177,32.73,wallet,education
TXN-00014761,CUST-003069,101.3,card,grocery
TXN-00014762,CUST-003368,49.89,wallet,dining
TXN-00014763,CUST-004200,58.6,wallet,education
TXN-00014764,CUST-005895,330.93,online,retail
TXN-00014765,CUST-001236,54.93,card,travel
TXN-00014766,CUST-001118,663.6,card,health
TXN-00014767,CUST-000584,59.47,atm,education
TXN-00014768,CUST-005097,41.49,online,retail
TXN-00014769,CUST-004983,347.51,card,travel
TXN-00014770,CUST-000060,100.82,online,education
TXN-00014771,CUST-002825,302.12,online,utilities
TXN-00014772,CUST-004283,23.1,card,education
TXN-00014773,CUST-000938,9.66,branch,utilities
TXN-00014774,CUST-002716,5.43,online,utilities
TXN-00014775,CUST-003874,17.5,card,dining
TXN-00014776,CUST-000098,19.01,card,travel
TXN-00014777,CUST-005266,127.99,card,education
TXN-00014778,CUST-005570,60.58,online,travel
TXN-00014779,CUST-000089,53.37,online,dining
TXN-00014780,CUST-000288,20.1,online,utilities
TXN-00014781,CUST-000099,179.25,online,dining
TXN-00014782,CUST-001882,149.23,online,health
TXN-00014783,CUST-002843,14.81,card,utilities
TXN-00014784,CUST-000183,50.8,online,grocery
TXN-00014785,CUST-003436,32.77,online,education
TXN-00014786,CUST-005755,424.88,card,travel
TXN-00014787,CUST-004981,91.92,wallet,education
TXN-00014788,CUST-003911,72.89,card,dining
TXN-00014789,CUST-003960,90.98,card,education
TXN-00014790,CUST-000765,89.3,atm,education
TXN-00014791,CUST-000315,96.88,atm,grocery
TXN-00014792,CUST-004191,8.82,atm,education
TXN-00014793,CUST-002171,73.87,atm,utilities
TXN-00014794,CUST-005883,1381.01,card,grocery
TXN-00014795,CUST-004050,28.28,card,dining
TXN-00014796,CUST-003117,186.76,card,dining
TXN-00014797,CUST-003080,135.55,branch,dining
TXN-00014798,CUST-001559,66.79,branch,education
TXN-00014799,CUST-005058,28.8,card,dining
TXN-00014800,CUST-003496,126.64,atm,travel
TXN-00014801,CUST-001982,50.41,atm,travel
TXN-00014802,CUST-003697,66.54,card,dining
TXN-00014803,CUST-004744,114.44,card,dining
TXN-00014804,CUST-002912,28.47,atm,education
TXN-00014805,CUST-001928,50.86,atm,utilities
TXN-00014806,CUST-005322,150.27,wallet,travel
TXN-00014807,CUST-000452,71.0,card,dining
TXN-00014808,CUST-003480,11.86,card,grocery
TXN-00014809,CUST-004153,109.05,card,dining
TXN-00014810,CUST-004145,131.19,branch,travel
TXN-00014811,CUST-003848,145.86,atm,dining
TXN-00014812,CUST-004229,59.72,online,travel
TXN-00014813,CUST-004303,28.36,card,utilities
TXN-00014814,CUST-002641,21.59,online,education
TXN-00014815,CUST-004030,49.7,branch,retail
TXN-00014816,CUST-002245,152.62,atm,grocery
TXN-00014817,CUST-002268,36.52,card,utilities
TXN-00014818,CUST-004248,449.0,atm,travel
TXN-00014819,CUST-005128,40.84,branch,dining
TXN-00014820,CUST-000889,298.63,online,utilities
TXN-00014821,CUST-002206,109.96,wallet,retail
TXN-00014822,CUST-003395,43.23,online,utilities
TXN-00014823,CUST-002336,22.86,card,retail
TXN-00014824,CUST-002303,122.62,card,utilities
TXN-00014825,CUST-000325,64.54,online,retail
TXN-00014826,CUST-002469,34.91,card,travel
TXN-00014827,CUST-005262,77.8,online,grocery
TXN-00014828,CUST-005068,92.94,card,dining
TXN-00014829,CUST-004809,30.25,wallet,dining
TXN-00014830,CUST-001170,81.86,card,retail
TXN-00014831,CUST-000066,8.26,card,grocery
TXN-00014832,CUST-002073,18.93,card,utilities
TXN-00014833,CUST-001524,183.85,branch,grocery
TXN-00014834,CUST-003512,49.81,branch,education
TXN-00014835,CUST-004152,141.08,card,education
TXN-00014836,CUST-001807,125.45,atm,dining
TXN-00014837,CUST-001377,191.62,online,dining
TXN-00014838,CUST-005539,143.9,atm,grocery
TXN-00014839,CUST-000576,175.03,atm,dining
TXN-00014840,CUST-003100,16.55,wallet,utilities
TXN-00014841,CUST-003679,372.5,card,travel
TXN-00014842,CUST-002456,132.23,atm,retail
TXN-00014843,CUST-002051,880.81,online,health
TXN-00014844,CUST-003905,62.2,online,retail
TXN-00014845,CUST-003113,31.21,online,travel
TXN-00014846,CUST-003300,227.01,branch,education
TXN-00014847,CUST-001355,171.43,branch,dining
TXN-00014848,CUST-001343,13.16,branch,grocery
TXN-00014849,CUST-003568,67.94,wallet,utilities
TXN-00014850,CUST-001716,39.01,online,travel
TXN-00014851,CUST-001026,43.86,atm,health
TXN-00014852,CUST-005530,78.86,wallet,education
TXN-00014853,CUST-001724,29.11,branch,health
TXN-00014854,CUST-002930,216.96,online,dining
TXN-00014855,CUST-002929,32.94,card,retail
TXN-00014856,CUST-002096,32.92,online,grocery
TXN-00014857,CUST-003275,20.65,card,grocery
TXN-00014858,CUST-005697,99.33,atm,dining
TXN-00014859,CUST-003731,22.64,online,retail
TXN-00014860,CUST-003698,129.55,card,education
TXN-00014861,CUST-002998,222.63,card,health
TXN-00014862,CUST-004152,44.24,card,dining
TXN-00014863,CUST-000018,312.63,branch,education
TXN-00014864,CUST-001658,55.51,online,travel
TXN-00014865,CUST-000061,233.54,online,education
TXN-00014866,CUST-001205,167.54,wallet,utilities
TXN-00014867,CUST-000944,38.86,branch,travel
TXN-00014868,CUST-002742,81.83,wallet,retail
TXN-00014869,CUST-005710,92.53,wallet,education
TXN-00014870,CUST-002489,30.38,atm,grocery
TXN-00014871,CUST-004708,24.3,card,grocery
TXN-00014872,CUST-004731,41.41,wallet,travel
TXN-00014873,CUST-002994,36.03,branch,dining
TXN-00014874,CUST-001342,6.23,branch,utilities
TXN-00014875,CUST-001834,638.22,online,utilities
TXN-00014876,CUST-003609,45.51,card,health
TXN-00014877,CUST-000204,268.31,card,travel
TXN-00014878,CUST-002733,132.7,online,travel
TXN-00014879,CUST-002976,34.54,card,utilities
TXN-00014880,CUST-004402,168.1,atm,retail
TXN-00014881,CUST-005219,31.29,online,grocery
TXN-00014882,CUST-005650,508.83,online,retail
TXN-00014883,CUST-004126,38.22,atm,retail
TXN-00014884,CUST-001025,34.34,online,retail
TXN-00014885,CUST-003053,245.58,online,health
TXN-00014886,CUST-005102,69.06,online,education
TXN-00014887,CUST-001281,364.06,card,education
TXN-00014888,CUST-004814,30.45,branch,dining
TXN-00014889,CUST-000150,595.38,atm,retail
TXN-00014890,CUST-004049,23.06,card,health
TXN-00014891,CUST-004621,125.18,card,grocery
TXN-00014892,CUST-000902,36.57,wallet,education
TXN-00014893,CUST-002925,70.16,online,utilities
TXN-00014894,CUST-004434,266.23,card,education
TXN-00014895,CUST-002809,33.52,wallet,grocery
TXN-00014896,CUST-002275,430.29,card,health
TXN-00014897,CUST-005610,156.12,branch,health
TXN-00014898,CUST-005820,11.34,card,dining
TXN-00014899,CUST-002478,52.16,wallet,grocery
TXN-00014900,CUST-002641,83.45,card,travel
TXN-00014901,CUST-003108,88.75,branch,dining
TXN-00014902,CUST-000913,27.32,wallet,travel
TXN-00014903,CUST-003953,39.87,online,retail
TXN-00014904,CUST-004612,21.28,card,retail
TXN-00014905,CUST-003680,342.52,card,retail
TXN-00014906,CUST-004701,12.75,online,retail
TXN-00014907,CUST-003765,13.02,card,utilities
TXN-00014908,CUST-002579,31.44,wallet,retail
TXN-00014909,CUST-001696,41.03,card,dining
TXN-00014910,CUST-004843,38.53,branch,grocery
TXN-00014911,CUST-004166,57.94,online,grocery
TXN-00014912,CUST-003796,231.52,online,dining
TXN-00014913,CUST-001068,31.21,card,retail
TXN-00014914,CUST-004024,40.58,online,health
TXN-00014915,CUST-001749,146.8,atm,education
TXN-00014916,CUST-002205,362.6,online,dining
TXN-00014917,CUST-005918,163.38,card,utilities
TXN-00014918,CUST-001291,8.25,online,dining
TXN-00014919,CUST-005098,78.71,branch,health
TXN-00014920,CUST-000775,270.49,online,retail
TXN-00014921,CUST-000659,9.53,card,health
TXN-00014922,CUST-004567,74.55,online,dining
TXN-00014923,CUST-003952,53.63,online,dining
TXN-00014924,CUST-005801,602.65,card,grocery
TXN-00014925,CUST-005106,104.87,online,retail
TXN-00014926,CUST-003442,132.53,wallet,grocery
TXN-00014927,CUST-004609,234.15,wallet,travel
TXN-00014928,CUST-002714,4.58,online,utilities
TXN-00014929,CUST-000445,128.97,atm,travel
TXN-00014930,CUST-000153,34.38,online,retail
TXN-00014931,CUST-001660,23.9,card,dining
TXN-00014932,CUST-005406,48.8,online,travel
TXN-00014933,CUST-000672,58.45,online,retail
TXN-00014934,CUST-005391,102.54,branch,health
TXN-00014935,CUST-001872,174.83,card,dining
TXN-00014936,CUST-002487,338.77,atm,dining
TXN-00014937,CUST-003854,33.44,card,utilities
TXN-00014938,CUST-004367,71.88,online,retail
TXN-00014939,CUST-000920,5.0,card,education
TXN-00014940,CUST-004413,30.23,card,travel
TXN-00014941,CUST-004644,112.05,wallet,health
TXN-00014942,CUST-000552,158.89,atm,utilities
TXN-00014943,CUST-005197,1117.27,online,retail
TXN-00014944,CUST-003279,59.36,branch,grocery
TXN-00014945,CUST-004118,32.88,card,utilities
TXN-00014946,CUST-001634,64.85,card,grocery
TXN-00014947,CUST-004378,59.68,card,retail
TXN-00014948,CUST-004037,25.83,card,grocery
TXN-00014949,CUST-000510,118.67,atm,education
TXN-00014950,CUST-001043,18.97,online,grocery
TXN-00014951,CUST-004586,117.7,online,retail
TXN-00014952,CUST-004456,85.59,atm,health
TXN-00014953,CUST-001557,100.89,wallet,utilities
TXN-00014954,CUST-002799,146.84,wallet,grocery
TXN-00014955,CUST-004549,330.02,online,dining
TXN-00014956,CUST-004907,77.99,card,retail
TXN-00014957,CUST-001093,77.62,atm,utilities
TXN-00014958,CUST-004718,104.06,online,travel
TXN-00014959,CUST-002525,52.24,online,utilities
TXN-00014960,CUST-004087,235.73,branch,grocery
TXN-00014961,CUST-000470,19.4,atm,utilities
TXN-00014962,CUST-000244,114.44,card,health
TXN-00014963,CUST-002381,55.46,online,dining
TXN-00014964,CUST-004631,132.65,branch,education
TXN-00014965,CUST-004508,33.1,card,dining
TXN-00014966,CUST-003664,656.12,online,health
TXN-00014967,CUST-004818,141.48,card,retail
TXN-00014968,CUST-000786,55.39,card,health
TXN-00014969,CUST-003123,92.85,branch,utilities
TXN-00014970,CUST-001904,84.53,card,education
TXN-00014971,CUST-002583,122.38,card,dining
TXN-00014972,CUST-005983,76.51,branch,grocery
TXN-00014973,CUST-003633,237.77,wallet,retail
TXN-00014974,CUST-005412,4.71,online,retail
TXN-00014975,CUST-005942,38.8,card,health
TXN-00014976,CUST-001850,78.93,wallet,retail
TXN-00014977,CUST-004224,18.11,wallet,dining
TXN-00014978,CUST-002994,115.12,atm,health
TXN-00014979,CUST-002790,184.63,card,retail
TXN-00014980,CUST-000245,502.75,card,grocery
TXN-00014981,CUST-003416,192.2,atm,grocery
TXN-00014982,CUST-005910,122.84,card,utilities
TXN-00014983,CUST-003870,140.85,online,grocery
TXN-00014984,CUST-005801,49.15,card,education
TXN-00014985,CUST-001217,42.83,card,retail
TXN-00014986,CUST-000692,79.21,online,education
TXN-00014987,CUST-000575,137.88,online,utilities
TXN-00014988,CUST-002070,31.19,branch,travel
TXN-00014989,CUST-001106,191.6,wallet,education
TXN-00014990,CUST-000360,108.03,atm,travel
TXN-00014991,CUST-005383,108.45,branch,travel
TXN-00014992,CUST-004854,35.36,card,travel
TXN-00014993,CUST-004168,94.82,wallet,travel
TXN-00014994,CUST-002788,298.84,card,dining
TXN-00014995,CUST-000591,204.33,card,health
TXN-00014996,CUST-005684,108.72,online,retail
TXN-00014997,CUST-005935,37.86,card,health
TXN-00014998,CUST-000839,52.09,card,grocery
TXN-00014999,CUST-003994,74.52,card,retail
TXN-00015000,CUST-000475,54.46,atm,travel
TXN-00015001,CUST-001147,184.85,online,health
TXN-00015002,CUST-005562,12.98,online,travel
TXN-00015003,CUST-002289,34.43,branch,travel
TXN-00015004,CUST-005557,88.92,atm,retail
TXN-00015005,CUST-004132,27.05,online,health
TXN-00015006,CUST-005124,26.4,card,travel
TXN-00015007,CUST-000304,154.99,online,retail
TXN-00015008,CUST-001655,46.15,branch,health
TXN-00015009,CUST-001607,24.0,branch,travel
TXN-00015010,CUST-005996,41.68,online,grocery
TXN-00015011,CUST-003571,38.02,atm,utilities
TXN-00015012,CUST-000795,383.51,card,grocery
TXN-00015013,CUST-005141,22.33,card,grocery
TXN-00015014,CUST-002691,134.7,wallet,utilities
TXN-00015015,CUST-000400,234.6,online,dining
TXN-00015016,CUST-001933,62.5,card,utilities
TXN-00015017,CUST-005659,20.05,atm,health
TXN-00015018,CUST-004998,268.28,online,travel
TXN-00015019,CUST-001440,76.68,card,grocery
TXN-00015020,CUST-004607,87.55,card,dining
TXN-00015021,CUST-005690,26.7,card,retail
TXN-00015022,CUST-002695,73.98,online,travel
TXN-00015023,CUST-004706,29.8,atm,grocery
TXN-00015024,CUST-003592,8.03,online,grocery
TXN-00015025,CUST-005152,18.29,online,dining
TXN-00015026,CUST-005342,12.08,atm,travel
TXN-00015027,CUST-001699,88.32,online,utilities
TXN-00015028,CUST-000489,38.18,branch,utilities
TXN-00015029,CUST-005357,308.58,atm,utilities
TXN-00015030,CUST-005579,130.77,branch,utilities
TXN-00015031,CUST-001112,97.31,atm,grocery
TXN-00015032,CUST-005808,410.67,wallet,travel
TXN-00015033,CUST-000338,17.18,card,education
TXN-00015034,CUST-000930,630.21,online,utilities
TXN-00015035,CUST-003364,29.15,online,retail
TXN-00015036,CUST-005009,260.24,branch,grocery
TXN-00015037,CUST-005921,17.43,online,travel
TXN-00015038,CUST-000811,92.73,atm,utilities
TXN-00015039,CUST-004348,294.87,online,retail
TXN-00015040,CUST-002325,131.33,wallet,education
TXN-00015041,CUST-004636,80.7,card,utilities
TXN-00015042,CUST-002724,520.12,atm,dining
TXN-00015043,CUST-000869,22.18,card,dining
TXN-00015044,CUST-003807,79.1,wallet,travel
TXN-00015045,CUST-002738,21.98,atm,dining
TXN-00015046,CUST-002701,65.45,card,dining
TXN-00015047,CUST-003234,28.76,online,health
TXN-00015048,CUST-001590,64.36,online,education
TXN-00015049,CUST-005682,33.81,branch,travel
TXN-00015050,CUST-002357,36.41,branch,dining
TXN-00015051,CUST-001969,57.91,card,retail
TXN-00015052,CUST-004695,130.52,card,utilities
TXN-00015053,CUST-004988,44.9,card,education
TXN-00015054,CUST-000618,46.44,card,grocery
TXN-00015055,CUST-000349,36.66,branch,travel
TXN-00015056,CUST-003000,57.57,online,retail
TXN-00015057,CUST-005217,7.02,online,dining
TXN-00015058,CUST-004256,41.8,atm,dining
TXN-00015059,CUST-004042,117.61,online,retail
TXN-00015060,CUST-000088,14.6,atm,health
TXN-00015061,CUST-005540,95.57,online,travel
TXN-00015062,CUST-003141,301.35,wallet,utilities
TXN-00015063,CUST-004638,85.16,atm,health
TXN-00015064,CUST-000711,63.8,branch,retail
TXN-00015065,CUST-005887,211.91,wallet,health
TXN-00015066,CUST-001008,85.81,atm,grocery
TXN-00015067,CUST-003024,240.6,branch,retail
TXN-00015068,CUST-001149,44.41,card,dining
TXN-00015069,CUST-003139,372.99,card,education
TXN-00015070,CUST-005527,71.24,online,health
TXN-00015071,CUST-000299,148.89,online,dining
TXN-00015072,CUST-002029,85.53,online,grocery
TXN-00015073,CUST-002406,222.86,online,utilities
TXN-00015074,CUST-005068,429.14,online,education
TXN-00015075,CUST-000541,57.59,branch,retail
TXN-00015076,CUST-005895,32.04,card,travel
TXN-00015077,CUST-005460,10.98,atm,utilities
TXN-00015078,CUST-002414,78.3,atm,retail
TXN-00015079,CUST-004700,75.52,online,grocery
TXN-00015080,CUST-005514,320.21,online,health
TXN-00015081,CUST-002009,113.39,online,health
TXN-00015082,CUST-004983,10.39,online,travel
TXN-00015083,CUST-003566,42.58,atm,dining
TXN-00015084,CUST-003108,52.72,branch,education
TXN-00015085,CUST-002928,69.46,online,health
TXN-00015086,CUST-005085,130.06,atm,education
TXN-00015087,CUST-000935,44.08,card,grocery
TXN-00015088,CUST-003201,171.09,atm,health
TXN-00015089,CUST-004937,311.79,online,grocery
TXN-00015090,CUST-000792,30.06,card,health
TXN-00015091,CUST-004408,904.54,online,education
TXN-00015092,CUST-005962,165.3,online,travel
TXN-00015093,CUST-000834,48.81,atm,health
TXN-00015094,CUST-001563,35.27,card,education
TXN-00015095,CUST-003832,172.79,branch,travel
TXN-00015096,CUST-004858,304.88,card,travel
TXN-00015097,CUST-002515,89.3,card,education
TXN-00015098,CUST-000111,268.95,card,utilities
TXN-00015099,CUST-001620,423.88,online,retail
TXN-00015100,CUST-000641,312.0,card,travel
TXN-00015101,CUST-005316,308.18,atm,retail
TXN-00015102,CUST-002717,65.49,card,retail
TXN-00015103,CUST-004793,50.62,online,education
TXN-00015104,CUST-004153,50.23,branch,education
TXN-00015105,CUST-005162,48.91,online,grocery
TXN-00015106,CUST-002901,41.96,card,dining
TXN-00015107,CUST-003953,18.58,card,dining
TXN-00015108,CUST-003890,590.86,online,dining
TXN-00015109,CUST-002172,37.52,wallet,dining
TXN-00015110,CUST-003142,57.95,card,retail
TXN-00015111,CUST-004534,69.08,card,education
TXN-00015112,CUST-002304,66.41,wallet,travel
TXN-00015113,CUST-005736,56.08,card,health
TXN-00015114,CUST-005080,110.13,wallet,grocery
TXN-00015115,CUST-002723,107.38,branch,dining
TXN-00015116,CUST-000221,111.72,card,dining
TXN-00015117,CUST-002573,44.32,branch,retail
TXN-00015118,CUST-004605,42.42,card,travel
TXN-00015119,CUST-001643,299.78,branch,utilities
TXN-00015120,CUST-004658,134.87,card,grocery
TXN-00015121,CUST-005178,144.23,card,travel
TXN-00015122,CUST-001684,82.41,card,health
TXN-00015123,CUST-000421,52.23,online,grocery
TXN-00015124,CUST-000269,311.3,card,health
TXN-00015125,CUST-001137,160.96,atm,dining
TXN-00015126,CUST-001666,348.71,atm,retail
TXN-00015127,CUST-005017,40.16,branch,retail
TXN-00015128,CUST-003933,99.98,card,health
TXN-00015129,CUST-004671,96.67,card,health
TXN-00015130,CUST-005276,91.74,atm,dining
TXN-00015131,CUST-004243,231.52,wallet,health
TXN-00015132,CUST-001542,17.03,card,dining
TXN-00015133,CUST-000741,5.77,card,health
TXN-00015134,CUST-000152,225.64,branch,utilities
TXN-00015135,CUST-001005,77.0,card,health
TXN-00015136,CUST-002287,213.89,online,dining
TXN-00015137,CUST-000974,68.4,card,retail
TXN-00015138,CUST-005075,25.73,atm,dining
TXN-00015139,CUST-005003,71.46,atm,education
TXN-00015140,CUST-000763,59.76,card,travel
TXN-00015141,CUST-000827,49.99,card,travel
TXN-00015142,CUST-000214,408.54,branch,education
TXN-00015143,CUST-003041,132.38,atm,utilities
TXN-00015144,CUST-004925,37.45,online,dining
TXN-00015145,CUST-003341,51.32,atm,retail
TXN-00015146,CUST-004914,231.6,branch,utilities
TXN-00015147,CUST-003355,55.23,branch,retail
TXN-00015148,CUST-001883,112.91,online,utilities
TXN-00015149,CUST-001483,219.23,atm,retail
TXN-00015150,CUST-005458,625.15,online,utilities
TXN-00015151,CUST-001044,42.25,branch,travel
TXN-00015152,CUST-002553,195.87,branch,health
TXN-00015153,CUST-005785,81.9,online,travel
TXN-00015154,CUST-003101,94.26,online,utilities
TXN-00015155,CUST-003187,97.28,card,grocery
TXN-00015156,CUST-005885,125.5,wallet,dining
TXN-00015157,CUST-005697,563.48,card,education
TXN-00015158,CUST-002754,93.36,online,grocery
TXN-00015159,CUST-002692,230.02,card,retail
TXN-00015160,CUST-004987,51.9,card,retail
TXN-00015161,CUST-000751,98.47,online,health
TXN-00015162,CUST-002124,10.54,online,retail
TXN-00015163,CUST-004926,6.73,wallet,education
TXN-00015164,CUST-002009,848.15,online,travel
TXN-00015165,CUST-005359,223.86,online,travel
TXN-00015166,CUST-000835,35.78,card,retail
TXN-00015167,CUST-002959,124.15,online,travel
TXN-00015168,CUST-004609,173.78,online,education
TXN-00015169,CUST-001372,145.79,atm,health
TXN-00015170,CUST-002698,6.82,atm,utilities
TXN-00015171,CUST-005157,22.51,online,health
TXN-00015172,CUST-002725,54.11,online,travel
TXN-00015173,CUST-000129,31.8,branch,dining
TXN-00015174,CUST-003563,49.41,card,dining
TXN-00015175,CUST-002917,23.64,card,health
TXN-00015176,CUST-005198,169.25,card,education
TXN-00015177,CUST-004146,88.62,online,health
TXN-00015178,CUST-001785,35.66,card,education
TXN-00015179,CUST-001289,54.98,card,dining
TXN-00015180,CUST-005417,83.48,card,retail
TXN-00015181,CUST-005506,332.74,online,utilities
TXN-00015182,CUST-004029,43.88,online,grocery
TXN-00015183,CUST-002147,106.35,card,grocery
TXN-00015184,CUST-003304,31.22,card,dining
TXN-00015185,CUST-002245,17.87,atm,retail
TXN-00015186,CUST-002838,484.9,online,education
TXN-00015187,CUST-005654,33.77,wallet,retail
TXN-00015188,CUST-004109,19.83,online,retail
TXN-00015189,CUST-003541,96.61,card,health
TXN-00015190,CUST-004122,29.63,atm,grocery
TXN-00015191,CUST-000831,107.36,card,grocery
TXN-00015192,CUST-001523,22.43,online,health
TXN-00015193,CUST-002010,287.89,online,education
TXN-00015194,CUST-001166,47.7,atm,education
TXN-00015195,CUST-004010,59.19,online,education
TXN-00015196,CUST-002485,210.56,atm,education
TXN-00015197,CUST-005686,175.14,branch,dining
TXN-00015198,CUST-004294,107.87,atm,utilities
TXN-00015199,CUST-002220,438.0,online,health
TXN-00015200,CUST-005258,111.01,online,grocery
TXN-00015201,CUST-001160,14.13,online,dining
TXN-00015202,CUST-001763,75.05,card,education
TXN-00015203,CUST-004342,68.55,atm,retail
TXN-00015204,CUST-000550,20.31,branch,health
TXN-00015205,CUST-000111,144.36,online,grocery
TXN-00015206,CUST-002094,18.4,card,travel
TXN-00015207,CUST-005203,57.12,card,utilities
TXN-00015208,CUST-004892,29.25,atm,health
TXN-00015209,CUST-005737,175.93,atm,travel
TXN-00015210,CUST-003219,14.15,branch,grocery
TXN-00015211,CUST-002833,101.38,wallet,grocery
TXN-00015212,CUST-000569,265.99,card,utilities
TXN-00015213,CUST-002857,25.06,branch,travel
TXN-00015214,CUST-002118,90.19,card,dining
TXN-00015215,CUST-002964,14.3,wallet,utilities
TXN-00015216,CUST-002888,29.47,online,health
TXN-00015217,CUST-004906,27.51,atm,education
TXN-00015218,CUST-005771,595.24,card,grocery
TXN-00015219,CUST-003304,29.93,atm,health
TXN-00015220,CUST-005529,35.78,branch,education
TXN-00015221,CUST-005766,88.53,card,utilities
TXN-00015222,CUST-002555,37.9,online,education
TXN-00015223,CUST-001931,210.55,card,grocery
TXN-00015224,CUST-005882,78.45,wallet,grocery
TXN-00015225,CUST-003930,60.81,atm,health
TXN-00015226,CUST-001275,52.56,card,grocery
TXN-00015227,CUST-004703,24.89,online,health
TXN-00015228,CUST-005123,245.54,card,health
TXN-00015229,CUST-002945,137.83,online,grocery
TXN-00015230,CUST-005446,458.87,wallet,travel
TXN-00015231,CUST-005040,199.51,card,education
TXN-00015232,CUST-003546,44.59,wallet,education
TXN-00015233,CUST-001607,42.07,card,dining
TXN-00015234,CUST-004378,381.19,atm,education
TXN-00015235,CUST-003857,62.38,atm,education
TXN-00015236,CUST-004400,75.81,card,dining
TXN-00015237,CUST-000007,58.51,branch,health
TXN-00015238,CUST-005589,71.94,online,health
TXN-00015239,CUST-005254,96.53,branch,grocery
TXN-00015240,CUST-000060,274.87,online,retail
TXN-00015241,CUST-005445,1156.74,wallet,travel
TXN-00015242,CUST-001751,64.11,online,utilities
TXN-00015243,CUST-005932,61.94,wallet,grocery
TXN-00015244,CUST-001478,75.94,wallet,retail
TXN-00015245,CUST-001181,141.36,online,utilities
TXN-00015246,CUST-000012,57.47,atm,retail
TXN-00015247,CUST-004271,15.72,atm,health
TXN-00015248,CUST-005922,16.07,card,grocery
TXN-00015249,CUST-001920,368.36,online,travel
TXN-00015250,CUST-001390,42.02,card,dining
TXN-00015251,CUST-005090,27.19,card,dining
TXN-00015252,CUST-002245,784.18,online,retail
TXN-00015253,CUST-003229,134.81,atm,dining
TXN-00015254,CUST-001932,46.1,online,travel
TXN-00015255,CUST-005329,21.94,branch,education
TXN-00015256,CUST-005486,284.17,card,travel
TXN-00015257,CUST-005947,18.6,branch,education
TXN-00015258,CUST-005932,17.81,atm,grocery
TXN-00015259,CUST-002845,111.06,card,education
TXN-00015260,CUST-001816,22.43,atm,health
TXN-00015261,CUST-002892,23.21,online,education
TXN-00015262,CUST-005992,114.38,online,dining
TXN-00015263,CUST-005859,104.58,branch,education
TXN-00015264,CUST-001650,14.8,branch,travel
TXN-00015265,CUST-003804,134.61,online,grocery
TXN-00015266,CUST-005051,12.75,online,travel
TXN-00015267,CUST-005661,87.85,online,dining
TXN-00015268,CUST-005281,20.67,branch,dining
TXN-00015269,CUST-004395,114.71,card,grocery
TXN-00015270,CUST-002337,77.11,card,grocery
TXN-00015271,CUST-000056,41.36,atm,utilities
TXN-00015272,CUST-001255,34.64,atm,retail
TXN-00015273,CUST-002082,77.7,online,education
TXN-00015274,CUST-001377,39.11,atm,travel
TXN-00015275,CUST-004192,32.33,card,health
TXN-00015276,CUST-002836,55.8,online,travel
TXN-00015277,CUST-005964,152.05,card,education
TXN-00015278,CUST-004219,17.89,branch,health
TXN-00015279,CUST-005779,38.3,branch,education
TXN-00015280,CUST-005647,242.96,online,education
TXN-00015281,CUST-005886,45.87,card,travel
TXN-00015282,CUST-002409,821.06,card,travel
TXN-00015283,CUST-000919,241.61,online,utilities
TXN-00015284,CUST-002660,40.75,card,education
TXN-00015285,CUST-004520,29.07,card,dining
TXN-00015286,CUST-001020,146.03,wallet,education
TXN-00015287,CUST-000101,641.63,card,travel
TXN-00015288,CUST-002993,27.77,online,education
TXN-00015289,CUST-003234,363.48,atm,education
TXN-00015290,CUST-000774,203.31,atm,grocery
TXN-00015291,CUST-005521,28.83,card,grocery
TXN-00015292,CUST-000852,330.66,card,education
TXN-00015293,CUST-004730,74.43,card,grocery
TXN-00015294,CUST-004372,129.0,branch,travel
TXN-00015295,CUST-003538,71.81,card,education
TXN-00015296,CUST-003122,13.07,card,grocery
TXN-00015297,CUST-003101,32.13,online,health
TXN-00015298,CUST-004405,126.15,branch,retail
TXN-00015299,CUST-004429,233.7,atm,utilities
TXN-00015300,CUST-000068,46.67,card,grocery
TXN-00015301,CUST-000988,42.1,atm,retail
TXN-00015302,CUST-000993,274.03,card,grocery
TXN-00015303,CUST-002134,597.93,atm,utilities
TXN-00015304,CUST-001521,169.69,card,health
TXN-00015305,CUST-005777,62.15,online,education
TXN-00015306,CUST-003804,143.25,card,travel
TXN-00015307,CUST-000499,121.57,card,education
TXN-00015308,CUST-005898,143.73,branch,education
TXN-00015309,CUST-005918,207.49,atm,travel
TXN-00015310,CUST-002992,131.0,branch,health
TXN-00015311,CUST-004544,528.76,card,retail
TXN-00015312,CUST-000614,100.93,card,retail
TXN-00015313,CUST-003005,36.72,card,education
TXN-00015314,CUST-001246,200.76,card,education
TXN-00015315,CUST-004510,81.51,card,health
TXN-00015316,CUST-000135,123.81,wallet,education
TXN-00015317,CUST-004421,172.23,branch,retail
TXN-00015318,CUST-002453,216.9,branch,retail
TXN-00015319,CUST-001162,13.74,online,dining
TXN-00015320,CUST-004189,128.28,atm,grocery
TXN-00015321,CUST-003933,40.39,card,health
TXN-00015322,CUST-001502,71.36,atm,travel
TXN-00015323,CUST-000435,7.94,branch,health
TXN-00015324,CUST-003935,165.77,card,travel
TXN-00015325,CUST-003394,169.7,online,grocery
TXN-00015326,CUST-002622,211.12,card,grocery
TXN-00015327,CUST-000205,93.54,online,grocery
TXN-00015328,CUST-002831,27.67,online,utilities
TXN-00015329,CUST-001108,13.85,branch,dining
TXN-00015330,CUST-006000,201.59,wallet,retail
TXN-00015331,CUST-003700,169.48,card,dining
TXN-00015332,CUST-004718,78.08,online,dining
TXN-00015333,CUST-005458,67.94,card,utilities
TXN-00015334,CUST-002484,201.5,online,retail
TXN-00015335,CUST-000837,22.04,online,travel
TXN-00015336,CUST-002094,49.68,card,education
TXN-00015337,CUST-005862,292.4,wallet,health
TXN-00015338,CUST-004943,16.33,online,dining
TXN-00015339,CUST-001400,166.27,online,education
TXN-00015340,CUST-002043,28.21,card,travel
TXN-00015341,CUST-000424,42.65,online,education
TXN-00015342,CUST-001501,62.0,online,utilities
TXN-00015343,CUST-004713,101.05,online,grocery
TXN-00015344,CUST-002902,79.43,wallet,travel
TXN-00015345,CUST-004194,121.73,branch,utilities
TXN-00015346,CUST-003202,147.91,atm,travel
TXN-00015347,CUST-003707,30.65,card,travel
TXN-00015348,CUST-001824,56.07,online,travel
TXN-00015349,CUST-005712,56.78,atm,utilities
TXN-00015350,CUST-001840,201.95,online,grocery
TXN-00015351,CUST-000560,52.86,card,dining
TXN-00015352,CUST-004752,20.39,card,retail
TXN-00015353,CUST-000889,46.7,wallet,education
TXN-00015354,CUST-005749,208.26,online,travel
TXN-00015355,CUST-004703,107.73,online,travel
TXN-00015356,CUST-000339,119.26,online,education
TXN-00015357,CUST-004398,24.42,card,utilities
TXN-00015358,CUST-000545,296.79,card,dining
TXN-00015359,CUST-003741,126.3,card,education
TXN-00015360,CUST-004293,110.92,online,health
TXN-00015361,CUST-002927,52.34,card,retail
TXN-00015362,CUST-004126,326.1,atm,retail
TXN-00015363,CUST-001628,17.29,online,travel
TXN-00015364,CUST-002382,15.35,online,grocery
TXN-00015365,CUST-000026,40.05,wallet,education
TXN-00015366,CUST-003576,52.98,branch,travel
TXN-00015367,CUST-002215,73.92,atm,education
TXN-00015368,CUST-001060,105.69,card,utilities
TXN-00015369,CUST-002093,206.82,branch,health
TXN-00015370,CUST-000551,77.47,card,utilities
TXN-00015371,CUST-003766,46.5,card,grocery
TXN-00015372,CUST-004512,58.4,online,utilities
TXN-00015373,CUST-005417,160.91,card,utilities
TXN-00015374,CUST-004139,43.56,online,education
TXN-00015375,CUST-003517,67.44,card,retail
TXN-00015376,CUST-001764,44.08,online,utilities
TXN-00015377,CUST-005586,131.56,branch,education
TXN-00015378,CUST-005181,137.05,card,grocery
TXN-00015379,CUST-001375,198.64,branch,grocery
TXN-00015380,CUST-001625,66.09,atm,utilities
TXN-00015381,CUST-005452,71.29,atm,utilities
TXN-00015382,CUST-001854,24.77,card,travel
TXN-00015383,CUST-000169,14.98,card,dining
TXN-00015384,CUST-003046,50.98,card,education
TXN-00015385,CUST-005859,59.04,wallet,travel
TXN-00015386,CUST-002123,62.46,atm,dining
TXN-00015387,CUST-001384,204.78,atm,education
TXN-00015388,CUST-005348,20.75,branch,grocery
TXN-00015389,CUST-003019,15.16,online,health
TXN-00015390,CUST-003409,13.33,online,grocery
TXN-00015391,CUST-000321,49.27,online,dining
TXN-00015392,CUST-003729,358.71,branch,education
TXN-00015393,CUST-001955,248.54,atm,travel
TXN-00015394,CUST-000737,210.57,card,education
TXN-00015395,CUST-004415,42.47,card,travel
TXN-00015396,CUST-000768,22.83,online,retail
TXN-00015397,CUST-004163,116.96,card,dining
TXN-00015398,CUST-002764,409.24,card,utilities
TXN-00015399,CUST-003108,61.51,atm,education
TXN-00015400,CUST-003416,32.08,online,education
TXN-00015401,CUST-001221,45.27,online,health
TXN-00015402,CUST-002276,50.23,online,travel
TXN-00015403,CUST-000225,435.31,online,grocery
TXN-00015404,CUST-001683,67.41,online,retail
TXN-00015405,CUST-000891,232.66,online,grocery
TXN-00015406,CUST-003287,144.31,branch,grocery
TXN-00015407,CUST-004787,133.13,card,utilities
TXN-00015408,CUST-002467,247.88,card,education
TXN-00015409,CUST-000585,268.34,card,grocery
TXN-00015410,CUST-001518,57.76,card,education
TXN-00015411,CUST-001485,24.29,online,travel
TXN-00015412,CUST-000484,58.88,card,dining
TXN-00015413,CUST-004382,49.11,card,grocery
TXN-00015414,CUST-001378,292.46,atm,education
TXN-00015415,CUST-005713,115.36,branch,education
TXN-00015416,CUST-004061,14.24,online,utilities
TXN-00015417,CUST-004030,33.78,card,travel
TXN-00015418,CUST-002734,44.07,card,dining
TXN-00015419,CUST-005347,167.88,online,retail
TXN-00015420,CUST-000017,43.83,atm,utilities
TXN-00015421,CUST-001646,217.88,card,education
TXN-00015422,CUST-003381,23.46,branch,utilities
TXN-00015423,CUST-005305,10.55,wallet,dining
TXN-00015424,CUST-003334,88.51,wallet,travel
TXN-00015425,CUST-004341,11.98,card,grocery
TXN-00015426,CUST-004656,57.61,card,dining
TXN-00015427,CUST-000602,89.65,online,education
TXN-00015428,CUST-003497,212.07,atm,grocery
TXN-00015429,CUST-005053,159.65,card,grocery
TXN-00015430,CUST-003675,22.55,online,education
TXN-00015431,CUST-002644,25.93,online,dining
TXN-00015432,CUST-004239,20.79,card,grocery
TXN-00015433,CUST-000532,41.03,card,education
TXN-00015434,CUST-004416,279.83,branch,grocery
TXN-00015435,CUST-000819,1400.44,online,retail
TXN-00015436,CUST-000817,95.64,card,travel
TXN-00015437,CUST-004326,63.57,card,utilities
TXN-00015438,CUST-002100,53.43,wallet,grocery
TXN-00015439,CUST-000887,35.32,online,dining
TXN-00015440,CUST-003244,10.47,online,education
TXN-00015441,CUST-002396,270.03,online,education
TXN-00015442,CUST-000561,118.06,card,retail
TXN-00015443,CUST-004527,54.56,atm,retail
TXN-00015444,CUST-000172,115.34,online,dining
TXN-00015445,CUST-003600,107.01,branch,health
TXN-00015446,CUST-000071,210.35,online,education
TXN-00015447,CUST-002241,103.53,online,travel
TXN-00015448,CUST-002953,64.32,online,education
TXN-00015449,CUST-004092,79.46,card,grocery
TXN-00015450,CUST-003817,33.71,online,grocery
TXN-00015451,CUST-001417,27.22,atm,dining
TXN-00015452,CUST-001499,166.76,online,retail
TXN-00015453,CUST-001518,499.66,branch,education
TXN-00015454,CUST-000814,29.88,card,grocery
TXN-00015455,CUST-002560,14.89,card,grocery
TXN-00015456,CUST-000886,16.53,card,travel
TXN-00015457,CUST-003508,42.64,card,grocery
TXN-00015458,CUST-000530,35.82,online,dining
TXN-00015459,CUST-002280,179.4,card,travel
TXN-00015460,CUST-000665,235.59,atm,grocery
TXN-00015461,CUST-000576,409.71,branch,dining
TXN-00015462,CUST-004829,291.4,online,health
TXN-00015463,CUST-003531,132.82,online,retail
TXN-00015464,CUST-003850,25.4,atm,health
TXN-00015465,CUST-005514,97.21,card,grocery
TXN-00015466,CUST-002152,37.28,card,travel
TXN-00015467,CUST-003606,8.03,online,health
TXN-00015468,CUST-002151,71.61,atm,travel
TXN-00015469,CUST-005005,43.7,atm,education
TXN-00015470,CUST-005221,22.24,online,health
TXN-00015471,CUST-002315,44.48,card,utilities
TXN-00015472,CUST-003760,504.39,branch,dining
TXN-00015473,CUST-003967,203.36,branch,dining
TXN-00015474,CUST-000994,475.44,card,retail
TXN-00015475,CUST-003060,84.52,online,retail
TXN-00015476,CUST-005341,14.11,card,travel
TXN-00015477,CUST-003519,12.22,card,travel
TXN-00015478,CUST-004206,19.8,atm,grocery
TXN-00015479,CUST-002256,719.17,branch,utilities
TXN-00015480,CUST-001390,89.19,card,education
TXN-00015481,CUST-002585,99.19,card,utilities
TXN-00015482,CUST-004908,73.45,branch,education
TXN-00015483,CUST-000793,113.51,online,education
TXN-00015484,CUST-002468,23.22,card,grocery
TXN-00015485,CUST-000444,50.63,branch,health
TXN-00015486,CUST-005727,11.01,card,education
TXN-00015487,CUST-004260,106.1,card,grocery
TXN-00015488,CUST-004569,123.16,online,retail
TXN-00015489,CUST-004201,34.28,online,dining
TXN-00015490,CUST-001721,9.45,online,health
TXN-00015491,CUST-002635,52.44,branch,dining
TXN-00015492,CUST-004651,185.5,atm,dining
TXN-00015493,CUST-005932,19.66,wallet,utilities
TXN-00015494,CUST-001483,27.55,atm,retail
TXN-00015495,CUST-000112,67.51,card,utilities
TXN-00015496,CUST-005042,79.01,card,grocery
TXN-00015497,CUST-005613,126.19,card,education
TXN-00015498,CUST-001967,318.19,online,retail
TXN-00015499,CUST-000303,31.14,card,retail
TXN-00015500,CUST-003772,23.28,branch,grocery
TXN-00015501,CUST-005180,44.75,card,education
TXN-00015502,CUST-001385,24.57,atm,retail
TXN-00015503,CUST-005569,30.07,branch,utilities
TXN-00015504,CUST-003790,63.57,card,retail
TXN-00015505,CUST-005513,37.46,card,health
TXN-00015506,CUST-001309,219.4,online,retail
TXN-00015507,CUST-002489,20.94,online,dining
TXN-00015508,CUST-000568,65.17,online,utilities
TXN-00015509,CUST-002400,15.91,online,retail
TXN-00015510,CUST-001169,97.83,online,travel
TXN-00015511,CUST-005918,96.31,online,health
TXN-00015512,CUST-005079,520.21,wallet,dining
TXN-00015513,CUST-005491,201.58,online,travel
TXN-00015514,CUST-000802,14.24,atm,dining
TXN-00015515,CUST-003124,124.4,online,dining
TXN-00015516,CUST-004517,60.7,online,health
TXN-00015517,CUST-005157,127.67,online,grocery
TXN-00015518,CUST-005382,33.94,card,education
TXN-00015519,CUST-001755,170.29,online,grocery
TXN-00015520,CUST-001807,70.24,atm,health
TXN-00015521,CUST-002101,41.3,online,health
TXN-00015522,CUST-005040,25.31,online,education
TXN-00015523,CUST-005012,19.96,card,grocery
TXN-00015524,CUST-001639,30.9,branch,health
TXN-00015525,CUST-004059,48.32,card,travel
TXN-00015526,CUST-002208,180.24,atm,education
TXN-00015527,CUST-002571,258.14,card,health
TXN-00015528,CUST-005175,23.55,branch,health
TXN-00015529,CUST-004289,45.13,card,dining
TXN-00015530,CUST-003905,28.73,atm,grocery
TXN-00015531,CUST-000579,17.5,card,health
TXN-00015532,CUST-003260,84.34,atm,grocery
TXN-00015533,CUST-001163,217.1,card,health
TXN-00015534,CUST-000405,166.73,card,grocery
TXN-00015535,CUST-004514,82.99,card,education
TXN-00015536,CUST-005741,92.49,atm,grocery
TXN-00015537,CUST-000649,43.14,card,travel
TXN-00015538,CUST-000046,77.73,card,dining
TXN-00015539,CUST-001020,26.63,card,education
TXN-00015540,CUST-003012,390.08,card,health
TXN-00015541,CUST-002403,350.22,atm,health
TXN-00015542,CUST-004605,37.9,card,travel
TXN-00015543,CUST-002792,136.93,atm,grocery
TXN-00015544,CUST-002725,99.95,card,education
TXN-00015545,CUST-002374,123.33,card,grocery
TXN-00015546,CUST-000339,40.3,branch,grocery
TXN-00015547,CUST-001157,16.07,branch,dining
TXN-00015548,CUST-004520,238.18,atm,utilities
TXN-00015549,CUST-002244,224.43,card,education
TXN-00015550,CUST-005587,56.94,wallet,grocery
TXN-00015551,CUST-004515,11.49,online,education
TXN-00015552,CUST-005458,22.31,card,health
TXN-00015553,CUST-000627,130.26,card,grocery
TXN-00015554,CUST-004337,69.36,card,utilities
TXN-00015555,CUST-001839,36.28,online,dining
TXN-00015556,CUST-002531,58.18,online,dining
TXN-00015557,CUST-002637,42.8,online,grocery
TXN-00015558,CUST-001835,360.43,card,health
TXN-00015559,CUST-002927,10.53,online,utilities
TXN-00015560,CUST-001614,150.63,card,travel
TXN-00015561,CUST-001014,55.4,online,health
TXN-00015562,CUST-004754,114.77,branch,health
TXN-00015563,CUST-004078,68.57,card,dining
TXN-00015564,CUST-000034,140.87,atm,education
TXN-00015565,CUST-002210,151.83,online,travel
TXN-00015566,CUST-003601,19.07,card,dining
TXN-00015567,CUST-005596,89.87,online,utilities
TXN-00015568,CUST-000504,33.48,card,grocery
TXN-00015569,CUST-005822,11.97,card,health
TXN-00015570,CUST-003882,199.11,online,education
TXN-00015571,CUST-002629,446.26,atm,travel
TXN-00015572,CUST-000052,61.54,online,travel
TXN-00015573,CUST-005971,24.11,card,retail
TXN-00015574,CUST-000280,202.12,atm,travel
TXN-00015575,CUST-000075,27.01,card,dining
TXN-00015576,CUST-004729,13.27,card,dining
TXN-00015577,CUST-003065,22.16,branch,education
TXN-00015578,CUST-002836,620.21,card,education
TXN-00015579,CUST-002352,251.62,online,travel
TXN-00015580,CUST-004169,174.93,card,utilities
TXN-00015581,CUST-003720,47.87,card,grocery
TXN-00015582,CUST-003445,18.56,online,utilities
TXN-00015583,CUST-000064,41.75,card,dining
TXN-00015584,CUST-004766,88.92,card,dining
TXN-00015585,CUST-000550,368.9,card,grocery
TXN-00015586,CUST-005819,62.78,wallet,grocery
TXN-00015587,CUST-005115,81.28,branch,health
TXN-00015588,CUST-000996,24.19,card,education
TXN-00015589,CUST-002412,21.62,atm,health
TXN-00015590,CUST-002742,13.53,branch,dining
TXN-00015591,CUST-000820,5.13,branch,health
TXN-00015592,CUST-002807,100.45,online,travel
TXN-00015593,CUST-000985,964.52,branch,utilities
TXN-00015594,CUST-001718,285.69,online,education
TXN-00015595,CUST-004577,125.17,card,education
TXN-00015596,CUST-003179,182.05,atm,utilities
TXN-00015597,CUST-001003,83.37,online,dining
TXN-00015598,CUST-000885,132.04,card,health
TXN-00015599,CUST-001080,171.06,branch,travel
TXN-00015600,CUST-005634,77.37,card,retail
TXN-00015601,CUST-001526,10.72,branch,utilities
TXN-00015602,CUST-001168,200.77,branch,grocery
TXN-00015603,CUST-002747,34.31,online,utilities
TXN-00015604,CUST-004309,33.44,card,health
TXN-00015605,CUST-002580,55.39,atm,grocery
TXN-00015606,CUST-001090,77.05,card,retail
TXN-00015607,CUST-002270,181.88,card,health
TXN-00015608,CUST-001698,277.6,atm,travel
TXN-00015609,CUST-000953,108.39,online,utilities
TXN-00015610,CUST-004978,173.11,branch,travel
TXN-00015611,CUST-005257,76.91,branch,dining
TXN-00015612,CUST-005029,27.01,atm,utilities
TXN-00015613,CUST-004751,323.37,online,retail
TXN-00015614,CUST-000326,22.22,atm,utilities
TXN-00015615,CUST-000303,21.17,wallet,education
TXN-00015616,CUST-001948,68.28,card,retail
TXN-00015617,CUST-000815,63.19,atm,dining
TXN-00015618,CUST-003096,83.82,card,utilities
TXN-00015619,CUST-004105,413.54,online,dining
TXN-00015620,CUST-004786,57.01,atm,travel
TXN-00015621,CUST-000697,27.24,atm,education
TXN-00015622,CUST-000722,113.01,branch,dining
TXN-00015623,CUST-003832,425.64,card,dining
TXN-00015624,CUST-002388,188.93,online,dining
TXN-00015625,CUST-005154,83.91,card,travel
TXN-00015626,CUST-005207,65.87,wallet,dining
TXN-00015627,CUST-005298,185.87,card,dining
TXN-00015628,CUST-004509,20.27,atm,education
TXN-00015629,CUST-000006,47.02,card,grocery
TXN-00015630,CUST-000423,28.11,online,grocery
TXN-00015631,CUST-003961,401.62,atm,education
TXN-00015632,CUST-003379,649.64,card,retail
TXN-00015633,CUST-004335,309.24,online,health
TXN-00015634,CUST-004281,58.23,atm,education
TXN-00015635,CUST-002269,14.73,card,travel
TXN-00015636,CUST-004328,87.23,card,dining
TXN-00015637,CUST-002490,38.91,online,utilities
TXN-00015638,CUST-003578,72.52,atm,dining
TXN-00015639,CUST-001094,84.1,card,health
TXN-00015640,CUST-002270,301.86,online,health
TXN-00015641,CUST-001193,83.55,card,education
TXN-00015642,CUST-005285,106.41,card,education
TXN-00015643,CUST-005335,297.43,atm,dining
TXN-00015644,CUST-002603,102.97,card,education
TXN-00015645,CUST-002886,42.97,atm,dining
TXN-00015646,CUST-002172,23.8,card,travel
TXN-00015647,CUST-005639,114.43,card,travel
TXN-00015648,CUST-002787,162.89,card,health
TXN-00015649,CUST-004969,112.68,atm,retail
TXN-00015650,CUST-005102,119.15,branch,travel
TXN-00015651,CUST-003302,470.11,online,dining
TXN-00015652,CUST-002779,92.05,card,utilities
TXN-00015653,CUST-005007,65.26,card,utilities
TXN-00015654,CUST-004154,274.35,card,retail
TXN-00015655,CUST-000439,76.35,card,grocery
TXN-00015656,CUST-004412,61.65,card,dining
TXN-00015657,CUST-003708,167.84,online,education
TXN-00015658,CUST-004134,32.19,atm,travel
TXN-00015659,CUST-001035,14.39,card,health
TXN-00015660,CUST-004240,178.69,online,education
TXN-00015661,CUST-002886,492.2,atm,travel
TXN-00015662,CUST-002189,554.42,online,health
TXN-00015663,CUST-004099,38.88,card,utilities
TXN-00015664,CUST-000096,64.69,atm,utilities
TXN-00015665,CUST-004243,11.51,card,health
TXN-00015666,CUST-004586,61.18,card,education
TXN-00015667,CUST-002905,1548.54,online,travel
TXN-00015668,CUST-003514,42.95,online,retail
TXN-00015669,CUST-000521,540.47,online,health
TXN-00015670,CUST-005432,18.62,card,retail
TXN-00015671,CUST-001549,93.24,online,dining
TXN-00015672,CUST-004135,86.66,online,travel
TXN-00015673,CUST-004766,207.44,atm,utilities
TXN-00015674,CUST-000313,48.98,atm,education
TXN-00015675,CUST-003803,11.19,wallet,health
TXN-00015676,CUST-004261,348.77,atm,utilities
TXN-00015677,CUST-002327,29.01,branch,travel
TXN-00015678,CUST-001633,26.98,online,utilities
TXN-00015679,CUST-002081,40.5,online,grocery
TXN-00015680,CUST-005860,22.34,online,dining
TXN-00015681,CUST-002372,27.76,card,retail
TXN-00015682,CUST-003078,67.52,atm,travel
TXN-00015683,CUST-004607,190.79,card,utilities
TXN-00015684,CUST-002839,57.36,online,health
TXN-00015685,CUST-000603,20.93,card,education
TXN-00015686,CUST-002702,16.48,card,health
TXN-00015687,CUST-001873,212.18,online,retail
TXN-00015688,CUST-001309,28.44,card,grocery
TXN-00015689,CUST-005491,123.36,atm,education
TXN-00015690,CUST-002488,50.82,online,grocery
TXN-00015691,CUST-001904,118.52,branch,retail
TXN-00015692,CUST-002550,147.72,atm,dining
TXN-00015693,CUST-000489,106.58,online,dining
TXN-00015694,CUST-005425,43.34,card,dining
TXN-00015695,CUST-002324,75.69,atm,retail
TXN-00015696,CUST-000160,49.02,wallet,education
TXN-00015697,CUST-004457,228.73,card,health
TXN-00015698,CUST-003907,125.17,card,retail
TXN-00015699,CUST-002780,14.56,online,health
TXN-00015700,CUST-002105,178.08,card,education
TXN-00015701,CUST-003727,107.28,card,retail
TXN-00015702,CUST-002518,8.02,card,education
TXN-00015703,CUST-000648,35.39,card,utilities
TXN-00015704,CUST-005641,223.69,card,retail
TXN-00015705,CUST-000017,94.02,online,retail
TXN-00015706,CUST-002384,271.18,online,grocery
TXN-00015707,CUST-002543,130.84,online,travel
TXN-00015708,CUST-005511,102.95,wallet,health
TXN-00015709,CUST-004747,131.18,branch,education
TXN-00015710,CUST-005019,50.35,online,education
TXN-00015711,CUST-005965,209.96,card,utilities
TXN-00015712,CUST-002661,83.88,card,grocery
TXN-00015713,CUST-002777,93.35,card,dining
TXN-00015714,CUST-005612,289.32,online,travel
TXN-00015715,CUST-002975,182.94,card,education
TXN-00015716,CUST-003120,117.92,atm,dining
TXN-00015717,CUST-002406,38.67,online,health
TXN-00015718,CUST-005247,48.41,atm,grocery
TXN-00015719,CUST-005639,74.66,branch,retail
TXN-00015720,CUST-002760,13.21,online,dining
TXN-00015721,CUST-002818,144.91,card,retail
TXN-00015722,CUST-005511,50.86,card,travel
TXN-00015723,CUST-001419,103.48,branch,education
TXN-00015724,CUST-005466,39.54,card,dining
TXN-00015725,CUST-005944,346.47,online,grocery
TXN-00015726,CUST-001583,19.26,online,grocery
TXN-00015727,CUST-003615,5.92,card,utilities
TXN-00015728,CUST-003261,204.95,card,health
TXN-00015729,CUST-003757,15.57,card,travel
TXN-00015730,CUST-005978,27.5,atm,grocery
TXN-00015731,CUST-003236,9.87,card,health
TXN-00015732,CUST-003119,221.7,card,retail
TXN-00015733,CUST-001748,163.16,branch,health
TXN-00015734,CUST-003362,183.42,online,retail
TXN-00015735,CUST-004476,252.27,online,health
TXN-00015736,CUST-000064,163.64,branch,travel
TXN-00015737,CUST-004044,51.22,card,retail
TXN-00015738,CUST-002710,88.56,online,utilities
TXN-00015739,CUST-005090,164.73,branch,retail
TXN-00015740,CUST-000529,110.02,online,utilities
TXN-00015741,CUST-000798,35.72,atm,grocery
TXN-00015742,CUST-004855,77.43,online,education
TXN-00015743,CUST-003496,84.91,online,dining
TXN-00015744,CUST-005875,187.98,atm,education
TXN-00015745,CUST-000140,94.67,card,grocery
TXN-00015746,CUST-000529,96.27,online,retail
TXN-00015747,CUST-001057,34.58,branch,dining
TXN-00015748,CUST-002856,112.6,card,travel
TXN-00015749,CUST-001005,50.11,card,travel
TXN-00015750,CUST-001541,129.23,atm,utilities
TXN-00015751,CUST-004386,63.75,branch,utilities
TXN-00015752,CUST-004734,32.86,online,dining
TXN-00015753,CUST-001823,58.77,online,utilities
TXN-00015754,CUST-003584,42.73,online,retail
TXN-00015755,CUST-000888,48.74,online,retail
TXN-00015756,CUST-001167,67.04,online,retail
TXN-00015757,CUST-003363,70.85,card,utilities
TXN-00015758,CUST-002358,16.1,card,health
TXN-00015759,CUST-000797,257.27,card,utilities
TXN-00015760,CUST-005208,44.72,card,retail
TXN-00015761,CUST-000433,363.87,online,education
TXN-00015762,CUST-005145,120.91,card,education
TXN-00015763,CUST-004795,23.79,online,dining
TXN-00015764,CUST-005339,30.44,online,utilities
TXN-00015765,CUST-001489,101.72,atm,travel
TXN-00015766,CUST-004378,27.67,card,retail
TXN-00015767,CUST-004269,217.99,atm,health
TXN-00015768,CUST-001530,130.5,online,health
TXN-00015769,CUST-002561,712.49,card,education
TXN-00015770,CUST-001895,119.98,online,retail
TXN-00015771,CUST-003395,29.06,online,travel
TXN-00015772,CUST-005308,153.4,online,travel
TXN-00015773,CUST-002408,81.3,card,utilities
TXN-00015774,CUST-001504,76.28,card,health
TXN-00015775,CUST-002408,121.61,online,retail
TXN-00015776,CUST-001360,31.65,card,travel
TXN-00015777,CUST-002303,122.07,card,grocery
TXN-00015778,CUST-005330,135.04,wallet,travel
TXN-00015779,CUST-005521,102.34,online,retail
TXN-00015780,CUST-001725,10.66,online,dining
TXN-00015781,CUST-001784,81.55,online,education
TXN-00015782,CUST-003902,17.86,online,utilities
TXN-00015783,CUST-003763,20.1,wallet,travel
TXN-00015784,CUST-000709,24.04,online,travel
TXN-00015785,CUST-001899,59.53,online,retail
TXN-00015786,CUST-001807,55.71,card,health
TXN-00015787,CUST-002316,342.27,branch,health
TXN-00015788,CUST-004216,176.89,online,retail
TXN-00015789,CUST-003161,253.27,atm,dining
TXN-00015790,CUST-005250,177.93,card,retail
TXN-00015791,CUST-001854,22.56,card,health
TXN-00015792,CUST-000086,35.76,atm,travel
TXN-00015793,CUST-004436,5.23,card,utilities
TXN-00015794,CUST-001462,73.0,atm,travel
TXN-00015795,CUST-004657,324.37,branch,travel
TXN-00015796,CUST-005715,78.21,branch,education
TXN-00015797,CUST-005679,23.8,card,grocery
TXN-00015798,CUST-003013,32.55,online,grocery
TXN-00015799,CUST-004941,118.85,online,health
TXN-00015800,CUST-004414,45.45,card,retail
TXN-00015801,CUST-000423,191.59,branch,health
TXN-00015802,CUST-005300,166.95,online,dining
TXN-00015803,CUST-003549,57.59,card,utilities
TXN-00015804,CUST-000361,24.01,card,retail
TXN-00015805,CUST-003784,129.6,card,health
TXN-00015806,CUST-001660,37.98,card,grocery
TXN-00015807,CUST-000372,122.68,wallet,grocery
TXN-00015808,CUST-004292,137.19,online,health
TXN-00015809,CUST-002516,43.51,online,education
TXN-00015810,CUST-000183,364.41,online,education
TXN-00015811,CUST-004674,56.6,online,retail
TXN-00015812,CUST-002866,194.75,online,education
TXN-00015813,CUST-003174,165.28,branch,utilities
TXN-00015814,CUST-000847,55.38,atm,grocery
TXN-00015815,CUST-004446,22.87,branch,grocery
TXN-00015816,CUST-004477,76.18,card,utilities
TXN-00015817,CUST-001950,164.23,branch,utilities
TXN-00015818,CUST-005771,60.91,online,travel
TXN-00015819,CUST-002896,52.16,card,travel
TXN-00015820,CUST-000402,117.04,online,education
TXN-00015821,CUST-005785,96.88,card,dining
TXN-00015822,CUST-003361,34.61,online,retail
TXN-00015823,CUST-003034,17.5,online,dining
TXN-00015824,CUST-000987,134.38,online,health
TXN-00015825,CUST-001014,34.55,atm,utilities
TXN-00015826,CUST-004488,45.65,card,dining
TXN-00015827,CUST-004229,214.89,online,dining
TXN-00015828,CUST-004631,1037.03,online,health
TXN-00015829,CUST-005868,578.27,online,education
TXN-00015830,CUST-005674,75.59,wallet,utilities
TXN-00015831,CUST-004054,328.51,atm,grocery
TXN-00015832,CUST-001048,18.23,atm,health
TXN-00015833,CUST-001313,57.23,card,utilities
TXN-00015834,CUST-000773,48.72,online,health
TXN-00015835,CUST-002833,40.96,branch,travel
TXN-00015836,CUST-003067,90.34,branch,dining
TXN-00015837,CUST-000356,108.95,online,grocery
TXN-00015838,CUST-003433,51.57,online,travel
TXN-00015839,CUST-000212,87.97,atm,education
TXN-00015840,CUST-005682,29.37,atm,health
TXN-00015841,CUST-000185,4.54,branch,grocery
TXN-00015842,CUST-002867,84.04,online,education
TXN-00015843,CUST-001236,113.06,online,education
TXN-00015844,CUST-005965,186.79,card,travel
TXN-00015845,CUST-001893,20.43,card,education
TXN-00015846,CUST-002149,17.87,card,education
TXN-00015847,CUST-004430,9.08,branch,utilities
TXN-00015848,CUST-003561,106.33,card,grocery
TXN-00015849,CUST-001913,34.91,atm,retail
TXN-00015850,CUST-001751,38.19,online,utilities
TXN-00015851,CUST-001655,133.28,branch,grocery
TXN-00015852,CUST-001416,308.13,card,travel
TXN-00015853,CUST-001350,43.9,card,health
TXN-00015854,CUST-003746,173.8,atm,travel
TXN-00015855,CUST-004651,120.48,wallet,grocery
TXN-00015856,CUST-004366,336.05,online,travel
TXN-00015857,CUST-004743,106.87,atm,travel
TXN-00015858,CUST-002179,37.53,atm,dining
TXN-00015859,CUST-001295,38.78,card,travel
TXN-00015860,CUST-000706,332.05,online,education
TXN-00015861,CUST-005040,517.54,card,health
TXN-00015862,CUST-003029,29.9,card,utilities
TXN-00015863,CUST-001194,11.95,branch,travel
TXN-00015864,CUST-002269,110.87,branch,health
TXN-00015865,CUST-003863,21.86,online,grocery
TXN-00015866,CUST-002124,20.84,online,education
TXN-00015867,CUST-001880,32.2,wallet,education
TXN-00015868,CUST-005056,41.32,card,education
TXN-00015869,CUST-001101,14.28,wallet,education
TXN-00015870,CUST-003032,159.63,online,health
TXN-00015871,CUST-001313,57.86,atm,dining
TXN-00015872,CUST-004344,116.08,atm,grocery
TXN-00015873,CUST-005984,37.42,card,retail
TXN-00015874,CUST-001581,83.75,branch,health
TXN-00015875,CUST-000271,65.25,online,travel
TXN-00015876,CUST-001229,122.28,online,utilities
TXN-00015877,CUST-000724,23.68,card,health
TXN-00015878,CUST-000870,177.9,online,dining
TXN-00015879,CUST-004823,69.54,online,education
TXN-00015880,CUST-002487,35.32,card,dining
TXN-00015881,CUST-004673,88.87,atm,education
TXN-00015882,CUST-003740,225.83,online,grocery
TXN-00015883,CUST-002539,155.2,online,grocery
TXN-00015884,CUST-004258,180.26,atm,health
TXN-00015885,CUST-000279,77.99,atm,education
TXN-00015886,CUST-000692,30.79,card,grocery
TXN-00015887,CUST-001289,61.45,online,travel
TXN-00015888,CUST-000896,76.8,branch,grocery
TXN-00015889,CUST-001531,210.65,card,utilities
TXN-00015890,CUST-003834,32.75,online,retail
TXN-00015891,CUST-002668,221.43,card,education
TXN-00015892,CUST-005458,197.45,card,grocery
TXN-00015893,CUST-004700,274.71,online,travel
TXN-00015894,CUST-004493,160.95,online,health
TXN-00015895,CUST-005067,71.59,online,retail
TXN-00015896,CUST-005095,41.87,online,dining
TXN-00015897,CUST-000030,298.82,card,utilities
TXN-00015898,CUST-001272,125.04,card,travel
TXN-00015899,CUST-000539,16.18,wallet,retail
TXN-00015900,CUST-005400,252.31,atm,dining
TXN-00015901,CUST-000632,76.39,branch,dining
TXN-00015902,CUST-002156,104.47,online,dining
TXN-00015903,CUST-001067,486.07,online,travel
TXN-00015904,CUST-003469,62.06,online,health
TXN-00015905,CUST-002628,10.63,wallet,retail
TXN-00015906,CUST-005288,92.53,card,dining
TXN-00015907,CUST-003889,43.72,online,education
TXN-00015908,CUST-001163,56.05,online,education
TXN-00015909,CUST-005177,35.75,branch,health
TXN-00015910,CUST-005797,14.42,card,retail
TXN-00015911,CUST-003278,143.35,atm,utilities
TXN-00015912,CUST-005232,334.48,card,dining
TXN-00015913,CUST-004929,120.05,branch,dining
TXN-00015914,CUST-000265,32.59,online,dining
TXN-00015915,CUST-003011,70.02,online,health
TXN-00015916,CUST-004445,981.08,branch,grocery
TXN-00015917,CUST-003802,146.58,wallet,travel
TXN-00015918,CUST-005004,78.89,online,retail
TXN-00015919,CUST-002084,22.08,card,utilities
TXN-00015920,CUST-003635,83.02,card,retail
TXN-00015921,CUST-003218,49.03,card,education
TXN-00015922,CUST-003167,157.36,card,travel
TXN-00015923,CUST-003520,68.65,atm,retail
TXN-00015924,CUST-004217,267.77,card,retail
TXN-00015925,CUST-003539,299.71,branch,dining
TXN-00015926,CUST-001134,13.2,online,education
TXN-00015927,CUST-002647,115.6,branch,education
TXN-00015928,CUST-004435,331.75,card,education
TXN-00015929,CUST-002362,214.18,atm,utilities
TXN-00015930,CUST-004585,7.7,card,health
TXN-00015931,CUST-001871,486.34,card,retail
TXN-00015932,CUST-005249,17.29,atm,grocery
TXN-00015933,CUST-000313,12.3,card,travel
TXN-00015934,CUST-004621,13.46,branch,retail
TXN-00015935,CUST-000456,129.21,online,education
TXN-00015936,CUST-001673,28.26,branch,retail
TXN-00015937,CUST-005381,33.8,online,grocery
TXN-00015938,CUST-002301,41.6,online,grocery
TXN-00015939,CUST-001587,241.92,online,dining
TXN-00015940,CUST-005687,149.37,online,utilities
TXN-00015941,CUST-002976,19.66,card,travel
TXN-00015942,CUST-005840,34.04,card,health
TXN-00015943,CUST-004625,15.12,card,dining
TXN-00015944,CUST-003298,35.84,online,health
TXN-00015945,CUST-002244,112.02,atm,utilities
TXN-00015946,CUST-002912,54.4,branch,grocery
TXN-00015947,CUST-002836,23.16,card,dining
TXN-00015948,CUST-001912,178.05,card,dining
TXN-00015949,CUST-003669,76.48,online,utilities
TXN-00015950,CUST-003771,28.32,card,education
TXN-00015951,CUST-000591,333.06,online,dining
TXN-00015952,CUST-002680,102.32,card,education
TXN-00015953,CUST-005668,69.27,atm,travel
TXN-00015954,CUST-005053,112.16,branch,education
TXN-00015955,CUST-004046,17.07,wallet,education
TXN-00015956,CUST-001995,16.45,online,education
TXN-00015957,CUST-003961,34.37,card,utilities
TXN-00015958,CUST-005459,174.54,branch,dining
TXN-00015959,CUST-004170,38.88,branch,travel
TXN-00015960,CUST-005891,49.69,branch,dining
TXN-00015961,CUST-004579,537.94,branch,health
TXN-00015962,CUST-005931,14.46,wallet,retail
TXN-00015963,CUST-000343,178.56,card,retail
TXN-00015964,CUST-004853,22.75,card,travel
TXN-00015965,CUST-004017,188.43,online,grocery
TXN-00015966,CUST-003509,34.47,card,utilities
TXN-00015967,CUST-002987,63.48,card,health
TXN-00015968,CUST-000674,29.69,online,dining
TXN-00015969,CUST-000150,18.2,online,travel
TXN-00015970,CUST-003082,24.12,card,education
TXN-00015971,CUST-001400,62.19,branch,education
TXN-00015972,CUST-005890,42.78,atm,health
TXN-00015973,CUST-003785,22.16,card,utilities
TXN-00015974,CUST-003055,109.21,online,travel
TXN-00015975,CUST-000031,10.62,atm,dining
TXN-00015976,CUST-004418,84.48,card,utilities
TXN-00015977,CUST-004226,43.04,online,education
TXN-00015978,CUST-000569,124.27,card,travel
TXN-00015979,CUST-004003,296.28,card,retail
TXN-00015980,CUST-005759,39.87,wallet,dining
TXN-00015981,CUST-003104,51.11,atm,health
TXN-00015982,CUST-005882,126.22,atm,utilities
TXN-00015983,CUST-005052,76.54,card,utilities
TXN-00015984,CUST-001136,155.51,online,dining
TXN-00015985,CUST-001828,32.52,branch,retail
TXN-00015986,CUST-001486,125.36,card,travel
TXN-00015987,CUST-002816,84.42,card,dining
TXN-00015988,CUST-002486,101.31,card,dining
TXN-00015989,CUST-003938,46.04,card,grocery
TXN-00015990,CUST-004565,51.62,card,health
TXN-00015991,CUST-001941,27.07,online,travel
TXN-00015992,CUST-004465,124.98,branch,education
TXN-00015993,CUST-000304,75.77,atm,health
TXN-00015994,CUST-002666,75.86,card,utilities
TXN-00015995,CUST-004368,28.72,online,travel
TXN-00015996,CUST-004521,119.86,online,education
TXN-00015997,CUST-005184,22.46,online,retail
TXN-00015998,CUST-004995,135.56,online,health
TXN-00015999,CUST-005876,14.59,card,education
TXN-00016000,CUST-002667,485.37,card,dining
TXN-00016001,CUST-001504,1195.29,card,retail
TXN-00016002,CUST-005167,178.07,online,retail
TXN-00016003,CUST-001834,69.27,online,health
TXN-00016004,CUST-002102,33.07,wallet,education
TXN-00016005,CUST-005602,29.59,card,dining
TXN-00016006,CUST-001154,57.13,card,grocery
TXN-00016007,CUST-003785,142.41,online,grocery
TXN-00016008,CUST-001713,70.7,wallet,health
TXN-00016009,CUST-004341,1675.93,online,health
TXN-00016010,CUST-000052,48.56,online,education
TXN-00016011,CUST-005630,51.69,branch,utilities
TXN-00016012,CUST-000875,63.63,branch,dining
TXN-00016013,CUST-002157,96.81,online,grocery
TXN-00016014,CUST-002208,35.76,atm,retail
TXN-00016015,CUST-000131,172.91,wallet,education
TXN-00016016,CUST-003989,13.87,atm,retail
TXN-00016017,CUST-003887,292.59,wallet,health
TXN-00016018,CUST-000504,88.58,online,retail
TXN-00016019,CUST-004291,46.76,online,dining
TXN-00016020,CUST-001726,262.77,branch,education
TXN-00016021,CUST-004949,113.94,card,education
TXN-00016022,CUST-003441,31.71,card,utilities
TXN-00016023,CUST-002090,40.31,card,grocery
TXN-00016024,CUST-000589,41.32,card,grocery
TXN-00016025,CUST-002802,122.73,branch,utilities
TXN-00016026,CUST-001799,127.88,online,health
TXN-00016027,CUST-004121,50.04,wallet,education
TXN-00016028,CUST-001372,84.82,branch,dining
TXN-00016029,CUST-003683,1809.26,card,grocery
TXN-00016030,CUST-001145,25.58,atm,health
TXN-00016031,CUST-002947,57.24,branch,utilities
TXN-00016032,CUST-000228,132.28,card,dining
TXN-00016033,CUST-005772,281.16,online,grocery
TXN-00016034,CUST-005599,67.56,branch,dining
TXN-00016035,CUST-001629,12.15,wallet,utilities
TXN-00016036,CUST-005556,328.88,card,health
TXN-00016037,CUST-001007,242.13,wallet,health
TXN-00016038,CUST-003071,58.53,card,health
TXN-00016039,CUST-000935,116.08,online,health
TXN-00016040,CUST-003018,413.21,online,health
TXN-00016041,CUST-005397,81.77,branch,education
TXN-00016042,CUST-000131,108.98,online,travel
TXN-00016043,CUST-000028,97.56,card,travel
TXN-00016044,CUST-001597,33.26,card,travel
TXN-00016045,CUST-001413,51.56,card,health
TXN-00016046,CUST-004640,229.39,wallet,education
TXN-00016047,CUST-002283,40.81,online,retail
TXN-00016048,CUST-005265,197.58,atm,retail
TXN-00016049,CUST-002489,63.36,online,education
TXN-00016050,CUST-004588,52.54,branch,education
TXN-00016051,CUST-005080,453.78,card,retail
TXN-00016052,CUST-002824,76.6,online,utilities
TXN-00016053,CUST-002327,18.58,branch,travel
TXN-00016054,CUST-003638,83.62,online,utilities
TXN-00016055,CUST-005546,10.6,online,education
TXN-00016056,CUST-002285,219.74,online,retail
TXN-00016057,CUST-000042,14.4,online,education
TXN-00016058,CUST-003468,35.25,branch,retail
TXN-00016059,CUST-002689,450.4,card,health
TXN-00016060,CUST-001429,58.34,online,retail
TXN-00016061,CUST-003146,159.92,atm,health
TXN-00016062,CUST-004978,52.98,card,education
TXN-00016063,CUST-005266,120.3,atm,education
TXN-00016064,CUST-002145,30.81,card,travel
TXN-00016065,CUST-001941,59.25,online,utilities
TXN-00016066,CUST-002856,18.66,online,utilities
TXN-00016067,CUST-004072,92.08,card,dining
TXN-00016068,CUST-004630,166.65,card,travel
TXN-00016069,CUST-001525,80.77,card,travel
TXN-00016070,CUST-005473,96.43,online,health
TXN-00016071,CUST-000643,24.93,atm,travel
TXN-00016072,CUST-000856,208.87,online,travel
TXN-00016073,CUST-004834,179.3,atm,health
TXN-00016074,CUST-000658,142.17,atm,grocery
TXN-00016075,CUST-005490,21.32,atm,retail
TXN-00016076,CUST-004098,202.7,online,retail
TXN-00016077,CUST-001257,120.76,card,health
TXN-00016078,CUST-001834,52.89,branch,retail
TXN-00016079,CUST-002513,78.58,atm,education
TXN-00016080,CUST-000162,39.26,online,utilities
TXN-00016081,CUST-005084,76.22,branch,grocery
TXN-00016082,CUST-003617,116.99,card,utilities
TXN-00016083,CUST-003627,86.61,card,grocery
TXN-00016084,CUST-001335,584.82,card,grocery
TXN-00016085,CUST-002650,60.79,card,health
TXN-00016086,CUST-004440,68.64,online,grocery
TXN-00016087,CUST-000049,20.11,atm,grocery
TXN-00016088,CUST-005000,81.93,online,health
TXN-00016089,CUST-001710,50.01,online,health
TXN-00016090,CUST-003539,32.43,branch,health
TXN-00016091,CUST-004126,177.39,online,grocery
TXN-00016092,CUST-004619,186.42,online,travel
TXN-00016093,CUST-003623,91.8,wallet,retail
TXN-00016094,CUST-002651,56.78,online,travel
TXN-00016095,CUST-005841,132.14,online,travel
TXN-00016096,CUST-000478,279.16,online,dining
TXN-00016097,CUST-002329,229.19,online,health
TXN-00016098,CUST-002320,69.89,online,utilities
TXN-00016099,CUST-004675,162.62,card,dining
TXN-00016100,CUST-004466,140.32,atm,utilities
TXN-00016101,CUST-003925,414.05,card,utilities
TXN-00016102,CUST-000764,478.33,online,travel
TXN-00016103,CUST-005958,55.3,card,grocery
TXN-00016104,CUST-001866,162.58,atm,dining
TXN-00016105,CUST-004045,27.29,branch,grocery
TXN-00016106,CUST-005090,99.23,card,education
TXN-00016107,CUST-005731,98.19,online,retail
TXN-00016108,CUST-003414,74.54,card,grocery
TXN-00016109,CUST-005880,156.46,card,retail
TXN-00016110,CUST-000436,78.41,online,health
TXN-00016111,CUST-004163,64.88,card,education
TXN-00016112,CUST-003925,23.14,online,grocery
TXN-00016113,CUST-004881,36.17,online,travel
TXN-00016114,CUST-000631,160.77,card,retail
TXN-00016115,CUST-003137,38.21,online,utilities
TXN-00016116,CUST-002618,109.28,online,grocery
TXN-00016117,CUST-003275,103.97,online,utilities
TXN-00016118,CUST-003136,26.09,wallet,health
TXN-00016119,CUST-000734,271.89,wallet,dining
TXN-00016120,CUST-002980,117.32,online,education
TXN-00016121,CUST-004302,76.34,card,utilities
TXN-00016122,CUST-000505,73.81,branch,dining
TXN-00016123,CUST-002270,14.63,branch,retail
TXN-00016124,CUST-003575,13.59,card,education
TXN-00016125,CUST-004945,237.03,online,travel
TXN-00016126,CUST-002406,37.53,wallet,dining
TXN-00016127,CUST-004666,36.85,atm,travel
TXN-00016128,CUST-004355,12.92,card,travel
TXN-00016129,CUST-002937,156.81,card,retail
TXN-00016130,CUST-004718,81.25,online,education
TXN-00016131,CUST-004257,93.52,online,education
TXN-00016132,CUST-002043,105.65,card,utilities
TXN-00016133,CUST-004509,113.05,online,retail
TXN-00016134,CUST-002832,66.91,card,travel
TXN-00016135,CUST-004829,63.5,online,health
TXN-00016136,CUST-003510,50.73,online,retail
TXN-00016137,CUST-004221,15.25,online,education
TXN-00016138,CUST-004619,18.86,online,health
TXN-00016139,CUST-001750,433.28,card,health
TXN-00016140,CUST-002186,359.55,card,education
TXN-00016141,CUST-000795,7.27,online,travel
TXN-00016142,CUST-003390,113.79,atm,utilities
TXN-00016143,CUST-004149,22.09,card,grocery
TXN-00016144,CUST-004603,734.21,card,retail
TXN-00016145,CUST-002707,24.57,card,retail
TXN-00016146,CUST-002799,121.64,online,education
TXN-00016147,CUST-004387,75.71,online,grocery
TXN-00016148,CUST-001174,134.73,atm,retail
TXN-00016149,CUST-005547,213.42,branch,utilities
TXN-00016150,CUST-001336,26.11,wallet,grocery
TXN-00016151,CUST-004454,332.33,atm,education
TXN-00016152,CUST-000043,36.77,card,dining
TXN-00016153,CUST-001799,13.05,online,retail
TXN-00016154,CUST-004377,45.74,branch,health
TXN-00016155,CUST-005940,63.22,online,utilities
TXN-00016156,CUST-001138,241.42,online,health
TXN-00016157,CUST-000843,138.0,online,dining
TXN-00016158,CUST-002057,125.65,card,health
TXN-00016159,CUST-000952,36.17,online,health
TXN-00016160,CUST-001771,235.52,online,retail
TXN-00016161,CUST-001123,115.47,card,travel
TXN-00016162,CUST-000479,124.62,card,health
TXN-00016163,CUST-001854,281.66,card,grocery
TXN-00016164,CUST-005372,45.22,atm,travel
TXN-00016165,CUST-000202,433.15,wallet,retail
TXN-00016166,CUST-001541,142.79,atm,grocery
TXN-00016167,CUST-000490,186.9,card,utilities
TXN-00016168,CUST-000596,98.9,card,grocery
TXN-00016169,CUST-002396,53.45,online,grocery
TXN-00016170,CUST-004161,705.91,wallet,education
TXN-00016171,CUST-001584,71.51,online,grocery
TXN-00016172,CUST-001715,37.67,card,health
TXN-00016173,CUST-000367,28.34,card,travel
TXN-00016174,CUST-000901,482.09,card,grocery
TXN-00016175,CUST-001250,151.8,online,health
TXN-00016176,CUST-003522,22.12,atm,retail
TXN-00016177,CUST-001828,61.39,card,grocery
TXN-00016178,CUST-004213,68.67,online,health
TXN-00016179,CUST-002524,35.59,atm,dining
TXN-00016180,CUST-000949,151.91,card,grocery
TXN-00016181,CUST-000777,65.25,card,health
TXN-00016182,CUST-000769,76.95,wallet,health
TXN-00016183,CUST-005255,25.41,online,utilities
TXN-00016184,CUST-003422,42.37,atm,health
TXN-00016185,CUST-004275,27.36,online,dining
TXN-00016186,CUST-000257,1075.87,card,retail
TXN-00016187,CUST-001787,5.39,wallet,dining
TXN-00016188,CUST-000692,38.82,online,dining
TXN-00016189,CUST-005797,73.75,branch,retail
TXN-00016190,CUST-001092,44.79,wallet,health
TXN-00016191,CUST-002289,96.42,branch,dining
TXN-00016192,CUST-000789,31.86,online,dining
TXN-00016193,CUST-001115,102.56,card,travel
TXN-00016194,CUST-002565,260.01,online,travel
TXN-00016195,CUST-005084,10.09,online,grocery
TXN-00016196,CUST-003690,43.61,online,retail
TXN-00016197,CUST-001397,46.98,branch,education
TXN-00016198,CUST-002645,346.33,card,grocery
TXN-00016199,CUST-005644,99.0,card,dining
TXN-00016200,CUST-005147,31.05,card,dining
TXN-00016201,CUST-000328,82.82,branch,travel
TXN-00016202,CUST-003326,17.13,card,health
TXN-00016203,CUST-002628,351.08,wallet,utilities
TXN-00016204,CUST-004805,110.57,card,utilities
TXN-00016205,CUST-003948,67.71,online,travel
TXN-00016206,CUST-003885,101.57,online,travel
TXN-00016207,CUST-002550,56.38,branch,grocery
TXN-00016208,CUST-000718,26.86,online,dining
TXN-00016209,CUST-001963,45.21,online,grocery
TXN-00016210,CUST-005990,217.84,online,health
TXN-00016211,CUST-000841,75.71,card,dining
TXN-00016212,CUST-002361,104.92,card,dining
TXN-00016213,CUST-003690,228.33,atm,travel
TXN-00016214,CUST-002854,170.24,card,travel
TXN-00016215,CUST-000022,43.49,online,travel
TXN-00016216,CUST-005597,165.35,online,utilities
TXN-00016217,CUST-003634,87.2,card,utilities
TXN-00016218,CUST-002583,30.79,atm,grocery
TXN-00016219,CUST-004480,149.69,online,health
TXN-00016220,CUST-001339,190.84,online,grocery
TXN-00016221,CUST-005338,14.86,card,education
TXN-00016222,CUST-001968,26.74,atm,grocery
TXN-00016223,CUST-000067,29.92,card,grocery
TXN-00016224,CUST-000753,542.35,atm,education
TXN-00016225,CUST-004297,34.32,online,utilities
TXN-00016226,CUST-001195,11.89,card,retail
TXN-00016227,CUST-004697,21.76,card,travel
TXN-00016228,CUST-003725,161.85,online,utilities
TXN-00016229,CUST-002997,38.27,online,travel
TXN-00016230,CUST-005593,31.5,wallet,utilities
TXN-00016231,CUST-000012,13.44,card,grocery
TXN-00016232,CUST-003874,177.8,card,grocery
TXN-00016233,CUST-001198,176.75,card,travel
TXN-00016234,CUST-005131,92.19,card,retail
TXN-00016235,CUST-005968,28.94,card,education
TXN-00016236,CUST-002059,41.18,atm,education
TXN-00016237,CUST-000471,40.54,online,retail
TXN-00016238,CUST-003549,56.84,online,utilities
TXN-00016239,CUST-001865,33.75,branch,dining
TXN-00016240,CUST-000094,26.41,card,retail
TXN-00016241,CUST-001894,71.71,atm,health
TXN-00016242,CUST-001934,310.55,card,grocery
TXN-00016243,CUST-001540,23.41,online,retail
TXN-00016244,CUST-000023,89.84,card,grocery
TXN-00016245,CUST-005332,230.66,atm,health
TXN-00016246,CUST-004291,85.34,branch,grocery
TXN-00016247,CUST-003944,83.95,online,utilities
TXN-00016248,CUST-005063,32.76,online,retail
TXN-00016249,CUST-003351,165.01,card,education
TXN-00016250,CUST-003454,213.44,online,retail
TXN-00016251,CUST-002736,281.63,card,dining
TXN-00016252,CUST-001221,134.78,card,grocery
TXN-00016253,CUST-000795,50.26,card,travel
TXN-00016254,CUST-000800,69.66,online,education
TXN-00016255,CUST-003611,29.05,card,travel
TXN-00016256,CUST-000172,86.2,atm,dining
TXN-00016257,CUST-003700,100.61,online,retail
TXN-00016258,CUST-004016,116.04,branch,utilities
TXN-00016259,CUST-005546,279.15,branch,grocery
TXN-00016260,CUST-001902,77.88,card,retail
TXN-00016261,CUST-004775,35.62,online,retail
TXN-00016262,CUST-005836,62.17,atm,education
TXN-00016263,CUST-004656,101.39,card,health
TXN-00016264,CUST-004351,158.48,card,retail
TXN-00016265,CUST-005951,50.1,card,utilities
TXN-00016266,CUST-004290,49.03,card,health
TXN-00016267,CUST-001751,137.93,card,education
TXN-00016268,CUST-001030,33.5,wallet,utilities
TXN-00016269,CUST-000422,115.95,online,utilities
TXN-00016270,CUST-002065,179.38,atm,retail
TXN-00016271,CUST-005989,74.93,online,utilities
TXN-00016272,CUST-004046,142.95,card,dining
TXN-00016273,CUST-000932,25.73,atm,dining
TXN-00016274,CUST-002256,57.54,branch,travel
TXN-00016275,CUST-004885,30.19,online,travel
TXN-00016276,CUST-002883,124.97,online,education
TXN-00016277,CUST-004215,6.15,card,travel
TXN-00016278,CUST-003846,164.1,branch,travel
TXN-00016279,CUST-001789,38.0,wallet,education
TXN-00016280,CUST-002369,33.68,card,health
TXN-00016281,CUST-005292,255.98,branch,grocery
TXN-00016282,CUST-002038,63.12,branch,health
TXN-00016283,CUST-002352,46.36,branch,grocery
TXN-00016284,CUST-003930,99.05,card,grocery
TXN-00016285,CUST-003424,87.34,online,dining
TXN-00016286,CUST-002963,64.32,online,retail
TXN-00016287,CUST-004357,212.37,card,grocery
TXN-00016288,CUST-000796,7.72,atm,education
TXN-00016289,CUST-001568,25.51,atm,retail
TXN-00016290,CUST-004827,26.21,wallet,education
TXN-00016291,CUST-000948,363.4,online,grocery
TXN-00016292,CUST-003246,288.97,branch,travel
TXN-00016293,CUST-000900,84.65,atm,education
TXN-00016294,CUST-005802,69.86,atm,dining
TXN-00016295,CUST-003831,52.25,online,travel
TXN-00016296,CUST-001894,207.51,branch,travel
TXN-00016297,CUST-000127,22.29,card,retail
TXN-00016298,CUST-003266,179.54,atm,health
TXN-00016299,CUST-000457,381.88,wallet,retail
TXN-00016300,CUST-003703,90.92,card,grocery
TXN-00016301,CUST-004937,99.08,online,travel
TXN-00016302,CUST-004834,86.18,card,education
TXN-00016303,CUST-004456,48.65,wallet,health
TXN-00016304,CUST-005879,14.39,online,health
TXN-00016305,CUST-005485,85.52,card,utilities
TXN-00016306,CUST-002842,39.03,atm,retail
TXN-00016307,CUST-000342,30.49,card,utilities
TXN-00016308,CUST-003031,59.94,card,retail
TXN-00016309,CUST-002396,151.21,online,travel
TXN-00016310,CUST-002883,112.49,online,retail
TXN-00016311,CUST-000266,105.88,card,retail
TXN-00016312,CUST-000849,142.74,card,travel
TXN-00016313,CUST-003051,109.49,wallet,utilities
TXN-00016314,CUST-005122,178.66,card,utilities
TXN-00016315,CUST-001268,217.45,card,health
TXN-00016316,CUST-000410,179.51,card,retail
TXN-00016317,CUST-005942,36.45,online,travel
TXN-00016318,CUST-004751,167.69,online,grocery
TXN-00016319,CUST-002947,47.14,branch,travel
TXN-00016320,CUST-004774,28.15,card,grocery
TXN-00016321,CUST-003969,39.05,card,dining
TXN-00016322,CUST-005597,29.94,online,travel
TXN-00016323,CUST-001532,173.66,online,retail
TXN-00016324,CUST-002576,94.99,card,education
TXN-00016325,CUST-003935,215.67,card,utilities
TXN-00016326,CUST-002984,216.64,online,travel
TXN-00016327,CUST-004335,64.83,online,travel
TXN-00016328,CUST-005938,145.93,card,dining
TXN-00016329,CUST-003353,18.01,online,health
TXN-00016330,CUST-002494,31.02,wallet,education
TXN-00016331,CUST-000852,17.14,branch,retail
TXN-00016332,CUST-001245,29.65,online,travel
TXN-00016333,CUST-000213,33.71,online,utilities
TXN-00016334,CUST-001163,43.48,wallet,health
TXN-00016335,CUST-003481,46.51,card,travel
TXN-00016336,CUST-000592,36.21,online,dining
TXN-00016337,CUST-004698,24.76,online,dining
TXN-00016338,CUST-001656,194.19,card,education
TXN-00016339,CUST-002655,62.67,atm,utilities
TXN-00016340,CUST-004285,126.73,card,utilities
TXN-00016341,CUST-001927,35.22,branch,health
TXN-00016342,CUST-001968,25.82,card,grocery
TXN-00016343,CUST-003084,205.48,wallet,education
TXN-00016344,CUST-004019,236.63,card,education
TXN-00016345,CUST-003425,94.6,branch,travel
TXN-00016346,CUST-000726,66.85,online,education
TXN-00016347,CUST-003195,364.77,branch,retail
TXN-00016348,CUST-002516,219.79,card,travel
TXN-00016349,CUST-004489,58.17,atm,health
TXN-00016350,CUST-001140,27.77,online,utilities
TXN-00016351,CUST-001679,310.4,branch,grocery
TXN-00016352,CUST-004244,6.34,online,retail
TXN-00016353,CUST-003496,66.76,card,dining
TXN-00016354,CUST-004471,46.69,atm,grocery
TXN-00016355,CUST-000389,37.11,online,grocery
TXN-00016356,CUST-004113,32.84,card,retail
TXN-00016357,CUST-000299,65.76,online,utilities
TXN-00016358,CUST-000368,214.26,card,travel
TXN-00016359,CUST-000337,31.98,card,education
TXN-00016360,CUST-004912,342.3,atm,utilities
TXN-00016361,CUST-004766,53.51,wallet,education
TXN-00016362,CUST-004073,19.65,online,retail
TXN-00016363,CUST-000626,32.89,card,grocery
TXN-00016364,CUST-005216,42.54,branch,utilities
TXN-00016365,CUST-000918,44.13,online,utilities
TXN-00016366,CUST-005365,24.53,online,dining
TXN-00016367,CUST-001882,136.39,online,utilities
TXN-00016368,CUST-004236,134.11,online,health
TXN-00016369,CUST-000171,61.86,card,retail
TXN-00016370,CUST-004232,23.56,card,utilities
TXN-00016371,CUST-003053,38.43,card,health
TXN-00016372,CUST-003797,74.8,online,health
TXN-00016373,CUST-004877,19.63,card,travel
TXN-00016374,CUST-004186,20.0,online,health
TXN-00016375,CUST-004019,53.94,online,education
TXN-00016376,CUST-001664,15.6,atm,utilities
TXN-00016377,CUST-002970,143.14,card,health
TXN-00016378,CUST-004158,83.86,wallet,travel
TXN-00016379,CUST-004647,275.94,online,dining
TXN-00016380,CUST-005249,20.91,online,retail
TXN-00016381,CUST-004816,36.54,online,travel
TXN-00016382,CUST-001711,157.75,atm,utilities
TXN-00016383,CUST-004473,157.45,atm,travel
TXN-00016384,CUST-002513,14.84,card,travel
TXN-00016385,CUST-002816,335.19,online,grocery
TXN-00016386,CUST-002455,33.18,card,health
TXN-00016387,CUST-003354,295.01,atm,travel
TXN-00016388,CUST-003955,57.21,card,education
TXN-00016389,CUST-000407,175.86,wallet,education
TXN-00016390,CUST-003917,8.88,card,retail
TXN-00016391,CUST-002112,3940.05,online,travel
TXN-00016392,CUST-004052,72.56,wallet,grocery
TXN-00016393,CUST-005670,273.42,card,retail
TXN-00016394,CUST-000683,79.89,card,utilities
TXN-00016395,CUST-001577,107.4,card,grocery
TXN-00016396,CUST-005501,201.62,card,utilities
TXN-00016397,CUST-003871,425.65,atm,health
TXN-00016398,CUST-000946,73.67,online,dining
TXN-00016399,CUST-005162,366.38,online,education
TXN-00016400,CUST-001764,75.66,card,travel
TXN-00016401,CUST-003926,135.51,wallet,education
TXN-00016402,CUST-003692,92.91,online,dining
TXN-00016403,CUST-003893,90.67,card,utilities
TXN-00016404,CUST-003649,59.52,online,education
TXN-00016405,CUST-003895,53.91,card,travel
TXN-00016406,CUST-001041,62.54,card,travel
TXN-00016407,CUST-003758,194.71,online,health
TXN-00016408,CUST-001957,245.93,card,retail
TXN-00016409,CUST-003405,10.18,branch,health
TXN-00016410,CUST-004762,48.96,branch,health
TXN-00016411,CUST-000826,12.99,branch,travel
TXN-00016412,CUST-003233,89.04,wallet,travel
TXN-00016413,CUST-004034,20.16,card,education
TXN-00016414,CUST-005538,21.38,wallet,health
TXN-00016415,CUST-000119,53.41,card,education
TXN-00016416,CUST-002827,16.08,online,retail
TXN-00016417,CUST-001510,129.43,online,health
TXN-00016418,CUST-002166,89.96,online,dining
TXN-00016419,CUST-001330,35.48,atm,education
TXN-00016420,CUST-004192,117.47,branch,utilities
TXN-00016421,CUST-001078,48.16,online,education
TXN-00016422,CUST-003447,79.87,online,travel
TXN-00016423,CUST-002603,1001.9,card,retail
TXN-00016424,CUST-003394,57.19,card,dining
TXN-00016425,CUST-005825,81.21,card,utilities
TXN-00016426,CUST-001940,155.21,branch,retail
TXN-00016427,CUST-005566,1310.16,online,dining
TXN-00016428,CUST-002569,39.59,online,utilities
TXN-00016429,CUST-000253,49.69,branch,travel
TXN-00016430,CUST-000014,128.46,branch,education
TXN-00016431,CUST-003591,46.61,branch,utilities
TXN-00016432,CUST-001482,94.45,card,health
TXN-00016433,CUST-004127,519.57,online,dining
TXN-00016434,CUST-000279,57.33,card,grocery
TXN-00016435,CUST-004948,46.88,atm,travel
TXN-00016436,CUST-005405,447.15,card,health
TXN-00016437,CUST-003145,46.05,card,travel
TXN-00016438,CUST-002496,100.21,wallet,health
TXN-00016439,CUST-005678,10.96,card,travel
TXN-00016440,CUST-005905,141.8,online,health
TXN-00016441,CUST-001428,95.08,branch,dining
TXN-00016442,CUST-002821,16.72,atm,health
TXN-00016443,CUST-002599,70.72,atm,dining
TXN-00016444,CUST-000547,191.36,card,grocery
TXN-00016445,CUST-004032,42.48,online,health
TXN-00016446,CUST-004279,43.78,atm,education
TXN-00016447,CUST-004380,236.24,atm,utilities
TXN-00016448,CUST-003695,68.82,online,education
TXN-00016449,CUST-005083,146.34,branch,utilities
TXN-00016450,CUST-003703,255.76,branch,travel
TXN-00016451,CUST-004748,31.52,branch,health
TXN-00016452,CUST-005753,33.06,online,utilities
TXN-00016453,CUST-002314,105.45,card,travel
TXN-00016454,CUST-005083,32.94,online,utilities
TXN-00016455,CUST-004508,73.16,online,retail
TXN-00016456,CUST-004118,104.64,online,dining
TXN-00016457,CUST-003450,156.48,atm,education
TXN-00016458,CUST-002228,53.6,card,dining
TXN-00016459,CUST-004137,434.81,atm,health
TXN-00016460,CUST-005098,1002.38,online,grocery
TXN-00016461,CUST-004775,32.48,card,grocery
TXN-00016462,CUST-003075,1076.03,card,travel
TXN-00016463,CUST-001114,41.57,card,dining
TXN-00016464,CUST-005468,16.73,online,dining
TXN-00016465,CUST-005681,80.54,atm,dining
TXN-00016466,CUST-000055,119.72,online,utilities
TXN-00016467,CUST-002523,42.39,online,grocery
TXN-00016468,CUST-005272,57.85,online,retail
TXN-00016469,CUST-004043,153.31,card,education
TXN-00016470,CUST-001031,13.22,online,retail
TXN-00016471,CUST-003326,65.62,online,dining
TXN-00016472,CUST-003156,21.83,online,grocery
TXN-00016473,CUST-001359,45.09,atm,health
TXN-00016474,CUST-004141,367.65,online,retail
TXN-00016475,CUST-000816,99.94,wallet,grocery
TXN-00016476,CUST-004356,785.75,online,health
TXN-00016477,CUST-004813,43.37,atm,education
TXN-00016478,CUST-004059,253.05,online,dining
TXN-00016479,CUST-002627,184.03,online,retail
TXN-00016480,CUST-002561,13.45,atm,retail
TXN-00016481,CUST-004056,40.39,branch,grocery
TXN-00016482,CUST-002677,305.92,online,travel
TXN-00016483,CUST-001826,115.0,branch,utilities
TXN-00016484,CUST-005123,33.47,online,education
TXN-00016485,CUST-002870,14.02,online,health
TXN-00016486,CUST-003587,11.03,online,travel
TXN-00016487,CUST-001974,177.32,online,dining
TXN-00016488,CUST-002783,23.16,wallet,health
TXN-00016489,CUST-001869,384.55,wallet,dining
TXN-00016490,CUST-000790,201.49,card,grocery
TXN-00016491,CUST-000389,5.3,online,education
TXN-00016492,CUST-002291,117.34,online,utilities
TXN-00016493,CUST-004460,36.3,branch,travel
TXN-00016494,CUST-002874,64.33,wallet,travel
TXN-00016495,CUST-004744,80.4,card,travel
TXN-00016496,CUST-005767,58.12,online,utilities
TXN-00016497,CUST-000872,103.2,branch,education
TXN-00016498,CUST-002406,21.48,atm,travel
TXN-00016499,CUST-003025,173.5,card,retail
TXN-00016500,CUST-000189,14.8,card,grocery
TXN-00016501,CUST-002071,53.36,card,utilities
TXN-00016502,CUST-000902,53.63,card,utilities
TXN-00016503,CUST-004776,333.68,card,retail
TXN-00016504,CUST-001256,24.18,online,education
TXN-00016505,CUST-003864,102.8,online,dining
TXN-00016506,CUST-000831,152.49,card,education
TXN-00016507,CUST-005733,158.05,card,dining
TXN-00016508,CUST-001892,55.62,atm,utilities
TXN-00016509,CUST-005650,130.83,card,education
TXN-00016510,CUST-002149,305.42,branch,dining
TXN-00016511,CUST-000015,33.65,online,dining
TXN-00016512,CUST-003583,51.43,online,retail
TXN-00016513,CUST-003027,78.44,card,education
TXN-00016514,CUST-001051,31.92,online,travel
TXN-00016515,CUST-004818,363.44,online,health
TXN-00016516,CUST-000380,57.39,wallet,travel
TXN-00016517,CUST-002671,59.3,card,education
TXN-00016518,CUST-005890,26.87,branch,education
TXN-00016519,CUST-000127,116.82,online,travel
TXN-00016520,CUST-004735,154.4,branch,travel
TXN-00016521,CUST-002448,21.95,card,health
TXN-00016522,CUST-001654,140.23,atm,dining
TXN-00016523,CUST-005698,169.85,online,education
TXN-00016524,CUST-003795,99.53,card,travel
TXN-00016525,CUST-000789,29.71,online,utilities
TXN-00016526,CUST-005936,53.7,card,education
TXN-00016527,CUST-003630,14.83,online,health
TXN-00016528,CUST-000664,18.27,card,health
TXN-00016529,CUST-002427,167.67,card,health
TXN-00016530,CUST-005549,308.29,branch,health
TXN-00016531,CUST-000631,51.73,card,utilities
TXN-00016532,CUST-004010,130.69,online,health
TXN-00016533,CUST-003667,40.61,online,retail
TXN-00016534,CUST-001803,67.08,atm,dining
TXN-00016535,CUST-001064,111.39,branch,health
TXN-00016536,CUST-005325,122.81,card,grocery
TXN-00016537,CUST-002096,47.45,wallet,utilities
TXN-00016538,CUST-004497,166.68,branch,travel
TXN-00016539,CUST-000390,22.18,online,dining
TXN-00016540,CUST-000924,323.39,branch,grocery
TXN-00016541,CUST-005678,30.69,wallet,grocery
TXN-00016542,CUST-000854,128.97,card,education
TXN-00016543,CUST-000840,16.04,card,education
TXN-00016544,CUST-001775,22.22,atm,utilities
TXN-00016545,CUST-000809,13.6,card,utilities
TXN-00016546,CUST-003693,19.64,card,health
TXN-00016547,CUST-001376,239.73,card,retail
TXN-00016548,CUST-002741,52.46,branch,education
TXN-00016549,CUST-002266,135.3,card,travel
TXN-00016550,CUST-004177,129.99,card,travel
TXN-00016551,CUST-005951,139.31,online,education
TXN-00016552,CUST-004562,241.85,online,retail
TXN-00016553,CUST-003563,58.52,atm,grocery
TXN-00016554,CUST-000788,48.59,card,grocery
TXN-00016555,CUST-001286,16.92,atm,dining
TXN-00016556,CUST-001768,80.55,online,utilities
TXN-00016557,CUST-000601,69.72,atm,dining
TXN-00016558,CUST-002281,26.25,online,utilities
TXN-00016559,CUST-002335,37.25,online,dining
TXN-00016560,CUST-001053,32.78,wallet,retail
TXN-00016561,CUST-003401,20.48,atm,retail
TXN-00016562,CUST-005936,339.16,online,utilities
TXN-00016563,CUST-002913,134.41,card,dining
TXN-00016564,CUST-003458,344.66,card,retail
TXN-00016565,CUST-000969,180.54,wallet,health
TXN-00016566,CUST-001614,225.77,card,travel
TXN-00016567,CUST-003429,12.82,online,utilities
TXN-00016568,CUST-002206,37.64,card,dining
TXN-00016569,CUST-000722,234.64,card,grocery
TXN-00016570,CUST-001530,172.18,atm,education
TXN-00016571,CUST-004650,177.48,card,health
TXN-00016572,CUST-005863,28.59,card,retail
TXN-00016573,CUST-003594,133.72,atm,dining
TXN-00016574,CUST-005285,20.92,card,retail
TXN-00016575,CUST-005262,64.14,wallet,retail
TXN-00016576,CUST-001983,123.0,branch,retail
TXN-00016577,CUST-003201,26.74,atm,travel
TXN-00016578,CUST-004801,81.56,card,utilities
TXN-00016579,CUST-003584,55.51,card,travel
TXN-00016580,CUST-004290,56.63,branch,dining
TXN-00016581,CUST-003712,49.52,card,dining
TXN-00016582,CUST-005725,26.15,online,travel
TXN-00016583,CUST-001893,30.99,card,retail
TXN-00016584,CUST-001253,97.37,atm,dining
TXN-00016585,CUST-000976,20.28,branch,grocery
TXN-00016586,CUST-000571,42.83,card,education
TXN-00016587,CUST-004488,97.85,online,health
TXN-00016588,CUST-003869,75.32,atm,utilities
TXN-00016589,CUST-000942,34.57,branch,education
TXN-00016590,CUST-004467,118.09,branch,travel
TXN-00016591,CUST-001758,125.47,online,grocery
TXN-00016592,CUST-000493,158.13,atm,education
TXN-00016593,CUST-000468,62.67,card,education
TXN-00016594,CUST-004106,245.15,card,grocery
TXN-00016595,CUST-001270,48.08,card,utilities
TXN-00016596,CUST-005067,19.58,card,retail
TXN-00016597,CUST-004440,23.52,card,utilities
TXN-00016598,CUST-003711,82.21,online,travel
TXN-00016599,CUST-004270,23.84,branch,travel
TXN-00016600,CUST-003874,186.38,branch,education
TXN-00016601,CUST-002783,183.15,online,travel
TXN-00016602,CUST-003873,325.88,card,dining
TXN-00016603,CUST-002986,122.36,card,health
TXN-00016604,CUST-004122,14.4,online,education
TXN-00016605,CUST-005707,67.15,card,education
TXN-00016606,CUST-004643,64.56,card,grocery
TXN-00016607,CUST-002220,114.57,atm,health
TXN-00016608,CUST-003732,66.68,branch,health
TXN-00016609,CUST-001994,205.38,online,utilities
TXN-00016610,CUST-002432,56.03,wallet,retail
TXN-00016611,CUST-005910,87.25,branch,utilities
TXN-00016612,CUST-001894,88.6,card,grocery
TXN-00016613,CUST-000171,79.95,atm,travel
TXN-00016614,CUST-002419,74.96,online,utilities
TXN-00016615,CUST-005691,51.97,card,dining
TXN-00016616,CUST-001642,77.63,online,retail
TXN-00016617,CUST-002335,40.68,card,travel
TXN-00016618,CUST-004372,37.84,wallet,utilities
TXN-00016619,CUST-000849,33.04,card,health
TXN-00016620,CUST-000864,67.28,card,retail
TXN-00016621,CUST-004257,38.86,branch,education
TXN-00016622,CUST-005633,14.48,card,travel
TXN-00016623,CUST-001339,310.92,online,education
TXN-00016624,CUST-002040,47.43,card,travel
TXN-00016625,CUST-004045,39.57,card,education
TXN-00016626,CUST-001544,37.7,online,travel
TXN-00016627,CUST-004969,37.23,atm,health
TXN-00016628,CUST-005795,38.28,card,health
TXN-00016629,CUST-004216,41.86,card,health
TXN-00016630,CUST-000948,164.98,atm,utilities
TXN-00016631,CUST-003677,54.28,atm,education
TXN-00016632,CUST-004828,212.41,atm,utilities
TXN-00016633,CUST-001267,204.5,card,retail
TXN-00016634,CUST-001342,9.53,online,utilities
TXN-00016635,CUST-005309,121.64,branch,health
TXN-00016636,CUST-004448,27.73,wallet,grocery
TXN-00016637,CUST-004033,231.49,branch,utilities
TXN-00016638,CUST-003180,45.01,online,education
TXN-00016639,CUST-000504,45.97,card,dining
TXN-00016640,CUST-002388,70.65,online,utilities
TXN-00016641,CUST-002363,134.01,online,travel
TXN-00016642,CUST-004219,19.63,atm,health
TXN-00016643,CUST-003105,91.03,online,utilities
TXN-00016644,CUST-002336,250.96,card,utilities
TXN-00016645,CUST-001762,90.48,card,retail
TXN-00016646,CUST-002297,79.37,branch,education
TXN-00016647,CUST-005096,29.08,card,travel
TXN-00016648,CUST-003101,85.3,branch,retail
TXN-00016649,CUST-002372,136.48,card,health
TXN-00016650,CUST-004219,86.1,branch,education
TXN-00016651,CUST-001449,88.98,card,dining
TXN-00016652,CUST-005988,145.22,wallet,retail
TXN-00016653,CUST-005187,88.27,online,utilities
TXN-00016654,CUST-005426,38.03,atm,travel
TXN-00016655,CUST-002300,102.1,atm,education
TXN-00016656,CUST-005581,31.84,online,travel
TXN-00016657,CUST-004415,91.92,online,travel
TXN-00016658,CUST-005395,35.73,wallet,retail
TXN-00016659,CUST-005322,894.08,card,utilities
TXN-00016660,CUST-003239,299.85,online,retail
TXN-00016661,CUST-001932,182.77,online,grocery
TXN-00016662,CUST-003012,105.67,branch,health
TXN-00016663,CUST-002266,74.58,card,grocery
TXN-00016664,CUST-004107,14.8,card,dining
TXN-00016665,CUST-001784,111.44,wallet,health
TXN-00016666,CUST-005405,27.92,card,utilities
TXN-00016667,CUST-005654,44.74,card,grocery
TXN-00016668,CUST-005406,23.8,wallet,education
TXN-00016669,CUST-004391,8.32,card,utilities
TXN-00016670,CUST-002866,31.01,branch,health
TXN-00016671,CUST-005937,79.78,card,utilities
TXN-00016672,CUST-005017,5.29,online,health
TXN-00016673,CUST-004609,75.69,online,travel
TXN-00016674,CUST-005315,483.43,branch,grocery
TXN-00016675,CUST-005137,45.73,atm,grocery
TXN-00016676,CUST-003331,167.73,card,travel
TXN-00016677,CUST-000276,33.35,online,utilities
TXN-00016678,CUST-005783,1150.42,online,utilities
TXN-00016679,CUST-002869,102.93,wallet,retail
TXN-00016680,CUST-003993,67.5,card,health
TXN-00016681,CUST-005554,29.14,online,travel
TXN-00016682,CUST-003490,58.92,online,education
TXN-00016683,CUST-001221,60.6,card,utilities
TXN-00016684,CUST-005993,53.53,atm,education
TXN-00016685,CUST-002686,17.08,card,utilities
TXN-00016686,CUST-001968,32.19,atm,retail
TXN-00016687,CUST-004433,171.27,card,dining
TXN-00016688,CUST-001322,33.06,online,grocery
TXN-00016689,CUST-001054,420.27,card,retail
TXN-00016690,CUST-002947,402.25,online,health
TXN-00016691,CUST-005938,24.54,card,health
TXN-00016692,CUST-001462,24.32,card,health
TXN-00016693,CUST-005127,8.31,card,retail
TXN-00016694,CUST-004814,932.68,card,travel
TXN-00016695,CUST-001900,65.5,online,retail
TXN-00016696,CUST-004602,56.05,online,utilities
TXN-00016697,CUST-004739,69.2,atm,dining
TXN-00016698,CUST-004188,123.58,online,education
TXN-00016699,CUST-003148,12.68,atm,utilities
TXN-00016700,CUST-002528,131.2,online,education
TXN-00016701,CUST-002707,259.81,card,travel
TXN-00016702,CUST-001892,95.09,online,health
TXN-00016703,CUST-000382,92.93,card,education
TXN-00016704,CUST-005966,25.78,atm,dining
TXN-00016705,CUST-001580,287.35,card,retail
TXN-00016706,CUST-002603,113.29,atm,education
TXN-00016707,CUST-003171,31.04,online,utilities
TXN-00016708,CUST-004460,114.25,atm,dining
TXN-00016709,CUST-003161,234.82,card,education
TXN-00016710,CUST-002259,17.84,online,travel
TXN-00016711,CUST-003577,264.29,card,utilities
TXN-00016712,CUST-003393,73.84,online,dining
TXN-00016713,CUST-002817,101.26,wallet,education
TXN-00016714,CUST-002509,29.86,card,education
TXN-00016715,CUST-005410,9.07,online,dining
TXN-00016716,CUST-002770,106.38,atm,education
TXN-00016717,CUST-004777,24.05,card,dining
TXN-00016718,CUST-005953,14.25,card,health
TXN-00016719,CUST-004934,25.39,online,education
TXN-00016720,CUST-005198,178.42,card,health
TXN-00016721,CUST-002361,230.4,wallet,health
TXN-00016722,CUST-001977,308.91,online,health
TXN-00016723,CUST-004647,255.96,online,utilities
TXN-00016724,CUST-000017,32.97,branch,travel
TXN-00016725,CUST-004848,24.92,card,travel
TXN-00016726,CUST-002580,144.63,online,retail
TXN-00016727,CUST-000154,119.97,online,grocery
TXN-00016728,CUST-000484,173.17,card,education
TXN-00016729,CUST-005447,154.51,card,utilities
TXN-00016730,CUST-003257,77.52,online,education
TXN-00016731,CUST-005372,217.23,wallet,travel
TXN-00016732,CUST-000507,84.72,online,education
TXN-00016733,CUST-001229,263.26,card,utilities
TXN-00016734,CUST-003245,34.21,online,utilities
TXN-00016735,CUST-002248,14.92,card,travel
TXN-00016736,CUST-004880,61.63,online,education
TXN-00016737,CUST-002122,63.78,atm,grocery
TXN-00016738,CUST-001389,48.49,card,grocery
TXN-00016739,CUST-004687,22.06,online,health
TXN-00016740,CUST-000925,59.32,branch,dining
TXN-00016741,CUST-001274,27.82,card,utilities
TXN-00016742,CUST-000709,29.84,online,utilities
TXN-00016743,CUST-002439,32.76,online,dining
TXN-00016744,CUST-002501,10.97,online,education
TXN-00016745,CUST-000517,58.03,atm,education
TXN-00016746,CUST-003029,120.09,online,travel
TXN-00016747,CUST-003591,24.85,wallet,retail
TXN-00016748,CUST-001014,255.28,online,utilities
TXN-00016749,CUST-000535,32.01,online,education
TXN-00016750,CUST-004163,70.63,atm,grocery
TXN-00016751,CUST-003690,35.25,branch,education
TXN-00016752,CUST-003003,18.84,wallet,grocery
TXN-00016753,CUST-003964,43.94,branch,travel
TXN-00016754,CUST-001530,36.0,card,travel
TXN-00016755,CUST-001427,65.46,card,education
TXN-00016756,CUST-000129,99.44,atm,health
TXN-00016757,CUST-002775,528.77,online,utilities
TXN-00016758,CUST-004026,102.16,card,grocery
TXN-00016759,CUST-005125,84.59,card,utilities
TXN-00016760,CUST-002521,58.76,branch,retail
TXN-00016761,CUST-002903,17.66,card,education
TXN-00016762,CUST-002775,102.15,branch,health
TXN-00016763,CUST-002387,37.14,online,education
TXN-00016764,CUST-003953,74.91,online,utilities
TXN-00016765,CUST-002908,50.04,online,travel
TXN-00016766,CUST-005086,4.67,wallet,dining
TXN-00016767,CUST-000251,54.64,online,utilities
TXN-00016768,CUST-002143,50.04,branch,retail
TXN-00016769,CUST-003223,141.79,card,dining
TXN-00016770,CUST-004101,175.35,online,health
TXN-00016771,CUST-005100,122.13,card,dining
TXN-00016772,CUST-004084,46.73,card,grocery
TXN-00016773,CUST-001603,117.03,branch,utilities
TXN-00016774,CUST-001635,47.65,online,grocery
TXN-00016775,CUST-002109,82.8,branch,education
TXN-00016776,CUST-001195,243.15,card,education
TXN-00016777,CUST-005321,96.85,card,grocery
TXN-00016778,CUST-005388,590.12,card,education
TXN-00016779,CUST-000847,197.5,atm,utilities
TXN-00016780,CUST-001350,30.77,card,travel
TXN-00016781,CUST-005914,52.76,card,utilities
TXN-00016782,CUST-000517,50.04,card,travel
TXN-00016783,CUST-005748,56.62,atm,health
TXN-00016784,CUST-001104,100.12,atm,utilities
TXN-00016785,CUST-001591,24.96,online,grocery
TXN-00016786,CUST-005071,50.25,online,dining
TXN-00016787,CUST-001623,44.62,branch,dining
TXN-00016788,CUST-005249,59.65,wallet,health
TXN-00016789,CUST-004830,366.31,card,health
TXN-00016790,CUST-005163,42.88,card,health
TXN-00016791,CUST-001189,23.92,online,retail
TXN-00016792,CUST-002181,236.32,online,grocery
TXN-00016793,CUST-002349,104.79,card,utilities
TXN-00016794,CUST-005475,364.98,online,grocery
TXN-00016795,CUST-001602,33.36,card,grocery
TXN-00016796,CUST-005640,74.59,branch,retail
TXN-00016797,CUST-002621,89.31,wallet,retail
TXN-00016798,CUST-002844,138.62,atm,health
TXN-00016799,CUST-004972,235.48,card,utilities
TXN-00016800,CUST-004354,38.51,online,dining
TXN-00016801,CUST-004945,55.52,branch,dining
TXN-00016802,CUST-001101,20.29,card,health
TXN-00016803,CUST-002932,48.51,branch,retail
TXN-00016804,CUST-002790,2769.85,online,health
TXN-00016805,CUST-005705,44.22,atm,utilities
TXN-00016806,CUST-000704,48.38,card,utilities
TXN-00016807,CUST-001877,253.58,online,dining
TXN-00016808,CUST-005249,169.2,branch,retail
TXN-00016809,CUST-001327,37.01,branch,utilities
TXN-00016810,CUST-002105,103.8,online,education
TXN-00016811,CUST-004124,386.33,card,utilities
TXN-00016812,CUST-000321,538.97,online,education
TXN-00016813,CUST-001975,177.91,atm,travel
TXN-00016814,CUST-003171,30.95,atm,education
TXN-00016815,CUST-001009,71.53,online,travel
TXN-00016816,CUST-001256,56.49,wallet,health
TXN-00016817,CUST-005607,381.77,online,utilities
TXN-00016818,CUST-003879,28.58,atm,travel
TXN-00016819,CUST-000157,25.36,card,education
TXN-00016820,CUST-004591,22.61,card,utilities
TXN-00016821,CUST-002215,17.43,online,grocery
TXN-00016822,CUST-001983,71.86,wallet,dining
TXN-00016823,CUST-001644,39.2,card,retail
TXN-00016824,CUST-002966,13.92,atm,utilities
TXN-00016825,CUST-001569,31.87,atm,travel
TXN-00016826,CUST-000853,87.64,card,grocery
TXN-00016827,CUST-001525,115.51,online,health
TXN-00016828,CUST-003872,28.53,wallet,travel
TXN-00016829,CUST-002026,19.52,card,retail
TXN-00016830,CUST-003288,238.13,atm,travel
TXN-00016831,CUST-001416,38.74,online,grocery
TXN-00016832,CUST-000683,480.9,atm,health
TXN-00016833,CUST-004785,86.35,online,dining
TXN-00016834,CUST-005667,9.87,card,grocery
TXN-00016835,CUST-001732,32.9,wallet,education
TXN-00016836,CUST-005327,66.64,wallet,health
TXN-00016837,CUST-004113,141.23,card,grocery
TXN-00016838,CUST-001863,21.19,card,utilities
TXN-00016839,CUST-002469,59.9,atm,grocery
TXN-00016840,CUST-003943,29.75,card,travel
TXN-00016841,CUST-003853,141.54,card,dining
TXN-00016842,CUST-005231,19.08,card,utilities
TXN-00016843,CUST-003047,70.99,online,utilities
TXN-00016844,CUST-000962,45.94,branch,health
TXN-00016845,CUST-000134,84.97,online,retail
TXN-00016846,CUST-002754,49.18,online,health
TXN-00016847,CUST-002232,21.69,online,health
TXN-00016848,CUST-003932,51.14,card,dining
TXN-00016849,CUST-005590,18.04,card,dining
TXN-00016850,CUST-005141,23.12,card,travel
TXN-00016851,CUST-001435,59.48,card,retail
TXN-00016852,CUST-005545,10.23,card,health
TXN-00016853,CUST-000732,163.88,card,health
TXN-00016854,CUST-001390,88.53,card,health
TXN-00016855,CUST-003132,461.94,atm,retail
TXN-00016856,CUST-005816,554.48,online,retail
TXN-00016857,CUST-001758,21.68,online,dining
TXN-00016858,CUST-002216,136.42,wallet,travel
TXN-00016859,CUST-001074,80.28,online,education
TXN-00016860,CUST-003725,198.88,branch,travel
TXN-00016861,CUST-001292,47.83,online,dining
TXN-00016862,CUST-001419,49.3,wallet,grocery
TXN-00016863,CUST-002361,60.69,online,education
TXN-00016864,CUST-003796,83.75,card,retail
TXN-00016865,CUST-002291,61.41,card,health
TXN-00016866,CUST-003111,116.71,card,travel
TXN-00016867,CUST-003024,38.1,online,education
TXN-00016868,CUST-000376,14.47,atm,dining
TXN-00016869,CUST-003712,42.3,card,dining
TXN-00016870,CUST-001041,40.48,atm,retail
TXN-00016871,CUST-002020,638.28,branch,travel
TXN-00016872,CUST-002127,66.62,card,retail
TXN-00016873,CUST-001859,152.19,atm,grocery
TXN-00016874,CUST-001001,58.61,card,health
TXN-00016875,CUST-000916,21.35,branch,health
TXN-00016876,CUST-000586,25.03,atm,education
TXN-00016877,CUST-003439,95.88,online,grocery
TXN-00016878,CUST-002166,161.33,card,travel
TXN-00016879,CUST-004677,135.86,wallet,education
TXN-00016880,CUST-003971,92.19,atm,education
TXN-00016881,CUST-004956,125.44,online,travel
TXN-00016882,CUST-004686,113.51,online,grocery
TXN-00016883,CUST-002068,102.25,branch,travel
TXN-00016884,CUST-002702,119.27,card,dining
TXN-00016885,CUST-004899,93.99,card,grocery
TXN-00016886,CUST-001211,43.05,atm,health
TXN-00016887,CUST-001043,73.43,online,utilities
TXN-00016888,CUST-004889,610.86,online,education
TXN-00016889,CUST-004830,112.78,card,health
TXN-00016890,CUST-003003,231.09,branch,grocery
TXN-00016891,CUST-004828,45.06,online,retail
TXN-00016892,CUST-004658,61.87,atm,utilities
TXN-00016893,CUST-002022,26.96,card,travel
TXN-00016894,CUST-004353,38.15,card,health
TXN-00016895,CUST-001970,139.98,online,utilities
TXN-00016896,CUST-000770,23.39,card,grocery
TXN-00016897,CUST-002718,442.36,card,dining
TXN-00016898,CUST-001685,86.15,card,dining
TXN-00016899,CUST-005050,410.16,atm,retail
TXN-00016900,CUST-005347,252.37,online,retail
TXN-00016901,CUST-000723,89.44,online,education
TXN-00016902,CUST-004796,29.74,online,utilities
TXN-00016903,CUST-004671,47.65,card,education
TXN-00016904,CUST-000088,71.83,wallet,retail
TXN-00016905,CUST-001769,64.53,card,travel
TXN-00016906,CUST-002880,90.57,online,grocery
TXN-00016907,CUST-005615,502.07,atm,retail
TXN-00016908,CUST-003972,43.92,branch,utilities
TXN-00016909,CUST-004672,27.53,online,dining
TXN-00016910,CUST-003413,117.69,card,travel
TXN-00016911,CUST-000422,100.95,online,education
TXN-00016912,CUST-002586,27.23,card,dining
TXN-00016913,CUST-003147,216.77,card,retail
TXN-00016914,CUST-004500,12.77,online,education
TXN-00016915,CUST-005742,204.16,online,grocery
TXN-00016916,CUST-000812,236.19,card,health
TXN-00016917,CUST-004370,582.67,card,dining
TXN-00016918,CUST-005469,52.61,card,retail
TXN-00016919,CUST-005640,81.72,card,health
TXN-00016920,CUST-003680,86.03,card,utilities
TXN-00016921,CUST-004455,40.12,online,utilities
TXN-00016922,CUST-005339,89.11,card,travel
TXN-00016923,CUST-002192,107.3,card,grocery
TXN-00016924,CUST-005747,105.32,card,grocery
TXN-00016925,CUST-003698,177.2,wallet,health
TXN-00016926,CUST-003539,148.94,online,grocery
TXN-00016927,CUST-004145,68.04,branch,retail
TXN-00016928,CUST-000013,16.07,wallet,health
TXN-00016929,CUST-000612,362.37,online,utilities
TXN-00016930,CUST-000487,22.85,online,health
TXN-00016931,CUST-002320,102.07,card,grocery
TXN-00016932,CUST-004913,17.32,atm,education
TXN-00016933,CUST-005566,45.32,card,utilities
TXN-00016934,CUST-003928,85.59,card,health
TXN-00016935,CUST-000451,95.56,online,health
TXN-00016936,CUST-002934,24.89,atm,dining
TXN-00016937,CUST-000741,354.35,atm,health
TXN-00016938,CUST-003089,46.24,online,grocery
TXN-00016939,CUST-005261,221.8,online,travel
TXN-00016940,CUST-002047,47.51,card,retail
TXN-00016941,CUST-000534,53.87,branch,dining
TXN-00016942,CUST-000598,615.21,branch,dining
TXN-00016943,CUST-001449,85.68,card,retail
TXN-00016944,CUST-003165,11.54,online,education
TXN-00016945,CUST-004185,80.86,branch,dining
TXN-00016946,CUST-003183,68.56,atm,grocery
TXN-00016947,CUST-005342,47.2,card,grocery
TXN-00016948,CUST-001380,20.95,card,education
TXN-00016949,CUST-000017,37.21,card,dining
TXN-00016950,CUST-001921,402.74,online,grocery
TXN-00016951,CUST-003809,40.29,branch,retail
TXN-00016952,CUST-001965,96.49,card,retail
TXN-00016953,CUST-003193,41.23,wallet,health
TXN-00016954,CUST-000735,22.46,online,retail
TXN-00016955,CUST-005209,42.57,card,education
TXN-00016956,CUST-001703,166.24,online,retail
TXN-00016957,CUST-004068,212.49,online,retail
TXN-00016958,CUST-005863,47.4,atm,utilities
TXN-00016959,CUST-002482,46.6,online,retail
TXN-00016960,CUST-000059,709.37,card,health
TXN-00016961,CUST-000648,121.54,atm,health
TXN-00016962,CUST-001286,211.13,online,grocery
TXN-00016963,CUST-005048,142.22,card,dining
TXN-00016964,CUST-004901,334.65,branch,dining
TXN-00016965,CUST-005678,70.36,branch,education
TXN-00016966,CUST-002410,96.41,card,retail
TXN-00016967,CUST-003613,53.72,online,travel
TXN-00016968,CUST-000260,22.01,card,dining
TXN-00016969,CUST-003078,49.55,atm,education
TXN-00016970,CUST-004587,9.34,online,utilities
TXN-00016971,CUST-002880,31.75,atm,utilities
TXN-00016972,CUST-005435,112.43,card,health
TXN-00016973,CUST-005132,277.89,card,retail
TXN-00016974,CUST-000630,23.19,atm,utilities
TXN-00016975,CUST-004819,160.71,card,travel
TXN-00016976,CUST-001083,57.49,card,travel
TXN-00016977,CUST-000286,64.58,atm,grocery
TXN-00016978,CUST-005685,201.78,card,travel
TXN-00016979,CUST-005149,126.81,branch,utilities
TXN-00016980,CUST-003563,20.72,online,health
TXN-00016981,CUST-003101,58.51,online,retail
TXN-00016982,CUST-000910,49.94,wallet,travel
TXN-00016983,CUST-002744,165.46,card,retail
TXN-00016984,CUST-004217,205.06,branch,dining
TXN-00016985,CUST-004554,140.66,branch,grocery
TXN-00016986,CUST-004354,66.63,wallet,health
TXN-00016987,CUST-005980,28.61,branch,dining
TXN-00016988,CUST-000951,39.36,online,utilities
TXN-00016989,CUST-000316,72.19,online,dining
TXN-00016990,CUST-002197,99.83,card,education
TXN-00016991,CUST-002268,56.66,online,retail
TXN-00016992,CUST-005033,270.48,branch,dining
TXN-00016993,CUST-003433,172.14,wallet,retail
TXN-00016994,CUST-001486,436.86,card,education
TXN-00016995,CUST-005905,22.92,card,retail
TXN-00016996,CUST-003834,170.4,card,health
TXN-00016997,CUST-001008,241.88,wallet,grocery
TXN-00016998,CUST-004777,30.9,wallet,education
TXN-00016999,CUST-004152,102.55,online,education
TXN-00017000,CUST-000549,77.3,card,education
TXN-00017001,CUST-004087,63.7,card,grocery
TXN-00017002,CUST-004541,26.21,card,travel
TXN-00017003,CUST-003514,51.25,card,education
TXN-00017004,CUST-004120,38.02,atm,grocery
TXN-00017005,CUST-002371,188.68,online,utilities
TXN-00017006,CUST-004925,327.84,online,grocery
TXN-00017007,CUST-004335,29.66,card,education
TXN-00017008,CUST-002806,163.82,online,utilities
TXN-00017009,CUST-000089,84.48,online,utilities
TXN-00017010,CUST-004015,105.32,card,health
TXN-00017011,CUST-003382,50.77,online,grocery
TXN-00017012,CUST-003290,35.8,branch,utilities
TXN-00017013,CUST-004758,324.62,atm,retail
TXN-00017014,CUST-004522,45.95,atm,grocery
TXN-00017015,CUST-000270,172.26,card,utilities
TXN-00017016,CUST-004462,156.66,atm,grocery
TXN-00017017,CUST-000392,64.81,wallet,utilities
TXN-00017018,CUST-004059,138.32,card,health
TXN-00017019,CUST-004933,50.36,card,dining
TXN-00017020,CUST-000898,117.65,online,utilities
TXN-00017021,CUST-000609,13.25,card,education
TXN-00017022,CUST-005266,43.23,atm,travel
TXN-00017023,CUST-001582,79.83,atm,education
TXN-00017024,CUST-005474,15.94,card,retail
TXN-00017025,CUST-000195,23.79,branch,retail
TXN-00017026,CUST-001992,15.82,card,travel
TXN-00017027,CUST-004233,132.61,atm,dining
TXN-00017028,CUST-004054,20.29,card,education
TXN-00017029,CUST-002396,25.2,card,utilities
TXN-00017030,CUST-001869,44.64,card,dining
TXN-00017031,CUST-003764,166.93,atm,utilities
TXN-00017032,CUST-002029,4.34,online,grocery
TXN-00017033,CUST-004836,46.61,card,travel
TXN-00017034,CUST-000813,217.95,card,utilities
TXN-00017035,CUST-005829,30.12,online,dining
TXN-00017036,CUST-001905,99.49,card,dining
TXN-00017037,CUST-003164,124.68,online,health
TXN-00017038,CUST-001018,15.52,online,utilities
TXN-00017039,CUST-003069,53.11,branch,grocery
TXN-00017040,CUST-001247,39.05,card,travel
TXN-00017041,CUST-000697,86.68,card,retail
TXN-00017042,CUST-005136,125.04,online,travel
TXN-00017043,CUST-000171,98.74,card,travel
TXN-00017044,CUST-005848,132.54,card,education
TXN-00017045,CUST-003588,31.31,online,education
TXN-00017046,CUST-003339,55.14,online,utilities
TXN-00017047,CUST-000241,147.67,online,retail
TXN-00017048,CUST-005599,119.42,atm,travel
TXN-00017049,CUST-005260,13.78,card,travel
TXN-00017050,CUST-005064,97.33,online,education
TXN-00017051,CUST-002584,18.8,branch,health
TXN-00017052,CUST-001410,21.66,card,retail
TXN-00017053,CUST-004903,205.59,card,utilities
TXN-00017054,CUST-004015,161.93,branch,health
TXN-00017055,CUST-003591,36.18,branch,education
TXN-00017056,CUST-005141,82.1,online,grocery
TXN-00017057,CUST-002318,115.3,online,travel
TXN-00017058,CUST-000977,30.71,card,dining
TXN-00017059,CUST-001789,7.58,online,travel
TXN-00017060,CUST-004194,97.55,online,education
TXN-00017061,CUST-004462,319.6,card,travel
TXN-00017062,CUST-004169,38.17,branch,utilities
TXN-00017063,CUST-000666,69.33,branch,health
TXN-00017064,CUST-004477,208.79,card,retail
TXN-00017065,CUST-005975,298.1,online,grocery
TXN-00017066,CUST-001298,108.21,online,education
TXN-00017067,CUST-004625,44.77,branch,utilities
TXN-00017068,CUST-004910,83.52,online,health
TXN-00017069,CUST-003859,51.69,card,grocery
TXN-00017070,CUST-000345,50.59,online,travel
TXN-00017071,CUST-003755,130.69,online,utilities
TXN-00017072,CUST-002056,109.27,branch,retail
TXN-00017073,CUST-005669,111.83,online,utilities
TXN-00017074,CUST-000148,55.45,wallet,education
TXN-00017075,CUST-000197,314.21,online,travel
TXN-00017076,CUST-004299,32.96,atm,health
TXN-00017077,CUST-001851,12.56,online,retail
TXN-00017078,CUST-002429,38.74,online,dining
TXN-00017079,CUST-005040,107.2,atm,grocery
TXN-00017080,CUST-001891,60.04,card,travel
TXN-00017081,CUST-002043,25.8,wallet,dining
TXN-00017082,CUST-001960,270.57,card,travel
TXN-00017083,CUST-004400,9.94,card,grocery
TXN-00017084,CUST-000610,62.19,card,travel
TXN-00017085,CUST-002961,67.5,online,dining
TXN-00017086,CUST-001336,755.27,online,health
TXN-00017087,CUST-000423,183.23,card,utilities
TXN-00017088,CUST-004713,123.46,branch,utilities
TXN-00017089,CUST-004602,670.22,online,grocery
TXN-00017090,CUST-005788,147.18,card,dining
TXN-00017091,CUST-003674,180.87,card,retail
TXN-00017092,CUST-005476,45.06,online,retail
TXN-00017093,CUST-002418,277.67,online,dining
TXN-00017094,CUST-000877,27.75,card,grocery
TXN-00017095,CUST-005389,39.65,card,education
TXN-00017096,CUST-002254,379.66,branch,grocery
TXN-00017097,CUST-002199,70.8,online,dining
TXN-00017098,CUST-000080,88.61,online,dining
TXN-00017099,CUST-002552,460.69,atm,education
TXN-00017100,CUST-002031,37.94,card,retail
TXN-00017101,CUST-002787,78.37,wallet,education
TXN-00017102,CUST-001712,17.5,card,education
TXN-00017103,CUST-000026,166.16,branch,education
TXN-00017104,CUST-004018,167.61,online,education
TXN-00017105,CUST-004610,104.61,atm,dining
TXN-00017106,CUST-004455,34.02,card,utilities
TXN-00017107,CUST-005554,117.93,branch,health
TXN-00017108,CUST-002717,35.15,atm,retail
TXN-00017109,CUST-002536,18.34,branch,health
TXN-00017110,CUST-002811,199.6,online,utilities
TXN-00017111,CUST-003717,87.58,card,grocery
TXN-00017112,CUST-003916,50.91,online,education
TXN-00017113,CUST-005132,136.83,atm,grocery
TXN-00017114,CUST-003335,21.13,atm,health
TXN-00017115,CUST-001665,189.93,online,grocery
TXN-00017116,CUST-005509,136.7,online,utilities
TXN-00017117,CUST-001594,16.47,online,retail
TXN-00017118,CUST-000023,249.92,wallet,education
TXN-00017119,CUST-005278,802.84,card,grocery
TXN-00017120,CUST-003714,312.0,card,utilities
TXN-00017121,CUST-001568,273.14,atm,retail
TXN-00017122,CUST-001465,67.48,online,dining
TXN-00017123,CUST-002473,11.4,atm,dining
TXN-00017124,CUST-003333,65.77,wallet,travel
TXN-00017125,CUST-000933,63.24,online,grocery
TXN-00017126,CUST-002191,59.21,card,travel
TXN-00017127,CUST-004971,45.79,card,grocery
TXN-00017128,CUST-003679,102.61,atm,retail
TXN-00017129,CUST-002007,39.68,atm,dining
TXN-00017130,CUST-003747,32.5,card,dining
TXN-00017131,CUST-002697,59.69,branch,travel
TXN-00017132,CUST-005073,66.36,branch,health
TXN-00017133,CUST-005739,44.25,card,travel
TXN-00017134,CUST-000916,280.73,card,dining
TXN-00017135,CUST-005975,118.96,card,health
TXN-00017136,CUST-005812,153.77,online,grocery
TXN-00017137,CUST-003795,190.89,card,health
TXN-00017138,CUST-004582,48.03,online,retail
TXN-00017139,CUST-003670,429.76,online,grocery
TXN-00017140,CUST-003666,157.26,online,education
TXN-00017141,CUST-000493,124.76,atm,grocery
TXN-00017142,CUST-002413,22.71,online,travel
TXN-00017143,CUST-005367,29.34,card,retail
TXN-00017144,CUST-003306,126.02,card,travel
TXN-00017145,CUST-003294,26.03,branch,utilities
TXN-00017146,CUST-000279,45.7,online,utilities
TXN-00017147,CUST-003185,86.96,atm,dining
TXN-00017148,CUST-000475,52.49,online,retail
TXN-00017149,CUST-002323,159.14,card,health
TXN-00017150,CUST-001833,192.42,online,health
TXN-00017151,CUST-003252,26.02,online,travel
TXN-00017152,CUST-005935,48.66,online,utilities
TXN-00017153,CUST-005293,55.26,online,dining
TXN-00017154,CUST-001638,59.03,atm,health
TXN-00017155,CUST-005096,104.14,card,utilities
TXN-00017156,CUST-005518,5.82,online,health
TXN-00017157,CUST-003773,71.56,wallet,retail
TXN-00017158,CUST-005154,6.39,online,dining
TXN-00017159,CUST-002811,126.11,card,grocery
TXN-00017160,CUST-004644,46.14,card,education
TXN-00017161,CUST-004723,86.44,online,retail
TXN-00017162,CUST-004366,56.83,online,travel
TXN-00017163,CUST-003221,186.8,online,dining
TXN-00017164,CUST-002582,35.86,online,dining
TXN-00017165,CUST-000854,56.11,online,grocery
TXN-00017166,CUST-001553,133.37,branch,dining
TXN-00017167,CUST-003883,592.25,card,retail
TXN-00017168,CUST-001320,34.82,card,utilities
TXN-00017169,CUST-000300,224.24,branch,retail
TXN-00017170,CUST-004442,21.51,online,retail
TXN-00017171,CUST-001856,34.35,online,grocery
TXN-00017172,CUST-004994,375.28,wallet,utilities
TXN-00017173,CUST-003436,88.93,online,travel
TXN-00017174,CUST-005906,75.51,atm,travel
TXN-00017175,CUST-004209,50.1,online,utilities
TXN-00017176,CUST-002156,42.0,wallet,utilities
TXN-00017177,CUST-003321,44.92,card,utilities
TXN-00017178,CUST-001183,242.76,wallet,travel
TXN-00017179,CUST-000809,27.1,card,dining
TXN-00017180,CUST-003245,23.28,wallet,utilities
TXN-00017181,CUST-002226,30.91,online,education
TXN-00017182,CUST-002275,52.02,wallet,grocery
TXN-00017183,CUST-002789,10.06,card,grocery
TXN-00017184,CUST-001159,25.39,online,travel
TXN-00017185,CUST-005766,100.58,card,utilities
TXN-00017186,CUST-003332,105.04,atm,retail
TXN-00017187,CUST-005846,264.94,card,dining
TXN-00017188,CUST-005436,94.78,card,health
TXN-00017189,CUST-003971,137.75,card,dining
TXN-00017190,CUST-000260,257.82,card,travel
TXN-00017191,CUST-001422,50.33,card,travel
TXN-00017192,CUST-002242,208.64,online,health
TXN-00017193,CUST-000759,126.56,atm,retail
TXN-00017194,CUST-000720,60.55,online,grocery
TXN-00017195,CUST-001132,165.29,branch,travel
TXN-00017196,CUST-001688,17.43,card,travel
TXN-00017197,CUST-003390,67.1,online,education
TXN-00017198,CUST-004220,65.39,card,health
TXN-00017199,CUST-000093,187.89,atm,education
TXN-00017200,CUST-002008,77.66,online,education
TXN-00017201,CUST-000906,112.77,online,grocery
TXN-00017202,CUST-001298,186.8,card,grocery
TXN-00017203,CUST-005817,71.02,online,dining
TXN-00017204,CUST-005835,13.37,card,health
TXN-00017205,CUST-005826,81.34,online,grocery
TXN-00017206,CUST-002552,24.37,atm,retail
TXN-00017207,CUST-002363,84.33,wallet,health
TXN-00017208,CUST-001233,87.78,wallet,retail
TXN-00017209,CUST-005469,268.84,atm,travel
TXN-00017210,CUST-001372,75.82,online,utilities
TXN-00017211,CUST-001283,59.93,card,retail
TXN-00017212,CUST-000789,39.98,atm,utilities
TXN-00017213,CUST-002163,89.45,card,education
TXN-00017214,CUST-004047,229.56,wallet,health
TXN-00017215,CUST-003310,24.4,atm,travel
TXN-00017216,CUST-004653,126.66,online,education
TXN-00017217,CUST-005641,48.38,wallet,utilities
TXN-00017218,CUST-004118,59.51,online,health
TXN-00017219,CUST-001630,33.68,card,dining
TXN-00017220,CUST-004992,26.29,online,grocery
TXN-00017221,CUST-000027,90.36,branch,dining
TXN-00017222,CUST-004734,85.1,card,dining
TXN-00017223,CUST-000536,62.77,online,utilities
TXN-00017224,CUST-002026,110.69,branch,grocery
TXN-00017225,CUST-000201,19.64,atm,utilities
TXN-00017226,CUST-002191,92.72,card,education
TXN-00017227,CUST-001672,126.81,card,grocery
TXN-00017228,CUST-002261,35.76,card,utilities
TXN-00017229,CUST-002936,84.66,online,grocery
TXN-00017230,CUST-000515,166.41,card,dining
TXN-00017231,CUST-000006,32.99,branch,retail
TXN-00017232,CUST-005326,133.57,branch,retail
TXN-00017233,CUST-000779,64.99,online,health
TXN-00017234,CUST-005583,124.82,wallet,health
TXN-00017235,CUST-002264,74.46,wallet,education
TXN-00017236,CUST-005940,22.94,online,retail
TXN-00017237,CUST-005171,49.53,card,education
TXN-00017238,CUST-003509,69.19,online,grocery
TXN-00017239,CUST-003873,15.92,online,dining
TXN-00017240,CUST-005667,669.97,branch,grocery
TXN-00017241,CUST-002699,55.15,card,utilities
TXN-00017242,CUST-001458,75.5,online,grocery
TXN-00017243,CUST-000958,54.11,wallet,retail
TXN-00017244,CUST-004046,30.12,atm,utilities
TXN-00017245,CUST-003653,94.99,atm,utilities
TXN-00017246,CUST-003019,84.76,atm,dining
TXN-00017247,CUST-003536,7.22,card,health
TXN-00017248,CUST-002107,57.14,atm,utilities
TXN-00017249,CUST-002946,91.11,card,health
TXN-00017250,CUST-003380,31.49,card,education
TXN-00017251,CUST-000743,16.51,online,utilities
TXN-00017252,CUST-003226,204.16,online,health
TXN-00017253,CUST-000227,62.08,atm,grocery
TXN-00017254,CUST-005140,12.23,online,dining
TXN-00017255,CUST-003083,111.58,card,education
TXN-00017256,CUST-003563,23.36,atm,retail
TXN-00017257,CUST-001022,352.39,online,retail
TXN-00017258,CUST-004821,44.62,card,retail
TXN-00017259,CUST-005150,10.0,card,travel
TXN-00017260,CUST-004294,257.27,wallet,grocery
TXN-00017261,CUST-003672,72.22,online,grocery
TXN-00017262,CUST-003739,38.58,online,utilities
TXN-00017263,CUST-001713,84.44,branch,travel
TXN-00017264,CUST-000913,121.26,atm,education
TXN-00017265,CUST-001133,493.12,card,health
TXN-00017266,CUST-000490,40.29,card,travel
TXN-00017267,CUST-002502,30.18,online,travel
TXN-00017268,CUST-004928,1211.64,online,dining
TXN-00017269,CUST-005886,21.44,online,utilities
TXN-00017270,CUST-001475,62.74,card,dining
TXN-00017271,CUST-002717,39.33,online,education
TXN-00017272,CUST-003217,29.43,card,travel
TXN-00017273,CUST-004564,47.05,wallet,grocery
TXN-00017274,CUST-001312,30.55,atm,travel
TXN-00017275,CUST-001182,107.24,card,grocery
TXN-00017276,CUST-001608,71.67,card,travel
TXN-00017277,CUST-001352,52.24,branch,retail
TXN-00017278,CUST-000210,111.65,online,dining
TXN-00017279,CUST-000450,11.08,atm,health
TXN-00017280,CUST-002863,72.2,card,utilities
TXN-00017281,CUST-000213,50.99,branch,grocery
TXN-00017282,CUST-003930,66.58,online,dining
TXN-00017283,CUST-004349,117.17,branch,grocery
TXN-00017284,CUST-005004,91.98,branch,travel
TXN-00017285,CUST-000617,224.67,atm,travel
TXN-00017286,CUST-005966,55.79,card,travel
TXN-00017287,CUST-004638,68.21,wallet,travel
TXN-00017288,CUST-003893,100.59,online,dining
TXN-00017289,CUST-001497,14.53,online,retail
TXN-00017290,CUST-002323,282.73,card,utilities
TXN-00017291,CUST-004676,124.53,wallet,health
TXN-00017292,CUST-003222,43.21,online,utilities
TXN-00017293,CUST-004740,54.5,online,health
TXN-00017294,CUST-004102,185.59,online,health
TXN-00017295,CUST-000291,38.23,wallet,utilities
TXN-00017296,CUST-001177,193.0,atm,grocery
TXN-00017297,CUST-005199,222.69,card,education
TXN-00017298,CUST-003855,43.77,wallet,health
TXN-00017299,CUST-003019,29.7,online,grocery
TXN-00017300,CUST-003140,213.27,online,retail
TXN-00017301,CUST-003129,142.19,card,dining
TXN-00017302,CUST-002636,77.61,card,grocery
TXN-00017303,CUST-005672,90.7,card,education
TXN-00017304,CUST-004174,53.85,card,retail
TXN-00017305,CUST-003402,84.06,card,dining
TXN-00017306,CUST-005659,189.26,online,travel
TXN-00017307,CUST-000618,207.31,online,grocery
TXN-00017308,CUST-004347,186.37,branch,grocery
TXN-00017309,CUST-001474,62.1,card,dining
TXN-00017310,CUST-000032,23.13,card,education
TXN-00017311,CUST-005287,699.4,online,retail
TXN-00017312,CUST-004709,23.28,atm,retail
TXN-00017313,CUST-002778,94.28,online,travel
TXN-00017314,CUST-000836,75.46,atm,utilities
TXN-00017315,CUST-001606,463.14,online,education
TXN-00017316,CUST-002495,294.76,online,utilities
TXN-00017317,CUST-005010,8.06,online,travel
TXN-00017318,CUST-005814,13.06,wallet,travel
TXN-00017319,CUST-005408,291.24,online,health
TXN-00017320,CUST-000160,167.55,branch,education
TXN-00017321,CUST-000540,35.47,branch,health
TXN-00017322,CUST-003475,98.83,atm,retail
TXN-00017323,CUST-003085,55.47,branch,education
TXN-00017324,CUST-001736,56.69,wallet,travel
TXN-00017325,CUST-002617,120.56,atm,grocery
TXN-00017326,CUST-005926,122.92,atm,dining
TXN-00017327,CUST-003639,56.2,wallet,travel
TXN-00017328,CUST-001556,47.65,card,health
TXN-00017329,CUST-001309,44.68,online,utilities
TXN-00017330,CUST-004842,42.86,card,travel
TXN-00017331,CUST-005717,22.88,online,education
TXN-00017332,CUST-003194,202.53,card,education
TXN-00017333,CUST-003763,1129.92,online,travel
TXN-00017334,CUST-003849,66.13,card,dining
TXN-00017335,CUST-004762,67.49,atm,utilities
TXN-00017336,CUST-002230,1365.83,card,retail
TXN-00017337,CUST-001857,15.54,online,retail
TXN-00017338,CUST-000674,38.88,atm,retail
TXN-00017339,CUST-003485,104.56,online,health
TXN-00017340,CUST-003571,62.2,online,dining
TXN-00017341,CUST-003367,36.95,atm,dining
TXN-00017342,CUST-000763,574.1,online,education
TXN-00017343,CUST-002524,191.23,branch,education
TXN-00017344,CUST-004112,118.09,card,education
TXN-00017345,CUST-004613,201.79,wallet,travel
TXN-00017346,CUST-001618,104.25,branch,grocery
TXN-00017347,CUST-002039,177.47,wallet,grocery
TXN-00017348,CUST-000857,163.37,atm,education
TXN-00017349,CUST-000632,11.49,atm,dining
TXN-00017350,CUST-001405,72.45,online,grocery
TXN-00017351,CUST-005941,72.57,branch,education
TXN-00017352,CUST-001828,27.96,branch,grocery
TXN-00017353,CUST-004346,39.19,online,travel
TXN-00017354,CUST-000409,58.43,online,grocery
TXN-00017355,CUST-001862,66.6,atm,health
TXN-00017356,CUST-003093,361.61,online,education
TXN-00017357,CUST-000135,194.32,card,dining
TXN-00017358,CUST-005971,56.7,online,dining
TXN-00017359,CUST-000526,234.37,atm,grocery
TXN-00017360,CUST-004294,53.73,branch,travel
TXN-00017361,CUST-005511,8.82,card,dining
TXN-00017362,CUST-004559,58.75,online,travel
TXN-00017363,CUST-004115,243.96,branch,travel
TXN-00017364,CUST-001981,450.78,atm,utilities
TXN-00017365,CUST-005978,86.72,card,health
TXN-00017366,CUST-002317,60.71,branch,retail
TXN-00017367,CUST-002134,70.19,card,grocery
TXN-00017368,CUST-000087,45.55,online,health
TXN-00017369,CUST-001555,63.98,atm,grocery
TXN-00017370,CUST-001451,27.97,online,grocery
TXN-00017371,CUST-001190,21.05,online,retail
TXN-00017372,CUST-004510,59.93,online,education
TXN-00017373,CUST-005508,58.31,online,health
TXN-00017374,CUST-005154,22.78,card,education
TXN-00017375,CUST-003353,78.25,branch,travel
TXN-00017376,CUST-004586,95.72,wallet,dining
TXN-00017377,CUST-002232,145.62,card,grocery
TXN-00017378,CUST-004129,6.86,card,travel
TXN-00017379,CUST-004490,100.9,atm,dining
TXN-00017380,CUST-005685,194.11,branch,utilities
TXN-00017381,CUST-004825,137.85,online,grocery
TXN-00017382,CUST-002230,126.29,card,education
TXN-00017383,CUST-005485,59.94,card,utilities
TXN-00017384,CUST-000941,36.01,online,dining
TXN-00017385,CUST-001829,79.42,atm,education
TXN-00017386,CUST-004159,122.32,online,retail
TXN-00017387,CUST-002292,124.87,wallet,retail
TXN-00017388,CUST-002995,316.42,online,retail
TXN-00017389,CUST-005705,41.56,online,dining
TXN-00017390,CUST-000244,72.15,atm,utilities
TXN-00017391,CUST-005358,77.38,online,grocery
TXN-00017392,CUST-002992,24.8,online,health
TXN-00017393,CUST-000026,40.29,card,travel
TXN-00017394,CUST-000311,56.29,online,dining
TXN-00017395,CUST-000646,60.74,card,health
TXN-00017396,CUST-002791,40.07,wallet,retail
TXN-00017397,CUST-004871,226.56,atm,education
TXN-00017398,CUST-000353,93.6,atm,education
TXN-00017399,CUST-005086,143.18,branch,health
TXN-00017400,CUST-005614,49.3,card,education
TXN-00017401,CUST-000037,25.81,online,grocery
TXN-00017402,CUST-004944,122.43,card,travel
TXN-00017403,CUST-000434,3.65,wallet,dining
TXN-00017404,CUST-005734,96.55,card,utilities
TXN-00017405,CUST-005547,7.28,atm,grocery
TXN-00017406,CUST-004157,176.35,online,education
TXN-00017407,CUST-004383,11.12,atm,dining
TXN-00017408,CUST-001220,29.01,card,dining
TXN-00017409,CUST-001864,156.65,card,travel
TXN-00017410,CUST-003421,19.05,branch,health
TXN-00017411,CUST-002958,74.43,online,grocery
TXN-00017412,CUST-001791,332.22,card,health
TXN-00017413,CUST-005655,277.69,atm,dining
TXN-00017414,CUST-003792,105.52,branch,education
TXN-00017415,CUST-002914,299.87,wallet,utilities
TXN-00017416,CUST-005713,105.71,card,utilities
TXN-00017417,CUST-004682,33.0,card,utilities
TXN-00017418,CUST-005552,15.42,online,dining
TXN-00017419,CUST-000617,74.93,online,dining
TXN-00017420,CUST-000357,76.12,card,grocery
TXN-00017421,CUST-005459,347.46,atm,grocery
TXN-00017422,CUST-003602,89.15,card,travel
TXN-00017423,CUST-001380,188.09,atm,education
TXN-00017424,CUST-004986,121.31,card,utilities
TXN-00017425,CUST-003034,79.03,atm,retail
TXN-00017426,CUST-001223,18.45,card,grocery
TXN-00017427,CUST-002305,23.29,card,retail
TXN-00017428,CUST-004122,110.58,wallet,utilities
TXN-00017429,CUST-001005,91.34,atm,travel
TXN-00017430,CUST-003299,15.08,card,utilities
TXN-00017431,CUST-000371,39.09,online,travel
TXN-00017432,CUST-000327,15.13,atm,retail
TXN-00017433,CUST-003274,223.75,card,health
TXN-00017434,CUST-004821,78.83,card,retail
TXN-00017435,CUST-003108,157.72,card,retail
TXN-00017436,CUST-003850,20.54,card,health
TXN-00017437,CUST-004348,50.65,online,utilities
TXN-00017438,CUST-005202,40.71,wallet,dining
TXN-00017439,CUST-002235,45.76,atm,retail
TXN-00017440,CUST-002810,345.8,card,dining
TXN-00017441,CUST-001522,136.13,online,dining
TXN-00017442,CUST-004604,125.93,wallet,travel
TXN-00017443,CUST-000471,50.93,branch,travel
TXN-00017444,CUST-001590,46.34,card,education
TXN-00017445,CUST-001183,119.09,card,grocery
TXN-00017446,CUST-003933,596.92,branch,dining
TXN-00017447,CUST-000422,58.0,wallet,dining
TXN-00017448,CUST-005416,16.57,branch,dining
TXN-00017449,CUST-001863,53.55,branch,health
TXN-00017450,CUST-005544,90.71,atm,health
TXN-00017451,CUST-001702,225.44,card,education
TXN-00017452,CUST-000331,132.71,card,utilities
TXN-00017453,CUST-001901,94.87,online,health
TXN-00017454,CUST-000104,37.32,branch,utilities
TXN-00017455,CUST-004883,100.14,online,travel
TXN-00017456,CUST-005977,14.46,online,travel
TXN-00017457,CUST-003939,144.9,online,retail
TXN-00017458,CUST-002523,18.5,online,grocery
TXN-00017459,CUST-005616,76.7,atm,utilities
TXN-00017460,CUST-001137,56.9,card,travel
TXN-00017461,CUST-003856,207.37,atm,health
TXN-00017462,CUST-002822,33.68,card,grocery
TXN-00017463,CUST-005781,11.14,card,utilities
TXN-00017464,CUST-002401,74.34,wallet,dining
TXN-00017465,CUST-004856,150.87,online,utilities
TXN-00017466,CUST-004757,293.89,card,travel
TXN-00017467,CUST-003333,53.36,atm,education
TXN-00017468,CUST-000909,203.46,online,health
TXN-00017469,CUST-004180,89.18,wallet,retail
TXN-00017470,CUST-003835,120.93,wallet,travel
TXN-00017471,CUST-002494,107.41,card,utilities
TXN-00017472,CUST-001223,13.99,wallet,retail
TXN-00017473,CUST-001903,20.89,card,health
TXN-00017474,CUST-004460,27.36,online,grocery
TXN-00017475,CUST-003187,40.55,online,retail
TXN-00017476,CUST-005876,37.71,online,dining
TXN-00017477,CUST-001694,59.87,card,health
TXN-00017478,CUST-005293,63.74,atm,retail
TXN-00017479,CUST-005058,52.83,online,health
TXN-00017480,CUST-002878,291.07,wallet,travel
TXN-00017481,CUST-003833,187.86,branch,retail
TXN-00017482,CUST-002333,50.34,online,utilities
TXN-00017483,CUST-005931,230.81,card,dining
TXN-00017484,CUST-004592,959.71,online,utilities
TXN-00017485,CUST-000601,87.16,online,grocery
TXN-00017486,CUST-001339,28.44,online,health
TXN-00017487,CUST-001340,46.65,card,grocery
TXN-00017488,CUST-000702,148.41,card,travel
TXN-00017489,CUST-005166,35.64,wallet,travel
TXN-00017490,CUST-004453,34.68,online,education
TXN-00017491,CUST-004497,62.23,card,utilities
TXN-00017492,CUST-003181,189.87,card,travel
TXN-00017493,CUST-001337,125.62,atm,education
TXN-00017494,CUST-003595,288.44,branch,travel
TXN-00017495,CUST-003365,19.76,online,dining
TXN-00017496,CUST-003699,46.56,online,education
TXN-00017497,CUST-001055,31.14,online,utilities
TXN-00017498,CUST-004382,31.23,card,utilities
TXN-00017499,CUST-001508,62.97,online,health
TXN-00017500,CUST-005451,111.19,online,travel
TXN-00017501,CUST-000890,41.23,online,travel
TXN-00017502,CUST-000341,139.73,wallet,utilities
TXN-00017503,CUST-001004,19.19,online,grocery
TXN-00017504,CUST-002950,183.24,wallet,education
TXN-00017505,CUST-003853,40.1,online,health
TXN-00017506,CUST-003813,230.77,card,retail
TXN-00017507,CUST-002936,230.9,card,education
TXN-00017508,CUST-005780,23.62,online,education
TXN-00017509,CUST-001376,66.02,branch,grocery
TXN-00017510,CUST-004296,50.89,online,grocery
TXN-00017511,CUST-005218,45.01,card,education
TXN-00017512,CUST-004240,124.78,card,utilities
TXN-00017513,CUST-002504,87.57,online,health
TXN-00017514,CUST-001898,41.79,wallet,dining
TXN-00017515,CUST-002928,43.5,card,education
TXN-00017516,CUST-005054,216.65,card,education
TXN-00017517,CUST-004131,15.77,card,retail
TXN-00017518,CUST-001616,49.03,atm,dining
TXN-00017519,CUST-000696,179.87,branch,health
TXN-00017520,CUST-005350,35.89,card,retail
TXN-00017521,CUST-002135,77.53,card,utilities
TXN-00017522,CUST-003543,75.49,online,grocery
TXN-00017523,CUST-004802,63.79,atm,travel
TXN-00017524,CUST-001343,65.01,card,retail
TXN-00017525,CUST-004429,16.28,online,education
TXN-00017526,CUST-001343,43.12,wallet,travel
TXN-00017527,CUST-002903,53.37,atm,health
TXN-00017528,CUST-003000,447.61,card,travel
TXN-00017529,CUST-004402,31.21,branch,health
TXN-00017530,CUST-002484,4.7,wallet,grocery
TXN-00017531,CUST-002071,370.39,online,retail
TXN-00017532,CUST-001741,117.18,wallet,grocery
TXN-00017533,CUST-004165,74.28,atm,dining
TXN-00017534,CUST-000913,52.68,card,education
TXN-00017535,CUST-004984,18.55,online,dining
TXN-00017536,CUST-000033,322.31,online,education
TXN-00017537,CUST-003770,55.57,branch,travel
TXN-00017538,CUST-002445,34.48,wallet,utilities
TXN-00017539,CUST-002807,639.9,branch,health
TXN-00017540,CUST-001483,71.18,card,utilities
TXN-00017541,CUST-003111,154.86,card,utilities
TXN-00017542,CUST-000670,567.48,card,utilities
TXN-00017543,CUST-005954,84.71,atm,education
TXN-00017544,CUST-001594,65.19,online,grocery
TXN-00017545,CUST-001205,41.38,card,health
TXN-00017546,CUST-003295,66.97,card,dining
TXN-00017547,CUST-004821,216.22,online,grocery
TXN-00017548,CUST-003768,48.8,wallet,health
TXN-00017549,CUST-003569,161.42,wallet,education
TXN-00017550,CUST-002367,50.92,card,health
TXN-00017551,CUST-004148,132.5,wallet,education
TXN-00017552,CUST-005118,219.38,branch,utilities
TXN-00017553,CUST-000435,55.28,card,dining
TXN-00017554,CUST-000054,457.5,online,utilities
TXN-00017555,CUST-001948,249.84,online,dining
TXN-00017556,CUST-002270,62.79,card,retail
TXN-00017557,CUST-004257,40.07,branch,travel
TXN-00017558,CUST-005044,7.07,card,retail
TXN-00017559,CUST-000260,188.22,online,education
TXN-00017560,CUST-004119,142.6,online,travel
TXN-00017561,CUST-003948,60.14,online,grocery
TXN-00017562,CUST-003395,7.59,card,travel
TXN-00017563,CUST-000548,13.95,card,education
TXN-00017564,CUST-000725,16.47,branch,utilities
TXN-00017565,CUST-004351,106.38,online,utilities
TXN-00017566,CUST-005133,54.62,card,retail
TXN-00017567,CUST-000672,137.77,wallet,grocery
TXN-00017568,CUST-000970,22.41,online,education
TXN-00017569,CUST-000935,63.91,online,retail
TXN-00017570,CUST-005808,98.84,wallet,education
TXN-00017571,CUST-002559,319.25,card,travel
TXN-00017572,CUST-005342,60.12,card,retail
TXN-00017573,CUST-005458,95.76,online,utilities
TXN-00017574,CUST-001322,17.15,card,dining
TXN-00017575,CUST-002031,26.16,online,dining
TXN-00017576,CUST-000806,85.39,online,health
TXN-00017577,CUST-005446,231.7,branch,grocery
TXN-00017578,CUST-002420,36.15,branch,grocery
TXN-00017579,CUST-004693,34.87,branch,dining
TXN-00017580,CUST-005973,12.64,wallet,travel
TXN-00017581,CUST-004369,10.48,online,travel
TXN-00017582,CUST-001440,6.34,card,travel
TXN-00017583,CUST-003545,163.2,card,travel
TXN-00017584,CUST-004574,50.95,online,retail
TXN-00017585,CUST-002062,93.43,card,health
TXN-00017586,CUST-003252,44.15,branch,utilities
TXN-00017587,CUST-005845,135.88,card,travel
TXN-00017588,CUST-001679,132.93,atm,utilities
TXN-00017589,CUST-005251,62.36,card,dining
TXN-00017590,CUST-005045,19.27,atm,health
TXN-00017591,CUST-001431,291.8,online,health
TXN-00017592,CUST-003462,19.39,online,travel
TXN-00017593,CUST-001637,35.3,atm,dining
TXN-00017594,CUST-004990,67.05,branch,education
TXN-00017595,CUST-002138,25.29,online,grocery
TXN-00017596,CUST-000188,150.1,online,grocery
TXN-00017597,CUST-001048,67.76,card,education
TXN-00017598,CUST-002556,123.88,card,education
TXN-00017599,CUST-005050,20.39,online,grocery
TXN-00017600,CUST-001064,214.65,online,education
TXN-00017601,CUST-005543,81.01,wallet,utilities
TXN-00017602,CUST-000546,155.82,card,dining
TXN-00017603,CUST-004896,139.48,online,travel
TXN-00017604,CUST-005223,39.29,card,utilities
TXN-00017605,CUST-002982,261.3,atm,retail
TXN-00017606,CUST-000143,45.7,card,retail
TXN-00017607,CUST-002119,78.73,online,retail
TXN-00017608,CUST-003579,193.76,branch,utilities
TXN-00017609,CUST-003166,6.67,card,health
TXN-00017610,CUST-004212,121.86,wallet,utilities
TXN-00017611,CUST-005957,161.58,card,dining
TXN-00017612,CUST-002841,40.62,card,education
TXN-00017613,CUST-002563,112.22,card,dining
TXN-00017614,CUST-004656,499.1,online,utilities
TXN-00017615,CUST-004372,52.51,branch,travel
TXN-00017616,CUST-003743,105.84,online,grocery
TXN-00017617,CUST-002158,20.01,card,travel
TXN-00017618,CUST-003615,147.94,card,grocery
TXN-00017619,CUST-004024,133.8,card,education
TXN-00017620,CUST-001682,220.0,online,utilities
TXN-00017621,CUST-002347,14.03,online,utilities
TXN-00017622,CUST-001380,129.96,atm,health
TXN-00017623,CUST-003588,252.8,atm,dining
TXN-00017624,CUST-005586,127.63,branch,education
TXN-00017625,CUST-004594,75.6,online,utilities
TXN-00017626,CUST-001810,10.18,card,health
TXN-00017627,CUST-003462,28.83,online,travel
TXN-00017628,CUST-004270,32.05,branch,health
TXN-00017629,CUST-004048,238.57,wallet,travel
TXN-00017630,CUST-005807,13.9,atm,dining
TXN-00017631,CUST-001181,737.08,online,grocery
TXN-00017632,CUST-005609,43.17,atm,grocery
TXN-00017633,CUST-003327,101.85,card,health
TXN-00017634,CUST-005435,108.36,card,education
TXN-00017635,CUST-005274,31.78,card,education
TXN-00017636,CUST-005394,51.4,online,dining
TXN-00017637,CUST-005028,11.78,branch,grocery
TXN-00017638,CUST-000933,210.91,branch,utilities
TXN-00017639,CUST-003555,148.36,branch,education
TXN-00017640,CUST-002312,37.99,atm,grocery
TXN-00017641,CUST-003437,178.41,online,utilities
TXN-00017642,CUST-005935,72.91,card,travel
TXN-00017643,CUST-001966,10.36,atm,retail
TXN-00017644,CUST-001212,226.21,online,health
TXN-00017645,CUST-004392,91.02,online,retail
TXN-00017646,CUST-001687,175.27,card,health
TXN-00017647,CUST-002788,82.56,atm,health
TXN-00017648,CUST-005316,52.34,atm,grocery
TXN-00017649,CUST-004866,62.44,branch,health
TXN-00017650,CUST-001009,21.98,card,travel
TXN-00017651,CUST-004173,119.32,card,dining
TXN-00017652,CUST-000623,93.72,online,travel
TXN-00017653,CUST-003642,66.34,online,grocery
TXN-00017654,CUST-000490,35.57,card,health
TXN-00017655,CUST-000249,20.26,card,grocery
TXN-00017656,CUST-001632,173.54,card,travel
TXN-00017657,CUST-002862,13.15,card,utilities
TXN-00017658,CUST-005907,168.18,card,travel
TXN-00017659,CUST-001688,9.28,wallet,health
TXN-00017660,CUST-004068,41.55,card,utilities
TXN-00017661,CUST-005710,130.02,online,dining
TXN-00017662,CUST-000497,182.77,online,education
TXN-00017663,CUST-004901,52.86,atm,health
TXN-00017664,CUST-002910,149.17,branch,utilities
TXN-00017665,CUST-001503,21.97,card,education
TXN-00017666,CUST-000667,32.29,atm,grocery
TXN-00017667,CUST-005013,113.92,online,education
TXN-00017668,CUST-001524,49.02,card,dining
TXN-00017669,CUST-001879,36.94,online,education
TXN-00017670,CUST-000926,57.1,online,travel
TXN-00017671,CUST-001957,50.29,card,grocery
TXN-00017672,CUST-004435,57.38,branch,health
TXN-00017673,CUST-003335,335.35,card,retail
TXN-00017674,CUST-000862,230.29,online,dining
TXN-00017675,CUST-003001,181.73,atm,retail
TXN-00017676,CUST-002605,74.65,online,dining
TXN-00017677,CUST-003127,99.63,atm,health
TXN-00017678,CUST-003619,27.65,atm,utilities
TXN-00017679,CUST-003372,494.71,online,travel
TXN-00017680,CUST-003551,34.69,branch,education
TXN-00017681,CUST-004634,302.46,wallet,grocery
TXN-00017682,CUST-003392,62.3,wallet,travel
TXN-00017683,CUST-003477,271.1,atm,retail
TXN-00017684,CUST-000735,45.47,wallet,retail
TXN-00017685,CUST-004670,145.81,online,health
TXN-00017686,CUST-003234,303.42,card,education
TXN-00017687,CUST-003532,297.23,card,retail
TXN-00017688,CUST-000124,93.65,card,utilities
TXN-00017689,CUST-004501,74.12,online,grocery
TXN-00017690,CUST-000783,125.65,card,travel
TXN-00017691,CUST-000073,230.59,online,retail
TXN-00017692,CUST-002712,166.23,card,utilities
TXN-00017693,CUST-003675,103.96,wallet,grocery
TXN-00017694,CUST-002910,260.75,branch,health
TXN-00017695,CUST-004313,20.21,online,travel
TXN-00017696,CUST-005251,132.47,branch,travel
TXN-00017697,CUST-001045,37.24,online,education
TXN-00017698,CUST-003747,450.48,card,health
TXN-00017699,CUST-005568,182.53,card,education
TXN-00017700,CUST-001290,17.41,online,dining
TXN-00017701,CUST-000401,19.87,online,travel
TXN-00017702,CUST-001225,18.61,atm,grocery
TXN-00017703,CUST-000348,124.01,online,travel
TXN-00017704,CUST-004372,168.67,atm,health
TXN-00017705,CUST-000186,10.85,card,grocery
TXN-00017706,CUST-000318,40.84,atm,retail
TXN-00017707,CUST-004418,46.62,online,retail
TXN-00017708,CUST-004104,100.84,card,grocery
TXN-00017709,CUST-005933,53.58,online,education
TXN-00017710,CUST-000943,92.64,atm,utilities
TXN-00017711,CUST-000561,24.25,online,grocery
TXN-00017712,CUST-005129,17.87,online,utilities
TXN-00017713,CUST-000515,33.71,atm,health
TXN-00017714,CUST-002632,68.63,atm,utilities
TXN-00017715,CUST-005894,80.18,online,travel
TXN-00017716,CUST-003561,13.46,online,grocery
TXN-00017717,CUST-001535,31.3,card,education
TXN-00017718,CUST-005246,107.6,online,education
TXN-00017719,CUST-000172,295.72,card,education
TXN-00017720,CUST-002077,27.67,atm,grocery
TXN-00017721,CUST-005520,177.97,online,education
TXN-00017722,CUST-003069,22.07,online,grocery
TXN-00017723,CUST-005766,371.27,online,travel
TXN-00017724,CUST-001293,16.14,branch,health
TXN-00017725,CUST-000397,11.11,online,health
TXN-00017726,CUST-002484,60.77,atm,education
TXN-00017727,CUST-002270,17.25,online,dining
TXN-00017728,CUST-004303,83.75,card,utilities
TXN-00017729,CUST-005589,28.77,card,education
TXN-00017730,CUST-002278,145.39,atm,travel
TXN-00017731,CUST-000613,60.34,card,utilities
TXN-00017732,CUST-000265,30.62,wallet,education
TXN-00017733,CUST-002281,99.86,atm,dining
TXN-00017734,CUST-001697,29.87,atm,retail
TXN-00017735,CUST-002640,67.14,atm,grocery
TXN-00017736,CUST-003431,38.96,branch,retail
TXN-00017737,CUST-005075,151.79,card,grocery
TXN-00017738,CUST-000108,20.83,online,retail
TXN-00017739,CUST-002121,14.55,online,grocery
TXN-00017740,CUST-003803,132.03,card,health
TXN-00017741,CUST-005403,18.49,wallet,dining
TXN-00017742,CUST-005222,83.78,branch,travel
TXN-00017743,CUST-003592,210.13,branch,grocery
TXN-00017744,CUST-001782,149.17,online,dining
TXN-00017745,CUST-001417,57.79,wallet,grocery
TXN-00017746,CUST-003900,199.4,card,dining
TXN-00017747,CUST-000814,71.76,online,retail
TXN-00017748,CUST-003250,23.42,card,dining
TXN-00017749,CUST-002978,515.81,card,health
TXN-00017750,CUST-003487,37.31,card,dining
TXN-00017751,CUST-003818,96.14,wallet,travel
TXN-00017752,CUST-003551,77.37,online,grocery
TXN-00017753,CUST-000149,18.78,atm,health
TXN-00017754,CUST-003081,182.19,atm,travel
TXN-00017755,CUST-001974,52.01,card,education
TXN-00017756,CUST-003991,178.03,atm,utilities
TXN-00017757,CUST-003160,26.21,online,health
TXN-00017758,CUST-003508,32.68,online,education
TXN-00017759,CUST-000708,107.36,atm,utilities
TXN-00017760,CUST-003179,216.68,atm,dining
TXN-00017761,CUST-004213,135.99,atm,utilities
TXN-00017762,CUST-001324,12.32,online,dining
TXN-00017763,CUST-004174,178.08,online,health
TXN-00017764,CUST-005453,44.29,card,grocery
TXN-00017765,CUST-005244,19.97,wallet,grocery
TXN-00017766,CUST-001292,216.78,card,retail
TXN-00017767,CUST-002399,41.21,atm,utilities
TXN-00017768,CUST-000655,198.15,card,grocery
TXN-00017769,CUST-001194,92.76,card,retail
TXN-00017770,CUST-004301,83.79,card,retail
TXN-00017771,CUST-005239,203.61,card,grocery
TXN-00017772,CUST-000758,28.8,card,utilities
TXN-00017773,CUST-003705,223.63,online,dining
TXN-00017774,CUST-001341,14.63,atm,travel
TXN-00017775,CUST-002408,89.23,card,grocery
TXN-00017776,CUST-005213,368.28,online,grocery
TXN-00017777,CUST-004045,186.57,card,education
TXN-00017778,CUST-002690,75.01,card,dining
TXN-00017779,CUST-003682,350.35,online,health
TXN-00017780,CUST-003972,35.99,atm,utilities
TXN-00017781,CUST-003205,102.72,card,dining
TXN-00017782,CUST-002329,59.43,card,dining
TXN-00017783,CUST-002574,80.36,card,education
TXN-00017784,CUST-003875,169.02,card,travel
TXN-00017785,CUST-001051,87.21,atm,retail
TXN-00017786,CUST-005032,32.89,online,dining
TXN-00017787,CUST-004239,5.83,branch,travel
TXN-00017788,CUST-003087,249.18,card,education
TXN-00017789,CUST-001371,159.11,card,travel
TXN-00017790,CUST-003679,128.18,card,travel
TXN-00017791,CUST-002501,110.09,card,health
TXN-00017792,CUST-000434,63.01,wallet,travel
TXN-00017793,CUST-002709,22.81,atm,health
TXN-00017794,CUST-001389,95.73,card,travel
TXN-00017795,CUST-004406,73.63,wallet,retail
TXN-00017796,CUST-003760,264.38,wallet,health
TXN-00017797,CUST-001556,66.09,online,grocery
TXN-00017798,CUST-000254,166.86,card,retail
TXN-00017799,CUST-002683,60.56,wallet,retail
TXN-00017800,CUST-003178,100.69,branch,education
TXN-00017801,CUST-003761,23.83,card,utilities
TXN-00017802,CUST-004634,14.16,atm,grocery
TXN-00017803,CUST-001174,54.83,online,retail
TXN-00017804,CUST-005541,163.59,online,utilities
TXN-00017805,CUST-001950,86.53,card,utilities
TXN-00017806,CUST-004049,49.63,card,travel
TXN-00017807,CUST-000012,36.2,card,dining
TXN-00017808,CUST-005641,13.69,online,grocery
TXN-00017809,CUST-004859,123.61,wallet,travel
TXN-00017810,CUST-005454,39.32,card,education
TXN-00017811,CUST-003581,6.54,wallet,grocery
TXN-00017812,CUST-002524,66.0,card,health
TXN-00017813,CUST-005253,151.06,online,grocery
TXN-00017814,CUST-004287,883.92,card,utilities
TXN-00017815,CUST-000325,270.84,card,travel
TXN-00017816,CUST-002214,106.43,card,retail
TXN-00017817,CUST-000979,62.94,card,utilities
TXN-00017818,CUST-000582,113.14,atm,dining
TXN-00017819,CUST-003398,54.96,card,grocery
TXN-00017820,CUST-001483,31.82,card,travel
TXN-00017821,CUST-001862,23.86,online,health
TXN-00017822,CUST-003768,8.38,card,retail
TXN-00017823,CUST-000449,88.9,branch,health
TXN-00017824,CUST-002522,92.31,branch,retail
TXN-00017825,CUST-003032,258.23,card,education
TXN-00017826,CUST-003235,6.69,card,health
TXN-00017827,CUST-004199,210.08,online,grocery
TXN-00017828,CUST-002235,95.51,atm,utilities
TXN-00017829,CUST-005540,254.67,online,grocery
TXN-00017830,CUST-001981,338.37,card,health
TXN-00017831,CUST-000137,11.85,card,travel
TXN-00017832,CUST-000646,119.64,online,travel
TXN-00017833,CUST-000162,93.7,wallet,education
TXN-00017834,CUST-001478,156.0,online,dining
TXN-00017835,CUST-000319,369.3,branch,dining
TXN-00017836,CUST-002795,62.64,atm,grocery
TXN-00017837,CUST-005414,38.78,card,retail
TXN-00017838,CUST-000892,50.55,card,retail
TXN-00017839,CUST-004387,14.19,card,dining
TXN-00017840,CUST-003857,663.08,card,education
TXN-00017841,CUST-005036,385.73,card,education
TXN-00017842,CUST-003412,58.11,card,utilities
TXN-00017843,CUST-002581,91.68,card,travel
TXN-00017844,CUST-001764,25.85,card,retail
TXN-00017845,CUST-000545,38.03,branch,education
TXN-00017846,CUST-004309,177.08,branch,utilities
TXN-00017847,CUST-003386,108.02,card,utilities
TXN-00017848,CUST-001077,104.52,card,education
TXN-00017849,CUST-003491,64.95,online,grocery
TXN-00017850,CUST-000487,152.03,online,utilities
TXN-00017851,CUST-002141,10.48,card,education
TXN-00017852,CUST-004647,100.42,card,utilities
TXN-00017853,CUST-004058,478.21,online,retail
TXN-00017854,CUST-003856,169.85,online,dining
TXN-00017855,CUST-004813,16.51,online,utilities
TXN-00017856,CUST-000765,102.51,branch,travel
TXN-00017857,CUST-001344,48.16,card,health
TXN-00017858,CUST-002594,331.72,online,grocery
TXN-00017859,CUST-003727,77.93,wallet,utilities
TXN-00017860,CUST-001142,641.36,branch,retail
TXN-00017861,CUST-004775,650.47,atm,dining
TXN-00017862,CUST-002954,118.73,branch,grocery
TXN-00017863,CUST-005767,88.09,wallet,travel
TXN-00017864,CUST-000896,285.95,online,health
TXN-00017865,CUST-001140,36.7,wallet,grocery
TXN-00017866,CUST-005881,108.97,card,health
TXN-00017867,CUST-000665,56.82,wallet,dining
TXN-00017868,CUST-002631,43.47,wallet,dining
TXN-00017869,CUST-003909,181.82,card,travel
TXN-00017870,CUST-000378,80.38,wallet,travel
TXN-00017871,CUST-003305,607.77,card,health
TXN-00017872,CUST-004911,40.03,wallet,retail
TXN-00017873,CUST-004218,26.64,online,travel
TXN-00017874,CUST-005767,71.52,online,health
TXN-00017875,CUST-001534,125.25,online,utilities
TXN-00017876,CUST-004361,61.87,wallet,retail
TXN-00017877,CUST-004504,141.72,online,dining
TXN-00017878,CUST-000479,31.16,wallet,dining
TXN-00017879,CUST-001404,163.14,card,retail
TXN-00017880,CUST-005773,27.75,online,dining
TXN-00017881,CUST-003716,16.38,branch,travel
TXN-00017882,CUST-002691,12.62,card,travel
TXN-00017883,CUST-005922,315.88,branch,retail
TXN-00017884,CUST-005033,136.02,card,grocery
TXN-00017885,CUST-005927,133.64,card,health
TXN-00017886,CUST-002291,52.89,card,dining
TXN-00017887,CUST-000832,165.04,branch,education
TXN-00017888,CUST-000560,33.9,branch,dining
TXN-00017889,CUST-003116,31.94,card,education
TXN-00017890,CUST-002020,84.78,online,utilities
TXN-00017891,CUST-003068,112.31,online,education
TXN-00017892,CUST-005962,33.34,card,grocery
TXN-00017893,CUST-001620,208.04,branch,retail
TXN-00017894,CUST-000257,25.26,online,health
TXN-00017895,CUST-000907,75.67,card,travel
TXN-00017896,CUST-003438,140.52,online,health
TXN-00017897,CUST-003020,11.42,atm,retail
TXN-00017898,CUST-004603,60.23,atm,retail
TXN-00017899,CUST-005333,140.46,card,grocery
TXN-00017900,CUST-001417,98.66,wallet,retail
TXN-00017901,CUST-005995,104.57,online,dining
TXN-00017902,CUST-002497,28.29,card,utilities
TXN-00017903,CUST-000409,46.82,branch,grocery
TXN-00017904,CUST-005131,183.84,branch,grocery
TXN-00017905,CUST-004390,376.16,atm,retail
TXN-00017906,CUST-001960,22.97,online,utilities
TXN-00017907,CUST-003395,55.7,atm,utilities
TXN-00017908,CUST-003091,13.5,online,grocery
TXN-00017909,CUST-002878,81.16,card,grocery
TXN-00017910,CUST-005298,95.98,card,grocery
TXN-00017911,CUST-002871,68.97,card,dining
TXN-00017912,CUST-003275,153.86,online,travel
TXN-00017913,CUST-002490,10.0,card,grocery
TXN-00017914,CUST-003139,65.13,card,dining
TXN-00017915,CUST-001876,139.84,online,travel
TXN-00017916,CUST-002225,476.14,card,retail
TXN-00017917,CUST-001024,85.97,card,education
TXN-00017918,CUST-004234,120.82,card,education
TXN-00017919,CUST-004024,14.6,wallet,health
TXN-00017920,CUST-005806,22.0,online,retail
TXN-00017921,CUST-002862,386.9,online,utilities
TXN-00017922,CUST-001822,97.31,branch,education
TXN-00017923,CUST-003759,74.64,card,dining
TXN-00017924,CUST-002194,54.9,online,dining
TXN-00017925,CUST-001584,97.46,online,grocery
TXN-00017926,CUST-001470,17.78,online,travel
TXN-00017927,CUST-000976,238.46,card,utilities
TXN-00017928,CUST-001871,88.55,online,grocery
TXN-00017929,CUST-004893,13.5,card,dining
TXN-00017930,CUST-000810,95.01,atm,travel
TXN-00017931,CUST-005613,32.21,online,dining
TXN-00017932,CUST-001447,297.72,wallet,dining
TXN-00017933,CUST-002628,35.54,wallet,grocery
TXN-00017934,CUST-005840,63.69,online,health
TXN-00017935,CUST-000064,74.04,atm,dining
TXN-00017936,CUST-005535,152.15,branch,education
TXN-00017937,CUST-005530,397.06,online,utilities
TXN-00017938,CUST-004480,84.58,card,grocery
TXN-00017939,CUST-002957,142.64,card,dining
TXN-00017940,CUST-002825,33.9,card,grocery
TXN-00017941,CUST-003943,63.03,online,utilities
TXN-00017942,CUST-005538,101.65,online,education
TXN-00017943,CUST-000347,63.17,wallet,utilities
TXN-00017944,CUST-002313,173.47,branch,dining
TXN-00017945,CUST-001265,37.43,branch,grocery
TXN-00017946,CUST-001434,65.79,atm,travel
TXN-00017947,CUST-002737,28.97,online,travel
TXN-00017948,CUST-005024,169.76,online,education
TXN-00017949,CUST-003009,102.96,card,health
TXN-00017950,CUST-000263,223.45,card,dining
TXN-00017951,CUST-001863,45.73,card,travel
TXN-00017952,CUST-004305,1078.78,online,education
TXN-00017953,CUST-005358,100.92,online,retail
TXN-00017954,CUST-000700,142.03,wallet,dining
TXN-00017955,CUST-002620,191.88,online,utilities
TXN-00017956,CUST-003440,74.08,online,grocery
TXN-00017957,CUST-002555,76.24,atm,education
TXN-00017958,CUST-004555,67.19,online,health
TXN-00017959,CUST-000005,167.3,branch,grocery
TXN-00017960,CUST-002607,50.74,online,utilities
TXN-00017961,CUST-002733,96.53,online,dining
TXN-00017962,CUST-000885,170.94,online,utilities
TXN-00017963,CUST-003568,141.19,card,dining
TXN-00017964,CUST-002687,6.71,card,travel
TXN-00017965,CUST-000563,78.95,branch,utilities
TXN-00017966,CUST-002894,33.4,card,utilities
TXN-00017967,CUST-002184,58.97,card,grocery
TXN-00017968,CUST-003522,198.03,card,health
TXN-00017969,CUST-002229,786.81,card,dining
TXN-00017970,CUST-001425,30.32,atm,travel
TXN-00017971,CUST-004585,36.63,card,retail
TXN-00017972,CUST-002314,86.65,card,grocery
TXN-00017973,CUST-000013,92.38,online,retail
TXN-00017974,CUST-002513,28.16,branch,health
TXN-00017975,CUST-001979,154.79,branch,utilities
TXN-00017976,CUST-001138,31.19,card,travel
TXN-00017977,CUST-000016,16.04,card,health
TXN-00017978,CUST-003203,24.84,wallet,utilities
TXN-00017979,CUST-005768,164.66,card,dining
TXN-00017980,CUST-001528,60.54,online,education
TXN-00017981,CUST-005116,8.51,card,grocery
TXN-00017982,CUST-005748,116.29,card,health
TXN-00017983,CUST-005467,82.44,branch,education
TXN-00017984,CUST-004053,236.49,branch,retail
TXN-00017985,CUST-005528,83.88,atm,grocery
TXN-00017986,CUST-003352,93.1,online,utilities
TXN-00017987,CUST-003100,53.62,online,retail
TXN-00017988,CUST-003887,44.67,online,grocery
TXN-00017989,CUST-002797,27.68,atm,travel
TXN-00017990,CUST-000812,23.06,card,retail
TXN-00017991,CUST-003826,106.46,wallet,travel
TXN-00017992,CUST-001288,27.07,card,utilities
TXN-00017993,CUST-003113,58.2,card,health
TXN-00017994,CUST-001598,376.6,card,grocery
TXN-00017995,CUST-005950,164.78,atm,travel
TXN-00017996,CUST-002748,105.8,branch,grocery
TXN-00017997,CUST-001802,110.91,atm,retail
TXN-00017998,CUST-005790,39.18,atm,grocery
TXN-00017999,CUST-005964,32.08,online,travel
TXN-00018000,CUST-003419,169.23,card,travel
